Date,N_p,N_n,N_total,Actual_Return,Signal,Direction,Signal_Direction
2010-03-08,1.0,0.0,1.0,0.0025189086058687,1.0,1,"긍정 우세
(N_p > N_n)"
2010-03-11,0.0,0.0,1.0,0.0040314588958958,0.0,1,동률
2010-03-22,0.0,0.0,1.0,0.0088400870158631,0.0,1,동률
2010-03-30,0.0,0.0,1.0,0.0026326480650031,0.0,1,동률
2010-03-31,0.0,0.0,1.0,-0.0052806378166261,0.0,0,동률
2010-04-01,0.0,0.0,1.0,0.0019266865430453,0.0,1,동률
2010-04-06,0.0,0.0,1.0,0.0029964763592496,0.0,1,동률
2010-04-08,0.0,0.0,1.0,0.0023240538214834,0.0,1,동률
2010-04-09,1.0,0.0,1.0,0.0070748190543517,1.0,1,"긍정 우세
(N_p > N_n)"
2010-05-07,0.0,0.0,1.0,-0.0232794754792661,0.0,0,동률
2010-05-11,0.0,0.0,1.0,0.0002695687147309,0.0,1,동률
2010-05-17,0.0,0.0,1.0,0.003144590623777,0.0,1,동률
2010-05-25,0.0,0.0,1.0,-0.0011746279049016,0.0,0,동률
2010-06-09,0.0,0.0,1.0,-0.0053994896888924,0.0,0,동률
2010-06-15,0.0,0.0,1.0,0.0275940404253605,0.0,1,동률
2010-06-16,0.0,0.0,1.0,2.1704872182670695e-05,0.0,1,동률
2010-07-02,1.0,0.0,1.0,-0.0045542257729049,1.0,0,"긍정 우세
(N_p > N_n)"
2010-07-12,0.0,0.0,1.0,0.0008696561690288,0.0,1,동률
2010-07-14,0.0,0.0,1.0,0.0034834763547744,0.0,1,동률
2010-07-15,0.0,0.0,2.0,-0.000337806126629,0.0,0,동률
2010-08-04,0.0,0.0,1.0,0.0087803253996612,0.0,1,동률
2010-08-11,0.0,0.0,1.0,-0.0300987811248027,0.0,0,동률
2010-08-13,0.0,0.0,1.0,-0.0076657393439066,0.0,0,동률
2010-09-03,0.0,0.0,1.0,0.0153362894189601,0.0,1,동률
2010-09-13,0.0,0.0,2.0,0.0192777553624865,0.0,1,동률
2010-11-08,0.0,0.0,1.0,0.0004149192190241,0.0,1,동률
2010-11-09,0.0,0.0,1.0,-0.0066161772199451,0.0,0,동률
2010-11-10,0.0,0.0,1.0,0.0061647180034685,0.0,1,동률
2010-11-29,0.0,0.0,1.0,-0.0036850923531901,0.0,0,동률
2010-12-01,1.0,0.0,1.0,0.0204944907282988,1.0,1,"긍정 우세
(N_p > N_n)"
2010-12-14,0.0,0.0,1.0,0.0010705352518143,0.0,1,동률
2010-12-30,0.0,0.0,1.0,-0.0014810854702301,0.0,0,동률
2011-01-12,0.0,0.0,1.0,0.007545558393607,0.0,1,동률
2011-01-19,0.0,0.0,2.0,-0.0146392569390096,0.0,0,동률
2011-01-21,0.0,0.0,1.0,-0.0054542966127676,0.0,0,동률
2011-01-24,0.0,0.0,1.0,0.0104144237894998,0.0,1,동률
2011-01-25,0.0,0.0,1.0,0.0006255454881531,0.0,1,동률
2011-02-09,2.0,0.0,2.0,-0.0028529988128361,2.0,0,"긍정 우세
(N_p > N_n)"
2011-02-10,0.0,0.0,1.0,0.0004947465566225,0.0,1,동률
2011-02-15,0.0,0.0,1.0,-0.0045541407704489,0.0,0,동률
2011-02-24,0.0,0.0,1.0,0.0054755662572567,0.0,1,동률
2011-03-10,0.0,0.0,1.0,-0.0184248221881822,0.0,0,동률
2011-03-11,1.0,0.0,1.0,0.0054016955761613,1.0,1,"긍정 우세
(N_p > N_n)"
2011-03-17,0.0,0.0,1.0,0.0073486063108674,0.0,1,동률
2011-03-21,0.0,0.0,1.0,0.0183155111820023,0.0,1,동률
2011-04-01,1.0,0.0,1.0,0.0030671752552811,1.0,1,"긍정 우세
(N_p > N_n)"
2011-04-05,0.0,0.0,1.0,0.0007170540701835,0.0,1,동률
2011-04-13,0.0,0.0,1.0,0.0060951767642176,0.0,1,동률
2011-05-06,0.0,0.0,1.0,0.0045617638785635,0.0,1,동률
2011-05-09,1.0,0.0,2.0,0.0055489330309939,1.0,1,"긍정 우세
(N_p > N_n)"
2011-05-16,0.0,0.0,1.0,-0.0163197462188011,0.0,0,동률
2011-05-17,0.0,0.0,1.0,0.0003234371169276,0.0,1,동률
2011-05-24,0.0,0.0,1.0,-0.0046177790733009,0.0,0,동률
2011-05-26,1.0,0.0,2.0,0.0078004620793286,1.0,1,"긍정 우세
(N_p > N_n)"
2011-06-21,0.0,0.0,1.0,0.0219040102452054,0.0,1,동률
2011-06-23,0.0,0.0,1.0,0.0065787969306143,0.0,1,동률
2011-06-28,1.0,0.0,1.0,0.0152625577877787,1.0,1,"긍정 우세
(N_p > N_n)"
2011-06-30,0.0,0.0,1.0,0.0120525998688467,0.0,1,동률
2011-07-01,1.0,0.0,2.0,0.0153270967818035,1.0,1,"긍정 우세
(N_p > N_n)"
2011-07-08,0.0,0.0,1.0,-0.0044731551623837,0.0,0,동률
2011-08-03,1.0,0.0,1.0,0.0089276641336801,1.0,1,"긍정 우세
(N_p > N_n)"
2011-08-15,0.0,0.0,1.0,0.0188278898040883,0.0,1,동률
2011-08-16,0.0,0.0,1.0,-0.0124256420658738,0.0,0,동률
2011-08-31,0.0,0.0,2.0,0.0013003533917179,0.0,1,동률
2011-09-07,1.0,0.0,1.0,0.0303617713865691,1.0,1,"긍정 우세
(N_p > N_n)"
2011-09-09,1.0,0.0,1.0,-0.0241781415583998,1.0,0,"긍정 우세
(N_p > N_n)"
2011-09-21,0.0,0.0,1.0,-0.0200946819693781,0.0,0,동률
2011-09-29,0.0,0.0,1.0,-0.0043426532642359,0.0,0,동률
2011-09-30,0.0,0.0,1.0,-0.0263468078994267,0.0,0,동률
2011-10-11,0.0,0.0,1.0,0.006617166518831,0.0,1,동률
2011-10-14,1.0,0.0,1.0,0.0181701323540277,1.0,1,"긍정 우세
(N_p > N_n)"
2011-10-21,0.0,0.0,1.0,0.0149463338227506,0.0,1,동률
2011-10-24,1.0,0.0,1.0,0.0234998754053952,1.0,1,"긍정 우세
(N_p > N_n)"
2011-10-25,1.0,0.0,1.0,-0.0226046961057641,1.0,0,"긍정 우세
(N_p > N_n)"
2011-11-09,1.0,0.0,1.0,-0.0388049409052203,1.0,0,"긍정 우세
(N_p > N_n)"
2011-11-22,0.0,0.0,1.0,-0.0007371225379618,0.0,0,동률
2011-12-07,1.0,0.0,2.0,-0.0001321342594648,1.0,0,"긍정 우세
(N_p > N_n)"
2011-12-15,1.0,0.0,1.0,0.0006694539590081,1.0,1,"긍정 우세
(N_p > N_n)"
2011-12-19,0.0,0.0,1.0,-0.0125972710228084,0.0,0,동률
2011-12-21,0.0,0.0,1.0,-0.0098935027667451,0.0,0,동률
2011-12-22,1.0,0.0,1.0,0.0083321298203065,1.0,1,"긍정 우세
(N_p > N_n)"
2011-12-30,0.0,0.0,1.0,-0.0032865120183032,0.0,0,동률
2012-01-06,0.0,0.0,1.0,0.0016329931553829,0.0,1,동률
2012-01-12,0.0,0.0,1.0,0.0051424476368364,0.0,1,동률
2012-01-13,1.0,0.0,1.0,-0.0051492015812019,1.0,0,"긍정 우세
(N_p > N_n)"
2012-01-24,1.0,0.0,2.0,0.0008871479731602,1.0,1,"긍정 우세
(N_p > N_n)"
2012-01-25,1.0,0.0,1.0,0.0113650013049675,1.0,1,"긍정 우세
(N_p > N_n)"
2012-02-07,1.0,0.0,2.0,0.0007202257408394,1.0,1,"긍정 우세
(N_p > N_n)"
2012-02-08,0.0,0.0,1.0,0.0040563720627431,0.0,1,동률
2012-02-10,0.0,0.0,1.0,-0.007976857920986,0.0,0,동률
2012-02-13,2.0,0.0,3.0,0.0094735357093973,2.0,1,"긍정 우세
(N_p > N_n)"
2012-02-15,0.0,0.0,1.0,-0.0054573421970731,0.0,0,동률
2012-02-16,1.0,0.0,2.0,0.0150969083766214,1.0,1,"긍정 우세
(N_p > N_n)"
2012-02-24,1.0,0.0,1.0,0.0022895046892326,1.0,1,"긍정 우세
(N_p > N_n)"
2012-02-28,0.0,0.0,1.0,0.0069450394674104,0.0,1,동률
2012-02-29,0.0,0.0,2.0,-0.0066527331029382,0.0,0,동률
2012-03-05,1.0,0.0,1.0,-0.0086385484272392,1.0,0,"긍정 우세
(N_p > N_n)"
2012-03-08,1.0,0.0,1.0,0.0118302617653531,1.0,1,"긍정 우세
(N_p > N_n)"
2012-03-12,1.0,0.0,1.0,-0.0015661456338972,1.0,0,"긍정 우세
(N_p > N_n)"
2012-03-13,1.0,0.0,2.0,0.0188426202580771,1.0,1,"긍정 우세
(N_p > N_n)"
2012-03-15,1.0,0.0,1.0,0.005143546720429,1.0,1,"긍정 우세
(N_p > N_n)"
2012-03-16,2.0,0.0,2.0,-0.0003632110573363,2.0,0,"긍정 우세
(N_p > N_n)"
2012-03-19,1.0,0.0,1.0,0.0075476583073266,1.0,1,"긍정 우세
(N_p > N_n)"
2012-03-20,0.0,0.0,1.0,-0.0013546888962223,0.0,0,동률
2012-03-21,1.0,0.0,1.0,0.0003806470252907,1.0,1,"긍정 우세
(N_p > N_n)"
2012-04-04,1.0,0.0,1.0,-0.0146070200670687,1.0,0,"긍정 우세
(N_p > N_n)"
2012-04-19,0.0,0.0,1.0,-0.0078806818396885,0.0,0,동률
2012-04-25,1.0,0.0,1.0,0.0229706182175262,1.0,1,"긍정 우세
(N_p > N_n)"
2012-04-26,1.0,0.0,1.0,0.0069250124341586,1.0,1,"긍정 우세
(N_p > N_n)"
2012-04-30,1.0,0.0,1.0,-0.0074416278226772,1.0,0,"긍정 우세
(N_p > N_n)"
2012-05-02,1.0,0.0,1.0,0.0030848521625579,1.0,1,"긍정 우세
(N_p > N_n)"
2012-05-07,1.0,0.0,1.0,0.0004802972028881,1.0,1,"긍정 우세
(N_p > N_n)"
2012-05-14,2.0,0.0,3.0,-0.0106482297845363,2.0,0,"긍정 우세
(N_p > N_n)"
2012-05-16,0.0,0.0,1.0,-0.006814653128309,0.0,0,동률
2012-05-17,1.0,0.0,2.0,-0.0209983496527542,1.0,0,"긍정 우세
(N_p > N_n)"
2012-05-18,1.0,0.0,1.0,-0.0124036063214226,1.0,0,"긍정 우세
(N_p > N_n)"
2012-05-21,1.0,0.0,1.0,0.024622199199362,1.0,1,"긍정 우세
(N_p > N_n)"
2012-05-25,1.0,0.0,1.0,-0.0006514991272645,1.0,0,"긍정 우세
(N_p > N_n)"
2012-05-30,0.0,0.0,1.0,-0.0117136886324548,0.0,0,동률
2012-06-04,0.0,0.0,1.0,0.0045605534475039,0.0,1,동률
2012-06-05,1.0,0.0,1.0,0.0065579826131816,1.0,1,"긍정 우세
(N_p > N_n)"
2012-06-06,0.0,0.0,1.0,0.0239766822428304,0.0,1,동률
2012-06-11,1.0,0.0,1.0,-0.0170338658199357,1.0,0,"긍정 우세
(N_p > N_n)"
2012-06-12,1.0,0.0,2.0,0.0118659401872711,1.0,1,"긍정 우세
(N_p > N_n)"
2012-06-14,0.0,0.0,1.0,0.0062867761158116,0.0,1,동률
2012-06-15,1.0,0.0,1.0,0.0128581546218464,1.0,1,"긍정 우세
(N_p > N_n)"
2012-06-19,0.0,0.0,1.0,0.0118915393794829,0.0,1,동률
2012-06-21,1.0,0.0,1.0,-0.0243511626099307,1.0,0,"긍정 우세
(N_p > N_n)"
2012-06-26,1.0,0.0,1.0,0.006311402402928,1.0,1,"긍정 우세
(N_p > N_n)"
2012-06-27,1.0,0.0,1.0,0.007449040780207,1.0,1,"긍정 우세
(N_p > N_n)"
2012-07-02,1.0,0.0,1.0,0.0055126595361074,1.0,1,"긍정 우세
(N_p > N_n)"
2012-07-03,1.0,0.0,2.0,0.0084202511565374,1.0,1,"긍정 우세
(N_p > N_n)"
2012-07-05,1.0,0.0,1.0,1.3453624045256518e-05,1.0,1,"긍정 우세
(N_p > N_n)"
2012-07-11,1.0,0.0,2.0,-0.004944336884494,1.0,0,"긍정 우세
(N_p > N_n)"
2012-07-13,1.0,0.0,1.0,0.0147513005631898,1.0,1,"긍정 우세
(N_p > N_n)"
2012-07-26,1.0,0.0,1.0,0.0136673895324483,1.0,1,"긍정 우세
(N_p > N_n)"
2012-07-30,1.0,0.0,2.0,-0.004141185574485,1.0,0,"긍정 우세
(N_p > N_n)"
2012-07-31,1.0,0.0,1.0,-0.0021454213979077,1.0,0,"긍정 우세
(N_p > N_n)"
2012-08-01,1.0,0.0,2.0,-0.0065691196064142,1.0,0,"긍정 우세
(N_p > N_n)"
2012-08-02,2.0,0.0,3.0,-0.003575065336363,2.0,0,"긍정 우세
(N_p > N_n)"
2012-08-07,0.0,0.0,1.0,0.0086792565914444,0.0,1,동률
2012-08-09,0.0,0.0,1.0,0.0024540946710254,0.0,1,동률
2012-08-10,1.0,0.0,2.0,0.0007355017235439,1.0,1,"긍정 우세
(N_p > N_n)"
2012-08-15,0.0,0.0,2.0,0.0046238129726361,0.0,1,동률
2012-08-21,1.0,0.0,3.0,-0.0029094084231973,1.0,0,"긍정 우세
(N_p > N_n)"
2012-08-22,1.0,0.0,1.0,0.0020897843968123,1.0,1,"긍정 우세
(N_p > N_n)"
2012-08-24,1.0,0.0,1.0,0.005367831677131,1.0,1,"긍정 우세
(N_p > N_n)"
2012-08-30,1.0,0.0,1.0,-0.0105413756004688,1.0,0,"긍정 우세
(N_p > N_n)"
2012-09-04,1.0,0.0,1.0,0.002641083600509,1.0,1,"긍정 우세
(N_p > N_n)"
2012-09-05,0.0,0.0,1.0,-0.0018829027570758,0.0,0,동률
2012-09-06,1.0,0.0,1.0,0.0216794347317355,1.0,1,"긍정 우세
(N_p > N_n)"
2012-09-07,0.0,0.0,1.0,0.0001944834890681,0.0,1,동률
2012-09-12,1.0,0.0,1.0,0.0031502447084044,1.0,1,"긍정 우세
(N_p > N_n)"
2012-09-13,0.0,0.0,1.0,0.0133320121471778,0.0,1,동률
2012-09-14,0.0,0.0,1.0,0.0089104521950631,0.0,1,동률
2012-09-19,0.0,0.0,1.0,0.0015167940982165,0.0,1,동률
2012-09-20,1.0,0.0,1.0,-0.002092664535749,1.0,0,"긍정 우세
(N_p > N_n)"
2012-09-24,1.0,0.0,1.0,-0.0060315009862483,1.0,0,"긍정 우세
(N_p > N_n)"
2012-09-28,0.0,0.0,1.0,-0.0064943303428196,0.0,0,동률
2012-10-05,0.0,0.0,1.0,-0.0042134269671109,0.0,0,동률
2012-10-09,0.0,0.0,1.0,-0.0152071832023787,0.0,0,동률
2012-10-17,0.0,0.0,2.0,0.0009513168858275,0.0,1,동률
2012-10-19,1.0,0.0,1.0,-0.0218850772845393,1.0,0,"긍정 우세
(N_p > N_n)"
2012-10-26,0.0,0.0,1.0,0.0006127797652355,0.0,1,동률
2012-11-07,2.0,0.0,3.0,-0.0247814173211752,2.0,0,"긍정 우세
(N_p > N_n)"
2012-11-08,1.0,0.0,2.0,-0.0142001506091692,1.0,0,"긍정 우세
(N_p > N_n)"
2012-11-09,0.0,0.0,1.0,0.0032083516296725,0.0,1,동률
2012-11-12,1.0,0.0,1.0,-0.0002134750135061,1.0,0,"긍정 우세
(N_p > N_n)"
2012-11-13,1.0,0.0,2.0,-0.0070104527578118,1.0,0,"긍정 우세
(N_p > N_n)"
2012-11-15,1.0,0.0,1.0,-0.0034670796380337,1.0,0,"긍정 우세
(N_p > N_n)"
2012-11-19,1.0,0.0,2.0,0.0220600491852938,1.0,1,"긍정 우세
(N_p > N_n)"
2012-11-26,0.0,0.0,1.0,0.0033469610239051,0.0,1,동률
2012-11-28,1.0,0.0,1.0,0.008083452642746,1.0,1,"긍정 우세
(N_p > N_n)"
2012-11-29,0.0,0.0,1.0,0.0067685457492538,0.0,1,동률
2012-12-04,0.0,0.0,1.0,-0.0018353240474453,0.0,0,동률
2012-12-05,1.0,0.0,1.0,-0.0076717947748663,1.0,0,"긍정 우세
(N_p > N_n)"
2012-12-06,1.0,0.0,1.0,0.0052359244762536,1.0,1,"긍정 우세
(N_p > N_n)"
2012-12-11,1.0,0.0,1.0,0.0118314568500386,1.0,1,"긍정 우세
(N_p > N_n)"
2012-12-12,1.0,0.0,1.0,-0.0028091156063961,1.0,0,"긍정 우세
(N_p > N_n)"
2012-12-18,0.0,0.0,1.0,0.0145917525462198,0.0,1,동률
2012-12-19,1.0,0.0,2.0,-0.0033294555226032,1.0,0,"긍정 우세
(N_p > N_n)"
2012-12-21,0.0,0.0,1.0,-0.0096315172312837,0.0,0,동률
2012-12-26,0.0,0.0,1.0,-0.0074487767441596,0.0,0,동률
2012-12-27,1.0,0.0,1.0,-0.0014213286663327,1.0,0,"긍정 우세
(N_p > N_n)"
2013-01-02,1.0,0.0,1.0,0.0307169042990518,1.0,1,"긍정 우세
(N_p > N_n)"
2013-01-04,1.0,0.0,1.0,0.0003514978619969,1.0,1,"긍정 우세
(N_p > N_n)"
2013-01-07,1.0,0.0,1.0,-0.0009188156008009,1.0,0,"긍정 우세
(N_p > N_n)"
2013-01-08,0.0,0.0,1.0,-0.0022589316116963,0.0,0,동률
2013-01-17,1.0,0.0,1.0,0.0059213228077901,1.0,1,"긍정 우세
(N_p > N_n)"
2013-01-22,1.0,0.0,1.0,0.0027019950198492,1.0,1,"긍정 우세
(N_p > N_n)"
2013-01-23,0.0,0.0,1.0,0.0033373813979842,0.0,1,동률
2013-01-24,0.0,0.0,1.0,-0.0073850591975247,0.0,0,동률
2013-01-25,1.0,0.0,1.0,0.0061749943612698,1.0,1,"긍정 우세
(N_p > N_n)"
2013-01-29,0.0,0.0,1.0,-0.000202940972273,0.0,0,동률
2013-01-31,2.0,0.0,2.0,-5.733863873724765e-05,2.0,0,"긍정 우세
(N_p > N_n)"
2013-02-04,0.0,0.0,1.0,-0.0150766488342364,0.0,0,동률
2013-02-06,1.0,0.0,1.0,-0.0009774615743212,1.0,0,"긍정 우세
(N_p > N_n)"
2013-02-08,1.0,0.0,2.0,0.0090802701434362,1.0,1,"긍정 우세
(N_p > N_n)"
2013-02-11,0.0,0.0,2.0,-0.0005855332618055,0.0,0,동률
2013-02-13,0.0,0.0,1.0,0.0032606073171317,0.0,1,동률
2013-02-14,0.0,0.0,3.0,0.0005568020576702,0.0,1,동률
2013-02-15,0.0,0.0,2.0,-0.0020727063816321,0.0,0,동률
2013-02-20,1.0,0.0,4.0,-0.0153038111383806,1.0,0,"긍정 우세
(N_p > N_n)"
2013-02-21,2.0,0.0,2.0,-0.010403178725052,2.0,0,"긍정 우세
(N_p > N_n)"
2013-02-22,1.0,0.0,1.0,0.009685510162761,1.0,1,"긍정 우세
(N_p > N_n)"
2013-02-25,3.0,0.0,5.0,-0.0144126064653073,3.0,0,"긍정 우세
(N_p > N_n)"
2013-02-28,1.0,0.0,1.0,-0.0006546167465617,1.0,0,"긍정 우세
(N_p > N_n)"
2013-03-04,1.0,0.0,1.0,0.0038773019554803,1.0,1,"긍정 우세
(N_p > N_n)"
2013-03-06,1.0,0.0,1.0,-0.0005458110215661,1.0,0,"긍정 우세
(N_p > N_n)"
2013-03-11,0.0,0.0,1.0,0.0026199230337409,0.0,1,동률
2013-03-19,0.0,0.0,1.0,-0.0026223178363837,0.0,0,동률
2013-03-25,1.0,0.0,1.0,-0.0029891991284668,1.0,0,"긍정 우세
(N_p > N_n)"
2013-03-28,1.0,0.0,1.0,0.0033778388998153,1.0,1,"긍정 우세
(N_p > N_n)"
2013-04-02,1.0,0.0,1.0,0.004843890850219,1.0,1,"긍정 우세
(N_p > N_n)"
2013-04-08,1.0,0.0,1.0,0.0057399174625396,1.0,1,"긍정 우세
(N_p > N_n)"
2013-04-09,1.0,0.0,1.0,0.0048444743337341,1.0,1,"긍정 우세
(N_p > N_n)"
2013-04-11,0.0,0.0,1.0,0.0008825269874517,0.0,1,동률
2013-04-15,1.0,0.0,1.0,-0.0238121859512904,1.0,0,"긍정 우세
(N_p > N_n)"
2013-04-22,0.0,0.0,1.0,0.0085743840514431,0.0,1,동률
2013-04-23,0.0,0.0,1.0,0.0110652467896212,0.0,1,동률
2013-05-06,1.0,0.0,1.0,0.0042443500436597,1.0,1,"긍정 우세
(N_p > N_n)"
2013-05-13,0.0,0.0,1.0,0.000643069821526,0.0,1,동률
2013-05-14,0.0,0.0,1.0,0.0069268748858737,0.0,1,동률
2013-05-15,1.0,0.0,1.0,0.0026020861390985,1.0,1,"긍정 우세
(N_p > N_n)"
2013-05-22,0.0,0.0,1.0,-0.0110847335500733,0.0,0,동률
2013-05-24,0.0,0.0,1.0,-8.09468937564839e-05,0.0,0,동률
2013-05-29,0.0,0.0,2.0,-0.0061251210857455,0.0,0,동률
2013-06-04,1.0,0.0,1.0,-0.0058031629355066,1.0,0,"긍정 우세
(N_p > N_n)"
2013-06-24,0.0,0.0,1.0,-0.0108690119098592,0.0,0,동률
2013-06-26,1.0,0.0,3.0,0.0084620698511634,1.0,1,"긍정 우세
(N_p > N_n)"
2013-06-27,0.0,0.0,1.0,0.0075943324016918,0.0,1,동률
2013-07-01,1.0,0.0,1.0,0.0091794579400206,1.0,1,"긍정 우세
(N_p > N_n)"
2013-07-02,1.0,0.0,1.0,-0.0003173944002529,1.0,0,"긍정 우세
(N_p > N_n)"
2013-07-03,1.0,0.0,2.0,0.0029912098279722,1.0,1,"긍정 우세
(N_p > N_n)"
2013-07-05,1.0,0.0,1.0,0.0103697397682227,1.0,1,"긍정 우세
(N_p > N_n)"
2013-07-16,1.0,0.0,1.0,-0.0024920346996696,1.0,0,"긍정 우세
(N_p > N_n)"
2013-07-23,1.0,0.0,1.0,-0.0058659960940373,1.0,0,"긍정 우세
(N_p > N_n)"
2013-07-25,0.0,0.0,1.0,0.0071487996010377,0.0,1,동률
2013-07-31,1.0,0.0,1.0,0.0027375165740557,1.0,1,"긍정 우세
(N_p > N_n)"
2013-08-02,1.0,0.0,1.0,0.0037679753445691,1.0,1,"긍정 우세
(N_p > N_n)"
2013-08-06,1.0,0.0,1.0,-0.0073599512584783,1.0,0,"긍정 우세
(N_p > N_n)"
2013-08-09,0.0,0.0,1.0,-0.0024556322709139,0.0,0,동률
2013-08-13,0.0,0.0,1.0,0.0039482800657126,0.0,1,동률
2013-08-29,0.0,0.0,1.0,0.0074999514212246,0.0,1,동률
2013-09-09,0.0,0.0,1.0,0.0126146982526849,0.0,1,동률
2013-09-10,0.0,0.0,1.0,0.0061627034606801,0.0,1,동률
2013-09-12,0.0,0.0,3.0,-0.0024268496027662,0.0,0,동률
2013-09-13,1.0,0.0,1.0,0.001671154768865,1.0,1,"긍정 우세
(N_p > N_n)"
2013-09-18,2.0,0.0,2.0,0.0101289323493143,2.0,1,"긍정 우세
(N_p > N_n)"
2013-09-19,2.0,0.0,2.0,0.0015170551102483,2.0,1,"긍정 우세
(N_p > N_n)"
2013-09-20,0.0,0.0,1.0,-0.0038660421485313,0.0,0,동률
2013-09-27,0.0,0.0,1.0,-0.0015419014623118,0.0,0,동률
2013-09-30,0.0,0.0,1.0,-0.0026735069605374,0.0,0,동률
2013-10-01,1.0,0.0,2.0,0.0123293773905226,1.0,1,"긍정 우세
(N_p > N_n)"
2013-10-04,1.0,0.0,1.0,0.0088518552465808,1.0,1,"긍정 우세
(N_p > N_n)"
2013-10-09,2.0,0.0,4.0,-0.0046145691324396,2.0,0,"긍정 우세
(N_p > N_n)"
2013-10-10,1.0,0.0,1.0,0.0225597969541935,1.0,1,"긍정 우세
(N_p > N_n)"
2013-10-11,0.0,0.0,1.0,0.0082749763178886,0.0,1,동률
2013-10-16,1.0,0.0,1.0,0.0119714818247951,1.0,1,"긍정 우세
(N_p > N_n)"
2013-10-21,0.0,0.0,1.0,0.0014740947219062,0.0,1,동률
2013-10-23,1.0,0.0,1.0,-0.0057258172290064,1.0,0,"긍정 우세
(N_p > N_n)"
2013-10-25,0.0,0.0,1.0,0.0036651293542169,0.0,1,동률
2013-10-29,1.0,0.0,2.0,0.0030989346649175,1.0,1,"긍정 우세
(N_p > N_n)"
2013-11-07,0.0,0.0,1.0,-0.0189778288059427,0.0,0,동률
2013-11-12,2.0,0.0,2.0,3.313514530267625e-05,2.0,1,"긍정 우세
(N_p > N_n)"
2013-11-13,0.0,0.0,1.0,0.0116482369946373,0.0,1,동률
2013-12-03,0.0,0.0,1.0,-0.0019924698472514,0.0,0,동률
2013-12-04,2.0,0.0,2.0,0.0001981692355597,2.0,1,"긍정 우세
(N_p > N_n)"
2013-12-06,1.0,0.0,2.0,0.0072771785530438,1.0,1,"긍정 우세
(N_p > N_n)"
2013-12-10,0.0,0.0,1.0,-0.0020301099270353,0.0,0,동률
2013-12-11,1.0,0.0,1.0,-0.0139588896357194,1.0,0,"긍정 우세
(N_p > N_n)"
2013-12-13,0.0,0.0,2.0,0.0006452776580669,0.0,1,동률
2013-12-18,1.0,0.0,1.0,0.011526793318825,1.0,1,"긍정 우세
(N_p > N_n)"
2013-12-20,3.0,0.0,3.0,0.0114831777687363,3.0,1,"긍정 우세
(N_p > N_n)"
2013-12-24,1.0,0.0,2.0,0.0015715056243141,1.0,1,"긍정 우세
(N_p > N_n)"
2013-12-30,2.0,0.0,2.0,-0.0005749059992274,2.0,0,"긍정 우세
(N_p > N_n)"
2014-01-07,0.0,0.0,1.0,0.0096021076778285,0.0,1,동률
2014-01-09,0.0,0.0,1.0,-0.0022613548037789,0.0,0,동률
2014-01-10,2.0,0.0,2.0,0.0044463753411849,2.0,1,"긍정 우세
(N_p > N_n)"
2014-01-13,0.0,0.0,1.0,-0.0147005915044743,0.0,0,동률
2014-01-14,0.0,0.0,1.0,0.0169499472818142,0.0,1,동률
2014-01-15,1.0,0.0,2.0,0.0076164740145854,1.0,1,"긍정 우세
(N_p > N_n)"
2014-01-22,1.0,0.0,1.0,0.0040797951921551,1.0,1,"긍정 우세
(N_p > N_n)"
2014-01-27,1.0,0.0,2.0,-0.0107940843755012,1.0,0,"긍정 우세
(N_p > N_n)"
2014-01-28,2.0,0.0,4.0,0.0035140116558984,2.0,1,"긍정 우세
(N_p > N_n)"
2014-01-30,1.0,0.0,1.0,0.017697443219224,1.0,1,"긍정 우세
(N_p > N_n)"
2014-02-04,1.0,0.0,2.0,0.008646586138342,1.0,1,"긍정 우세
(N_p > N_n)"
2014-02-05,1.0,0.0,1.0,-0.0049534593915887,1.0,0,"긍정 우세
(N_p > N_n)"
2014-02-06,1.0,0.0,1.0,0.0113597157718841,1.0,1,"긍정 우세
(N_p > N_n)"
2014-02-07,0.0,0.0,1.0,0.0169429901280324,0.0,1,동률
2014-02-10,2.0,0.0,2.0,0.0054073718771454,2.0,1,"긍정 우세
(N_p > N_n)"
2014-02-11,1.0,0.0,1.0,0.0103370603471126,1.0,1,"긍정 우세
(N_p > N_n)"
2014-02-13,1.0,0.0,1.0,0.0093732835501372,1.0,1,"긍정 우세
(N_p > N_n)"
2014-02-18,1.0,0.0,1.0,0.0067765386338061,1.0,1,"긍정 우세
(N_p > N_n)"
2014-02-19,0.0,0.0,1.0,-0.0081515059504702,0.0,0,동률
2014-02-20,1.0,0.0,2.0,0.0069844165247008,1.0,1,"긍정 우세
(N_p > N_n)"
2014-02-21,3.0,0.0,3.0,-0.0009700293205606,3.0,0,"긍정 우세
(N_p > N_n)"
2014-02-25,1.0,0.0,1.0,-0.0012532980254897,1.0,0,"긍정 우세
(N_p > N_n)"
2014-02-26,0.0,0.0,1.0,0.0010425938596403,0.0,1,동률
2014-02-28,1.0,0.0,2.0,-0.0025029482195308,1.0,0,"긍정 우세
(N_p > N_n)"
2014-03-03,0.0,0.0,1.0,-0.0071540049166782,0.0,0,동률
2014-03-10,2.0,0.0,2.0,-0.0004081941053618,2.0,0,"긍정 우세
(N_p > N_n)"
2014-03-12,1.0,0.0,2.0,0.0037472544601737,1.0,1,"긍정 우세
(N_p > N_n)"
2014-03-13,0.0,0.0,1.0,-0.0145513192638957,0.0,0,동률
2014-03-18,1.0,0.0,1.0,0.0124674028542881,1.0,1,"긍정 우세
(N_p > N_n)"
2014-03-24,0.0,0.0,1.0,-0.0117845163974422,0.0,0,동률
2014-03-25,0.0,0.0,1.0,0.0018644475681597,0.0,1,동률
2014-03-26,2.0,0.0,3.0,-0.0143330352401495,2.0,0,"긍정 우세
(N_p > N_n)"
2014-03-27,1.0,0.0,1.0,-0.0053551380919689,1.0,0,"긍정 우세
(N_p > N_n)"
2014-03-28,1.0,0.0,1.0,0.0010911910873554,1.0,1,"긍정 우세
(N_p > N_n)"
2014-03-31,1.0,0.0,1.0,0.0104025427811269,1.0,1,"긍정 우세
(N_p > N_n)"
2014-04-02,1.0,0.0,1.0,0.0019727841814833,1.0,1,"긍정 우세
(N_p > N_n)"
2014-04-09,0.0,0.0,1.0,0.0172404172944808,0.0,1,동률
2014-04-10,0.0,0.0,1.0,-0.0310212476281205,0.0,0,동률
2014-04-15,1.0,0.0,1.0,0.0028513186127179,1.0,1,"긍정 우세
(N_p > N_n)"
2014-04-17,1.0,0.0,1.0,0.002273498825789,1.0,1,"긍정 우세
(N_p > N_n)"
2014-04-21,2.0,0.0,3.0,0.0063556727917617,2.0,1,"긍정 우세
(N_p > N_n)"
2014-04-23,0.0,0.0,1.0,-0.008287895694659,0.0,0,동률
2014-04-25,2.0,0.0,2.0,-0.017544316014972,2.0,0,"긍정 우세
(N_p > N_n)"
2014-04-28,1.0,0.0,1.0,-0.000284661796985,1.0,0,"긍정 우세
(N_p > N_n)"
2014-04-29,0.0,0.0,1.0,0.007152007023657,0.0,1,동률
2014-05-05,1.0,0.0,1.0,0.0034336808810397,1.0,1,"긍정 우세
(N_p > N_n)"
2014-05-06,3.0,0.0,4.0,-0.0138470800367256,3.0,0,"긍정 우세
(N_p > N_n)"
2014-05-07,1.0,0.0,1.0,-0.0032077573440484,1.0,0,"긍정 우세
(N_p > N_n)"
2014-05-08,1.0,0.0,1.0,-0.0039752295996392,1.0,0,"긍정 우세
(N_p > N_n)"
2014-05-09,2.0,0.0,2.0,0.0050277964179934,2.0,1,"긍정 우세
(N_p > N_n)"
2014-05-12,1.0,0.0,1.0,0.0176797746543728,1.0,1,"긍정 우세
(N_p > N_n)"
2014-05-14,1.0,0.0,1.0,-0.0071522575635555,1.0,0,"긍정 우세
(N_p > N_n)"
2014-05-15,1.0,0.0,2.0,-0.007642690183125,1.0,0,"긍정 우세
(N_p > N_n)"
2014-05-16,1.0,0.0,1.0,0.0052343402961347,1.0,1,"긍정 우세
(N_p > N_n)"
2014-05-21,1.0,0.0,1.0,0.0084576108188005,1.0,1,"긍정 우세
(N_p > N_n)"
2014-05-28,1.0,0.0,1.0,-0.0028297258698022,1.0,0,"긍정 우세
(N_p > N_n)"
2014-05-29,0.0,0.0,1.0,0.0054129428944809,0.0,1,동률
2014-05-30,1.0,0.0,1.0,-0.0012547411998572,1.0,0,"긍정 우세
(N_p > N_n)"
2014-06-03,2.0,0.0,2.0,-0.0007363629386574,2.0,0,"긍정 우세
(N_p > N_n)"
2014-06-04,0.0,0.0,1.0,0.0041473137658574,0.0,1,동률
2014-06-05,1.0,0.0,1.0,0.010487680592933,1.0,1,"긍정 우세
(N_p > N_n)"
2014-06-10,1.0,0.0,1.0,0.0004058275210514,1.0,1,"긍정 우세
(N_p > N_n)"
2014-06-12,1.0,0.0,1.0,-0.0079180161214311,1.0,0,"긍정 우세
(N_p > N_n)"
2014-06-16,1.0,0.0,2.0,0.0024242737288449,1.0,1,"긍정 우세
(N_p > N_n)"
2014-06-23,3.0,0.0,3.0,0.0001465501032558,3.0,1,"긍정 우세
(N_p > N_n)"
2014-06-24,3.0,0.0,3.0,-0.0041957930971044,3.0,0,"긍정 우세
(N_p > N_n)"
2014-06-25,1.0,0.0,1.0,0.0067602991273263,1.0,1,"긍정 우세
(N_p > N_n)"
2014-06-26,0.0,0.0,1.0,-0.0001621004291313,0.0,0,동률
2014-06-27,0.0,0.0,1.0,0.0043115223475056,0.0,1,동률
2014-07-02,4.0,0.0,4.0,-0.0002063229666263,4.0,0,"긍정 우세
(N_p > N_n)"
2014-07-07,1.0,0.0,1.0,-0.0076685078182272,1.0,0,"긍정 우세
(N_p > N_n)"
2014-07-09,2.0,0.0,2.0,0.006278054329081,2.0,1,"긍정 우세
(N_p > N_n)"
2014-07-16,1.0,0.0,2.0,0.0021692101079,1.0,1,"긍정 우세
(N_p > N_n)"
2014-07-18,1.0,0.0,2.0,0.0157443545717679,1.0,1,"긍정 우세
(N_p > N_n)"
2014-07-21,0.0,0.0,1.0,-0.001680833725256,0.0,0,동률
2014-07-22,1.0,0.0,1.0,0.0070784059566182,1.0,1,"긍정 우세
(N_p > N_n)"
2014-07-23,1.0,0.0,1.0,0.0039677056439952,1.0,1,"긍정 우세
(N_p > N_n)"
2014-07-25,1.0,0.0,2.0,-0.0050423190343885,1.0,0,"긍정 우세
(N_p > N_n)"
2014-07-28,2.0,0.0,2.0,-0.0010450251895733,2.0,0,"긍정 우세
(N_p > N_n)"
2014-07-30,2.0,0.0,2.0,0.0045467184692233,2.0,1,"긍정 우세
(N_p > N_n)"
2014-07-31,0.0,0.0,1.0,-0.0208675715006719,0.0,0,동률
2014-08-04,1.0,0.0,1.0,0.0071795505758391,1.0,1,"긍정 우세
(N_p > N_n)"
2014-08-05,2.0,0.0,2.0,-0.0070828173153058,2.0,0,"긍정 우세
(N_p > N_n)"
2014-08-07,1.0,0.0,1.0,-0.0046106452840418,1.0,0,"긍정 우세
(N_p > N_n)"
2014-08-14,1.0,0.0,1.0,0.0042556527855992,1.0,1,"긍정 우세
(N_p > N_n)"
2014-08-15,1.0,0.0,1.0,0.0026791322212553,1.0,1,"긍정 우세
(N_p > N_n)"
2014-08-18,1.0,0.0,1.0,0.0097156911988909,1.0,1,"긍정 우세
(N_p > N_n)"
2014-08-19,2.0,0.0,2.0,0.004258737039315,2.0,1,"긍정 우세
(N_p > N_n)"
2014-08-20,1.0,0.0,1.0,-0.0002274506758811,1.0,0,"긍정 우세
(N_p > N_n)"
2014-08-22,1.0,0.0,1.0,0.0014231166329679,1.0,1,"긍정 우세
(N_p > N_n)"
2014-08-25,1.0,0.0,1.0,0.0041423568712042,1.0,1,"긍정 우세
(N_p > N_n)"
2014-09-03,2.0,0.0,2.0,-0.0055739069370983,2.0,0,"긍정 우세
(N_p > N_n)"
2014-09-09,1.0,0.0,1.0,-0.0087102512384357,1.0,0,"긍정 우세
(N_p > N_n)"
2014-09-10,1.0,0.0,1.0,0.0075192881330117,1.0,1,"긍정 우세
(N_p > N_n)"
2014-09-12,3.0,0.0,3.0,-0.0052724221229905,3.0,0,"긍정 우세
(N_p > N_n)"
2014-09-17,1.0,0.0,1.0,0.0020713097696152,1.0,1,"긍정 우세
(N_p > N_n)"
2014-09-23,0.0,0.0,1.0,-0.00419640042624,0.0,0,동률
2014-09-25,1.0,0.0,1.0,-0.0194217207228443,1.0,0,"긍정 우세
(N_p > N_n)"
2014-09-29,1.0,0.0,1.0,-0.0014050480658676,1.0,0,"긍정 우세
(N_p > N_n)"
2014-10-01,2.0,0.0,2.0,-0.0158678171267844,2.0,0,"긍정 우세
(N_p > N_n)"
2014-10-03,0.0,0.0,1.0,0.010252340723351,0.0,1,동률
2014-10-07,1.0,0.0,1.0,-0.0156235100176139,1.0,0,"긍정 우세
(N_p > N_n)"
2014-10-15,0.0,0.0,3.0,-0.0028033170833581,0.0,0,동률
2014-10-16,1.0,0.0,1.0,0.0004911400762772,1.0,1,"긍정 우세
(N_p > N_n)"
2014-10-17,0.0,0.0,1.0,0.0097334615382389,0.0,1,동률
2014-10-20,1.0,0.0,1.0,0.0135330974735947,1.0,1,"긍정 우세
(N_p > N_n)"
2014-10-21,3.0,0.0,3.0,0.0239593334819874,3.0,1,"긍정 우세
(N_p > N_n)"
2014-10-23,0.0,0.0,1.0,0.0159576394008207,0.0,1,동률
2014-10-28,1.0,0.0,1.0,0.0174679186279584,1.0,1,"긍정 우세
(N_p > N_n)"
2014-10-29,1.0,0.0,2.0,-0.0032995402274749,1.0,0,"긍정 우세
(N_p > N_n)"
2014-10-30,1.0,0.0,1.0,0.0037171469287331,1.0,1,"긍정 우세
(N_p > N_n)"
2014-10-31,2.0,0.0,2.0,0.0141476379878853,2.0,1,"긍정 우세
(N_p > N_n)"
2014-11-03,2.0,0.0,2.0,0.0017642798907944,2.0,1,"긍정 우세
(N_p > N_n)"
2014-11-06,2.0,0.0,2.0,0.0038413925047828,2.0,1,"긍정 우세
(N_p > N_n)"
2014-11-07,1.0,0.0,1.0,-0.0012806872551406,1.0,0,"긍정 우세
(N_p > N_n)"
2014-11-10,2.0,0.0,2.0,0.0041209302296165,2.0,1,"긍정 우세
(N_p > N_n)"
2014-11-12,3.0,0.0,3.0,0.0031283961458914,3.0,1,"긍정 우세
(N_p > N_n)"
2014-11-14,1.0,0.0,1.0,0.0017947971852054,1.0,1,"긍정 우세
(N_p > N_n)"
2014-11-17,4.0,0.0,4.0,-0.0037410449556504,4.0,0,"긍정 우세
(N_p > N_n)"
2014-11-18,2.0,0.0,3.0,0.0067308801982979,2.0,1,"긍정 우세
(N_p > N_n)"
2014-11-25,1.0,0.0,1.0,0.0007066121791761,1.0,1,"긍정 우세
(N_p > N_n)"
2014-12-01,1.0,0.0,1.0,-0.0134150146668924,1.0,0,"긍정 우세
(N_p > N_n)"
2014-12-08,1.0,0.0,1.0,-0.0083814762052808,1.0,0,"긍정 우세
(N_p > N_n)"
2014-12-09,1.0,0.0,1.0,0.0054380846999355,1.0,1,"긍정 우세
(N_p > N_n)"
2014-12-10,2.0,0.0,2.0,-0.0172979566841168,2.0,0,"긍정 우세
(N_p > N_n)"
2014-12-12,2.0,0.0,2.0,-0.0115884032792135,2.0,0,"긍정 우세
(N_p > N_n)"
2014-12-15,0.0,0.0,1.0,-0.0104091327982063,0.0,0,동률
2014-12-16,1.0,0.0,1.0,-0.0124490954016427,1.0,0,"긍정 우세
(N_p > N_n)"
2014-12-18,2.0,0.0,2.0,0.0224123373411286,2.0,1,"긍정 우세
(N_p > N_n)"
2014-12-19,1.0,0.0,1.0,0.0035759373300401,1.0,1,"긍정 우세
(N_p > N_n)"
2014-12-22,3.0,0.0,4.0,0.0033659518143249,3.0,1,"긍정 우세
(N_p > N_n)"
2014-12-23,3.0,0.0,4.0,-0.0033462863043673,3.0,0,"긍정 우세
(N_p > N_n)"
2014-12-30,1.0,0.0,1.0,-0.0061308020923653,1.0,0,"긍정 우세
(N_p > N_n)"
2014-12-31,1.0,0.0,1.0,-0.0086636644785463,1.0,0,"긍정 우세
(N_p > N_n)"
2015-01-02,3.0,0.0,3.0,-0.0019509393850979,3.0,0,"긍정 우세
(N_p > N_n)"
2015-01-05,1.0,0.0,2.0,-0.0157062021648246,1.0,0,"긍정 우세
(N_p > N_n)"
2015-01-06,1.0,0.0,1.0,-0.0128594716692502,1.0,0,"긍정 우세
(N_p > N_n)"
2015-01-07,1.0,0.0,1.0,0.0125698335901216,1.0,1,"긍정 우세
(N_p > N_n)"
2015-01-08,2.0,0.0,4.0,0.0184324858782867,2.0,1,"긍정 우세
(N_p > N_n)"
2015-01-09,0.0,0.0,1.0,-0.0067818473466803,0.0,0,동률
2015-01-12,0.0,0.0,5.0,-0.0083671936752739,0.0,0,동률
2015-01-13,5.0,0.0,5.0,-0.0006881373042226,5.0,0,"긍정 우세
(N_p > N_n)"
2015-01-14,4.0,0.0,5.0,-0.0047581627761986,4.0,0,"긍정 우세
(N_p > N_n)"
2015-01-16,1.0,0.0,2.0,0.0139056145370188,1.0,1,"긍정 우세
(N_p > N_n)"
2015-01-20,0.0,0.0,2.0,0.0044170342875144,0.0,1,동률
2015-01-21,1.0,0.0,1.0,0.0027003714308821,1.0,1,"긍정 우세
(N_p > N_n)"
2015-01-22,3.0,0.0,3.0,0.0177785547171027,3.0,1,"긍정 우세
(N_p > N_n)"
2015-01-26,0.0,0.0,1.0,0.0029172411146065,0.0,1,동률
2015-01-27,1.0,0.0,1.0,-0.0189154043913143,1.0,0,"긍정 우세
(N_p > N_n)"
2015-01-28,2.0,0.0,2.0,-0.0092939796272562,2.0,0,"긍정 우세
(N_p > N_n)"
2015-01-29,2.0,0.0,2.0,0.0097930180055931,2.0,1,"긍정 우세
(N_p > N_n)"
2015-01-30,1.0,0.0,2.0,-0.0102852238578159,1.0,0,"긍정 우세
(N_p > N_n)"
2015-02-02,2.0,0.0,3.0,0.0089422996296628,2.0,1,"긍정 우세
(N_p > N_n)"
2015-02-03,3.0,0.0,5.0,0.0109159028304963,3.0,1,"긍정 우세
(N_p > N_n)"
2015-02-04,1.0,0.0,1.0,-0.0023351619410535,1.0,0,"긍정 우세
(N_p > N_n)"
2015-02-05,2.0,0.0,3.0,0.0102613904508601,2.0,1,"긍정 우세
(N_p > N_n)"
2015-02-06,3.0,0.0,3.0,-0.0043441260179784,3.0,0,"긍정 우세
(N_p > N_n)"
2015-02-09,3.0,0.0,5.0,-0.0038761776193582,3.0,0,"긍정 우세
(N_p > N_n)"
2015-02-10,1.0,0.0,1.0,0.0130406778974565,1.0,1,"긍정 우세
(N_p > N_n)"
2015-02-11,1.0,0.0,2.0,0.0028281238096101,1.0,1,"긍정 우세
(N_p > N_n)"
2015-02-12,2.0,0.0,3.0,0.0117532951136993,2.0,1,"긍정 우세
(N_p > N_n)"
2015-02-13,1.0,0.0,1.0,0.007458396513605,1.0,1,"긍정 우세
(N_p > N_n)"
2015-02-17,7.0,0.0,7.0,0.001109594092701,7.0,1,"긍정 우세
(N_p > N_n)"
2015-02-18,2.0,0.0,2.0,0.0014471224737024,2.0,1,"긍정 우세
(N_p > N_n)"
2015-02-19,2.0,0.0,4.0,0.0037380731422713,2.0,1,"긍정 우세
(N_p > N_n)"
2015-02-20,3.0,0.0,3.0,0.0063496290720426,3.0,1,"긍정 우세
(N_p > N_n)"
2015-02-23,5.0,0.0,6.0,0.001008884190834,5.0,1,"긍정 우세
(N_p > N_n)"
2015-02-24,3.0,0.0,3.0,0.0014412306533018,3.0,1,"긍정 우세
(N_p > N_n)"
2015-02-25,4.0,0.0,5.0,-0.0001972537792231,4.0,0,"긍정 우세
(N_p > N_n)"
2015-02-26,3.0,0.0,3.0,0.0041774541142114,3.0,1,"긍정 우세
(N_p > N_n)"
2015-02-27,3.0,0.0,3.0,-0.004883898982291,3.0,0,"긍정 우세
(N_p > N_n)"
2015-03-02,1.0,0.0,2.0,0.0089795597949851,1.0,1,"긍정 우세
(N_p > N_n)"
2015-03-03,3.0,0.0,3.0,-0.0056309168671963,3.0,0,"긍정 우세
(N_p > N_n)"
2015-03-04,4.0,0.0,6.0,-0.002562253433848,4.0,0,"긍정 우세
(N_p > N_n)"
2015-03-05,2.0,0.0,3.0,0.0031547170894501,2.0,1,"긍정 우세
(N_p > N_n)"
2015-03-06,1.0,0.0,1.0,-0.0111262401645501,1.0,0,"긍정 우세
(N_p > N_n)"
2015-03-09,5.0,0.0,5.0,0.0030583909591415,5.0,1,"긍정 우세
(N_p > N_n)"
2015-03-10,2.0,0.0,2.0,-0.0167224899692426,2.0,0,"긍정 우세
(N_p > N_n)"
2015-03-11,2.0,0.0,3.0,-0.0020268566290058,2.0,0,"긍정 우세
(N_p > N_n)"
2015-03-12,0.0,0.0,1.0,0.0089382751497908,0.0,1,동률
2015-03-13,1.0,0.0,1.0,-0.0043999585689028,1.0,0,"긍정 우세
(N_p > N_n)"
2015-03-16,3.0,0.0,5.0,0.0118540327886202,3.0,1,"긍정 우세
(N_p > N_n)"
2015-03-17,4.0,0.0,7.0,0.0016067338402454,4.0,1,"긍정 우세
(N_p > N_n)"
2015-03-18,1.0,0.0,3.0,0.0091950469631838,1.0,1,"긍정 우세
(N_p > N_n)"
2015-03-19,4.0,0.0,4.0,0.0019165423138598,4.0,1,"긍정 우세
(N_p > N_n)"
2015-03-20,2.0,0.0,2.0,0.0068183992127064,2.0,1,"긍정 우세
(N_p > N_n)"
2015-03-23,1.0,0.0,1.0,-0.0030737000233531,1.0,0,"긍정 우세
(N_p > N_n)"
2015-03-25,3.0,0.0,3.0,-0.0236669372317912,3.0,0,"긍정 우세
(N_p > N_n)"
2015-03-26,1.0,0.0,1.0,-0.0026986777860629,1.0,0,"긍정 우세
(N_p > N_n)"
2015-03-27,0.0,0.0,1.0,0.0057286222582144,0.0,1,동률
2015-03-30,0.0,0.0,1.0,0.0114940084668209,0.0,1,동률
2015-03-31,2.0,0.0,4.0,-0.009410939626387,2.0,0,"긍정 우세
(N_p > N_n)"
2015-04-02,3.0,0.0,4.0,0.0013749271989955,3.0,1,"긍정 우세
(N_p > N_n)"
2015-04-06,4.0,0.0,5.0,0.0062165451543809,4.0,1,"긍정 우세
(N_p > N_n)"
2015-04-07,3.0,0.0,4.0,-0.0014418105804469,3.0,0,"긍정 우세
(N_p > N_n)"
2015-04-08,3.0,0.0,5.0,0.0082663834303999,3.0,1,"긍정 우세
(N_p > N_n)"
2015-04-09,1.0,0.0,2.0,0.0047952127562522,1.0,1,"긍정 우세
(N_p > N_n)"
2015-04-10,2.0,0.0,2.0,0.0043058927066317,2.0,1,"긍정 우세
(N_p > N_n)"
2015-04-13,0.0,0.0,1.0,-0.0015472400808188,0.0,0,동률
2015-04-15,3.0,0.0,3.0,0.0067767761581165,3.0,1,"긍정 우세
(N_p > N_n)"
2015-04-16,1.0,0.0,1.0,-0.000644575446947,1.0,0,"긍정 우세
(N_p > N_n)"
2015-04-17,2.0,0.0,2.0,-0.0151723574423208,2.0,0,"긍정 우세
(N_p > N_n)"
2015-04-20,4.0,0.0,4.0,0.0127316417940888,4.0,1,"긍정 우세
(N_p > N_n)"
2015-04-22,2.0,0.0,4.0,0.0042021147979471,2.0,1,"긍정 우세
(N_p > N_n)"
2015-04-23,3.0,0.0,3.0,0.0041488444368071,3.0,1,"긍정 우세
(N_p > N_n)"
2015-04-24,2.0,0.0,4.0,0.0071241280985234,2.0,1,"긍정 우세
(N_p > N_n)"
2015-04-27,5.0,0.0,5.0,-0.0062508989718638,5.0,0,"긍정 우세
(N_p > N_n)"
2015-04-28,5.0,0.0,6.0,-0.0009545137344992,5.0,0,"긍정 우세
(N_p > N_n)"
2015-04-29,7.0,0.0,8.0,-0.0062862800019317,7.0,0,"긍정 우세
(N_p > N_n)"
2015-04-30,3.0,0.0,6.0,-0.0163666609482607,3.0,0,"긍정 우세
(N_p > N_n)"
2015-05-01,0.0,0.0,3.0,0.0129457151699581,0.0,1,동률
2015-05-04,2.0,0.0,3.0,0.002305522396315,2.0,1,"긍정 우세
(N_p > N_n)"
2015-05-05,5.0,0.0,6.0,-0.0154676455396682,5.0,0,"긍정 우세
(N_p > N_n)"
2015-05-06,2.0,0.0,2.0,-0.0039863586953727,2.0,0,"긍정 우세
(N_p > N_n)"
2015-05-07,2.0,0.0,3.0,0.0052645928612624,2.0,1,"긍정 우세
(N_p > N_n)"
2015-05-08,1.0,0.0,1.0,0.0117297130680993,1.0,1,"긍정 우세
(N_p > N_n)"
2015-05-11,1.0,0.0,1.0,-0.0019945800198492,1.0,0,"긍정 우세
(N_p > N_n)"
2015-05-12,1.0,0.0,1.0,-0.0034804525468349,1.0,0,"긍정 우세
(N_p > N_n)"
2015-05-13,1.0,0.0,3.0,0.0011052632766759,1.0,1,"긍정 우세
(N_p > N_n)"
2015-05-14,2.0,0.0,4.0,0.0138727749205807,2.0,1,"긍정 우세
(N_p > N_n)"
2015-05-15,5.0,0.0,5.0,-0.0004969045937379,5.0,0,"긍정 우세
(N_p > N_n)"
2015-05-18,0.0,0.0,1.0,0.0059722999491822,0.0,1,동률
2015-05-19,2.0,0.0,3.0,-0.001656051139136,2.0,0,"긍정 우세
(N_p > N_n)"
2015-05-20,5.0,0.0,6.0,0.0003373647278677,5.0,1,"긍정 우세
(N_p > N_n)"
2015-05-21,3.0,0.0,3.0,0.0037560686879003,3.0,1,"긍정 우세
(N_p > N_n)"
2015-05-22,3.0,0.0,4.0,-0.0002809339552949,3.0,0,"긍정 우세
(N_p > N_n)"
2015-05-26,1.0,0.0,3.0,-0.011123179496439,1.0,0,"긍정 우세
(N_p > N_n)"
2015-05-27,1.0,0.0,1.0,0.014671868014505,1.0,1,"긍정 우세
(N_p > N_n)"
2015-05-28,3.0,0.0,4.0,-0.0016860299230391,3.0,0,"긍정 우세
(N_p > N_n)"
2015-05-29,1.0,0.0,1.0,-0.0054826020148337,1.0,0,"긍정 우세
(N_p > N_n)"
2015-06-01,2.0,0.0,2.0,0.0025444407965351,2.0,1,"긍정 우세
(N_p > N_n)"
2015-06-02,1.0,0.0,1.0,-0.0012611143628418,1.0,0,"긍정 우세
(N_p > N_n)"
2015-06-03,1.0,0.0,2.0,0.0044735292779554,1.0,1,"긍정 우세
(N_p > N_n)"
2015-06-04,3.0,0.0,3.0,-0.007865866696517,3.0,0,"긍정 우세
(N_p > N_n)"
2015-06-05,0.0,0.0,1.0,0.0018461399479861,0.0,1,동률
2015-06-08,2.0,0.0,3.0,-0.0092395083488708,2.0,0,"긍정 우세
(N_p > N_n)"
2015-06-11,2.0,0.0,2.0,0.0011463816553543,2.0,1,"긍정 우세
(N_p > N_n)"
2015-06-12,1.0,0.0,2.0,-0.0061799523104089,1.0,0,"긍정 우세
(N_p > N_n)"
2015-06-15,3.0,0.0,4.0,-0.0041832239322092,3.0,0,"긍정 우세
(N_p > N_n)"
2015-06-16,2.0,0.0,3.0,0.0050854356489553,2.0,1,"긍정 우세
(N_p > N_n)"
2015-06-17,2.0,0.0,3.0,0.0018455120581244,2.0,1,"긍정 우세
(N_p > N_n)"
2015-06-18,1.0,0.0,1.0,0.0134396696614651,1.0,1,"긍정 우세
(N_p > N_n)"
2015-06-19,1.0,0.0,2.0,-0.0031074128338642,1.0,0,"긍정 우세
(N_p > N_n)"
2015-06-22,2.0,0.0,2.0,0.0072249784724935,2.0,1,"긍정 우세
(N_p > N_n)"
2015-06-24,2.0,0.0,2.0,-0.007302137877626,2.0,0,"긍정 우세
(N_p > N_n)"
2015-06-25,1.0,0.0,1.0,-0.0019951965055512,1.0,0,"긍정 우세
(N_p > N_n)"
2015-06-26,1.0,0.0,1.0,-0.0061969872294173,1.0,0,"긍정 우세
(N_p > N_n)"
2015-06-29,3.0,0.0,3.0,-0.0240211231571635,3.0,0,"긍정 우세
(N_p > N_n)"
2015-06-30,1.0,0.0,2.0,0.0057275532801894,1.0,1,"긍정 우세
(N_p > N_n)"
2015-07-01,2.0,0.0,4.0,0.0052638226749737,2.0,1,"긍정 우세
(N_p > N_n)"
2015-07-02,0.0,0.0,2.0,-0.000779984552254,0.0,0,동률
2015-07-06,2.0,0.0,3.0,-0.0034476533557036,2.0,0,"긍정 우세
(N_p > N_n)"
2015-07-07,1.0,0.0,1.0,0.001105786446961,1.0,1,"긍정 우세
(N_p > N_n)"
2015-07-08,1.0,0.0,1.0,-0.0175489540682678,1.0,0,"긍정 우세
(N_p > N_n)"
2015-07-10,0.0,0.0,1.0,0.0152974757156354,0.0,1,동률
2015-07-13,1.0,0.0,1.0,0.014768707090859,1.0,1,"긍정 우세
(N_p > N_n)"
2015-07-14,2.0,0.0,3.0,0.0065819396267368,2.0,1,"긍정 우세
(N_p > N_n)"
2015-07-15,2.0,0.0,2.0,-0.001165587339422,2.0,0,"긍정 우세
(N_p > N_n)"
2015-07-16,0.0,0.0,2.0,0.0125987430942917,0.0,1,동률
2015-07-17,1.0,0.0,1.0,0.0090951621556367,1.0,1,"긍정 우세
(N_p > N_n)"
2015-07-20,1.0,0.0,1.0,0.0016736069153009,1.0,1,"긍정 우세
(N_p > N_n)"
2015-07-21,2.0,0.0,2.0,-0.0020578720975653,2.0,0,"긍정 우세
(N_p > N_n)"
2015-07-22,2.0,0.0,2.0,-0.0069795044734644,2.0,0,"긍정 우세
(N_p > N_n)"
2015-07-23,2.0,0.0,2.0,-0.0049035172069674,2.0,0,"긍정 우세
(N_p > N_n)"
2015-07-27,5.0,0.0,6.0,-0.0095998527661144,5.0,0,"긍정 우세
(N_p > N_n)"
2015-07-28,4.0,0.0,5.0,0.0098080031049843,4.0,1,"긍정 우세
(N_p > N_n)"
2015-07-29,3.0,0.0,4.0,0.0044250521601787,3.0,1,"긍정 우세
(N_p > N_n)"
2015-07-30,3.0,0.0,3.0,0.0033354274878847,3.0,1,"긍정 우세
(N_p > N_n)"
2015-07-31,6.0,0.0,7.0,-9.748907555884312e-05,6.0,0,"긍정 우세
(N_p > N_n)"
2015-08-03,1.0,0.0,1.0,-0.0025154443369272,1.0,0,"긍정 우세
(N_p > N_n)"
2015-08-04,4.0,0.0,4.0,-0.0019216711857567,4.0,0,"긍정 우세
(N_p > N_n)"
2015-08-05,2.0,0.0,2.0,0.0067358341480041,2.0,1,"긍정 우세
(N_p > N_n)"
2015-08-06,7.0,0.0,7.0,-0.0162453260061157,7.0,0,"긍정 우세
(N_p > N_n)"
2015-08-07,4.0,0.0,5.0,-0.0025511827477896,4.0,0,"긍정 우세
(N_p > N_n)"
2015-08-10,2.0,0.0,3.0,0.0115513637591404,2.0,1,"긍정 우세
(N_p > N_n)"
2015-08-11,2.0,0.0,2.0,-0.0127425159970544,2.0,0,"긍정 우세
(N_p > N_n)"
2015-08-12,1.0,0.0,2.0,0.0015089169088462,1.0,1,"긍정 우세
(N_p > N_n)"
2015-08-13,2.0,0.0,2.0,-0.0021469549006859,2.0,0,"긍정 우세
(N_p > N_n)"
2015-08-14,3.0,0.0,4.0,0.0029164598436024,3.0,1,"긍정 우세
(N_p > N_n)"
2015-08-17,3.0,0.0,3.0,0.0086089328002989,3.0,1,"긍정 우세
(N_p > N_n)"
2015-08-18,2.0,0.0,5.0,-0.0063534961634292,2.0,0,"긍정 우세
(N_p > N_n)"
2015-08-19,1.0,0.0,1.0,-0.0079655078598769,1.0,0,"긍정 우세
(N_p > N_n)"
2015-08-20,0.0,0.0,1.0,-0.0282044561861672,0.0,0,동률
2015-08-21,3.0,0.0,3.0,-0.0351513149332772,3.0,0,"긍정 우세
(N_p > N_n)"
2015-08-24,2.0,0.0,2.0,-0.0382041031462019,2.0,0,"긍정 우세
(N_p > N_n)"
2015-08-25,2.0,0.0,2.0,-0.0043655930682131,2.0,0,"긍정 우세
(N_p > N_n)"
2015-08-26,2.0,0.0,2.0,0.0423943678453342,2.0,1,"긍정 우세
(N_p > N_n)"
2015-08-27,4.0,0.0,4.0,0.0245170708322444,4.0,1,"긍정 우세
(N_p > N_n)"
2015-08-28,1.0,0.0,1.0,0.0032434664477909,1.0,1,"긍정 우세
(N_p > N_n)"
2015-08-31,3.0,0.0,3.0,-0.0107304529277186,3.0,0,"긍정 우세
(N_p > N_n)"
2015-09-01,1.0,0.0,4.0,-0.0293958716423513,1.0,0,"긍정 우세
(N_p > N_n)"
2015-09-02,2.0,0.0,3.0,0.0245637239088238,2.0,1,"긍정 우세
(N_p > N_n)"
2015-09-08,1.0,0.0,1.0,0.0273297272458505,1.0,1,"긍정 우세
(N_p > N_n)"
2015-09-09,2.0,0.0,3.0,-0.0115131326933698,2.0,0,"긍정 우세
(N_p > N_n)"
2015-09-10,4.0,0.0,4.0,0.0083506708961869,4.0,1,"긍정 우세
(N_p > N_n)"
2015-09-11,3.0,0.0,5.0,0.0054396338285118,3.0,1,"긍정 우세
(N_p > N_n)"
2015-09-14,1.0,0.0,2.0,-0.0034381811863567,1.0,0,"긍정 우세
(N_p > N_n)"
2015-09-15,0.0,0.0,3.0,0.0113947131310938,0.0,1,동률
2015-09-16,2.0,0.0,4.0,0.0059088769778423,2.0,1,"긍정 우세
(N_p > N_n)"
2015-09-17,2.0,0.0,2.0,0.0009633318699264,2.0,1,"긍정 우세
(N_p > N_n)"
2015-09-18,1.0,0.0,1.0,-0.0136332026647217,1.0,0,"긍정 우세
(N_p > N_n)"
2015-09-21,5.0,0.0,5.0,0.0003563565130955,5.0,1,"긍정 우세
(N_p > N_n)"
2015-09-22,1.0,0.0,4.0,-0.0149576983707274,1.0,0,"긍정 우세
(N_p > N_n)"
2015-09-23,1.0,0.0,2.0,-0.0008367068671245,1.0,0,"긍정 우세
(N_p > N_n)"
2015-09-24,2.0,0.0,2.0,-0.0038420475358993,2.0,0,"긍정 우세
(N_p > N_n)"
2015-09-25,2.0,0.0,3.0,-0.0101341605977177,2.0,0,"긍정 우세
(N_p > N_n)"
2015-09-28,2.0,0.0,4.0,-0.0304128422396777,2.0,0,"긍정 우세
(N_p > N_n)"
2015-09-29,2.0,0.0,4.0,-0.005865001169669,2.0,0,"긍정 우세
(N_p > N_n)"
2015-09-30,3.0,0.0,6.0,0.022765785030294,3.0,1,"긍정 우세
(N_p > N_n)"
2015-10-01,2.0,0.0,4.0,0.0014977666663003,2.0,1,"긍정 우세
(N_p > N_n)"
2015-10-02,1.0,0.0,1.0,0.0174407413895354,1.0,1,"긍정 우세
(N_p > N_n)"
2015-10-05,1.0,0.0,1.0,0.0156082025545107,1.0,1,"긍정 우세
(N_p > N_n)"
2015-10-06,3.0,0.0,3.0,-0.0068810112724443,3.0,0,"긍정 우세
(N_p > N_n)"
2015-10-07,4.0,0.0,6.0,0.0090115408887587,4.0,1,"긍정 우세
(N_p > N_n)"
2015-10-12,2.0,0.0,3.0,0.0016913305561629,2.0,1,"긍정 우세
(N_p > N_n)"
2015-10-13,1.0,0.0,4.0,-0.0086863813488725,1.0,0,"긍정 우세
(N_p > N_n)"
2015-10-14,2.0,0.0,3.0,-0.0028686439000038,2.0,0,"긍정 우세
(N_p > N_n)"
2015-10-15,5.0,0.0,8.0,0.0182422610407035,5.0,1,"긍정 우세
(N_p > N_n)"
2015-10-16,2.0,0.0,3.0,0.0034064687413681,2.0,1,"긍정 우세
(N_p > N_n)"
2015-10-19,3.0,0.0,3.0,0.0038431481560492,3.0,1,"긍정 우세
(N_p > N_n)"
2015-10-20,3.0,0.0,4.0,-0.0049944243725839,3.0,0,"긍정 우세
(N_p > N_n)"
2015-10-21,5.0,0.0,6.0,-0.0083692577209381,5.0,0,"긍정 우세
(N_p > N_n)"
2015-10-22,6.0,0.0,6.0,0.016513988406231,6.0,1,"긍정 우세
(N_p > N_n)"
2015-11-18,1.0,0.0,1.0,0.0178860444667114,1.0,1,"긍정 우세
(N_p > N_n)"
2015-11-19,2.0,0.0,2.0,-0.0003073885824623,2.0,0,"긍정 우세
(N_p > N_n)"
2015-11-24,1.0,0.0,2.0,6.468974425444252e-05,1.0,1,"긍정 우세
(N_p > N_n)"
2015-11-25,1.0,0.0,2.0,0.0026123014519323,1.0,1,"긍정 우세
(N_p > N_n)"
2015-11-27,1.0,0.0,2.0,0.0022243102238006,1.0,1,"긍정 우세
(N_p > N_n)"
2015-11-30,1.0,0.0,1.0,-0.003676260177327,1.0,0,"긍정 우세
(N_p > N_n)"
2015-12-01,2.0,0.0,3.0,0.0093253503254844,2.0,1,"긍정 우세
(N_p > N_n)"
2015-12-02,0.0,0.0,1.0,-0.0064173494948874,0.0,0,동률
2015-12-03,2.0,0.0,3.0,-0.0167258923282713,2.0,0,"긍정 우세
(N_p > N_n)"
2015-12-04,1.0,0.0,1.0,0.0207919831429346,1.0,1,"긍정 우세
(N_p > N_n)"
2015-12-07,2.0,0.0,3.0,-0.0078681128730747,2.0,0,"긍정 우세
(N_p > N_n)"
2015-12-08,2.0,0.0,2.0,-0.000699717194045,2.0,0,"긍정 우세
(N_p > N_n)"
2015-12-09,2.0,0.0,3.0,-0.0147835554470963,2.0,0,"긍정 우세
(N_p > N_n)"
2015-12-10,1.0,0.0,3.0,0.004439653856705,1.0,1,"긍정 우세
(N_p > N_n)"
2015-12-11,1.0,0.0,1.0,-0.0221399296279276,1.0,0,"긍정 우세
(N_p > N_n)"
2015-12-14,2.0,0.0,3.0,0.0038025496877545,2.0,1,"긍정 우세
(N_p > N_n)"
2015-12-15,1.0,0.0,2.0,0.0087091841418112,1.0,1,"긍정 우세
(N_p > N_n)"
2015-12-16,1.0,0.0,3.0,0.0151680802995202,1.0,1,"긍정 우세
(N_p > N_n)"
2015-12-17,2.0,0.0,3.0,-0.0135236287986701,2.0,0,"긍정 우세
(N_p > N_n)"
2015-12-18,1.0,0.0,2.0,-0.015885844152523,1.0,0,"긍정 우세
(N_p > N_n)"
2015-12-22,2.0,0.0,3.0,0.0064782572294108,2.0,1,"긍정 우세
(N_p > N_n)"
2015-12-23,2.0,0.0,2.0,0.0089620731648141,2.0,1,"긍정 우세
(N_p > N_n)"
2015-12-24,0.0,0.0,2.0,0.000507351173038,0.0,1,동률
2015-12-31,0.0,0.0,1.0,-0.0115360581698396,0.0,0,동률
2016-01-04,3.0,0.0,3.0,-0.0208331870657314,3.0,0,"긍정 우세
(N_p > N_n)"
2016-01-05,2.0,0.0,3.0,-0.0023780245396916,2.0,0,"긍정 우세
(N_p > N_n)"
2016-01-06,1.0,0.0,2.0,-0.0113812132966527,1.0,0,"긍정 우세
(N_p > N_n)"
2016-01-07,1.0,0.0,2.0,-0.0302598964663078,1.0,0,"긍정 우세
(N_p > N_n)"
2016-01-08,0.0,0.0,2.0,-0.0097667075213716,0.0,0,동률
2016-01-11,0.0,0.0,1.0,-0.001214491374167,0.0,0,동률
2016-01-12,1.0,0.0,1.0,0.0103341501551175,1.0,1,"긍정 우세
(N_p > N_n)"
2016-01-13,1.0,0.0,1.0,-0.0341149370767063,1.0,0,"긍정 우세
(N_p > N_n)"
2016-01-14,2.0,0.0,2.0,0.0196506321734235,2.0,1,"긍정 우세
(N_p > N_n)"
2016-01-15,2.0,0.0,3.0,-0.0274279692578548,2.0,0,"긍정 우세
(N_p > N_n)"
2016-01-22,2.0,0.0,2.0,0.0266365199990086,2.0,1,"긍정 우세
(N_p > N_n)"
2016-01-25,5.0,0.0,5.0,-0.0158325177020265,5.0,0,"긍정 우세
(N_p > N_n)"
2016-01-26,2.0,0.0,2.0,0.0108840973309756,2.0,1,"긍정 우세
(N_p > N_n)"
2016-01-27,1.0,0.0,1.0,-0.0217835355228899,1.0,0,"긍정 우세
(N_p > N_n)"
2016-01-28,3.0,0.0,3.0,0.0086187979820806,3.0,1,"긍정 우세
(N_p > N_n)"
2016-01-29,1.0,0.0,1.0,0.0238024477769058,1.0,1,"긍정 우세
(N_p > N_n)"
2016-02-01,0.0,0.0,2.0,0.0013914155123568,0.0,1,동률
2016-02-02,4.0,0.0,4.0,-0.0223834712916793,4.0,0,"긍정 우세
(N_p > N_n)"
2016-02-03,2.0,0.0,5.0,-0.0028138368562685,2.0,0,"긍정 우세
(N_p > N_n)"
2016-02-04,4.0,0.0,5.0,0.001181070267556,4.0,1,"긍정 우세
(N_p > N_n)"
2016-02-08,1.0,0.0,2.0,-0.0181956421822505,1.0,0,"긍정 우세
(N_p > N_n)"
2016-02-09,3.0,0.0,3.0,-0.0034993252115552,3.0,0,"긍정 우세
(N_p > N_n)"
2016-02-10,1.0,0.0,1.0,0.0034740952733911,1.0,1,"긍정 우세
(N_p > N_n)"
2016-02-11,5.0,0.0,6.0,-0.0039102716672183,5.0,0,"긍정 우세
(N_p > N_n)"
2016-02-12,0.0,0.0,2.0,0.0165625906907465,0.0,1,동률
2016-02-17,4.0,0.0,4.0,0.0221147392041647,4.0,1,"긍정 우세
(N_p > N_n)"
2016-02-18,2.0,0.0,2.0,-0.0102601242440706,2.0,0,"긍정 우세
(N_p > N_n)"
2016-02-19,1.0,0.0,3.0,0.0037637851855865,1.0,1,"긍정 우세
(N_p > N_n)"
2016-02-22,2.0,0.0,4.0,0.0146921330595433,2.0,1,"긍정 우세
(N_p > N_n)"
2016-02-23,4.0,0.0,4.0,-0.0146653919632793,4.0,0,"긍정 우세
(N_p > N_n)"
2016-02-24,1.0,0.0,2.0,0.0086663908444366,1.0,1,"긍정 우세
(N_p > N_n)"
2016-02-25,3.0,0.0,3.0,0.0087153273608782,3.0,1,"긍정 우세
(N_p > N_n)"
2016-02-26,1.0,0.0,1.0,0.0018048141021227,1.0,1,"긍정 우세
(N_p > N_n)"
2016-02-29,1.0,0.0,1.0,-0.0070842458417643,1.0,0,"긍정 우세
(N_p > N_n)"
2016-03-01,1.0,0.0,3.0,0.0288835763232213,1.0,1,"긍정 우세
(N_p > N_n)"
2016-03-02,2.0,0.0,3.0,0.0029469088900899,2.0,1,"긍정 우세
(N_p > N_n)"
2016-03-03,3.0,0.0,3.0,0.0008504450094699,3.0,1,"긍정 우세
(N_p > N_n)"
2016-03-04,2.0,0.0,3.0,0.0020393544267507,2.0,1,"긍정 우세
(N_p > N_n)"
2016-03-11,1.0,0.0,1.0,0.0185128900983901,1.0,1,"긍정 우세
(N_p > N_n)"
2016-03-14,1.0,0.0,1.0,0.000381084903269,1.0,1,"긍정 우세
(N_p > N_n)"
2016-03-15,0.0,0.0,1.0,-0.0045491769450668,0.0,0,동률
2016-03-17,2.0,0.0,2.0,0.0023132007620267,2.0,1,"긍정 우세
(N_p > N_n)"
2016-03-18,0.0,0.0,1.0,0.0043266408840005,0.0,1,동률
2016-03-21,2.0,0.0,2.0,0.0027567097500775,2.0,1,"긍정 우세
(N_p > N_n)"
2016-03-22,2.0,0.0,4.0,0.0026596765458037,2.0,1,"긍정 우세
(N_p > N_n)"
2016-03-23,1.0,0.0,3.0,-0.0109506458891153,1.0,0,"긍정 우세
(N_p > N_n)"
2016-03-24,3.0,0.0,3.0,0.0009730075640255,3.0,1,"긍정 우세
(N_p > N_n)"
2016-03-30,1.0,0.0,1.0,0.0046774703456964,1.0,1,"긍정 우세
(N_p > N_n)"
2016-03-31,1.0,0.0,1.0,0.0001150185323233,1.0,1,"긍정 우세
(N_p > N_n)"
2016-04-01,1.0,0.0,1.0,0.0091768618150605,1.0,1,"긍정 우세
(N_p > N_n)"
2016-04-04,1.0,0.0,1.0,-0.0046271338099298,1.0,0,"긍정 우세
(N_p > N_n)"
2016-04-05,0.0,0.0,1.0,-0.0097856884618171,0.0,0,동률
2016-04-06,1.0,0.0,2.0,0.0158528377321447,1.0,1,"긍정 우세
(N_p > N_n)"
2016-04-12,1.0,0.0,2.0,0.008004705215368,1.0,1,"긍정 우세
(N_p > N_n)"
2016-04-13,3.0,0.0,3.0,0.0154615535716433,3.0,1,"긍정 우세
(N_p > N_n)"
2016-04-14,1.0,0.0,1.0,-0.0003092086745024,1.0,0,"긍정 우세
(N_p > N_n)"
2016-04-15,0.0,0.0,1.0,-0.0015507667301498,0.0,0,동률
2016-04-19,1.0,0.0,1.0,-0.0039697302286515,1.0,0,"긍정 우세
(N_p > N_n)"
2016-04-20,1.0,0.0,2.0,0.0015788023399563,1.0,1,"긍정 우세
(N_p > N_n)"
2016-04-22,3.0,0.0,4.0,-0.0080188105990384,3.0,0,"긍정 우세
(N_p > N_n)"
2016-04-25,0.0,0.0,1.0,-0.0021278948291887,0.0,0,동률
2016-04-26,4.0,0.0,4.0,-0.0015340228740055,4.0,0,"긍정 우세
(N_p > N_n)"
2016-04-27,1.0,0.0,1.0,-0.0051428415603049,1.0,0,"긍정 우세
(N_p > N_n)"
2016-04-28,1.0,0.0,1.0,-0.0118956262887547,1.0,0,"긍정 우세
(N_p > N_n)"
2016-05-02,2.0,0.0,4.0,0.00884330849984,2.0,1,"긍정 우세
(N_p > N_n)"
2016-05-03,2.0,0.0,2.0,-0.0112856491875881,2.0,0,"긍정 우세
(N_p > N_n)"
2016-05-04,1.0,0.0,1.0,-0.0078896369325709,1.0,0,"긍정 우세
(N_p > N_n)"
2016-05-05,1.0,0.0,1.0,-0.0018093406864211,1.0,0,"긍정 우세
(N_p > N_n)"
2016-05-06,2.0,0.0,2.0,0.0040428130757923,2.0,1,"긍정 우세
(N_p > N_n)"
2016-05-09,2.0,0.0,2.0,0.0029664969561806,2.0,1,"긍정 우세
(N_p > N_n)"
2016-05-10,0.0,0.0,2.0,0.0125615335670812,0.0,1,동률
2016-05-11,0.0,0.0,1.0,-0.010226854433938,0.0,0,동률
2016-05-16,2.0,0.0,3.0,0.0122474994072021,2.0,1,"긍정 우세
(N_p > N_n)"
2016-05-17,5.0,0.0,5.0,-0.0125076916061136,5.0,0,"긍정 우세
(N_p > N_n)"
2016-05-18,2.0,0.0,4.0,0.0049600246018379,2.0,1,"긍정 우세
(N_p > N_n)"
2016-05-19,2.0,0.0,5.0,-0.0056108162219425,2.0,0,"긍정 우세
(N_p > N_n)"
2016-05-20,2.0,0.0,2.0,0.012101838298643,2.0,1,"긍정 우세
(N_p > N_n)"
2016-05-23,0.0,0.0,1.0,-0.0007925832552813,0.0,0,동률
2016-05-26,0.0,0.0,1.0,0.0014055234377765,0.0,1,동률
2016-05-27,2.0,0.0,2.0,0.0064731679255292,2.0,1,"긍정 우세
(N_p > N_n)"
2016-05-31,1.0,0.0,1.0,0.002949185099321,1.0,1,"긍정 우세
(N_p > N_n)"
2016-06-01,1.0,0.0,2.0,0.0008488587379458,1.0,1,"긍정 우세
(N_p > N_n)"
2016-06-02,3.0,0.0,3.0,0.0038588244295523,3.0,1,"긍정 우세
(N_p > N_n)"
2016-06-03,1.0,0.0,2.0,-0.0058011981717542,1.0,0,"긍정 우세
(N_p > N_n)"
2016-06-06,4.0,0.0,5.0,0.0052989044662956,4.0,1,"긍정 우세
(N_p > N_n)"
2016-06-07,1.0,0.0,1.0,-0.0014007581429017,1.0,0,"긍정 우세
(N_p > N_n)"
2016-06-08,3.0,0.0,3.0,0.0025979012886079,3.0,1,"긍정 우세
(N_p > N_n)"
2016-06-09,1.0,0.0,1.0,-0.0032203373693311,1.0,0,"긍정 우세
(N_p > N_n)"
2016-06-10,2.0,0.0,2.0,-0.0129209963630648,2.0,0,"긍정 우세
(N_p > N_n)"
2016-06-13,1.0,0.0,2.0,-0.0094206546303994,1.0,0,"긍정 우세
(N_p > N_n)"
2016-06-14,1.0,0.0,2.0,-0.0010086000399814,1.0,0,"긍정 우세
(N_p > N_n)"
2016-06-15,2.0,0.0,2.0,-0.0017796098427454,2.0,0,"긍정 우세
(N_p > N_n)"
2016-06-16,1.0,0.0,1.0,0.0020661613985222,1.0,1,"긍정 우세
(N_p > N_n)"
2016-06-17,0.0,0.0,1.0,-0.0092014065957456,0.0,0,동률
2016-06-22,1.0,0.0,2.0,-0.0021553383964951,1.0,0,"긍정 우세
(N_p > N_n)"
2016-06-23,1.0,0.0,1.0,0.0158731922641082,1.0,1,"긍정 우세
(N_p > N_n)"
2016-06-24,1.0,0.0,2.0,-0.0411524258430141,1.0,0,"긍정 우세
(N_p > N_n)"
2016-06-27,2.0,0.0,2.0,-0.0241165084672249,2.0,0,"긍정 우세
(N_p > N_n)"
2016-06-28,2.0,0.0,2.0,0.021206104992947,2.0,1,"긍정 우세
(N_p > N_n)"
2016-06-29,0.0,0.0,1.0,0.0186236789659639,0.0,1,동률
2016-06-30,1.0,0.0,1.0,0.0132698481717843,1.0,1,"긍정 우세
(N_p > N_n)"
2016-07-05,1.0,0.0,3.0,-0.0081582215390343,1.0,0,"긍정 우세
(N_p > N_n)"
2016-07-06,2.0,0.0,2.0,0.007518350917594,2.0,1,"긍정 우세
(N_p > N_n)"
2016-07-07,2.0,0.0,4.0,0.0036322948361864,2.0,1,"긍정 우세
(N_p > N_n)"
2016-07-12,2.0,0.0,3.0,0.0068515039295822,2.0,1,"긍정 우세
(N_p > N_n)"
2016-07-13,0.0,0.0,3.0,-0.0034024401328507,0.0,0,동률
2016-07-15,1.0,0.0,2.0,-0.0008879939436,1.0,0,"긍정 우세
(N_p > N_n)"
2016-07-18,1.0,0.0,1.0,0.0052071723977245,1.0,1,"긍정 우세
(N_p > N_n)"
2016-07-19,0.0,0.0,1.0,-0.0038391047066046,0.0,0,동률
2016-07-21,2.0,0.0,2.0,-0.0031494093010892,2.0,0,"긍정 우세
(N_p > N_n)"
2016-07-22,1.0,0.0,1.0,0.0051755561622568,1.0,1,"긍정 우세
(N_p > N_n)"
2016-07-25,2.0,0.0,2.0,-0.0004961164669308,2.0,0,"긍정 우세
(N_p > N_n)"
2016-07-26,2.0,0.0,2.0,0.0024364110695591,2.0,1,"긍정 우세
(N_p > N_n)"
2016-07-27,4.0,0.0,5.0,0.0058238676810842,4.0,1,"긍정 우세
(N_p > N_n)"
2016-07-28,4.0,0.0,4.0,0.0029514557351464,4.0,1,"긍정 우세
(N_p > N_n)"
2016-07-29,1.0,0.0,2.0,0.0013869893522069,1.0,1,"긍정 우세
(N_p > N_n)"
2016-08-01,2.0,0.0,2.0,0.0042754275853236,2.0,1,"긍정 우세
(N_p > N_n)"
2016-08-02,2.0,0.0,4.0,-0.0089638156500529,2.0,0,"긍정 우세
(N_p > N_n)"
2016-08-03,3.0,0.0,7.0,0.0042840425615831,3.0,1,"긍정 우세
(N_p > N_n)"
2016-08-04,2.0,0.0,2.0,0.0012616459994692,2.0,1,"긍정 우세
(N_p > N_n)"
2016-08-05,0.0,0.0,1.0,0.0106208792039681,0.0,1,동률
2016-08-08,1.0,0.0,1.0,-0.0015284039228441,1.0,0,"긍정 우세
(N_p > N_n)"
2016-08-09,3.0,0.0,6.0,0.0023670654205292,3.0,1,"긍정 우세
(N_p > N_n)"
2016-08-11,3.0,0.0,4.0,0.0045767043375632,3.0,1,"긍정 우세
(N_p > N_n)"
2016-08-12,1.0,0.0,1.0,0.0008588161691662,1.0,1,"긍정 우세
(N_p > N_n)"
2016-08-15,2.0,0.0,4.0,0.0055666910734659,2.0,1,"긍정 우세
(N_p > N_n)"
2016-08-16,3.0,0.0,3.0,-0.0066343640123797,3.0,0,"긍정 우세
(N_p > N_n)"
2016-08-17,3.0,0.0,3.0,0.0002965870259663,3.0,1,"긍정 우세
(N_p > N_n)"
2016-08-18,1.0,0.0,1.0,0.0021974551319836,1.0,1,"긍정 우세
(N_p > N_n)"
2016-08-19,1.0,0.0,1.0,-0.0003377803238907,1.0,0,"긍정 우세
(N_p > N_n)"
2016-08-22,1.0,0.0,2.0,0.001187431034576,1.0,1,"긍정 우세
(N_p > N_n)"
2016-08-24,2.0,0.0,2.0,-0.0080588386657908,2.0,0,"긍정 우세
(N_p > N_n)"
2016-08-29,0.0,0.0,1.0,0.0025695271149479,0.0,1,동률
2016-08-30,1.0,0.0,2.0,-0.0017850257171364,1.0,0,"긍정 우세
(N_p > N_n)"
2016-09-01,2.0,0.0,3.0,0.0026835133597304,2.0,1,"긍정 우세
(N_p > N_n)"
2016-09-07,1.0,0.0,1.0,0.0015201205656902,1.0,1,"긍정 우세
(N_p > N_n)"
2016-09-08,2.0,0.0,4.0,-0.0046272744905991,2.0,0,"긍정 우세
(N_p > N_n)"
2016-09-09,1.0,0.0,1.0,-0.0253960134299904,1.0,0,"긍정 우세
(N_p > N_n)"
2016-09-12,2.0,0.0,3.0,0.0167736027062266,2.0,1,"긍정 우세
(N_p > N_n)"
2016-09-13,0.0,0.0,2.0,-0.0108674847767241,0.0,0,동률
2016-09-14,1.0,0.0,2.0,0.0035924580827797,1.0,1,"긍정 우세
(N_p > N_n)"
2016-09-15,1.0,0.0,1.0,0.014674003983246,1.0,1,"긍정 우세
(N_p > N_n)"
2016-09-16,1.0,0.0,1.0,-0.0009753180177586,1.0,0,"긍정 우세
(N_p > N_n)"
2016-09-19,2.0,0.0,2.0,-0.0018190317570843,2.0,0,"긍정 우세
(N_p > N_n)"
2016-09-20,1.0,0.0,2.0,0.0012073116599873,1.0,1,"긍정 우세
(N_p > N_n)"
2016-09-22,0.0,0.0,1.0,0.0083736232343516,0.0,1,동률
2016-09-23,1.0,0.0,1.0,-0.0063245421700309,1.0,0,"긍정 우세
(N_p > N_n)"
2016-09-26,0.0,0.0,1.0,-0.0090957481270319,0.0,0,동률
2016-09-27,0.0,0.0,3.0,0.0091716245609407,0.0,1,동률
2016-09-29,1.0,0.0,2.0,-0.0092882278361314,1.0,0,"긍정 우세
(N_p > N_n)"
2016-09-30,2.0,0.0,3.0,0.008132260127424,2.0,1,"긍정 우세
(N_p > N_n)"
2016-10-03,2.0,0.0,3.0,-0.0020952339631965,2.0,0,"긍정 우세
(N_p > N_n)"
2016-10-04,1.0,0.0,1.0,-0.00211473978605,1.0,0,"긍정 우세
(N_p > N_n)"
2016-10-05,3.0,0.0,4.0,0.0049832810620364,3.0,1,"긍정 우세
(N_p > N_n)"
2016-10-07,1.0,0.0,1.0,-0.002722932633594,1.0,0,"긍정 우세
(N_p > N_n)"
2016-10-11,2.0,0.0,2.0,-0.0153659138233296,2.0,0,"긍정 우세
(N_p > N_n)"
2016-10-14,2.0,0.0,2.0,0.0001592222461574,2.0,1,"긍정 우세
(N_p > N_n)"
2016-10-17,1.0,0.0,1.0,-0.0027502668889179,1.0,0,"긍정 우세
(N_p > N_n)"
2016-10-18,3.0,0.0,3.0,0.0084656817003969,3.0,1,"긍정 우세
(N_p > N_n)"
2016-10-20,1.0,0.0,1.0,-0.0008729927681204,1.0,0,"긍정 우세
(N_p > N_n)"
2016-10-24,2.0,0.0,3.0,0.0099726436556359,2.0,1,"긍정 우세
(N_p > N_n)"
2016-10-25,1.0,0.0,3.0,-0.0049775935185072,1.0,0,"긍정 우세
(N_p > N_n)"
2016-10-26,7.0,0.0,8.0,-0.0062705612720709,7.0,0,"긍정 우세
(N_p > N_n)"
2016-10-27,6.0,0.0,7.0,-0.0065329601258417,6.0,0,"긍정 우세
(N_p > N_n)"
2016-10-28,1.0,0.0,1.0,-0.0049597900528415,1.0,0,"긍정 우세
(N_p > N_n)"
2016-10-31,3.0,0.0,3.0,-0.0001849600045158,3.0,0,"긍정 우세
(N_p > N_n)"
2016-11-01,5.0,0.0,5.0,-0.0068527844029735,5.0,0,"긍정 우세
(N_p > N_n)"
2016-11-02,1.0,0.0,2.0,-0.0093159033484383,1.0,0,"긍정 우세
(N_p > N_n)"
2016-11-03,5.0,0.0,6.0,-0.0092369058875747,5.0,0,"긍정 우세
(N_p > N_n)"
2016-11-04,0.0,0.0,2.0,-0.0023802022158333,0.0,0,동률
2016-11-07,0.0,0.0,3.0,0.0237397974990918,0.0,1,동률
2016-11-08,2.0,0.0,3.0,0.0052883108595245,2.0,1,"긍정 우세
(N_p > N_n)"
2016-11-09,2.0,0.0,2.0,0.0110868774649153,2.0,1,"긍정 우세
(N_p > N_n)"
2016-11-11,2.0,0.0,3.0,0.0054350444738293,2.0,1,"긍정 우세
(N_p > N_n)"
2016-11-14,5.0,0.0,5.0,-0.003572573695404,5.0,0,"긍정 우세
(N_p > N_n)"
2016-11-15,1.0,0.0,2.0,0.0109650881332514,1.0,1,"긍정 우세
(N_p > N_n)"
2016-11-16,0.0,0.0,1.0,0.0035938829021691,0.0,1,동률
2016-11-17,0.0,0.0,1.0,0.0074397093135853,0.0,1,동률
2016-11-18,0.0,0.0,4.0,-0.0023360552678142,0.0,0,동률
2016-11-21,2.0,0.0,4.0,0.0088978691652723,2.0,1,"긍정 우세
(N_p > N_n)"
2016-11-22,1.0,0.0,2.0,0.0032577185511246,1.0,1,"긍정 우세
(N_p > N_n)"
2016-11-23,1.0,0.0,1.0,-0.0010526463694714,1.0,0,"긍정 우세
(N_p > N_n)"
2016-11-25,2.0,0.0,2.0,0.0033898588092724,2.0,1,"긍정 우세
(N_p > N_n)"
2016-11-28,0.0,0.0,1.0,-0.0055770160915431,0.0,0,동률
2016-11-29,2.0,0.0,4.0,0.0020693343888125,2.0,1,"긍정 우세
(N_p > N_n)"
2016-11-30,5.0,0.0,6.0,-0.0104536400003049,5.0,0,"긍정 우세
(N_p > N_n)"
2016-12-02,0.0,0.0,3.0,0.00086458656945,0.0,1,동률
2016-12-05,2.0,0.0,2.0,0.0101300953001564,2.0,1,"긍정 우세
(N_p > N_n)"
2016-12-06,3.0,0.0,4.0,0.0045414131127887,3.0,1,"긍정 우세
(N_p > N_n)"
2016-12-08,1.0,0.0,4.0,0.004375444714215,1.0,1,"긍정 우세
(N_p > N_n)"
2016-12-09,1.0,0.0,3.0,0.005009845645054,1.0,1,"긍정 우세
(N_p > N_n)"
2016-12-12,0.0,0.0,1.0,-0.0058701370075305,0.0,0,동률
2016-12-13,0.0,0.0,1.0,0.0094761495882409,0.0,1,동률
2016-12-14,3.0,0.0,3.0,-0.0049709006066529,3.0,0,"긍정 우세
(N_p > N_n)"
2016-12-15,2.0,0.0,3.0,0.0037118633412069,2.0,1,"긍정 우세
(N_p > N_n)"
2016-12-16,1.0,0.0,4.0,-0.0036082980206304,1.0,0,"긍정 우세
(N_p > N_n)"
2016-12-20,5.0,0.0,6.0,0.004855756597327,5.0,1,"긍정 우세
(N_p > N_n)"
2016-12-21,1.0,0.0,3.0,-0.0022811638636932,1.0,0,"긍정 우세
(N_p > N_n)"
2016-12-22,2.0,0.0,4.0,-0.004388295771831,2.0,0,"긍정 우세
(N_p > N_n)"
2016-12-23,0.0,0.0,1.0,0.0028031654893962,0.0,1,동률
2016-12-28,1.0,0.0,1.0,-0.0089075932191384,1.0,0,"긍정 우세
(N_p > N_n)"
2017-01-04,2.0,0.0,3.0,0.0088265269963654,2.0,1,"긍정 우세
(N_p > N_n)"
2017-01-05,2.0,0.0,3.0,0.0019974331579788,2.0,1,"긍정 우세
(N_p > N_n)"
2017-01-06,2.0,0.0,2.0,0.0060350728216995,2.0,1,"긍정 우세
(N_p > N_n)"
2017-01-09,3.0,0.0,3.0,0.0019488586450444,3.0,1,"긍정 우세
(N_p > N_n)"
2017-01-10,0.0,0.0,1.0,0.0036154467490858,0.0,1,동률
2017-01-11,2.0,0.0,2.0,0.0021308469113845,2.0,1,"긍정 우세
(N_p > N_n)"
2017-01-12,1.0,0.0,2.0,-0.0029045084166676,1.0,0,"긍정 우세
(N_p > N_n)"
2017-01-17,0.0,0.0,1.0,-0.0063490086282185,0.0,0,동률
2017-01-18,5.0,0.0,6.0,0.0030548378300918,5.0,1,"긍정 우세
(N_p > N_n)"
2017-01-19,1.0,0.0,2.0,-0.002802520765785,1.0,0,"긍정 우세
(N_p > N_n)"
2017-01-23,1.0,0.0,2.0,-0.0004302420711528,1.0,0,"긍정 우세
(N_p > N_n)"
2017-01-24,2.0,0.0,3.0,0.008647674932189,2.0,1,"긍정 우세
(N_p > N_n)"
2017-01-25,2.0,0.0,3.0,0.0098875698449432,2.0,1,"긍정 우세
(N_p > N_n)"
2017-01-26,2.0,0.0,2.0,-0.000205020914723,2.0,0,"긍정 우세
(N_p > N_n)"
2017-01-27,2.0,0.0,2.0,0.0009901734694468,2.0,1,"긍정 우세
(N_p > N_n)"
2017-01-30,1.0,0.0,1.0,-0.0083150777817178,1.0,0,"긍정 우세
(N_p > N_n)"
2017-01-31,5.0,0.0,6.0,0.0001924000585202,5.0,1,"긍정 우세
(N_p > N_n)"
2017-02-01,0.0,0.0,1.0,0.0049618708958709,0.0,1,동률
2017-02-02,5.0,0.0,5.0,-0.0011430280352092,5.0,0,"긍정 우세
(N_p > N_n)"
2017-02-03,2.0,0.0,3.0,0.0054238357686751,2.0,1,"긍정 우세
(N_p > N_n)"
2017-02-06,2.0,0.0,3.0,-0.0005682628433218,2.0,0,"긍정 우세
(N_p > N_n)"
2017-02-07,2.0,0.0,3.0,0.0018840498493397,2.0,1,"긍정 우세
(N_p > N_n)"
2017-02-08,3.0,0.0,4.0,0.0014504161201251,3.0,1,"긍정 우세
(N_p > N_n)"
2017-02-09,1.0,0.0,2.0,0.0057598358707569,1.0,1,"긍정 우세
(N_p > N_n)"
2017-02-10,5.0,0.0,7.0,0.0033156797245958,5.0,1,"긍정 우세
(N_p > N_n)"
2017-02-13,1.0,0.0,2.0,0.005202197845991,1.0,1,"긍정 우세
(N_p > N_n)"
2017-02-14,6.0,0.0,7.0,0.0032286593604691,6.0,1,"긍정 우세
(N_p > N_n)"
2017-02-15,1.0,0.0,2.0,0.0063760781639123,1.0,1,"긍정 우세
(N_p > N_n)"
2017-02-16,2.0,0.0,2.0,-0.0007801505141752,2.0,0,"긍정 우세
(N_p > N_n)"
2017-02-17,4.0,0.0,5.0,0.0040723273278884,4.0,1,"긍정 우세
(N_p > N_n)"
2017-02-21,2.0,0.0,2.0,0.0046878036819337,2.0,1,"긍정 우세
(N_p > N_n)"
2017-02-23,3.0,0.0,3.0,-0.0042862486950711,3.0,0,"긍정 우세
(N_p > N_n)"
2017-02-24,0.0,0.0,1.0,0.0016794236257611,0.0,1,동률
2017-02-27,4.0,0.0,5.0,0.0028381460664537,4.0,1,"긍정 우세
(N_p > N_n)"
2017-02-28,6.0,0.0,8.0,-0.0062198197759948,6.0,0,"긍정 우세
(N_p > N_n)"
2017-03-01,3.0,0.0,4.0,0.0134907997576967,3.0,1,"긍정 우세
(N_p > N_n)"
2017-03-02,1.0,0.0,2.0,-0.0072509069009324,1.0,0,"긍정 우세
(N_p > N_n)"
2017-03-03,0.0,0.0,2.0,0.0016259046421964,0.0,1,동률
2017-03-07,1.0,0.0,1.0,-0.0026072029825894,1.0,0,"긍정 우세
(N_p > N_n)"
2017-03-10,1.0,0.0,1.0,0.0039254439937237,1.0,1,"긍정 우세
(N_p > N_n)"
2017-03-13,0.0,0.0,1.0,0.0023968699913359,0.0,1,동률
2017-03-14,3.0,0.0,3.0,-0.0032267991025459,3.0,0,"긍정 우세
(N_p > N_n)"
2017-03-15,1.0,0.0,2.0,0.0073811354568205,1.0,1,"긍정 우세
(N_p > N_n)"
2017-03-16,1.0,0.0,1.0,0.0001203313465143,1.0,1,"긍정 우세
(N_p > N_n)"
2017-03-17,1.0,0.0,2.0,4.0712447979984745e-05,1.0,1,"긍정 우세
(N_p > N_n)"
2017-03-20,0.0,0.0,3.0,8.977887752070757e-05,0.0,1,동률
2017-03-21,0.0,0.0,1.0,-0.018249455810956,0.0,0,동률
2017-03-22,1.0,0.0,1.0,0.0047999437710037,1.0,1,"긍정 우세
(N_p > N_n)"
2017-03-23,1.0,0.0,1.0,-0.0006785364982602,1.0,0,"긍정 우세
(N_p > N_n)"
2017-03-24,1.0,0.0,3.0,0.0018994296842982,1.0,1,"긍정 우세
(N_p > N_n)"
2017-03-28,1.0,0.0,1.0,0.0059533931640609,1.0,1,"긍정 우세
(N_p > N_n)"
2017-04-04,1.0,0.0,1.0,0.000666649823708,1.0,1,"긍정 우세
(N_p > N_n)"
2017-04-05,1.0,0.0,1.0,-0.0057860891978901,1.0,0,"긍정 우세
(N_p > N_n)"
2017-04-10,1.0,0.0,1.0,0.0005308298765009,1.0,1,"긍정 우세
(N_p > N_n)"
2017-04-11,2.0,0.0,2.0,-0.0024078089395304,2.0,0,"긍정 우세
(N_p > N_n)"
2017-04-17,1.0,0.0,1.0,0.0088955733421975,1.0,1,"긍정 우세
(N_p > N_n)"
2017-04-18,1.0,0.0,1.0,-0.0012498013707047,1.0,0,"긍정 우세
(N_p > N_n)"
2017-04-20,2.0,0.0,2.0,0.0091676150334563,2.0,1,"긍정 우세
(N_p > N_n)"
2017-05-01,1.0,0.0,1.0,0.007273986809581,1.0,1,"긍정 우세
(N_p > N_n)"
2017-05-04,1.0,0.0,2.0,0.0004594509970665,1.0,1,"긍정 우세
(N_p > N_n)"
2017-05-09,1.0,0.0,1.0,0.0029380117917328,1.0,1,"긍정 우세
(N_p > N_n)"
2017-05-11,1.0,0.0,1.0,-0.0021504118827843,1.0,0,"긍정 우세
(N_p > N_n)"
2017-05-12,1.0,0.0,1.0,0.0008616831314969,1.0,1,"긍정 우세
(N_p > N_n)"
2017-05-16,1.0,0.0,1.0,0.0032847609008486,1.0,1,"긍정 우세
(N_p > N_n)"
2017-05-18,0.0,0.0,1.0,0.0073012634209026,0.0,1,동률
2017-05-19,0.0,0.0,1.0,0.0047183649323685,0.0,1,동률
2017-05-22,1.0,0.0,1.0,0.0082055197120765,1.0,1,"긍정 우세
(N_p > N_n)"
2017-05-23,1.0,0.0,1.0,0.0008298270275555,1.0,1,"긍정 우세
(N_p > N_n)"
2017-05-25,1.0,0.0,1.0,0.0068537415033356,1.0,1,"긍정 우세
(N_p > N_n)"
2017-05-30,3.0,0.0,3.0,-0.0011271796943483,3.0,0,"긍정 우세
(N_p > N_n)"
2017-05-31,4.0,0.0,4.0,-0.0007528258717064,4.0,0,"긍정 우세
(N_p > N_n)"
2017-06-02,1.0,0.0,1.0,0.0094399440716337,1.0,1,"긍정 우세
(N_p > N_n)"
2017-06-06,1.0,0.0,1.0,-0.0032752802893042,1.0,0,"긍정 우세
(N_p > N_n)"
2017-06-13,1.0,0.0,1.0,0.007272358097061,1.0,1,"긍정 우세
(N_p > N_n)"
2017-06-15,1.0,0.0,1.0,-0.0047442547115641,1.0,0,"긍정 우세
(N_p > N_n)"
2017-06-19,0.0,0.0,2.0,0.0141829335546452,0.0,1,동률
2017-06-20,3.0,0.0,3.0,-0.0081711653585851,3.0,0,"긍정 우세
(N_p > N_n)"
2017-06-23,0.0,0.0,1.0,0.0045793616264511,0.0,1,동률
2017-06-28,1.0,0.0,1.0,0.0142826524803472,1.0,1,"긍정 우세
(N_p > N_n)"
2017-06-29,0.0,0.0,1.0,-0.014445642223822,0.0,0,동률
2017-06-30,1.0,0.0,1.0,-0.000639640599703,1.0,0,"긍정 우세
(N_p > N_n)"
2017-07-05,3.0,0.0,3.0,0.0066774801386961,3.0,1,"긍정 우세
(N_p > N_n)"
2017-07-07,0.0,0.0,1.0,0.0104475795219294,0.0,1,동률
2017-07-12,1.0,0.0,1.0,0.0109586358367685,1.0,1,"긍정 우세
(N_p > N_n)"
2017-07-13,1.0,0.0,1.0,0.0021194153324106,1.0,1,"긍정 우세
(N_p > N_n)"
2017-07-14,2.0,0.0,2.0,0.0060611423159111,2.0,1,"긍정 우세
(N_p > N_n)"
2017-07-17,1.0,0.0,1.0,0.0003104903264163,1.0,1,"긍정 우세
(N_p > N_n)"
2017-07-19,0.0,0.0,1.0,0.0064199227485073,0.0,1,동률
2017-07-20,3.0,0.0,3.0,0.0007768096843803,3.0,1,"긍정 우세
(N_p > N_n)"
2017-07-24,1.0,0.0,1.0,0.0036100440051269,1.0,1,"긍정 우세
(N_p > N_n)"
2017-07-25,1.0,0.0,2.0,0.0002121203512226,1.0,1,"긍정 우세
(N_p > N_n)"
2017-07-26,0.0,0.0,1.0,0.0016499996497139,0.0,1,동률
2017-07-28,1.0,0.0,2.0,-0.0011766753565697,1.0,0,"긍정 우세
(N_p > N_n)"
2017-07-31,1.0,0.0,1.0,-0.0041664927276912,1.0,0,"긍정 우세
(N_p > N_n)"
2017-08-02,2.0,0.0,2.0,-4.558255541786682e-05,2.0,0,"긍정 우세
(N_p > N_n)"
2017-08-03,1.0,0.0,2.0,-0.0035064098977899,1.0,0,"긍정 우세
(N_p > N_n)"
2017-08-07,2.0,0.0,2.0,0.0050711889111274,2.0,1,"긍정 우세
(N_p > N_n)"
2017-08-08,3.0,0.0,3.0,-0.0020849840381197,3.0,0,"긍정 우세
(N_p > N_n)"
2017-08-09,4.0,0.0,4.0,-0.0028459299522591,4.0,0,"긍정 우세
(N_p > N_n)"
2017-08-10,2.0,0.0,2.0,-0.0213244524877528,2.0,0,"긍정 우세
(N_p > N_n)"
2017-08-11,2.0,0.0,2.0,0.0063842320425064,2.0,1,"긍정 우세
(N_p > N_n)"
2017-08-15,1.0,0.0,1.0,-0.0011387938396544,1.0,0,"긍정 우세
(N_p > N_n)"
2017-08-16,1.0,0.0,1.0,0.0019106393490704,1.0,1,"긍정 우세
(N_p > N_n)"
2017-08-17,1.0,0.0,1.0,-0.0194164813038461,1.0,0,"긍정 우세
(N_p > N_n)"
2017-08-18,1.0,0.0,1.0,-0.0008647458672069,1.0,0,"긍정 우세
(N_p > N_n)"
2017-08-21,3.0,0.0,3.0,-0.0005469132234946,3.0,0,"긍정 우세
(N_p > N_n)"
2017-08-22,2.0,0.0,2.0,0.0135761040324602,2.0,1,"긍정 우세
(N_p > N_n)"
2017-08-23,1.0,0.0,2.0,-0.0030281675015869,1.0,0,"긍정 우세
(N_p > N_n)"
2017-08-24,1.0,0.0,1.0,-0.0011276864602342,1.0,0,"긍정 우세
(N_p > N_n)"
2017-08-29,2.0,0.0,3.0,0.0030033514343168,2.0,1,"긍정 우세
(N_p > N_n)"
2017-08-30,3.0,0.0,4.0,0.010539682608555,3.0,1,"긍정 우세
(N_p > N_n)"
2017-08-31,4.0,0.0,4.0,0.0094766267818273,4.0,1,"긍정 우세
(N_p > N_n)"
2017-09-06,1.0,0.0,1.0,0.0027825331482702,1.0,1,"긍정 우세
(N_p > N_n)"
2017-09-07,1.0,0.0,1.0,0.0007132547228207,1.0,1,"긍정 우세
(N_p > N_n)"
2017-09-08,1.0,0.0,1.0,-0.0058894874530235,1.0,0,"긍정 우세
(N_p > N_n)"
2017-09-14,1.0,0.0,1.0,-0.0048156267173899,1.0,0,"긍정 우세
(N_p > N_n)"
2017-09-15,1.0,0.0,1.0,0.0030160048534353,1.0,1,"긍정 우세
(N_p > N_n)"
2017-09-18,1.0,0.0,1.0,0.0009568039658145,1.0,1,"긍정 우세
(N_p > N_n)"
2017-09-21,1.0,0.0,1.0,-0.0051657203881115,1.0,0,"긍정 우세
(N_p > N_n)"
2017-09-22,1.0,0.0,1.0,0.0006585995131853,1.0,1,"긍정 우세
(N_p > N_n)"
2017-09-26,0.0,0.0,1.0,0.0015022647407427,0.0,1,동률
2017-09-27,2.0,0.0,2.0,0.0114573314125026,2.0,1,"긍정 우세
(N_p > N_n)"
2017-09-29,1.0,0.0,1.0,0.0065871377849753,1.0,1,"긍정 우세
(N_p > N_n)"
2017-10-03,1.0,0.0,1.0,0.0023001978908971,1.0,1,"긍정 우세
(N_p > N_n)"
2017-10-04,1.0,0.0,1.0,0.000447037895507,1.0,1,"긍정 우세
(N_p > N_n)"
2017-10-05,3.0,0.0,3.0,0.0077632523002075,3.0,1,"긍정 우세
(N_p > N_n)"
2017-10-09,0.0,0.0,1.0,-0.0015857222463968,0.0,0,동률
2017-10-10,1.0,0.0,1.0,0.0011429070119248,1.0,1,"긍정 우세
(N_p > N_n)"
2017-10-11,4.0,0.0,4.0,0.0024744475596796,4.0,1,"긍정 우세
(N_p > N_n)"
2017-10-12,0.0,0.0,1.0,-0.0018232676997382,0.0,0,동률
2017-10-16,1.0,0.0,2.0,0.0027551842094253,1.0,1,"긍정 우세
(N_p > N_n)"
2017-10-18,1.0,0.0,1.0,8.455424652509258e-05,1.0,1,"긍정 우세
(N_p > N_n)"
2017-10-19,2.0,0.0,2.0,-0.0028909652764995,2.0,0,"긍정 우세
(N_p > N_n)"
2017-10-23,1.0,0.0,1.0,-0.006368895664752,1.0,0,"긍정 우세
(N_p > N_n)"
2017-10-24,1.0,0.0,1.0,0.0017611047375845,1.0,1,"긍정 우세
(N_p > N_n)"
2017-10-25,1.0,0.0,1.0,-0.0052345843090489,1.0,0,"긍정 우세
(N_p > N_n)"
2017-10-26,3.0,0.0,3.0,-0.0010847404571368,3.0,0,"긍정 우세
(N_p > N_n)"
2017-10-27,1.0,0.0,1.0,0.022036726263594,1.0,1,"긍정 우세
(N_p > N_n)"
2017-10-30,4.0,0.0,4.0,-0.0003431899027847,4.0,0,"긍정 우세
(N_p > N_n)"
2017-10-31,1.0,0.0,1.0,0.004285734069902,1.0,1,"긍정 우세
(N_p > N_n)"
2017-11-01,3.0,0.0,3.0,-0.0016558685024852,3.0,0,"긍정 우세
(N_p > N_n)"
2017-11-02,2.0,0.0,2.0,-0.0002367061266539,2.0,0,"긍정 우세
(N_p > N_n)"
2017-11-03,2.0,0.0,2.0,0.00737162214881,2.0,1,"긍정 우세
(N_p > N_n)"
2017-11-07,2.0,0.0,3.0,-0.0027496237218793,2.0,0,"긍정 우세
(N_p > N_n)"
2017-11-08,1.0,0.0,1.0,0.0031532249435857,1.0,1,"긍정 우세
(N_p > N_n)"
2017-11-10,1.0,0.0,1.0,0.0001318711334739,1.0,1,"긍정 우세
(N_p > N_n)"
2017-11-13,1.0,0.0,1.0,0.0009865524368171,1.0,1,"긍정 우세
(N_p > N_n)"
2017-11-14,2.0,0.0,2.0,-0.0029196726920246,2.0,0,"긍정 우세
(N_p > N_n)"
2017-11-17,0.0,0.0,1.0,-0.0015456428239665,0.0,0,동률
2017-11-20,3.0,0.0,3.0,0.0011676495703669,3.0,1,"긍정 우세
(N_p > N_n)"
2017-11-21,4.0,0.0,4.0,0.0105688536167936,4.0,1,"긍정 우세
(N_p > N_n)"
2017-11-22,2.0,0.0,2.0,0.0007110961090435,2.0,1,"긍정 우세
(N_p > N_n)"
2017-11-27,1.0,0.0,4.0,-0.0015444751577007,1.0,0,"긍정 우세
(N_p > N_n)"
2017-11-28,2.0,0.0,3.0,0.0049196402211395,2.0,1,"긍정 우세
(N_p > N_n)"
2017-11-29,0.0,0.0,2.0,-0.0127264390602402,0.0,0,동률
2017-11-30,1.0,0.0,1.0,0.0072651295034018,1.0,1,"긍정 우세
(N_p > N_n)"
2017-12-01,2.0,0.0,2.0,-0.0038377197266267,2.0,0,"긍정 우세
(N_p > N_n)"
2017-12-04,2.0,0.0,3.0,-0.0105467366198075,2.0,0,"긍정 우세
(N_p > N_n)"
2017-12-05,1.0,0.0,2.0,-0.0019423523766791,1.0,0,"긍정 우세
(N_p > N_n)"
2017-12-06,4.0,0.0,5.0,0.0020954572479787,4.0,1,"긍정 우세
(N_p > N_n)"
2017-12-07,2.0,0.0,2.0,0.005380448199189,2.0,1,"긍정 우세
(N_p > N_n)"
2017-12-08,2.0,0.0,2.0,0.0039983670539371,2.0,1,"긍정 우세
(N_p > N_n)"
2017-12-12,3.0,0.0,5.0,-0.001856015313458,3.0,0,"긍정 우세
(N_p > N_n)"
2017-12-13,0.0,0.0,1.0,0.0019643474530546,0.0,1,동률
2017-12-14,2.0,0.0,3.0,-0.0028025858923514,2.0,0,"긍정 우세
(N_p > N_n)"
2017-12-19,2.0,0.0,5.0,-0.0044189749190032,2.0,0,"긍정 우세
(N_p > N_n)"
2017-12-20,5.0,0.0,6.0,-0.0004150199499157,5.0,0,"긍정 우세
(N_p > N_n)"
2017-12-21,3.0,0.0,5.0,0.0006320826967027,3.0,1,"긍정 우세
(N_p > N_n)"
2017-12-22,1.0,0.0,2.0,-0.0007752510207285,1.0,0,"긍정 우세
(N_p > N_n)"
2017-12-26,2.0,0.0,3.0,-0.0034066231803877,2.0,0,"긍정 우세
(N_p > N_n)"
2017-12-27,1.0,0.0,1.0,0.0004454631465129,1.0,1,"긍정 우세
(N_p > N_n)"
2017-12-28,1.0,0.0,1.0,0.0015592711617582,1.0,1,"긍정 우세
(N_p > N_n)"
2017-12-29,1.0,0.0,2.0,-0.0067293441416873,1.0,0,"긍정 우세
(N_p > N_n)"
2018-01-02,1.0,0.0,1.0,0.0149940483697186,1.0,1,"긍정 우세
(N_p > N_n)"
2018-01-03,0.0,0.0,1.0,0.0083674497466259,0.0,1,동률
2018-01-05,1.0,0.0,1.0,0.0082863304349745,1.0,1,"긍정 우세
(N_p > N_n)"
2018-01-08,1.0,0.0,1.0,0.0029187841136313,1.0,1,"긍정 우세
(N_p > N_n)"
2018-01-10,1.0,0.0,1.0,-0.0013973814485326,1.0,0,"긍정 우세
(N_p > N_n)"
2018-01-11,1.0,0.0,1.0,0.0081371905730796,1.0,1,"긍정 우세
(N_p > N_n)"
2018-01-12,1.0,0.0,2.0,0.0068333025834943,1.0,1,"긍정 우세
(N_p > N_n)"
2018-01-16,2.0,0.0,3.0,-0.0051466475811986,2.0,0,"긍정 우세
(N_p > N_n)"
2018-01-17,3.0,0.0,3.0,0.0103257260977454,3.0,1,"긍정 우세
(N_p > N_n)"
2018-01-18,4.0,0.0,5.0,-0.0003055487778483,4.0,0,"긍정 우세
(N_p > N_n)"
2018-01-22,1.0,0.0,1.0,0.0097663838961787,1.0,1,"긍정 우세
(N_p > N_n)"
2018-01-23,1.0,0.0,1.0,0.0070545415477358,1.0,1,"긍정 우세
(N_p > N_n)"
2018-01-24,5.0,0.0,6.0,-0.0060627643472201,5.0,0,"긍정 우세
(N_p > N_n)"
2018-01-25,1.0,0.0,1.0,-0.0005259434600574,1.0,0,"긍정 우세
(N_p > N_n)"
2018-01-26,1.0,0.0,3.0,0.0127658640869423,1.0,1,"긍정 우세
(N_p > N_n)"
2018-01-29,1.0,0.0,1.0,-0.0052306763735217,1.0,0,"긍정 우세
(N_p > N_n)"
2018-01-30,4.0,0.0,4.0,-0.008575597858458,4.0,0,"긍정 우세
(N_p > N_n)"
2018-01-31,1.0,0.0,3.0,0.0012158087591922,1.0,1,"긍정 우세
(N_p > N_n)"
2018-02-01,5.0,0.0,6.0,-0.0034568152723903,5.0,0,"긍정 우세
(N_p > N_n)"
2018-02-02,1.0,0.0,1.0,-0.0196198778004396,1.0,0,"긍정 우세
(N_p > N_n)"
2018-02-05,2.0,0.0,3.0,-0.037760294268182,2.0,0,"긍정 우세
(N_p > N_n)"
2018-02-06,2.0,0.0,4.0,0.0212916345147597,2.0,1,"긍정 우세
(N_p > N_n)"
2018-02-07,2.0,0.0,2.0,-0.0089799017684506,2.0,0,"긍정 우세
(N_p > N_n)"
2018-02-08,6.0,0.0,7.0,-0.0389705905263336,6.0,0,"긍정 우세
(N_p > N_n)"
2018-02-09,3.0,0.0,3.0,0.0143614841439507,3.0,1,"긍정 우세
(N_p > N_n)"
2018-02-12,3.0,0.0,3.0,0.0156331193875454,3.0,1,"긍정 우세
(N_p > N_n)"
2018-02-13,1.0,0.0,2.0,0.0045187604718466,1.0,1,"긍정 우세
(N_p > N_n)"
2018-02-14,1.0,0.0,1.0,0.0185513895197244,1.0,1,"긍정 우세
(N_p > N_n)"
2018-02-15,3.0,0.0,3.0,0.0157917213881977,3.0,1,"긍정 우세
(N_p > N_n)"
2018-02-16,3.0,0.0,3.0,-0.0023372320172121,3.0,0,"긍정 우세
(N_p > N_n)"
2018-02-20,0.0,0.0,2.0,-0.0007127809213746,0.0,0,동률
2018-02-21,1.0,0.0,3.0,-0.0022227521345865,1.0,0,"긍정 우세
(N_p > N_n)"
2018-02-22,4.0,0.0,5.0,-0.0011277192249036,4.0,0,"긍정 우세
(N_p > N_n)"
2018-02-23,1.0,0.0,1.0,0.0176558539113211,1.0,1,"긍정 우세
(N_p > N_n)"
2018-02-26,0.0,0.0,1.0,0.0114577285182146,0.0,1,동률
2018-02-27,4.0,0.0,5.0,-0.0122765417802969,4.0,0,"긍정 우세
(N_p > N_n)"
2018-02-28,2.0,0.0,3.0,-0.0078223183432375,2.0,0,"긍정 우세
(N_p > N_n)"
2018-03-01,2.0,0.0,3.0,-0.0127113409730593,2.0,0,"긍정 우세
(N_p > N_n)"
2018-03-02,1.0,0.0,3.0,0.0107665778104906,1.0,1,"긍정 우세
(N_p > N_n)"
2018-03-05,2.0,0.0,3.0,0.0100359806077965,2.0,1,"긍정 우세
(N_p > N_n)"
2018-03-06,2.0,0.0,2.0,0.0056338069446983,2.0,1,"긍정 우세
(N_p > N_n)"
2018-03-07,2.0,0.0,3.0,0.0033423906779999,2.0,1,"긍정 우세
(N_p > N_n)"
2018-03-08,2.0,0.0,3.0,0.0042316850712147,2.0,1,"긍정 우세
(N_p > N_n)"
2018-03-09,1.0,0.0,3.0,0.0178864773979088,1.0,1,"긍정 우세
(N_p > N_n)"
2018-03-12,2.0,0.0,4.0,0.0036384680228451,2.0,1,"긍정 우세
(N_p > N_n)"
2018-03-13,1.0,0.0,1.0,-0.0101880337656576,1.0,0,"긍정 우세
(N_p > N_n)"
2018-03-14,1.0,0.0,2.0,-0.0018905190479496,1.0,0,"긍정 우세
(N_p > N_n)"
2018-03-15,5.0,0.0,5.0,-0.0020101648702537,5.0,0,"긍정 우세
(N_p > N_n)"
2018-03-16,1.0,0.0,1.0,3.341468591111507e-05,1.0,1,"긍정 우세
(N_p > N_n)"
2018-03-19,1.0,0.0,2.0,-0.0184108767433464,1.0,0,"긍정 우세
(N_p > N_n)"
2018-03-20,3.0,0.0,3.0,0.0027313336263987,3.0,1,"긍정 우세
(N_p > N_n)"
2018-03-21,4.0,0.0,4.0,-0.0025813405387026,4.0,0,"긍정 우세
(N_p > N_n)"
2018-03-22,1.0,0.0,1.0,-0.0243162437877056,1.0,0,"긍정 우세
(N_p > N_n)"
2018-03-23,1.0,0.0,1.0,-0.0242804547765773,1.0,0,"긍정 우세
(N_p > N_n)"
2018-03-26,1.0,0.0,2.0,0.0325869974892794,1.0,1,"긍정 우세
(N_p > N_n)"
2018-03-27,1.0,0.0,1.0,-0.0293232887461754,1.0,0,"긍정 우세
(N_p > N_n)"
2018-03-29,2.0,0.0,2.0,0.0164363843425492,2.0,1,"긍정 우세
(N_p > N_n)"
2018-04-02,2.0,0.0,2.0,-0.027370487903107,2.0,0,"긍정 우세
(N_p > N_n)"
2018-04-03,2.0,0.0,2.0,0.0103578491722036,2.0,1,"긍정 우세
(N_p > N_n)"
2018-04-04,2.0,0.0,3.0,0.0145261509758793,2.0,1,"긍정 우세
(N_p > N_n)"
2018-04-05,0.0,0.0,1.0,0.0048905714444793,0.0,1,동률
2018-04-06,1.0,0.0,1.0,-0.0228133689244033,1.0,0,"긍정 우세
(N_p > N_n)"
2018-04-09,3.0,0.0,3.0,0.0050946378532348,3.0,1,"긍정 우세
(N_p > N_n)"
2018-04-11,1.0,0.0,2.0,-0.0035620174262375,1.0,0,"긍정 우세
(N_p > N_n)"
2018-04-12,4.0,0.0,5.0,0.0100749631856553,4.0,1,"긍정 우세
(N_p > N_n)"
2018-04-13,0.0,0.0,1.0,-0.0047057312637862,0.0,0,동률
2018-04-16,2.0,0.0,2.0,0.0069835834738576,2.0,1,"긍정 우세
(N_p > N_n)"
2018-04-17,0.0,0.0,2.0,0.0174420671420514,0.0,1,동률
2018-04-19,3.0,0.0,5.0,-0.0078380113531859,3.0,0,"긍정 우세
(N_p > N_n)"
2018-04-20,2.0,0.0,2.0,-0.0127009412794387,2.0,0,"긍정 우세
(N_p > N_n)"
2018-04-23,8.0,0.0,9.0,-0.0024530459764539,8.0,0,"긍정 우세
(N_p > N_n)"
2018-04-24,1.0,0.0,1.0,-0.017008949630919,1.0,0,"긍정 우세
(N_p > N_n)"
2018-04-25,2.0,0.0,2.0,-0.0005151538357498,2.0,0,"긍정 우세
(N_p > N_n)"
2018-04-26,2.0,0.0,3.0,0.0164112227980863,2.0,1,"긍정 우세
(N_p > N_n)"
2018-04-27,1.0,0.0,2.0,0.0001572804057217,1.0,1,"긍정 우세
(N_p > N_n)"
2018-04-30,3.0,0.0,4.0,-0.0075184396506495,3.0,0,"긍정 우세
(N_p > N_n)"
2018-05-01,2.0,0.0,3.0,0.0091179894913673,2.0,1,"긍정 우세
(N_p > N_n)"
2018-05-02,2.0,0.0,3.0,-0.0041791538211548,2.0,0,"긍정 우세
(N_p > N_n)"
2018-05-03,7.0,0.0,7.0,-0.001795547068026,7.0,0,"긍정 우세
(N_p > N_n)"
2018-05-04,5.0,0.0,5.0,0.0171370832329018,5.0,1,"긍정 우세
(N_p > N_n)"
2018-05-07,3.0,0.0,6.0,0.007710509409154,3.0,1,"긍정 우세
(N_p > N_n)"
2018-05-08,1.0,0.0,3.0,0.0002326073734051,1.0,1,"긍정 우세
(N_p > N_n)"
2018-05-09,4.0,0.0,5.0,0.0100469601738566,4.0,1,"긍정 우세
(N_p > N_n)"
2018-05-10,2.0,0.0,2.0,0.0088638766972304,2.0,1,"긍정 우세
(N_p > N_n)"
2018-05-11,3.0,0.0,4.0,-0.0002822877027999,3.0,0,"긍정 우세
(N_p > N_n)"
2018-05-14,4.0,0.0,4.0,0.0011400889302344,4.0,1,"긍정 우세
(N_p > N_n)"
2018-05-15,1.0,0.0,1.0,-0.0080538882172099,1.0,0,"긍정 우세
(N_p > N_n)"
2018-05-18,1.0,0.0,3.0,-0.0038104279834666,1.0,0,"긍정 우세
(N_p > N_n)"
2018-05-21,2.0,0.0,2.0,0.0053981997236962,2.0,1,"긍정 우세
(N_p > N_n)"
2018-05-22,1.0,0.0,1.0,-0.0021071130319406,1.0,0,"긍정 우세
(N_p > N_n)"
2018-05-23,5.0,0.0,6.0,0.006437657756696,5.0,1,"긍정 우세
(N_p > N_n)"
2018-05-24,3.0,0.0,3.0,-0.0002060050369645,3.0,0,"긍정 우세
(N_p > N_n)"
2018-05-25,1.0,0.0,1.0,0.0012687737175747,1.0,1,"긍정 우세
(N_p > N_n)"
2018-05-29,4.0,0.0,6.0,-0.0050122417612372,4.0,0,"긍정 우세
(N_p > N_n)"
2018-05-30,3.0,0.0,3.0,0.0089041508254172,3.0,1,"긍정 우세
(N_p > N_n)"
2018-05-31,3.0,0.0,4.0,-0.0027243167582907,3.0,0,"긍정 우세
(N_p > N_n)"
2018-06-01,1.0,0.0,3.0,0.015077687429198,1.0,1,"긍정 우세
(N_p > N_n)"
2018-06-04,1.0,0.0,1.0,0.0069006625701266,1.0,1,"긍정 우세
(N_p > N_n)"
2018-06-05,2.0,0.0,3.0,0.0041280572703994,2.0,1,"긍정 우세
(N_p > N_n)"
2018-06-07,1.0,0.0,1.0,-0.0070449626367607,1.0,0,"긍정 우세
(N_p > N_n)"
2018-06-08,2.0,0.0,2.0,0.0013673668540834,2.0,1,"긍정 우세
(N_p > N_n)"
2018-06-11,2.0,0.0,2.0,0.0018861280147839,2.0,1,"긍정 우세
(N_p > N_n)"
2018-06-12,4.0,0.0,5.0,0.0057258829094712,4.0,1,"긍정 우세
(N_p > N_n)"
2018-06-13,1.0,0.0,1.0,-0.0010501121797167,1.0,0,"긍정 우세
(N_p > N_n)"
2018-06-14,1.0,0.0,1.0,0.0084904351900036,1.0,1,"긍정 우세
(N_p > N_n)"
2018-06-15,4.0,0.0,6.0,-0.001888942226327,4.0,0,"긍정 우세
(N_p > N_n)"
2018-06-18,1.0,0.0,2.0,8.389755648208208e-05,1.0,1,"긍정 우세
(N_p > N_n)"
2018-06-20,2.0,0.0,3.0,0.0072382721586286,2.0,1,"긍정 우세
(N_p > N_n)"
2018-06-21,5.0,0.0,5.0,-0.0088105743457861,5.0,0,"긍정 우세
(N_p > N_n)"
2018-06-22,1.0,0.0,1.0,-0.0026099443901483,1.0,0,"긍정 우세
(N_p > N_n)"
2018-06-25,2.0,0.0,4.0,-0.0209039158940761,2.0,0,"긍정 우세
(N_p > N_n)"
2018-06-26,0.0,0.0,1.0,0.0039325648942571,0.0,1,동률
2018-06-27,3.0,0.0,4.0,-0.0154133178287946,3.0,0,"긍정 우세
(N_p > N_n)"
2018-06-28,1.0,0.0,3.0,0.0078709828559706,1.0,1,"긍정 우세
(N_p > N_n)"
2018-06-29,2.0,0.0,2.0,0.0008821843083899,2.0,1,"긍정 우세
(N_p > N_n)"
2018-07-02,3.0,0.0,6.0,0.0076415240684439,3.0,1,"긍정 우세
(N_p > N_n)"
2018-07-03,2.0,0.0,2.0,-0.0085917922159437,2.0,0,"긍정 우세
(N_p > N_n)"
2018-07-06,1.0,0.0,1.0,0.0134397811058744,1.0,1,"긍정 우세
(N_p > N_n)"
2018-07-09,2.0,0.0,2.0,0.0088197993842558,2.0,1,"긍정 우세
(N_p > N_n)"
2018-07-11,3.0,0.0,4.0,-0.0054890105886145,3.0,0,"긍정 우세
(N_p > N_n)"
2018-07-12,2.0,0.0,3.0,0.0139063734586835,2.0,1,"긍정 우세
(N_p > N_n)"
2018-07-13,2.0,0.0,3.0,0.000263302617399,2.0,1,"긍정 우세
(N_p > N_n)"
2018-07-16,1.0,0.0,1.0,-0.0025887832163591,1.0,0,"긍정 우세
(N_p > N_n)"
2018-07-17,3.0,0.0,4.0,0.0063286796072716,3.0,1,"긍정 우세
(N_p > N_n)"
2018-07-18,2.0,0.0,2.0,-8.659011843270559e-05,2.0,0,"긍정 우세
(N_p > N_n)"
2018-07-19,3.0,0.0,3.0,-0.0037100209481686,3.0,0,"긍정 우세
(N_p > N_n)"
2018-07-20,2.0,0.0,2.0,-0.0006516823000116,2.0,0,"긍정 우세
(N_p > N_n)"
2018-07-23,2.0,0.0,2.0,0.0027710188145808,2.0,1,"긍정 우세
(N_p > N_n)"
2018-07-24,3.0,0.0,4.0,-0.0001402851156433,3.0,0,"긍정 우세
(N_p > N_n)"
2018-07-25,4.0,0.0,4.0,0.0116659734459625,4.0,1,"긍정 우세
(N_p > N_n)"
2018-07-26,2.0,0.0,3.0,-0.0100929946935801,2.0,0,"긍정 우세
(N_p > N_n)"
2018-07-27,1.0,0.0,1.0,-0.0146150815871761,1.0,0,"긍정 우세
(N_p > N_n)"
2018-07-30,1.0,0.0,3.0,-0.0138831707416196,1.0,0,"긍정 우세
(N_p > N_n)"
2018-07-31,5.0,0.0,5.0,0.0054770693397772,5.0,1,"긍정 우세
(N_p > N_n)"
2018-08-01,5.0,0.0,6.0,0.0046273424871177,5.0,1,"긍정 우세
(N_p > N_n)"
2018-08-02,14.0,0.0,14.0,0.0123778788472004,14.0,1,"긍정 우세
(N_p > N_n)"
2018-08-03,4.0,0.0,5.0,0.0011944373400374,4.0,1,"긍정 우세
(N_p > N_n)"
2018-08-06,4.0,0.0,4.0,0.0061021954127622,4.0,1,"긍정 우세
(N_p > N_n)"
2018-08-07,5.0,0.0,6.0,0.003051012246356,5.0,1,"긍정 우세
(N_p > N_n)"
2018-08-08,3.0,0.0,3.0,0.0005923545386843,3.0,1,"긍정 우세
(N_p > N_n)"
2018-08-09,2.0,0.0,3.0,0.0004373177842564,2.0,1,"긍정 우세
(N_p > N_n)"
2018-08-10,8.0,0.0,12.0,-0.0066740232633033,8.0,0,"긍정 우세
(N_p > N_n)"
2018-08-13,7.0,0.0,7.0,-0.0024747583184948,7.0,0,"긍정 우세
(N_p > N_n)"
2018-08-14,1.0,0.0,3.0,0.0065450222625793,1.0,1,"긍정 우세
(N_p > N_n)"
2018-08-15,0.0,0.0,1.0,-0.0122946728832873,0.0,0,동률
2018-08-16,2.0,0.0,3.0,0.0041676616588568,2.0,1,"긍정 우세
(N_p > N_n)"
2018-08-17,2.0,0.0,3.0,0.0012566493865648,2.0,1,"긍정 우세
(N_p > N_n)"
2018-08-20,1.0,0.0,2.0,0.0005987064841461,1.0,1,"긍정 우세
(N_p > N_n)"
2018-08-21,3.0,0.0,4.0,0.0048791853473604,3.0,1,"긍정 우세
(N_p > N_n)"
2018-08-22,2.0,0.0,2.0,0.0038083125926495,2.0,1,"긍정 우세
(N_p > N_n)"
2018-08-23,0.0,0.0,3.0,-0.00134871361588,0.0,0,동률
2018-08-24,2.0,0.0,2.0,0.0085702053276939,2.0,1,"긍정 우세
(N_p > N_n)"
2018-08-28,2.0,0.0,2.0,0.0015141292441429,2.0,1,"긍정 우세
(N_p > N_n)"
2018-08-29,2.0,0.0,3.0,0.0099189919298396,2.0,1,"긍정 우세
(N_p > N_n)"
2018-08-30,4.0,0.0,5.0,-0.0026301965030861,4.0,0,"긍정 우세
(N_p > N_n)"
2018-08-31,1.0,0.0,1.0,0.0026185995849914,1.0,1,"긍정 우세
(N_p > N_n)"
2018-09-04,2.0,0.0,3.0,-0.0022553731746066,2.0,0,"긍정 우세
(N_p > N_n)"
2018-09-05,3.0,0.0,4.0,-0.011874565502858,3.0,0,"긍정 우세
(N_p > N_n)"
2018-09-07,1.0,0.0,1.0,-0.0025483566215209,1.0,0,"긍정 우세
(N_p > N_n)"
2018-09-10,2.0,0.0,2.0,0.0027358440552822,2.0,1,"긍정 우세
(N_p > N_n)"
2018-09-11,2.0,0.0,4.0,0.006096552523064,2.0,1,"긍정 우세
(N_p > N_n)"
2018-09-12,0.0,0.0,2.0,-0.002287902479841,0.0,0,동률
2018-09-13,1.0,0.0,2.0,0.0074777798246719,1.0,1,"긍정 우세
(N_p > N_n)"
2018-09-17,2.0,0.0,2.0,-0.014263349426824,2.0,0,"긍정 우세
(N_p > N_n)"
2018-09-18,1.0,0.0,2.0,0.0076394919216864,1.0,1,"긍정 우세
(N_p > N_n)"
2018-09-19,1.0,0.0,1.0,-0.0007629135749825,1.0,0,"긍정 우세
(N_p > N_n)"
2018-09-25,1.0,0.0,2.0,0.001779027910268,1.0,1,"긍정 우세
(N_p > N_n)"
2018-09-26,1.0,0.0,1.0,-0.002135518109646,1.0,0,"긍정 우세
(N_p > N_n)"
2018-09-27,5.0,0.0,5.0,0.0064577856719374,5.0,1,"긍정 우세
(N_p > N_n)"
2018-09-28,2.0,0.0,3.0,0.0005446280818617,2.0,1,"긍정 우세
(N_p > N_n)"
2018-10-01,1.0,0.0,2.0,-0.0011247699713421,1.0,0,"긍정 우세
(N_p > N_n)"
2018-10-02,0.0,0.0,1.0,-0.0046968510466641,0.0,0,동률
2018-10-03,4.0,0.0,5.0,0.0031926845492646,4.0,1,"긍정 우세
(N_p > N_n)"
2018-10-05,2.0,0.0,2.0,-0.0115565019932781,2.0,0,"긍정 우세
(N_p > N_n)"
2018-10-10,2.0,0.0,3.0,-0.040833470842182,2.0,0,"긍정 우세
(N_p > N_n)"
2018-10-11,2.0,0.0,3.0,-0.0125288496494622,2.0,0,"긍정 우세
(N_p > N_n)"
2018-10-12,2.0,0.0,2.0,0.022899263586769,2.0,1,"긍정 우세
(N_p > N_n)"
2018-10-15,2.0,0.0,3.0,-0.0088236456900651,2.0,0,"긍정 우세
(N_p > N_n)"
2018-10-16,0.0,0.0,1.0,0.0289002162942737,0.0,1,동률
2018-10-17,1.0,0.0,3.0,-0.000364926116831,1.0,0,"긍정 우세
(N_p > N_n)"
2018-10-18,2.0,0.0,4.0,-0.0206157581178424,2.0,0,"긍정 우세
(N_p > N_n)"
2018-10-19,1.0,0.0,2.0,-0.0048242719445369,1.0,0,"긍정 우세
(N_p > N_n)"
2018-10-22,3.0,0.0,4.0,0.0026312282567735,3.0,1,"긍정 우세
(N_p > N_n)"
2018-10-23,6.0,0.0,6.0,-0.004162723851338,6.0,0,"긍정 우세
(N_p > N_n)"
2018-10-24,4.0,0.0,6.0,-0.0442538977928296,4.0,0,"긍정 우세
(N_p > N_n)"
2018-10-25,4.0,0.0,6.0,0.0295340645279438,4.0,1,"긍정 우세
(N_p > N_n)"
2018-10-26,6.0,0.0,6.0,-0.0206508424095073,6.0,0,"긍정 우세
(N_p > N_n)"
2018-10-29,1.0,0.0,1.0,-0.0163131710264151,1.0,0,"긍정 우세
(N_p > N_n)"
2018-10-30,4.0,0.0,5.0,0.0157950754740947,4.0,1,"긍정 우세
(N_p > N_n)"
2018-10-31,4.0,0.0,4.0,0.0201420066558675,4.0,1,"긍정 우세
(N_p > N_n)"
2018-11-01,4.0,0.0,4.0,0.0175420082348631,4.0,1,"긍정 우세
(N_p > N_n)"
2018-11-02,5.0,0.0,6.0,-0.0103671242378056,5.0,0,"긍정 우세
(N_p > N_n)"
2018-11-05,5.0,0.0,5.0,-0.0038249523000951,5.0,0,"긍정 우세
(N_p > N_n)"
2018-11-06,6.0,0.0,7.0,0.0064280020267184,6.0,1,"긍정 우세
(N_p > N_n)"
2018-11-07,2.0,0.0,2.0,0.0264087712099974,2.0,1,"긍정 우세
(N_p > N_n)"
2018-11-08,4.0,0.0,4.0,-0.0052663365171878,4.0,0,"긍정 우세
(N_p > N_n)"
2018-11-09,4.0,0.0,4.0,-0.0164628811504092,4.0,0,"긍정 우세
(N_p > N_n)"
2018-11-12,6.0,0.0,7.0,-0.0278159267537903,6.0,0,"긍정 우세
(N_p > N_n)"
2018-11-13,4.0,0.0,4.0,0.0,4.0,0,"긍정 우세
(N_p > N_n)"
2018-11-14,2.0,0.0,2.0,-0.0089544706985958,2.0,0,"긍정 우세
(N_p > N_n)"
2018-11-15,3.0,0.0,6.0,0.0171851098507751,3.0,1,"긍정 우세
(N_p > N_n)"
2018-11-16,1.0,0.0,1.0,-0.0015373497972924,1.0,0,"긍정 우세
(N_p > N_n)"
2018-11-19,1.0,0.0,2.0,-0.0302696010236843,1.0,0,"긍정 우세
(N_p > N_n)"
2018-11-20,4.0,0.0,4.0,-0.0170250404899097,4.0,0,"긍정 우세
(N_p > N_n)"
2018-11-21,3.0,0.0,3.0,0.0091810435638943,3.0,1,"긍정 우세
(N_p > N_n)"
2018-11-23,3.0,0.0,4.0,-0.0047717766189178,3.0,0,"긍정 우세
(N_p > N_n)"
2018-11-26,3.0,0.0,4.0,0.0205894983974068,3.0,1,"긍정 우세
(N_p > N_n)"
2018-11-27,4.0,0.0,4.0,0.0001200389226723,4.0,1,"긍정 우세
(N_p > N_n)"
2018-11-28,1.0,0.0,1.0,0.0294929395113672,1.0,1,"긍정 우세
(N_p > N_n)"
2018-11-29,2.0,0.0,3.0,-0.0025385088878614,2.0,0,"긍정 우세
(N_p > N_n)"
2018-11-30,2.0,0.0,3.0,0.0079003613765122,2.0,1,"긍정 우세
(N_p > N_n)"
2018-12-03,2.0,0.0,3.0,0.0151380015621185,2.0,1,"긍정 우세
(N_p > N_n)"
2018-12-04,1.0,0.0,1.0,-0.0380406125584079,1.0,0,"긍정 우세
(N_p > N_n)"
2018-12-06,1.0,0.0,3.0,0.0041670574569088,1.0,1,"긍정 우세
(N_p > N_n)"
2018-12-07,0.0,0.0,1.0,-0.0304677032781045,0.0,0,동률
2018-12-10,2.0,0.0,4.0,0.0073566050193707,2.0,1,"긍정 우세
(N_p > N_n)"
2018-12-11,4.0,0.0,6.0,0.0016110001199747,4.0,1,"긍정 우세
(N_p > N_n)"
2018-12-12,4.0,0.0,4.0,0.009454150588132,4.0,1,"긍정 우세
(N_p > N_n)"
2018-12-13,1.0,0.0,1.0,-0.0039417805418171,1.0,0,"긍정 우세
(N_p > N_n)"
2018-12-14,1.0,0.0,1.0,-0.0225830930254593,1.0,0,"긍정 우세
(N_p > N_n)"
2018-12-18,1.0,0.0,2.0,0.0044686678129757,1.0,1,"긍정 우세
(N_p > N_n)"
2018-12-19,1.0,0.0,1.0,-0.0216807231725342,1.0,0,"긍정 우세
(N_p > N_n)"
2018-12-20,1.0,0.0,1.0,-0.0163361003067341,1.0,0,"긍정 우세
(N_p > N_n)"
2018-12-21,2.0,0.0,2.0,-0.029933769049102,2.0,0,"긍정 우세
(N_p > N_n)"
2018-12-24,1.0,0.0,1.0,-0.0221175633178318,1.0,0,"긍정 우세
(N_p > N_n)"
2018-12-26,1.0,0.0,1.0,0.058363412730326,1.0,1,"긍정 우세
(N_p > N_n)"
2018-12-28,3.0,0.0,4.0,0.0007644642635034,3.0,1,"긍정 우세
(N_p > N_n)"
2018-12-31,2.0,0.0,3.0,0.0077089545592441,2.0,1,"긍정 우세
(N_p > N_n)"
2019-01-02,1.0,0.0,1.0,0.0046207782102254,1.0,1,"긍정 우세
(N_p > N_n)"
2019-01-03,1.0,0.0,2.0,-0.0303693017317439,1.0,0,"긍정 우세
(N_p > N_n)"
2019-01-04,1.0,0.0,1.0,0.0426022841001392,1.0,1,"긍정 우세
(N_p > N_n)"
2019-01-07,1.0,0.0,1.0,0.0125555885237391,1.0,1,"긍정 우세
(N_p > N_n)"
2019-01-08,1.0,0.0,2.0,0.0107760102764562,1.0,1,"긍정 우세
(N_p > N_n)"
2019-01-09,2.0,0.0,2.0,0.0087110451101928,2.0,1,"긍정 우세
(N_p > N_n)"
2019-01-10,5.0,0.0,6.0,0.0041669415571199,5.0,1,"긍정 우세
(N_p > N_n)"
2019-01-11,2.0,0.0,3.0,-0.0020884193999065,2.0,0,"긍정 우세
(N_p > N_n)"
2019-01-14,2.0,0.0,2.0,-0.0094040374177968,2.0,0,"긍정 우세
(N_p > N_n)"
2019-01-15,1.0,0.0,1.0,0.0170737798271467,1.0,1,"긍정 우세
(N_p > N_n)"
2019-01-16,2.0,0.0,3.0,0.0015461455018781,2.0,1,"긍정 우세
(N_p > N_n)"
2019-01-18,2.0,0.0,3.0,0.0102717807613412,2.0,1,"긍정 우세
(N_p > N_n)"
2019-01-22,3.0,0.0,3.0,-0.0191233364808736,3.0,0,"긍정 우세
(N_p > N_n)"
2019-01-23,2.0,0.0,2.0,0.0007706380236001,2.0,1,"긍정 우세
(N_p > N_n)"
2019-01-24,4.0,0.0,4.0,0.0067878597326236,4.0,1,"긍정 우세
(N_p > N_n)"
2019-01-25,4.0,0.0,4.0,0.0129215267844162,4.0,1,"긍정 우세
(N_p > N_n)"
2019-01-28,1.0,0.0,2.0,-0.0110511146080864,1.0,0,"긍정 우세
(N_p > N_n)"
2019-01-29,1.0,0.0,2.0,-0.008099453446249,1.0,0,"긍정 우세
(N_p > N_n)"
2019-01-30,6.0,0.0,7.0,0.0220238547644153,6.0,1,"긍정 우세
(N_p > N_n)"
2019-01-31,4.0,0.0,4.0,0.0137350767605186,4.0,1,"긍정 우세
(N_p > N_n)"
2019-02-01,2.0,0.0,2.0,-0.002454099791028,2.0,0,"긍정 우세
(N_p > N_n)"
2019-02-05,2.0,0.0,2.0,0.0074228978369008,2.0,1,"긍정 우세
(N_p > N_n)"
2019-02-06,3.0,0.0,4.0,-0.0036206434793851,3.0,0,"긍정 우세
(N_p > N_n)"
2019-02-07,4.0,0.0,4.0,-0.011786629122187,4.0,0,"긍정 우세
(N_p > N_n)"
2019-02-08,2.0,0.0,2.0,0.0013514852503335,2.0,1,"긍정 우세
(N_p > N_n)"
2019-02-11,2.0,0.0,4.0,0.0013290546671329,2.0,1,"긍정 우세
(N_p > N_n)"
2019-02-12,0.0,0.0,3.0,0.0146034040243931,0.0,1,동률
2019-02-13,2.0,0.0,3.0,0.0007768119652749,2.0,1,"긍정 우세
(N_p > N_n)"
2019-02-14,5.0,0.0,7.0,0.0008854415277603,5.0,1,"긍정 우세
(N_p > N_n)"
2019-02-15,3.0,0.0,4.0,0.00612094597944,3.0,1,"긍정 우세
(N_p > N_n)"
2019-02-19,3.0,0.0,3.0,0.0019217177565178,3.0,1,"긍정 우세
(N_p > N_n)"
2019-02-20,6.0,0.0,7.0,0.0003071824941196,6.0,1,"긍정 우세
(N_p > N_n)"
2019-02-21,6.0,0.0,6.0,-0.0039203618033182,6.0,0,"긍정 우세
(N_p > N_n)"
2019-02-22,3.0,0.0,4.0,0.0090928572934054,3.0,1,"긍정 우세
(N_p > N_n)"
2019-02-25,0.0,0.0,1.0,0.0035761911242324,0.0,1,동률
2019-02-26,1.0,0.0,2.0,-0.0006830609039801,1.0,0,"긍정 우세
(N_p > N_n)"
2019-02-27,1.0,0.0,1.0,0.0006901250542818,1.0,1,"긍정 우세
(N_p > N_n)"
2019-02-28,6.0,0.0,7.0,-0.0029095177782103,6.0,0,"긍정 우세
(N_p > N_n)"
2019-03-01,2.0,0.0,3.0,0.0083398691132685,2.0,1,"긍정 우세
(N_p > N_n)"
2019-03-04,4.0,0.0,5.0,-0.0023409419195813,4.0,0,"긍정 우세
(N_p > N_n)"
2019-03-05,1.0,0.0,1.0,-0.0001596766464141,1.0,0,"긍정 우세
(N_p > N_n)"
2019-03-06,2.0,0.0,2.0,-0.0092973331094839,2.0,0,"긍정 우세
(N_p > N_n)"
2019-03-07,1.0,0.0,1.0,-0.0112524463112579,1.0,0,"긍정 우세
(N_p > N_n)"
2019-03-08,5.0,0.0,5.0,-0.0017947714181385,5.0,0,"긍정 우세
(N_p > N_n)"
2019-03-11,1.0,0.0,2.0,0.0202371876217508,1.0,1,"긍정 우세
(N_p > N_n)"
2019-03-12,2.0,0.0,2.0,0.0043621943073888,2.0,1,"긍정 우세
(N_p > N_n)"
2019-03-14,2.0,0.0,2.0,-0.0016353956865416,2.0,0,"긍정 우세
(N_p > N_n)"
2019-03-15,2.0,0.0,2.0,0.0075508199843052,2.0,1,"긍정 우세
(N_p > N_n)"
2019-03-18,2.0,0.0,2.0,0.0033751830372823,2.0,1,"긍정 우세
(N_p > N_n)"
2019-03-19,2.0,0.0,3.0,0.0012275895287467,2.0,1,"긍정 우세
(N_p > N_n)"
2019-03-20,2.0,0.0,2.0,0.0006499290394565,2.0,1,"긍정 우세
(N_p > N_n)"
2019-03-21,4.0,0.0,5.0,0.014230840983513,4.0,1,"긍정 우세
(N_p > N_n)"
2019-03-22,2.0,0.0,2.0,-0.0250403165777906,2.0,0,"긍정 우세
(N_p > N_n)"
2019-03-25,1.0,0.0,1.0,-0.0006712160625722,1.0,0,"긍정 우세
(N_p > N_n)"
2019-03-26,2.0,0.0,2.0,0.0070677181648366,2.0,1,"긍정 우세
(N_p > N_n)"
2019-03-27,2.0,0.0,2.0,-0.0062588586646731,2.0,0,"긍정 우세
(N_p > N_n)"
2019-03-28,2.0,0.0,2.0,0.0033741668552276,2.0,1,"긍정 우세
(N_p > N_n)"
2019-03-29,3.0,0.0,4.0,0.0078430785804057,3.0,1,"긍정 우세
(N_p > N_n)"
2019-04-01,2.0,0.0,2.0,0.0128847472088291,2.0,1,"긍정 우세
(N_p > N_n)"
2019-04-02,1.0,0.0,2.0,0.0025265055750396,1.0,1,"긍정 우세
(N_p > N_n)"
2019-04-03,2.0,0.0,2.0,0.0059704057149765,2.0,1,"긍정 우세
(N_p > N_n)"
2019-04-04,1.0,0.0,2.0,-0.0004774866379807,1.0,0,"긍정 우세
(N_p > N_n)"
2019-04-05,1.0,0.0,1.0,0.0059441795801542,1.0,1,"긍정 우세
(N_p > N_n)"
2019-04-08,1.0,0.0,1.0,0.0019134065593144,1.0,1,"긍정 우세
(N_p > N_n)"
2019-04-09,2.0,0.0,2.0,-0.005607338596177,2.0,0,"긍정 우세
(N_p > N_n)"
2019-04-16,2.0,0.0,2.0,0.0030366330477846,2.0,1,"긍정 우세
(N_p > N_n)"
2019-04-17,3.0,0.0,3.0,-0.0005187228809523,3.0,0,"긍정 우세
(N_p > N_n)"
2019-04-18,1.0,0.0,1.0,0.0002476188894313,1.0,1,"긍정 우세
(N_p > N_n)"
2019-04-22,2.0,0.0,2.0,0.0021517669049018,2.0,1,"긍정 우세
(N_p > N_n)"
2019-04-23,6.0,0.0,6.0,0.0131685900076106,6.0,1,"긍정 우세
(N_p > N_n)"
2019-04-25,7.0,0.0,8.0,0.0020575648065717,7.0,1,"긍정 우세
(N_p > N_n)"
2019-04-26,1.0,0.0,1.0,0.0034143143912961,1.0,1,"긍정 우세
(N_p > N_n)"
2019-04-29,2.0,0.0,3.0,0.0018965672564215,2.0,1,"긍정 우세
(N_p > N_n)"
2019-04-30,3.0,0.0,5.0,-0.0081427568679047,3.0,0,"긍정 우세
(N_p > N_n)"
2019-05-01,6.0,0.0,8.0,-0.0056513644465989,6.0,0,"긍정 우세
(N_p > N_n)"
2019-05-02,5.0,0.0,7.0,-0.0015988437953632,5.0,0,"긍정 우세
(N_p > N_n)"
2019-05-03,5.0,0.0,5.0,0.0158309843580879,5.0,1,"긍정 우세
(N_p > N_n)"
2019-05-06,7.0,0.0,7.0,-0.0049865214279152,7.0,0,"긍정 우세
(N_p > N_n)"
2019-05-07,8.0,0.0,9.0,-0.019638628273811,8.0,0,"긍정 우세
(N_p > N_n)"
2019-05-08,3.0,0.0,5.0,-0.0025666195374799,3.0,0,"긍정 우세
(N_p > N_n)"
2019-05-09,8.0,0.0,9.0,-0.0041204409734275,8.0,0,"긍정 우세
(N_p > N_n)"
2019-05-10,2.0,0.0,2.0,0.0008027337760745,2.0,1,"긍정 우세
(N_p > N_n)"
2019-05-13,2.0,0.0,3.0,-0.034093971139442,2.0,0,"긍정 우세
(N_p > N_n)"
2019-05-14,3.0,0.0,3.0,0.0114384707533579,3.0,1,"긍정 우세
(N_p > N_n)"
2019-05-15,2.0,0.0,4.0,0.0113336063932381,2.0,1,"긍정 우세
(N_p > N_n)"
2019-05-17,2.0,0.0,2.0,-0.0103531911741958,2.0,0,"긍정 우세
(N_p > N_n)"
2019-05-20,3.0,0.0,3.0,-0.0145721373178139,3.0,0,"긍정 우세
(N_p > N_n)"
2019-05-21,1.0,0.0,1.0,0.0108200755220111,1.0,1,"긍정 우세
(N_p > N_n)"
2019-05-22,6.0,0.0,6.0,-0.0044800442516864,6.0,0,"긍정 우세
(N_p > N_n)"
2019-05-23,4.0,0.0,5.0,-0.0158124875580519,4.0,0,"긍정 우세
(N_p > N_n)"
2019-05-24,0.0,0.0,1.0,0.0011444232139645,0.0,1,동률
2019-05-28,1.0,0.0,1.0,-0.0038836755325691,1.0,0,"긍정 우세
(N_p > N_n)"
2019-05-29,0.0,0.0,2.0,-0.0078923722836152,0.0,0,동률
2019-05-30,1.0,0.0,1.0,0.0027042954498417,1.0,1,"긍정 우세
(N_p > N_n)"
2019-05-31,2.0,0.0,2.0,-0.0151393430580686,2.0,0,"긍정 우세
(N_p > N_n)"
2019-06-03,2.0,0.0,3.0,-0.0161180017021693,2.0,0,"긍정 우세
(N_p > N_n)"
2019-06-05,1.0,0.0,1.0,0.0064247497752591,1.0,1,"긍정 우세
(N_p > N_n)"
2019-06-06,2.0,0.0,2.0,0.0052894106145167,2.0,1,"긍정 우세
(N_p > N_n)"
2019-06-07,0.0,0.0,2.0,0.0166173547825603,0.0,1,동률
2019-06-10,1.0,0.0,1.0,0.0104712963144575,1.0,1,"긍정 우세
(N_p > N_n)"
2019-06-11,2.0,0.0,3.0,-7.670773640899853e-05,2.0,0,"긍정 우세
(N_p > N_n)"
2019-06-13,3.0,0.0,3.0,0.0056988659600736,3.0,1,"긍정 우세
(N_p > N_n)"
2019-06-14,2.0,0.0,5.0,-0.0051638453321098,2.0,0,"긍정 우세
(N_p > N_n)"
2019-06-17,1.0,0.0,1.0,0.006202638349253,1.0,1,"긍정 우세
(N_p > N_n)"
2019-06-18,2.0,0.0,2.0,0.0138763015276224,2.0,1,"긍정 우세
(N_p > N_n)"
2019-06-19,1.0,0.0,2.0,0.0042042301240317,1.0,1,"긍정 우세
(N_p > N_n)"
2019-06-20,1.0,0.0,2.0,0.008015206720173,1.0,1,"긍정 우세
(N_p > N_n)"
2019-06-21,1.0,0.0,1.0,-0.0024380889632596,1.0,0,"긍정 우세
(N_p > N_n)"
2019-06-24,1.0,0.0,3.0,-0.0032383845720898,1.0,0,"긍정 우세
(N_p > N_n)"
2019-06-25,2.0,0.0,2.0,-0.0151117300819716,2.0,0,"긍정 우세
(N_p > N_n)"
2019-06-26,3.0,0.0,4.0,0.0032023964467964,3.0,1,"긍정 우세
(N_p > N_n)"
2019-07-01,1.0,0.0,1.0,0.0106067166846173,1.0,1,"긍정 우세
(N_p > N_n)"
2019-07-03,1.0,0.0,2.0,0.0075397039491273,1.0,1,"긍정 우세
(N_p > N_n)"
2019-07-05,2.0,0.0,2.0,-0.0010330114851633,2.0,0,"긍정 우세
(N_p > N_n)"
2019-07-10,2.0,0.0,3.0,0.007467736355124,2.0,1,"긍정 우세
(N_p > N_n)"
2019-07-11,1.0,0.0,1.0,-0.0007912478416589,1.0,0,"긍정 우세
(N_p > N_n)"
2019-07-12,1.0,0.0,1.0,0.0058686401171488,1.0,1,"긍정 우세
(N_p > N_n)"
2019-07-15,2.0,0.0,2.0,0.0017043356674171,2.0,1,"긍정 우세
(N_p > N_n)"
2019-07-16,1.0,0.0,2.0,-0.0042855181533201,1.0,0,"긍정 우세
(N_p > N_n)"
2019-07-17,2.0,0.0,2.0,-0.0045714166272868,2.0,0,"긍정 우세
(N_p > N_n)"
2019-07-18,3.0,0.0,4.0,0.0026914732233669,3.0,1,"긍정 우세
(N_p > N_n)"
2019-07-19,4.0,0.0,4.0,-0.0074020009485717,4.0,0,"긍정 우세
(N_p > N_n)"
2019-07-22,1.0,0.0,2.0,0.0070765952457958,1.0,1,"긍정 우세
(N_p > N_n)"
2019-07-23,1.0,0.0,1.0,0.0057605969928242,1.0,1,"긍정 우세
(N_p > N_n)"
2019-07-24,2.0,0.0,4.0,0.0084954802889756,2.0,1,"긍정 우세
(N_p > N_n)"
2019-07-25,5.0,0.0,5.0,-0.0099693517920447,5.0,0,"긍정 우세
(N_p > N_n)"
2019-07-26,7.0,0.0,7.0,0.0111269619908811,7.0,1,"긍정 우세
(N_p > N_n)"
2019-07-29,5.0,0.0,7.0,-0.0044272452897873,5.0,0,"긍정 우세
(N_p > N_n)"
2019-07-30,4.0,0.0,5.0,-0.0023777814673642,4.0,0,"긍정 우세
(N_p > N_n)"
2019-07-31,2.0,0.0,2.0,-0.0118679059703309,2.0,0,"긍정 우세
(N_p > N_n)"
2019-08-01,8.0,0.0,9.0,-0.0078650155346091,8.0,0,"긍정 우세
(N_p > N_n)"
2019-08-02,4.0,0.0,4.0,-0.013197966670708,4.0,0,"긍정 우세
(N_p > N_n)"
2019-08-05,1.0,0.0,3.0,-0.0347360519413494,1.0,0,"긍정 우세
(N_p > N_n)"
2019-08-06,7.0,0.0,8.0,0.0138790350459743,7.0,1,"긍정 우세
(N_p > N_n)"
2019-08-07,2.0,0.0,3.0,0.0037736550023228,2.0,1,"긍정 우세
(N_p > N_n)"
2019-08-08,5.0,0.0,7.0,0.0224257775346772,5.0,1,"긍정 우세
(N_p > N_n)"
2019-08-09,4.0,0.0,4.0,-0.009953778501233,4.0,0,"긍정 우세
(N_p > N_n)"
2019-08-12,5.0,0.0,5.0,-0.0120276787221158,5.0,0,"긍정 우세
(N_p > N_n)"
2019-08-13,3.0,0.0,4.0,0.0194508112882401,3.0,1,"긍정 우세
(N_p > N_n)"
2019-08-14,2.0,0.0,2.0,-0.0302406486247454,2.0,0,"긍정 우세
(N_p > N_n)"
2019-08-15,4.0,0.0,5.0,-0.0009415848686664,4.0,0,"긍정 우세
(N_p > N_n)"
2019-08-16,4.0,0.0,4.0,0.0166571964684103,4.0,1,"긍정 우세
(N_p > N_n)"
2019-08-19,2.0,0.0,2.0,0.0135283632638896,2.0,1,"긍정 우세
(N_p > N_n)"
2019-08-20,4.0,0.0,4.0,-0.0067788688726585,4.0,0,"긍정 우세
(N_p > N_n)"
2019-08-21,0.0,0.0,1.0,0.0090141990266883,0.0,1,동률
2019-08-22,3.0,0.0,4.0,-0.0035934002175899,3.0,0,"긍정 우세
(N_p > N_n)"
2019-08-23,0.0,0.0,2.0,-0.0299847852611394,0.0,0,동률
2019-08-27,4.0,0.0,4.0,-0.0034111185579124,4.0,0,"긍정 우세
(N_p > N_n)"
2019-08-28,5.0,0.0,8.0,0.0038239271687106,5.0,1,"긍정 우세
(N_p > N_n)"
2019-08-29,2.0,0.0,2.0,0.0148290740909917,2.0,1,"긍정 우세
(N_p > N_n)"
2019-08-30,1.0,0.0,1.0,-0.0013181662662972,1.0,0,"긍정 우세
(N_p > N_n)"
2019-09-03,2.0,0.0,2.0,-0.0111416633012382,2.0,0,"긍정 우세
(N_p > N_n)"
2019-09-04,3.0,0.0,3.0,0.0130451660271309,3.0,1,"긍정 우세
(N_p > N_n)"
2019-09-05,6.0,0.0,6.0,0.0175444782130975,6.0,1,"긍정 우세
(N_p > N_n)"
2019-09-06,0.0,0.0,2.0,-0.0016952743588083,0.0,0,동률
2019-09-09,1.0,0.0,2.0,-0.0019288841329967,1.0,0,"긍정 우세
(N_p > N_n)"
2019-09-10,3.0,0.0,5.0,-0.0004055405888652,3.0,0,"긍정 우세
(N_p > N_n)"
2019-09-11,3.0,0.0,3.0,0.0105787141618085,3.0,1,"긍정 우세
(N_p > N_n)"
2019-09-12,1.0,0.0,3.0,0.003034335524509,1.0,1,"긍정 우세
(N_p > N_n)"
2019-09-13,3.0,0.0,4.0,-0.0021672867455269,3.0,0,"긍정 우세
(N_p > N_n)"
2019-09-16,2.0,0.0,2.0,-0.0028336484950168,2.0,0,"긍정 우세
(N_p > N_n)"
2019-09-17,1.0,0.0,1.0,0.003983543382769,1.0,1,"긍정 우세
(N_p > N_n)"
2019-09-18,1.0,0.0,3.0,-0.0010542220507535,1.0,0,"긍정 우세
(N_p > N_n)"
2019-09-19,2.0,0.0,2.0,0.0006713322957527,2.0,1,"긍정 우세
(N_p > N_n)"
2019-09-20,1.0,0.0,1.0,-0.0079690722424593,1.0,0,"긍정 우세
(N_p > N_n)"
2019-09-23,1.0,0.0,1.0,-0.0006418049745359,1.0,0,"긍정 우세
(N_p > N_n)"
2019-09-24,0.0,0.0,3.0,-0.0146478477178539,0.0,0,동률
2019-09-25,2.0,0.0,4.0,0.0104770925384067,2.0,1,"긍정 우세
(N_p > N_n)"
2019-09-26,2.0,0.0,4.0,-0.0057840199718615,2.0,0,"긍정 우세
(N_p > N_n)"
2019-09-27,2.0,0.0,5.0,-0.011335341262904,2.0,0,"긍정 우세
(N_p > N_n)"
2019-09-30,2.0,0.0,3.0,0.0075204967761479,2.0,1,"긍정 우세
(N_p > N_n)"
2019-10-02,3.0,0.0,3.0,-0.0156069246748945,3.0,0,"긍정 우세
(N_p > N_n)"
2019-10-03,0.0,0.0,1.0,0.0111762326996565,0.0,1,동률
2019-10-04,2.0,0.0,2.0,0.0139998491538597,2.0,1,"긍정 우세
(N_p > N_n)"
2019-10-07,3.0,0.0,3.0,-0.0032797085459294,3.0,0,"긍정 우세
(N_p > N_n)"
2019-10-09,2.0,0.0,3.0,0.0102201814742353,2.0,1,"긍정 우세
(N_p > N_n)"
2019-10-10,1.0,0.0,2.0,0.0059515557680736,1.0,1,"긍정 우세
(N_p > N_n)"
2019-10-11,0.0,0.0,2.0,0.0133647587755647,0.0,1,동률
2019-10-14,1.0,0.0,3.0,-0.0010413423140598,1.0,0,"긍정 우세
(N_p > N_n)"
2019-10-15,2.0,0.0,3.0,0.0124319059479296,2.0,1,"긍정 우세
(N_p > N_n)"
2019-10-16,2.0,0.0,2.0,-0.0030102660757148,2.0,0,"긍정 우세
(N_p > N_n)"
2019-10-17,4.0,0.0,5.0,0.0040213192184475,4.0,1,"긍정 우세
(N_p > N_n)"
2019-10-18,3.0,0.0,3.0,-0.0082519670936567,3.0,0,"긍정 우세
(N_p > N_n)"
2019-10-21,3.0,0.0,3.0,0.0090796503828185,3.0,1,"긍정 우세
(N_p > N_n)"
2019-10-22,2.0,0.0,2.0,-0.0071898199069686,2.0,0,"긍정 우세
(N_p > N_n)"
2019-10-23,3.0,0.0,3.0,0.0019113599876994,3.0,1,"긍정 우세
(N_p > N_n)"
2019-10-24,4.0,0.0,5.0,0.0081294916872778,4.0,1,"긍정 우세
(N_p > N_n)"
2019-10-25,3.0,0.0,3.0,0.0070024083006741,3.0,1,"긍정 우세
(N_p > N_n)"
2019-10-28,1.0,0.0,1.0,0.010053246344756,1.0,1,"긍정 우세
(N_p > N_n)"
2019-10-29,5.0,0.0,5.0,-0.0059020757431489,5.0,0,"긍정 우세
(N_p > N_n)"
2019-10-30,4.0,0.0,4.0,0.0032779210273761,4.0,1,"긍정 우세
(N_p > N_n)"
2019-10-31,4.0,0.0,6.0,-0.0013993430296747,4.0,0,"긍정 우세
(N_p > N_n)"
2019-11-01,1.0,0.0,1.0,0.0113405634916456,1.0,1,"긍정 우세
(N_p > N_n)"
2019-11-04,1.0,0.0,2.0,0.0055804400586234,1.0,1,"긍정 우세
(N_p > N_n)"
2019-11-05,6.0,0.0,9.0,0.0001754366258639,6.0,1,"긍정 우세
(N_p > N_n)"
2019-11-06,8.0,0.0,9.0,-0.0028513002957469,8.0,0,"긍정 우세
(N_p > N_n)"
2019-11-07,7.0,0.0,8.0,0.0028404113330822,7.0,1,"긍정 우세
(N_p > N_n)"
2019-11-08,3.0,0.0,5.0,0.0048360833016478,3.0,1,"긍정 우세
(N_p > N_n)"
2019-11-11,2.0,0.0,2.0,-0.0013013444268317,2.0,0,"긍정 우세
(N_p > N_n)"
2019-11-12,4.0,0.0,9.0,0.00257665975227,4.0,1,"긍정 우세
(N_p > N_n)"
2019-11-13,1.0,0.0,4.0,-0.000470208829799,1.0,0,"긍정 우세
(N_p > N_n)"
2019-11-15,1.0,0.0,3.0,0.0072898224431721,1.0,1,"긍정 우세
(N_p > N_n)"
2019-11-18,1.0,0.0,1.0,0.0010666822169702,1.0,1,"긍정 우세
(N_p > N_n)"
2019-11-19,1.0,0.0,1.0,0.0024233767162349,1.0,1,"긍정 우세
(N_p > N_n)"
2019-11-20,1.0,0.0,1.0,-0.0051255897094421,1.0,0,"긍정 우세
(N_p > N_n)"
2019-11-21,2.0,0.0,2.0,-0.0024066091789468,2.0,0,"긍정 우세
(N_p > N_n)"
2019-11-22,2.0,0.0,2.0,0.0016070520170294,2.0,1,"긍정 우세
(N_p > N_n)"
2019-11-25,1.0,0.0,1.0,0.0132173637552888,1.0,1,"긍정 우세
(N_p > N_n)"
2019-11-26,3.0,0.0,4.0,0.0017885283047895,3.0,1,"긍정 우세
(N_p > N_n)"
2019-11-27,3.0,0.0,4.0,0.0066200815766057,3.0,1,"긍정 우세
(N_p > N_n)"
2019-11-29,2.0,0.0,2.0,-0.0045616474746087,2.0,0,"긍정 우세
(N_p > N_n)"
2019-12-02,3.0,0.0,4.0,-0.0112491873220321,3.0,0,"긍정 우세
(N_p > N_n)"
2019-12-03,1.0,0.0,1.0,-0.0055264519032162,1.0,0,"긍정 우세
(N_p > N_n)"
2019-12-04,1.0,0.0,2.0,0.0054022086764273,1.0,1,"긍정 우세
(N_p > N_n)"
2019-12-05,1.0,0.0,1.0,0.0004704597555706,1.0,1,"긍정 우세
(N_p > N_n)"
2019-12-06,1.0,0.0,1.0,0.0100143601070006,1.0,1,"긍정 우세
(N_p > N_n)"
2019-12-09,2.0,0.0,2.0,-0.0040085570334083,2.0,0,"긍정 우세
(N_p > N_n)"
2019-12-10,2.0,0.0,2.0,-0.000655358615723,2.0,0,"긍정 우세
(N_p > N_n)"
2019-12-11,3.0,0.0,6.0,0.0043952329873575,3.0,1,"긍정 우세
(N_p > N_n)"
2019-12-12,4.0,0.0,4.0,0.0073110866288554,4.0,1,"긍정 우세
(N_p > N_n)"
2019-12-13,4.0,0.0,4.0,0.0020143312030556,4.0,1,"긍정 우세
(N_p > N_n)"
2019-12-16,3.0,0.0,3.0,0.0090843362475581,3.0,1,"긍정 우세
(N_p > N_n)"
2019-12-17,1.0,0.0,1.0,0.0010358116735056,1.0,1,"긍정 우세
(N_p > N_n)"
2019-12-19,1.0,0.0,1.0,0.0067377936604759,1.0,1,"긍정 우세
(N_p > N_n)"
2019-12-20,1.0,0.0,1.0,0.0042465737920489,1.0,1,"긍정 우세
(N_p > N_n)"
2019-12-23,1.0,0.0,1.0,0.0023182658273042,1.0,1,"긍정 우세
(N_p > N_n)"
2019-12-24,0.0,0.0,1.0,0.0008081572464619,0.0,1,동률
2019-12-30,0.0,0.0,1.0,-0.0067317020173637,0.0,0,동률
2020-01-03,1.0,0.0,2.0,-0.0078551916603395,1.0,0,"긍정 우세
(N_p > N_n)"
2020-01-06,2.0,0.0,3.0,0.0056203847284717,2.0,1,"긍정 우세
(N_p > N_n)"
2020-01-07,1.0,0.0,1.0,-0.0003185424770849,1.0,0,"긍정 우세
(N_p > N_n)"
2020-01-09,1.0,0.0,1.0,0.008126574744484,1.0,1,"긍정 우세
(N_p > N_n)"
2020-01-10,1.0,0.0,1.0,-0.0026695847930331,1.0,0,"긍정 우세
(N_p > N_n)"
2020-01-13,1.0,0.0,1.0,0.0103574226315923,1.0,1,"긍정 우세
(N_p > N_n)"
2020-01-14,2.0,0.0,2.0,-0.0024368967780142,2.0,0,"긍정 우세
(N_p > N_n)"
2020-01-15,0.0,0.0,1.0,0.0007966548728952,0.0,1,동률
2020-01-16,1.0,0.0,1.0,0.0106310481410589,1.0,1,"긍정 우세
(N_p > N_n)"
2020-01-17,1.0,0.0,1.0,0.0033996051431786,1.0,1,"긍정 우세
(N_p > N_n)"
2020-01-21,2.0,0.0,2.0,-0.0019310868474221,2.0,0,"긍정 우세
(N_p > N_n)"
2020-01-22,1.0,0.0,1.0,0.0013830140117838,1.0,1,"긍정 우세
(N_p > N_n)"
2020-01-23,1.0,0.0,1.0,0.0019939681423002,1.0,1,"긍정 우세
(N_p > N_n)"
2020-01-24,3.0,0.0,3.0,-0.009313533039611,3.0,0,"긍정 우세
(N_p > N_n)"
2020-01-28,1.0,0.0,1.0,0.0142647665214215,1.0,1,"긍정 우세
(N_p > N_n)"
2020-01-30,3.0,0.0,3.0,0.002562708443798,3.0,1,"긍정 우세
(N_p > N_n)"
2020-01-31,3.0,0.0,3.0,-0.0159146549964167,3.0,0,"긍정 우세
(N_p > N_n)"
2020-02-03,2.0,0.0,2.0,0.013382226873668,2.0,1,"긍정 우세
(N_p > N_n)"
2020-02-04,1.0,0.0,1.0,0.020981444534003,1.0,1,"긍정 우세
(N_p > N_n)"
2020-02-05,1.0,0.0,2.0,0.0042997561370825,1.0,1,"긍정 우세
(N_p > N_n)"
2020-02-06,3.0,0.0,3.0,0.0066750279966247,3.0,1,"긍정 우세
(N_p > N_n)"
2020-02-07,0.0,0.0,1.0,-0.0053948823297403,0.0,0,동률
2020-02-10,2.0,0.0,2.0,0.011331313707803,2.0,1,"긍정 우세
(N_p > N_n)"
2020-02-11,6.0,0.0,6.0,0.0010957991559588,6.0,1,"긍정 우세
(N_p > N_n)"
2020-02-12,4.0,0.0,4.0,0.0090279146224396,4.0,1,"긍정 우세
(N_p > N_n)"
2020-02-13,5.0,0.0,6.0,-0.0014384425219915,5.0,0,"긍정 우세
(N_p > N_n)"
2020-02-14,4.0,0.0,4.0,0.0019779675470938,4.0,1,"긍정 우세
(N_p > N_n)"
2020-02-18,5.0,0.0,5.0,0.0001603656416913,5.0,1,"긍정 우세
(N_p > N_n)"
2020-02-19,3.0,0.0,4.0,0.0086758149392263,3.0,1,"긍정 우세
(N_p > N_n)"
2020-02-21,5.0,0.0,5.0,-0.0178833375246232,5.0,0,"긍정 우세
(N_p > N_n)"
2020-02-24,4.0,0.0,4.0,-0.0371018886795477,4.0,0,"긍정 우세
(N_p > N_n)"
2020-02-26,2.0,0.0,4.0,0.0016920121754293,2.0,1,"긍정 우세
(N_p > N_n)"
2020-02-27,2.0,0.0,2.0,-0.0461318273104706,2.0,0,"긍정 우세
(N_p > N_n)"
2020-02-28,1.0,0.0,2.0,0.0001038522694056,1.0,1,"긍정 우세
(N_p > N_n)"
2020-03-03,1.0,0.0,1.0,-0.0299458210092655,1.0,0,"긍정 우세
(N_p > N_n)"
2020-03-05,3.0,0.0,4.0,-0.030993259641753,3.0,0,"긍정 우세
(N_p > N_n)"
2020-03-06,3.0,0.0,4.0,-0.0186494307979289,3.0,0,"긍정 우세
(N_p > N_n)"
2020-03-09,0.0,0.0,1.0,-0.0728740234369439,0.0,0,동률
2020-03-10,2.0,0.0,2.0,0.0495014030897145,2.0,1,"긍정 우세
(N_p > N_n)"
2020-03-11,3.0,0.0,3.0,-0.0470024502277016,3.0,0,"긍정 우세
(N_p > N_n)"
2020-03-12,2.0,0.0,2.0,-0.0943467430948118,2.0,0,"긍정 우세
(N_p > N_n)"
2020-03-16,2.0,0.0,2.0,-0.123213312901474,2.0,0,"긍정 우세
(N_p > N_n)"
2020-03-17,3.0,0.0,4.0,0.0623049234120192,3.0,1,"긍정 우세
(N_p > N_n)"
2020-03-18,6.0,0.0,6.0,-0.0470279887753851,6.0,0,"긍정 우세
(N_p > N_n)"
2020-03-20,4.0,0.0,4.0,-0.0379074222835396,4.0,0,"긍정 우세
(N_p > N_n)"
2020-03-23,0.0,0.0,1.0,-0.0027400309327879,0.0,0,동률
2020-03-25,1.0,0.0,1.0,-0.0045242238613691,1.0,0,"긍정 우세
(N_p > N_n)"
2020-03-26,0.0,0.0,1.0,0.0559620065957611,0.0,1,동률
2020-04-01,0.0,0.0,1.0,-0.0440929358352877,0.0,0,동률
2020-04-02,3.0,0.0,3.0,0.0172173903583197,3.0,1,"긍정 우세
(N_p > N_n)"
2020-04-03,1.0,0.0,2.0,-0.0152564779039221,1.0,0,"긍정 우세
(N_p > N_n)"
2020-04-06,1.0,0.0,1.0,0.0732611270359842,1.0,1,"긍정 우세
(N_p > N_n)"
2020-04-07,4.0,0.0,4.0,-0.0032831644156512,4.0,0,"긍정 우세
(N_p > N_n)"
2020-04-08,1.0,0.0,1.0,0.025818870275615,1.0,1,"긍정 우세
(N_p > N_n)"
2020-04-09,2.0,0.0,2.0,0.0077469968159034,2.0,1,"긍정 우세
(N_p > N_n)"
2020-04-13,1.0,0.0,1.0,0.0047635325069292,1.0,1,"긍정 우세
(N_p > N_n)"
2020-04-14,3.0,0.0,4.0,0.0394657885683673,3.0,1,"긍정 우세
(N_p > N_n)"
2020-04-15,2.0,0.0,4.0,-0.0143922364353326,2.0,0,"긍정 우세
(N_p > N_n)"
2020-04-16,4.0,0.0,6.0,0.0165825907754342,4.0,1,"긍정 우세
(N_p > N_n)"
2020-04-17,1.0,0.0,1.0,0.0138038352838005,1.0,1,"긍정 우세
(N_p > N_n)"
2020-04-20,3.0,0.0,3.0,-0.0103361544808875,3.0,0,"긍정 우세
(N_p > N_n)"
2020-04-21,4.0,0.0,4.0,-0.0347517073555803,4.0,0,"긍정 우세
(N_p > N_n)"
2020-04-22,3.0,0.0,3.0,0.0280942683300975,3.0,1,"긍정 우세
(N_p > N_n)"
2020-04-23,2.0,0.0,2.0,-7.41441608484994e-05,2.0,0,"긍정 우세
(N_p > N_n)"
2020-04-24,4.0,0.0,4.0,0.0164536368050856,4.0,1,"긍정 우세
(N_p > N_n)"
2020-04-27,1.0,0.0,1.0,0.0110765427831691,1.0,1,"긍정 우세
(N_p > N_n)"
2020-04-28,3.0,0.0,3.0,-0.0140237619137321,3.0,0,"긍정 우세
(N_p > N_n)"
2020-04-29,2.0,0.0,2.0,0.0356632324051009,2.0,1,"긍정 우세
(N_p > N_n)"
2020-04-30,1.0,0.0,2.0,-0.0028223191063138,1.0,0,"긍정 우세
(N_p > N_n)"
2020-05-01,3.0,0.0,3.0,-0.0320150756368932,3.0,0,"긍정 우세
(N_p > N_n)"
2020-05-04,2.0,0.0,2.0,0.0122905726616073,2.0,1,"긍정 우세
(N_p > N_n)"
2020-05-05,4.0,0.0,5.0,0.0112976045226294,4.0,1,"긍정 우세
(N_p > N_n)"
2020-05-06,7.0,0.0,7.0,0.0051389390367915,7.0,1,"긍정 우세
(N_p > N_n)"
2020-05-07,1.0,0.0,2.0,0.0141478422326497,1.0,1,"긍정 우세
(N_p > N_n)"
2020-05-08,5.0,0.0,5.0,0.0157756701016575,5.0,1,"긍정 우세
(N_p > N_n)"
2020-05-11,4.0,0.0,4.0,0.007786102101104,4.0,1,"긍정 우세
(N_p > N_n)"
2020-05-12,5.0,0.0,6.0,-0.0206465429138307,5.0,0,"긍정 우세
(N_p > N_n)"
2020-05-13,5.0,0.0,6.0,-0.0154822673394071,5.0,0,"긍정 우세
(N_p > N_n)"
2020-05-14,0.0,0.0,1.0,0.0090881485289699,0.0,1,동률
2020-05-15,7.0,0.0,8.0,0.0079206242945659,7.0,1,"긍정 우세
(N_p > N_n)"
2020-05-18,1.0,0.0,3.0,0.0244349716804703,1.0,1,"긍정 우세
(N_p > N_n)"
2020-05-19,1.0,0.0,1.0,-0.0053850984077984,1.0,0,"긍정 우세
(N_p > N_n)"
2020-05-22,0.0,0.0,1.0,0.0042768416434775,0.0,1,동률
2020-05-26,1.0,0.0,1.0,0.0016762005701491,1.0,1,"긍정 우세
(N_p > N_n)"
2020-05-28,2.0,0.0,2.0,-0.0046077833367589,2.0,0,"긍정 우세
(N_p > N_n)"
2020-05-29,1.0,0.0,1.0,0.0129021249663585,1.0,1,"긍정 우세
(N_p > N_n)"
2020-06-01,0.0,0.0,1.0,0.0065522169146849,0.0,1,동률
2020-06-03,0.0,0.0,1.0,0.0077567992051208,0.0,1,동률
