Date,Label,Headline_and_Subtitle,Market_Return
2018-06-25,0,Semiconductor stocks drop on reported investment restrictions on China,-0.0209039158940761
2016-08-19,0,Dividend Investors: Should You Really Be Worried About Multiple Contraction?,-0.0003377803238907
2013-08-07,0,Foster Misses Q2 Earnings Estimates - Analyst Blog,-0.0032080598900006
2017-12-14,0,Steelmaker Blames Profit Warning On Rising Imports Under Trump,-0.0028025858923514
2014-11-03,0,"Goldcorp (GG) Misses Earnings, Revenue Estimates in Q3 - Analyst Blog",0.0017642798907944
2016-07-12,0,"AAR -10% as profits miss, 2017 guidance comes in low",0.0068515039295822
2016-11-17,0,"After Trump Win, Muni Investors Rack Up Losses",0.0074397093135853
2018-12-11,0,"Moody's Downgrades Acadia's (ACHC) Outlook, Affirms Ratings",0.0016110001199747
2018-08-02,0,"Lincoln's (LNC) Q2 Earnings Miss Estimates, Increase Y/Y",0.0123778788472004
2018-12-06,0,Aegion (AEGN) Down 34% Over a Year: What's Hurting the Stock?,0.0041670574569088
2014-05-22,0,American Eagle Tumbles on Dismal Earnings - Analyst Blog,0.0055184760336179
2016-11-10,0,Advanced Emissions Solutions' (ADES) CEO Heath Sampson on Q3 2016 Results - Earnings Call Transcript,-0.0080497919369295
2017-01-31,0,"Stocks Open Lower As Mastercard, Exxon, Harley Slip",0.0001924000585202
2017-11-03,0,"Ameren (AEE) Misses on Q3 Earnings, Narrows '17 Outlook",0.00737162214881
2014-11-25,0,Potash Stocks Hit Hard on Uralkali Mine Restart Reports - Analyst Blog,0.0007066121791761
2015-08-10,0,"AES misses by $0.02, misses on revenue",0.0115513637591404
2015-09-30,0,Baidu Downgraded; Valeant Soars On Analyst Move,0.022765785030294
2015-08-25,0,Deere (DE) to Rise on Improved Housing Market; Risks Remain,-0.0043655930682131
2014-03-18,0,Will Cintas Corporation (CTAS) Miss Earnings? - Analyst Blog,0.0124674028542881
2019-08-07,0,"First Majestic Silver EPS in-line, misses on revenue",0.0037736550023228
2013-05-09,0,Agrium Earnings Decline Amid Weak Fertilizer Market,-0.0012012227666691
2018-10-12,0,What A Lower CPI Tell Us On The Fed And U.S. Markets Outlook,0.022899263586769
2014-07-25,0,Will AGL Resources (GAS) Miss on Q2 Earnings This Season? - Analyst Blog,-0.0050423190343885
2016-08-03,0,"Ashford Hospitality Prime misses by $0.06, misses on revenue",0.0042840425615831
2020-03-20,0,Life Insurers Face Rating Downgrades Due to Coronavirus Fears,-0.0379074222835396
2017-01-19,0,"AK Steel, U.S. Steel slump as Citi downgrades",-0.002802520765785
2013-11-06,0,"United Fire Misses Q3 Earnings, Tops Revs - Analyst Blog",-0.0020077251563066
2011-09-22,0,Mining and Metals Crumble on Global Market Slump,-0.0325113649633056
2018-02-27,0,Amerisafe's (AMSF) Q4 Earnings Miss as Revenues Decline,-0.0122765417802969
2019-03-11,0,How To Increase Return And Control Market Risk With Momentum Stocks,0.0202371876217508
2016-11-04,0,SPY ETF Tests A Key Level As Every S&P Sector Posts A Weekly Loss,-0.0023802022158333
2014-02-10,0,Cigna (CI) in Focus: Stocks Tumbles 9.3% - Tale of the Tape,0.0054073718771454
2018-09-04,0,Market Volatility Bulletin: Will Increased U.S. Debt Levels Cause A Regime Shift For Volatility?,-0.0022553731746066
2015-08-18,0,Wall Street Breakfast: China Stock Plunge Weighs On World Markets,-0.0063534961634292
2015-06-04,0,Steel stocks drop despite filing of anti-dumping case,-0.007865866696517
2015-07-29,0,"Aflac Misses on Q2 Earnings and Revenues, Guides 2015 - Analyst Blog",0.0044250521601787
2015-02-24,0,"Tenet Healthcare Q4 Earnings Miss Estimates, Improve Y/Y - Analyst Blog",0.0014412306533018
2016-12-01,0,"Goldman bearish on Akorn, starts coverage with Sell rating; shares off 5%",-0.0136316063519631
2016-11-01,0,"Adeptus Health misses by $0.50, misses on revenue",-0.0068527844029735
2016-02-25,0,Why IBD's Your Weekly Review Column Flags Big Stock Market Winners,0.0087153273608782
2015-02-04,0,"AGCO Tops Q4 Earnings, Lags Y/Y on Production Cuts - Analyst Blog",-0.0023351619410535
2019-01-10,0,Vertical downgrades ABB to Sell on near-term worries,0.0041669415571199
2013-01-31,0,"Advanced Emissions Solutions Inc (ADES) COO C Jean Bustard sells 1,000 Shares",-5.733863873724765e-05
2018-05-14,0,"ADMA Biologics misses by $0.08, misses on revenue",0.0011400889302344
2015-08-13,0,World's Largest Gold Miner Suffers Credit Downgrade To Near Junk Status,-0.0021469549006859
2012-08-21,0,Fertilizer Stocks Drop Despite Better Crop Conditions,-0.0029094084231973
2020-04-28,0,Google Parent Alphabet Misses Profit Expectations But Stock Soars On Rebound Talk,-0.0140237619137321
2018-03-16,0,"Agenus (AGEN) Q4 Loss Wider Than Expected, Revenues Miss",3.341468591111507e-05
2019-11-04,0,Aaron's (AAN) Lags Q3 Earnings and Revenue Estimates,0.0055804400586234
2015-04-24,0,Akorn to restate financial statements; shares drop after hours,0.0071241280985234
2018-05-03,0,"AIG Q1 Earnings Miss Estimates & Fall Y/Y, Shares Decline",-0.001795547068026
2019-11-27,0,Analog Devices (ADI) Q4 Earnings & Revenues Miss Estimates,0.0066200815766057
2018-08-10,0,"Adamis Pharmaceuticals (ADMP) Reports Q2 Loss, Misses Revenue Estimates",-0.0066740232633033
2018-08-01,0,AGNC Investment lower 2.9% on pricing of common stock,0.0046273424871177
2014-04-29,0,"PartnerRe's Earnings Outshine Ests, Lag Y/Y - Analyst Blog",0.007152007023657
2015-02-18,0,"UBS downgrades LLTC, likes TXN and ADI better",0.0014471224737024
2014-01-21,0,Will Cubist Pharma (CBST) Miss Earnings? - Analyst Blog,0.0067133174294526
2019-07-16,0,Seeking Income In Emerging Market Debt,-0.0042855181533201
2015-08-26,0,Regency (REG) Downgraded to Hold on Market Concerns,0.0423943678453342
2017-01-05,0,"Aehr Test Systems misses by $0.01, revenue in-line",0.0019974331579788
2019-03-21,0,"A Fully Inverted Yield Curve, And Consequently A Recession, Are Coming To Your Doorstep Soon",0.014230840983513
2013-01-17,0,"Advanced Emissions Solutions Inc (ADES) CTO Sharon Sjostrom sells 3,000 Shares",0.0059213228077901
2019-01-10,0,"Advaxis misses by $0.19, misses on revenue",0.0041669415571199
2017-10-30,0,"Aaron's (AAN) Stock Falls on Q3 Earnings Miss, Revenues Beat",-0.0003431899027847
2015-10-21,0,"ABB misses by $0.02, misses on revenue",-0.0083692577209381
2011-10-05,0,AIR Downgraded to Neutral - Analyst Blog,0.0231576333460337
2017-09-06,0,South Africa Exits Recession: ETFs to be Impacted,0.0027825331482702
2020-04-28,0,Earnings Preview: Applied Genetic Technologies (AGTC) Q3 Earnings Expected to Decline,-0.0140237619137321
2019-11-26,0,"ADI -2.6% after Q4 misses, downside revenue outlook",0.0017885283047895
2019-11-05,0,Aaron's down 8% premarket on earnings miss and revised FY2019 guidance,0.0001754366258639
2012-08-10,0,"The Best Stocks for a Recession Generation? Apartment REITs, Rental & Rent-to-Own Stocks Like RCII, AAN & ZIP",0.0007355017235439
2018-09-13,0,What Credit/Yield-Based Models Suggest About The Odds Of A Recession Coming Soon?,0.0074777798246719
2016-06-29,0,Stock ETFs Extend Rally As Oil Nears $50 And Brexit Fears Ease,0.0186236789659639
2013-02-26,0,AGCO Downgraded to Neutral - Analyst Blog,0.0043000087745688
2017-08-03,0,"Ball Corp (BLL) Misses Q2 Earnings Estimates, Affirms View",-0.0035064098977899
2018-08-03,0,Ameren Corporation (AEE) CEO Warner Baxter on Q2 2018 Results - Earnings Call Transcript,0.0011944373400374
2015-08-18,0,"Disney, Fox Downgraded: Is It The Netflix Effect?",-0.0063534961634292
2018-04-18,0,Adtran down on Q1 earnings miss,0.0019420330072514
2019-07-25,0,"Altra Holdings EPS misses by $0.08, misses on revenue",-0.0099693517920447
2014-02-19,0,"Meadowbrook Insurance Posts Q4 Loss, Revs Down - Analyst Blog",-0.0081515059504702
2019-11-13,0,"Advanced Emissions Solutions, Inc. (ADES) CEO Heath Sampson on Q3 2019 Results - Earnings Call Transcript",-0.000470208829799
2019-05-13,0,Dow Jones Plunges on Monday,-0.034093971139442
2015-06-16,0,Stocks Rise Ahead Of Fed; Adobe Falls On Q3 Outlook,0.0050854356489553
2019-11-05,0,"Acadia Healthcare EPS misses by $0.03, misses on revenue",0.0001754366258639
2014-12-12,0,Celladon Corporation (CLDN) Falls: Stock Goes Down 8.6% - Tale of the Tape,-0.0115884032792135
2019-06-13,0,PennyMac Offers Poorly Valued And Risky Preferred Shares,0.0056988659600736
2019-06-11,0,AG Mortgage Investment Trust: Risks Are Growing,-7.670773640899853e-05
2017-03-01,0,American Eagle Outfitters (AEO) Slumps with Earnings Set for Release,0.0134907997576967
2013-10-30,0,Will Newmont (NEM) Miss Earnings Estimates? - Analyst Blog,-0.0054954710931055
2019-09-19,0,Analysts Estimate Applied Genetic Technologies (AGTC) to Report a Decline in Earnings: What to Look Out for,0.0006713322957527
2017-09-27,0,ADVISORY BOARD SHAREHOLDER ALERT: CLAIMSFILER REMINDS INVESTORS WITH LOSSES IN EXCESS OF ...,0.0114573314125026
2018-05-17,0,"Strong Product Portfolio Aids Agilent (A), Risks Persist",-0.0021396253546958
2019-08-01,0,Earnings Preview: Air Lease (AL) Q2 Earnings Expected to Decline,-0.0078650155346091
2015-04-28,0,"Alliance Holdings misses by $0.04, misses on revenue",-0.0009545137344992
2018-05-18,0,"Deere slightly lower as analysts digest earnings miss, 'tepid' guidance",-0.0038104279834666
2014-04-25,0,Cincinnati Financial's Q1 Earnings Miss Ests on Cat Loss - Analyst Blog,-0.017544316014972
2019-02-28,0,"Acadia Healthcare misses by $0.01, misses on revenue",-0.0029095177782103
2014-02-03,0,"Potash Falls on Lower Profit, Earnings Miss - Analyst Blog",-0.0260533750811743
2013-11-08,0,Microsemi Misses Q4 Earnings by a Penny - Analyst Blog,0.0160473439114754
2018-12-20,0,Acasti Pharma hits enrollment targets in late-stage studies of CaPre; shares ahead 3% premarket,-0.0163361003067341
2015-10-19,0,AES downgraded to Hold from Buy at Argus,0.0038431481560492
2018-09-07,0,"Donaldson's (DCI) Q4 Earnings Meet, Revenues Miss Estimates",-0.0025483566215209
2014-03-07,0,Will American Eagle (AEO) Miss Earnings? - Analyst Blog,-0.0036556050479055
2015-04-24,0,Will Parker-Hannifin (PH) Miss Earnings This Season? - Analyst Blog,0.0071241280985234
2015-12-03,0,High-Yield Municipal Bonds: Understanding Where Credit Risk Lives,-0.0167258923282713
2019-05-23,0,"Autodesk misses by $0.02, misses on revenue",-0.0158124875580519
2015-07-29,0,"American Tower Q2 Earnings, Revenues Lag; Outlook Revised - Analyst Blog",0.0044250521601787
2017-11-01,0,Envision Healthcare's (EVHC) Q3 Earnings Miss Expectations,-0.0016558685024852
2015-07-27,0,"Goldman cuts machinery group; downgrades MTW, TEX, NAV",-0.0095998527661144
2016-06-10,0,Stocks Open Sharply Lower; Euro Banks Under Pressure,-0.0129209963630648
2016-12-22,0,"Wal-Mart, Target, Macy's Drop Amid Tariff Talk: Investing Action Plan",-0.004388295771831
2019-07-29,0,"Kirby (KEX) Misses on Q2 Earnings, Cuts 2019 Earnings View",-0.0044272452897873
2015-08-06,0,"Agios Pharmaceuticals misses by $0.39, misses on revenue",-0.0162453260061157
2015-05-20,0,Will Deere & Company (DE) Miss Earnings Estimates in Q2? - Analyst Blog,0.0003373647278677
2017-03-08,0,The Risks Of Focusing Too Much On Dividend Yields,0.0006204443312118
2020-04-16,0,Earnings Preview: Aaron's (AAN) Q1 Earnings Expected to Decline,0.0165825907754342
2015-08-10,0,AES Corp. (AES) Lags Q2 Earnings and Revenue Estimates - Analyst Blog,0.0115513637591404
2016-06-10,0,SPY ETF Suffers Mild Weekly Loss As Stocks Retreat From 2016 Highs,-0.0129209963630648
2020-05-08,0,ACADIA's (ACAD) Q1 Earnings & Revenues Fall Shy of Estimates,0.0157756701016575
2014-08-18,0,"Target-Date Funds, ETFs: Major Investing Risks Now",0.0097156911988909
2014-05-07,0,Trex Falls on Earnings Miss - Analyst Blog,-0.0032077573440484
2015-08-07,0,hhgregg's Q1 Loss Narrower than Expected; Revenues Lag - Analyst Blog,-0.0025511827477896
2019-08-20,0,Terex Plunges 36% in a Year: What's Pulling the Stock Down?,-0.0067788688726585
2016-11-02,0,Ugly Q3 and lower guidance sinks Adeptus; shares down 63%,-0.0093159033484383
2016-03-31,0,Lindsay CEO's Bearish Remarks Move Farming Stocks Downward,0.0001150185323233
2014-07-25,0,"DTE Energy Misses Earnings Estimates, Reiterates Guidance - Analyst Blog",-0.0050423190343885
2015-09-14,0,"Chipmaker Marvell Downgraded Amid Probe, Exec Worries",-0.0034381811863567
2018-08-06,0,STAG Is A High-Risk Investment,0.0061021954127622
2013-05-09,0,AES Corp Misses Earnings - Analyst Blog,-0.0012012227666691
2019-01-30,0,Is FS KKR Capital's 12.2% Yield At Risk?,0.0220238547644153
2019-11-08,0,Mall stocks follow Gap lower,0.0048360833016478
2012-05-22,0,Can American Eagle's Earnings Soar Where Others Fell?,-0.00285538577205
2013-02-27,0,"New BDC Fund Offers High Yields, Potentially High Risks",0.0104197301421651
2017-11-21,0,High-Yield Guide To Returns With Less Risk,0.0105688536167936
2013-01-24,0,"Advanced Emissions Solutions Inc (ades) CTO Sharon Sjostrom sells 2,545 Shares",-0.0073850591975247
2015-07-06,0,"Stocks Pare Losses, Oil Slumps; Intuitive Surgical, Aetna Slide",-0.0034476533557036
2017-01-30,0,Resource Sector Digest: A New Flavor Of Country Risk,-0.0083150777817178
2015-07-29,0,Will Tyco (TYC) Miss Q3 Earnings on Currency Woes? - Analyst Blog,0.0044250521601787
2017-02-02,0,Aflac Misses Earnings Estimates - But Don't Lose Sight Of The Big Picture,-0.0011430280352092
2020-04-16,0,Dow Jones Sharply Lower After New York To Remain Shut Down To Fight Coronavirus,0.0165825907754342
2014-02-05,0,ADT - Does a Lower Stock Price Mean It's Safe to Invest?,-0.0049534593915887
2019-01-23,0,AGCO downgraded at Barclays as U.S. small farmers 'more vulnerable',0.0007706380236001
2015-04-27,0,Why AK Steel Remains A Risky Bet Ahead Of First-Quarter Earnings,-0.0062508989718638
2015-07-27,0,Will Lower AUM Drag Franklin's (BEN) Q3 Earnings? - Analyst Blog,-0.0095998527661144
2013-09-30,0,Achillion Pharma Downgraded After Hepatitis C Setback,-0.0026735069605374
2020-03-11,0,European Commission Grants AbbVie Marketing Authorization Shortening MAVIRET® ...,-0.0470024502277016
2012-02-22,0,Earnings Haul Stock Futures Lower; Dell Crumbles,-0.0052229203062296
2017-08-21,0,Xcel Energy (XEL) Hits 52-Week High on Strong Q2 Earnings,-0.0005469132234946
2015-03-09,0,"Amedisys Q4 Earnings in Line, Revenues Miss the Mark - Analyst Blog",0.0030583909591415
2017-02-27,0,"AES Corp. (AES) Misses on Q4 Earnings, Gives '17 Outlook",0.0028381460664537
2018-02-16,0,Ameren Corp's (AEE) CEO Warner Baxter on Q4 2017 Results - Earnings Call Transcript,-0.0023372320172121
2018-04-20,0,Can Catastrophe Loss Mar Chubb's (CB) Q1 Earnings Prospects?,-0.0127009412794387
2019-10-24,0,Alliance Data Systems (ADS) Lags Q3 Earnings and Revenue Estimates,0.0081294916872778
2020-03-17,0,Agency Bond ETF (AGZ) Hits New 52-Week High,0.0623049234120192
2014-10-28,0,Will Macroeconomic Challenges Hit Westport's Q3 Earnings? - Analyst Blog,0.0174679186279584
2019-07-18,0,Earnings Preview: Ares Commercial Real Estate (ACRE) Q2 Earnings Expected to Decline,0.0026914732233669
2019-10-31,0,"AAON EPS misses by $0.02, misses on revenue",-0.0013993430296747
2015-06-26,0,Falling Earnings Estimates Signal Weakness Ahead for 58.com (WUBA) - Tale of the Tape,-0.0061969872294173
2016-07-15,0,Generating 6% Yield In A 0% World - Building Exchange Traded Debt Ladders,-0.0008879939436
2014-07-28,0,"Aaron's (AAN) Slumps on Weak Q2 Earnings, Cost Savings Ahead - Analyst Blog",-0.0010450251895733
2015-06-10,0,Francesca's Shares Plunge On Light Guidance,0.0125292085256465
2020-04-30,0,Analysts Estimate Applied Optoelectronics (AAOI) to Report a Decline in Earnings: What to Look Out for,-0.0028223191063138
2013-02-22,0,"Advisory Board Company (ABCO) CEO Robert W Musslewhite sells 10,000 Shares",0.009685510162761
2014-10-29,0,Will Johnson Controls (JCI) Miss Q4 Earnings Estimates? - Analyst Blog,-0.0032995402274749
2019-03-19,0,Aerocentury misses on revenue,0.0012275895287467
2017-12-04,0,Stocks That Fell to '-Year Lows in the Week of Dec. –,-0.0105467366198075
2018-10-22,0,Arthur J. Gallagher (AJG) Q3 Earnings: What's in Store?,0.0026312282567735
2014-04-14,0,Arthur J Gallagher Prices 19M Shares - Analyst Blog,0.0057403777379014
2015-05-07,0,Will Intercept Pharmaceuticals (ICPT) Miss on Q1 Earnings? - Analyst Blog,0.0052645928612624
2013-09-25,0,Assurant Downgraded to Neutral - Analyst Blog,-0.0018974065796457
2017-12-12,0,Egypt Inflation Drops: ETFs in Focus,-0.001856015313458
2016-06-27,0,"AGCO, PACCAR downgraded at J.P. Morgan, partly on European weakness",-0.0241165084672249
2018-04-25,0,"AGNC Investment EPS in-line, misses on net interest income",-0.0005151538357498
2018-10-29,0,3 Recession-Resistant Sectors To Protect Your Portfolio From The Next Stock Market Crash,-0.0163131710264151
2014-12-30,0,Manitowoc Downgraded to Sell on Dismal Crane Outlook - Analyst Blog,-0.0061308020923653
2019-08-28,0,Stock Market Mixed Amid Recession Fears; Two Software Stocks Sell Off On Earnings,0.0038239271687106
2015-12-08,0,"Premarket Biotech Digest: Arrowhead's ARC-520 Data, Bluebird Tumbles, Gilead Looking For Acquisitions",-0.000699717194045
2018-04-18,0,ADTRAN (ADTN) Q1 Loss Wider Than Expected on Revenue Decline,0.0019420330072514
2020-04-23,0,"Landstar's (LSTR) Earnings Miss Estimates in Q1, Down Y/Y",-7.41441608484994e-05
2020-04-22,0,"HAGENS BERMAN, NATIONAL TRIAL ATTORNEYS, Encourages Aaron's (AAN) Investors with Losses to ...",0.0280942683300975
2019-06-11,0,U.S. Imports From China Plunge As Other Emerging Markets Fill The Gap,-7.670773640899853e-05
2016-12-05,0,Agios Pharma's PK deficiency candidate AG-519 shows diminishing efficacy in mid-stage study; shares slump 13%,0.0101300953001564
2015-10-07,0,"Premarket Biotech Digest: Anavex Uplisting, Discount On PCSK9 Inhibitors, Exact Sciences Plunges",0.0090115408887587
2016-12-22,0,Lindsay (LNN) Misses Earnings & Revenue Estimates in Q1,-0.004388295771831
2019-09-05,0,American Eagle (AEO) Slumps Despite Q2 Earnings & Sales Beat,0.0175444782130975
2016-08-10,0,"Affimed misses by €0.01, misses on revenue",-0.0039996138961143
2015-01-13,0,"Big 5 Falls on Dismal Sales Results, Cuts Earnings Forecast - Analyst Blog",-0.0006881373042226
2011-07-20,0,Pool Downgraded to Neutral - Analyst Blog,-0.004348116757559
2014-01-29,0,Aerospace Stocks Fall to Earth With Boeing,-0.0113544372664466
2013-01-17,0,"Advanced Emissions Solutions Inc (ADES) COO C Jean Bustard sells 2,500 Shares",0.0059213228077901
2015-07-23,0,"Crown Castle Lags Q2 Earnings, Revenues; '15 View Raised - Analyst Blog",-0.0049035172069674
2019-09-13,0,"100 Over 10% Yield, Under $10 Priced Dividend Dogs For Fall",-0.0021672867455269
2020-04-29,0,Arthur J. Gallagher & Co. Announces Regular Second Quarter Dividend,0.0356632324051009
2012-02-10,0,"3 Stocks Hitting 52-Week Highs: Akorn, Sunoco Logistics, Cincinnati Financial",-0.007976857920986
2010-06-09,0,Stocks That Rise When Broader Market Falls,-0.0053994896888924
2017-01-30,0,The Vetr community has downgraded $ADI to 2.5-Stars,-0.0083150777817178
2015-02-05,0,"Acxiom (ACXM) Misses Q3 Earnings, Revenues Down Y/Y - Analyst Blog",0.0102613904508601
2014-04-21,0,Will Xerox (XRX) Miss this Earnings Season? - Analyst Blog,0.0063556727917617
2015-02-11,0,"KKR Falls on Q4 Earnings Miss, Investment Income Down - Analyst Blog",0.0028281238096101
2015-04-20,0,Will High Expenses Hurt ACE Limited (ACE) Earnings in Q1? - Analyst Blog,0.0127316417940888
2019-01-10,0,"Aehr Test Systems EPS in-line, misses on revenue",0.0041669415571199
2016-05-11,0,Ameren's (AEE) CEO Warner Baxter on Q1 2016 Results - Earnings Call Transcript,-0.010226854433938
2012-08-06,0,"Energy Earnings: Tesco, AES Miss Revenue Targets",0.0074160215943415
2014-11-18,0,Stocks Hit New Milestones; BitAuto Rebounds,0.0067308801982979
2018-09-25,0,Are M&As Helping U.S. Markets Amid Trade War Fears?,0.001779027910268
2016-04-19,0,Apple Suppliers Downgraded On 'Modestly Lower' iPhone Demand,-0.0039697302286515
2015-12-03,0,"Express, Retail Stocks Reverse Amid Consumer Fears",-0.0167258923282713
2015-04-29,0,"Indexes Lower, Near Session Lows As Fed Announcement Nears",-0.0062862800019317
2018-08-02,0,"AllianceBernstein: As AUM Falls, A Key Market Is Neglected",0.0123778788472004
2019-02-20,0,"Verisk Analytics (VRSK) Misses on Q4 Earnings, Beats Revenues",0.0003071824941196
2019-01-30,0,AGNC Investment misses by $0.01,0.0220238547644153
2019-05-15,0,Analysts Estimate Analog Devices (ADI) to Report a Decline in Earnings: What to Look Out for,0.0113336063932381
2012-06-25,0,"Quest Software, Pharmacyclics, Other Stocks Hit 52-Week Highs Monday",-0.0194508443743378
2015-06-09,0,Managing Credit And Interest Rate Risk In The Current Market Environment,-0.0015452683304197
2012-10-26,0,Up/Downgrades,0.0006127797652355
2019-08-02,0,"Ameren (AEE) Q2 Earnings Miss Estimates, Revenues Down Y/Y",-0.013197966670708
2017-02-23,0,The Hidden Risk In The Muni Bond Market,-0.0042862486950711
2015-08-10,0,"Beacon Roofing (BECN) Misses on Q3 Earnings, Shares Fall - Analyst Blog",0.0115513637591404
2014-10-16,0,Federal Agricultural Mortgage (AGM) Falls: Stock Goes Down 5% - Tale of the Tape,0.0004911400762772
2016-11-03,0,"ACI Worldwide misses by $0.17, misses on revenue",-0.0092369058875747
2013-04-05,0,SunCoke Sees Lower 1Q Coke Yield - Analyst Blog,-0.0065488384966052
2018-11-09,0,"Adamis Pharmaceuticals (ADMP) Reports Q3 Loss, Lags Revenue Estimates",-0.0164628811504092
2018-06-19,0,A.H. Belo: The Yield Is Not Worth The Risk,-0.0027675047083631
2018-08-10,0,"ADMA Biologics misses by $0.04, misses on revenue",-0.0066740232633033
2019-09-25,0,Federal Agricultural Mortgage (AGM) Presents At Sidoti & Company Fall 2019 Investor Conference - Slideshow,0.0104770925384067
2016-12-21,0,"AAR EPS in-line, misses on revenue",-0.0022811638636932
2015-05-07,0,"American Capital Q1 Earnings Miss, Spin Off Plans Revised - Analyst Blog",0.0052645928612624
2015-06-12,0,"Agios/Celgene Leukemia Drug Scores, But Stocks Fall",-0.0061799523104089
2014-03-21,0,AAR Corp Lags Fiscal Q3 Earnings Ests - Analyst Blog,-0.0098395800271899
2014-10-15,0,Barrick Gold Reports Lossws In The Second Quarter Of This Fiscal,-0.0028033170833581
2014-01-27,0,FE Downgraded to Underperform - Analyst Blog,-0.0107940843755012
2019-06-06,0,Global X adds 20 commission-free ETFs to Ameritrade ETF Market,0.0052894106145167
2013-09-16,0,Fujifilm Downgraded to Neutral - Analyst Blog,-0.0011632521973398
2015-04-29,0,Aflac Lags Q1 Earnings on Low Revenues; Affirms 2015 View - Analyst Blog,-0.0062862800019317
2019-07-25,0,Plethora Of Warning Signs Of The Looming Global Economic Meltdown,-0.0099693517920447
2015-02-23,0,The Vetr community has downgraded $AFMD to 4-Stars,0.001008884190834
2019-02-06,0,Earnings Preview: Acco Brands (ACCO) Q4 Earnings Expected to Decline,-0.0036206434793851
2017-02-23,0,"Ashford Hospitality Trust misses by $0.06, misses on revenue",-0.0042862486950711
2016-01-14,0,Analog Devices issues FQ1 warning; shares halted,0.0196506321734235
2018-10-16,0,"Brunch, Craft Beer & Investing: Embracing Volatility & Managing Risk",0.0289002162942737
2014-07-18,0,Will Travelers (TRV) Miss Earnings Estimates This Season? - Analyst Blog,0.0157443545717679
2016-09-30,0,BDCL 17.1% Yield Is Still Attractive But Risks And Concerns Remain,0.008132260127424
2015-12-04,0,"Barclays downgrades ADI, doesn't expect Force Touch in 2016 iPads",0.0207919831429346
2015-04-30,0,Two more post-earnings mREIT downgrades,-0.0163666609482607
2015-05-22,0,"Deere Q2 Earnings Beat, Lags Y/Y on Soft Farm Economy - Analyst Blog",-0.0002809339552949
2015-04-28,0,Jacobs Misses Q2 Earnings and Revenues; Gives Guidance - Analyst Blog,-0.0009545137344992
2013-04-01,0,Aegion Lowers 1Q13 Earnings Guidance - Analyst Blog,-0.0086763348003349
2018-04-23,0,Global Supply/Demand Deficit And Falling Gold:Silver Ratio To Boost Silver Price And Selected Silver Stocks,-0.0024530459764539
2019-02-28,0,"Acme United misses by $0.01, misses on revenue",-0.0029095177782103
2017-03-23,0,The Vetr community has downgraded $AKRX to 3.5-Stars,-0.0006785364982602
2016-10-06,0,Gold's Recent Drop Stuns Investors: Is It Time For Gold Bulls To Panic?,-0.0017249599966345
2016-05-05,0,SPY ETF Faces A Key Test As Stocks And Oil Reverse Lower,-0.0018093406864211
2017-05-08,0,Stocks Open Flat; Europe Mixed After France Election; Disney Falls,0.0003115006487728
2016-12-20,0,Goldcorp Downgraded by BMO Capital,0.004855756597327
2013-11-07,0,Sun Life Q3 Earnings Fall YoY - Analyst Blog,-0.0189778288059427
2013-06-26,0,Whitestone Set to Rule Phoenix Market - Analyst Blog,0.0084620698511634
2014-10-30,0,Alliance Fiber Optic Lags Q3 Earnings on Weak Demand - Analyst Blog,0.0037171469287331
2018-08-07,0,Barrick Gold Is Downgraded Again,0.003051012246356
2019-12-11,0,"Lifshitz & Miller LLP Announces Investigation of AK Steel Holding Corporation, Carbonite, ...",0.0043952329873575
2018-11-02,0,"AcelRx Pharmaceuticals misses by $0.01, misses on revenue",-0.0103671242378056
2015-06-18,0,"Oracle Disappoints, Q4 Earnings & Revenues Miss Estimates - Analyst Blog",0.0134396696614651
2018-09-04,0,Analog Devices -1.4% after Evercore downgrade,-0.0022553731746066
2015-05-01,0,Is it a Miss for TrovaGene (TROV) This Earnings Season? - Analyst Blog,0.0129457151699581
2014-07-22,0,"Travelers Cat Loss Perpetrates Q2 Earnings Miss, Revenue Up - Analyst Blog",0.0070784059566182
2017-10-31,0,Eaton (ETN) Lags Q3 Earnings Estimates on Natural Disasters,0.004285734069902
2015-09-14,0,"Stocks Fall In Quiet Trading; Chip Names, Apple, Buffer Nasdaq 100",-0.0034381811863567
2016-09-16,0,Political Risk In The Municipal Bond Market,-0.0009753180177586
2014-08-05,0,"Vornado Q2 FFO Hurt by Toys 'R' Us Losses, Revenues Beat - Analyst Blog",-0.0070828173153058
2017-03-16,0,Trump Trade Hits Wall; Snap Hangover IPOs: Investing Action Plan,0.0001203313465143
2019-10-16,0,Alcoa reports Q3 loss but investors like portfolio review to drive lower costs,-0.0030102660757148
2016-10-26,0,Energy ETFs Bounce From Early Loss; Real Estate Trails S&P Sectors,-0.0062705612720709
2020-04-23,0,"Old Dominion's (ODFL) Q1 Earnings In Line, Revenues Lag",-7.41441608484994e-05
2013-07-16,0,Genworth Shares Hit 52-Week High - Analyst Blog,-0.0024920346996696
2013-05-14,0,HMA Downgraded to Underperform - Analyst Blog,0.0069268748858737
2017-07-14,0,Ericsson (ERIC) Q2 Earnings: Another Earnings Miss in Store?,0.0060611423159111
2019-04-22,0,"Agree Realty FFO in-line, misses on revenue",0.0021517669049018
2018-05-10,0,"Mercadolibre (MELI) Incurs Loss in Q1, Revenues Miss Mark",0.0088638766972304
2019-11-12,0,"Adamis Pharmaceuticals EPS misses by $0.02, misses on revenue",0.00257665975227
2016-03-28,0,"'Spike In Defaults': Standard & Poor's Gets Gloomy, Blames Fed",-0.0014056689928773
2016-08-10,0,"Advanced Emissions Solutions, Inc. 2016 Q2 - Results - Earnings Call Slides",-0.0039996138961143
2013-05-30,0,Alcoa Downgraded by Moody's - Analyst Blog,0.0068579356897526
2018-11-15,0,Akers Biosciences misses on revenue,0.0171851098507751
2015-04-23,0,"Chip stocks slump after TI, Xilinx, Qualcomm offer soft guidance",0.0041488444368071
2015-07-24,0,Aaron's Earnings Soar On Cost Curbs; Stock Hits High,-0.0112272966365359
2018-03-13,0,Advanced Emissions Solutions down 3% on FY results,-0.0101880337656576
2018-04-27,0,U.S. Weekly FundFlows Insight Report: Fund Flows Remain Positive For The Week In Spite Of Market Declines And Rising Yields,0.0001572804057217
2016-03-14,0,Gold ETF Slumps As Major Indexes Finish Mixed; IBB In Sell Range,0.000381084903269
2014-12-09,0,Stock Market Today: Wall Street Drops; Conn's Down 40%,0.0054380846999355
2018-07-09,0,Acadia down 5% on bearish SIRF article,0.0088197993842558
2018-07-09,0,Arthur J. Gallagher Braces Portfolio With Milne Alexander,0.0088197993842558
2019-10-25,0,"Landstar (LSTR) Q3 Earnings Miss Estimates, Decline Y/Y",0.0070024083006741
2013-06-24,0,Actuant Downgraded to Strong Sell - Analyst Blog,-0.0108690119098592
2014-10-07,0,Agco Earnings Warnings Hits Farm Equipment Stocks,-0.0156235100176139
2013-08-01,0,ViroPharma Kills Halozyme Combo Trial; Stocks Fall,0.0136141296810499
2019-02-14,0,Ameren (AEE) Misses on Q4 Earnings Estimates,0.0008854415277603
2014-07-16,0,Stocks Recover From Early Fade; Whiting Hits New High,0.0021692101079
2019-01-30,0,AK Steel double downgraded at BofA Merrill after weak guidance,0.0220238547644153
2016-02-23,0,The Advisory Board (ABCO) Robert W. Musslewhite on Q4 2015 Results - Earnings Call Transcript,-0.0146653919632793
2016-12-16,0,Steel Dynamics Is Second Steel Maker To Warn On Profit In 2 Days,-0.0036082980206304
2019-07-26,0,Will Flagship Impella Drive ABIOMED's (ABMD) Q1 Earnings?,0.0111269619908811
2018-08-03,0,"Aimco's (AIV) Q2 FFO Misses by a Whisker, Revenues Beat",0.0011944373400374
2015-06-18,0,Alliance Holdings (AHGP) Falls: Stock Goes Down 5.2% - Tale of the Tape,0.0134396696614651
2019-08-01,0,"AAON EPS misses by $0.03, misses on revenue",-0.0078650155346091
2018-02-05,0,Equity Versus Debt: A Showdown,-0.037760294268182
2019-10-23,0,Analysts Estimate Applied Industrial Technologies (AIT) to Report a Decline in Earnings: What to Look Out for,0.0019113599876994
2014-09-23,0,"Analog Devices, ON Semi Downgraded By JPMorgan",-0.00419640042624
2019-07-18,0,"Alliance Data Systems EPS misses by $0.12, misses on revenue",0.0026914732233669
2018-08-08,0,"ADT misses by $0.18, revenue in-line",0.0005923545386843
2012-07-30,0,Agree Realty: An Outsized Yield With Risk Controls,-0.004141185574485
2015-04-23,0,Is Avalonbay (AVB) Likely to Miss Q1 Earnings Estimates? - Analyst Blog,0.0041488444368071
2013-07-25,0,"Stocks Mixed, Shift Lower; Under Armour Breaks Out",0.0071487996010377
2019-01-24,0,Applied Industrial Technologies (AIT) Q2 Earnings and Revenues Lag Estimates,0.0067878597326236
2020-02-20,0,"False Alarm, Stocks Midday Plunge Prove To Be Just A Mild Overreaction",-0.0067442955151165
2015-05-06,0,"Ironwood Q1 Loss Wider-Than-Expected, Revenues Miss - Analyst Blog",-0.0039863586953727
2012-11-09,0,"Agrium Misses Ests, Profit Tanks - Analyst Blog",0.0032083516296725
2018-09-28,0,"Aceto misses by $0.44, revenue in-line",0.0005446280818617
2018-10-23,0,"Arlington Asset Investment -1.6% after Q3 miss, may consider REIT structure",-0.004162723851338
2015-08-12,0,Barrick Gold credit rating downgraded by Moody's on high debt levels,0.0015089169088462
2015-02-09,0,"Albany misses by $0.04, misses on revenue",-0.0038761776193582
2019-05-30,0,Angst hits the junk-bond ETFs,0.0027042954498417
2015-01-30,0,Luminex (LMNX) Likely to Miss Earnings Estimates in Q4 - Analyst Blog,-0.0102852238578159
2017-12-21,0,Market Volatility Bulletin: Will Jan. VX Futures Chase Spot VIX Lower?,0.0006320826967027
2016-10-31,0,"Aegion misses by $0.03, misses on revenue",-0.0001849600045158
2016-06-28,0,The Vetr community has downgraded $AAP to 2.5-Stars,0.021206104992947
2019-08-13,0,"Earnings missed, margins slide and outlook tightened for Advance Auto Parts",0.0194508112882401
2014-05-20,0,Will American Eagle (AEO) Miss Earnings Estimates? - Analyst Blog,-0.0070095136383609
2014-10-27,0,Will Access Midstream (ACMP) Miss Q3 Earnings Estimates? - Analyst Blog,0.0004928855574404
2019-01-31,0,"AGNC Investment (AGNC) Q4 Earnings Miss Estimates, NII Dips",0.0137350767605186
2016-12-15,0,Two-notch downgrade for Ares Commercial; other mortgage players cut as well,0.0037118633412069
2013-11-01,0,Magellan Midstream Lags on Earnings - Analyst Blog,0.0005944516681644
2014-01-27,0,Market Indexes Fall Yet Cut Losses,-0.0107940843755012
2016-05-10,0,"Gap, Aflac, Hasbro, St. Jude Hit With Downgrades; Presbia Rated Buy",0.0125615335670812
2018-04-30,0,Minerd warns on loan funds,-0.0075184396506495
2017-02-03,0,Levi & Korsinsky Files in U.S. District Court to Recover Losses Suffered by Investors in Aetna Inc. (AET),0.0054238357686751
2018-09-25,0,Stocks Slump as Trade Talks Cancelled,0.001779027910268
2013-02-22,0,Intuit Misses on Revenue Shift - Analyst Blog,0.009685510162761
2019-04-26,0,Applied Industrial Technologies (AIT) Q3 Earnings and Revenues Lag Estimates,0.0034143143912961
2017-08-22,0,Grainger (GWW) Hits 52-Week Low: What's Dragging it Down?,0.0135761040324602
2016-06-28,0,The Vetr community has downgraded $AEO to 3-Stars,0.021206104992947
2011-07-13,0,XL Group Downgraded - Analyst Blog,0.0053955772256635
2018-01-12,0,Aflac responds; shares remain sharply lower,0.0068333025834943
2016-12-08,0,Why Europe ETFs Stumbled Today While Japan ETFs Continue To Surge,0.004375444714215
2019-08-30,0,"AAC Holdings EPS misses by $0.40, misses on revenue",-0.0013181662662972
2019-04-24,0,Analysts Estimate Acadia Pharmaceuticals (ACAD) to Report a Decline in Earnings: What to Look Out for,-0.0023162758195487
2017-01-27,0,Bottomline Technologies Poses Risks For Investors,0.0009901734694468
2020-03-05,0,Arthur J. Gallagher (AJG) VP & CFO Douglas K Howell Sold $—.– million of Shares,-0.030993259641753
2018-02-27,0,"AES Corp. (AES) Tops Q4 Earnings Estimates, Misses on Sales",-0.0122765417802969
2019-06-17,0,"Ashford Hospitality: 6.6% Yield With A 20% Payout Ratio, What Investors Are Missing",0.006202638349253
2015-10-07,0,Deere Downgraded to Strong Sell on Looming Headwinds,0.0090115408887587
2018-10-23,0,"3M Company (MMM) Earnings, Revenues Miss Estimates in Q3",-0.004162723851338
2014-05-15,0,"Stocks Head South In Firm Trade; Arctic Cat, Bristol Myers Tumble",-0.007642690183125
2019-08-13,0,"Priya Misra Of TD Securities: 60% Chance For Recession In 12 Months, What Nonsense",0.0194508112882401
2018-07-19,0,Cheap AcelRx Options Minimize Risk And Maximize Potential Profit,-0.0037100209481686
2015-07-31,0,"Pacira Missed Q2 Earnings and Revenues, Exparel in Focus - Analyst Blog",-9.748907555884312e-05
2020-04-07,0,Arthur J. Gallagher & Co. Announces First Quarter —…—… Earnings Release And ...,-0.0032831644156512
2015-08-14,0,"Applied Materials Q3 Earnings In Line, Revenues Fall Short",0.0029164598436024
2020-04-27,0,Earnings Preview: Acadia Healthcare (ACHC) Q1 Earnings Expected to Decline,0.0110765427831691
2014-08-07,0,American Capital (ACAS) Q2 Earnings Miss on Dismal Revenues - Analyst Blog,-0.0046106452840418
2015-02-17,0,Taubman Centers (TCO) Falls: Stock Goes Down 6.5% - Tale of the Tape,0.001109594092701
2017-02-17,0,Aluminum Corp. of China (ACH) Down After Thursday Fall,0.0040723273278884
2016-10-18,0,Acadia divests 22 behavioral health facilities in UK for a loss; shares down 7% after hours,0.0084656817003969
2015-04-01,0,"Monsanto Q2 Earnings, Revenues Miss on Headwind Woes - Analyst Blog",-0.0042135091733567
2013-02-14,0,Earnings Miss at Acorda - Analyst Blog,0.0005568020576702
2013-05-15,0,Arctic Cat Q4 revenue misses,0.0026020861390985
2013-12-09,0,"HWAY and SulAmerica Join Forces, Shares Fall - Analyst Blog",0.0015335260968065
2019-10-23,0,Arthur J.Gallagher Q3 2019 Earnings Preview,0.0019113599876994
2015-04-23,0,Will Silicon Motion (SIMO) Q1 Earnings Lag on Seasonality? - Analyst Blog,0.0041488444368071
2012-11-28,0,"Futures Lower on Concern over Fiscal Cliff Talks. Stocks to Watch: AEO, ADI, AAPL, GMCR, GES, JASO, MCK, PVH",0.008083452642746
2019-05-08,0,"3D Systems (DDD) Q1 Loss Widens, Revenues Miss Estimates",-0.0025666195374799
2012-11-09,0,Advance Auto Meets but Profits Fall - Analyst Blog,0.0032083516296725
2015-03-31,0,Strong Dollar Hurts Profit Forecasts In Long Term,-0.009410939626387
2019-02-14,0,"Ameren misses by $0.04, misses on revenue",0.0008854415277603
2013-12-02,0,Select Medical Downgraded to Strong Sell - Analyst Blog,-0.0036035171395275
2018-08-29,0,"Stocks Mixed; This Hot IPO Stock Stumbles, But PayPal Breaks Out",0.0099189919298396
2015-12-14,0,Fear grips mortgage REIT investors,0.0038025496877545
2018-03-12,0,Investor appetite for passive bond strategies fueling a debt bubble - BIS,0.0036384680228451
2016-06-17,0,Exchange Traded Debt - Strong Income For Yield-Starved Investors Or Looming Overreach?,-0.0092014065957456
2012-06-05,0,"Pharmacyclics, AuthenTec, Other Stocks Hit 52-Week Highs Tuesday",0.0065579826131816
2016-11-21,0,Fast Dollar Move Implies Stock Market Risk,0.0088978691652723
2018-05-15,0,"Agilent (A) Reports In-Line Q2 Earnings, Misses on Revenues",-0.0080538882172099
2012-05-17,0,"Auto Parts, Dollar Stores Tumble After Earnings",-0.0209983496527542
2019-07-24,0,Arthur J.Gallagher Q2 2019 Earnings Preview,0.0084954802889756
2015-07-30,0,MetLife Q2 Earnings Beat on Lower Expenses; Revenues Miss - Analyst Blog,0.0033354274878847
2012-09-13,0,5 Stocks That Dropped the Most Since Gurus Bought Them,0.0133320121471778
2015-08-06,0,"AAON misses by $0.03, misses on revenue",-0.0162453260061157
2015-10-02,0,SHAREHOLDER ALERT: Pomerantz Law Firm Reminds Shareholders With Losses on Their Investment in ...,0.0174407413895354
2014-10-21,0,Will Northern Trust (NTRS) Miss Earnings This Season? - Analyst Blog,0.0239593334819874
2014-02-24,0,Valmont (VMI) Falls: Stock Goes Down 6.1% - Tale of the Tape,0.0069334306366033
2019-10-23,0,Analysts Estimate AK Steel (AKS) to Report a Decline in Earnings: What to Look Out for,0.0019113599876994
2015-05-19,0,"Stocks End Mostly Unchanged; Red Robin Soars, Oil Plunges",-0.001656051139136
2015-04-27,0,Nasdaq Leads Market Lower As Medical Stocks Tumble,-0.0062508989718638
2019-07-19,0,"Watsco's (WSO) Q2 Earnings & Revenues Lag, Margins Fall",-0.0074020009485717
2014-02-05,0,Lower Storm Rev Erodes Pike's Q2 Earnings - Analyst Blog,-0.0049534593915887
2019-07-22,0,What's in Store for Arthur J. Gallagher (AJG) in Q2 Earnings?,0.0070765952457958
2020-05-08,0,ProAssurance (PRA) Misses Q1 Earnings & Revenue Estimates,0.0157756701016575
2017-12-21,0,"AAR misses by $0.01, revenue in-line",0.0006320826967027
2015-09-15,0,Chip Stocks Up Despite Falling Semiconductor Billings,0.0113947131310938
2015-02-04,0,"Humana Misses Q4 Earnings Expectations, Improves Y/Y - Analyst Blog",-0.0023351619410535
2014-11-04,0,Will ARIAD (ARIA) Miss This Earnings Season? - Analyst Blog,-0.0032917256460931
2013-12-09,0,"AEO Q3 Earnings Decline Y/Y, Shares Fall - Analyst Blog",0.0015335260968065
2019-03-19,0,"Advanced Emissions Solutions, Inc. 2018 Q4 - Results - Earnings Call Slides",0.0012275895287467
2018-10-30,0,"ACCO Brands misses by $0.01, misses on revenue",0.0157950754740947
2019-11-01,0,"Agios' (AGIO) Q3 Loss Narrower Than Expected, Revenues Miss",0.0113405634916456
2014-09-11,0,Stocks Show Modest Losses; Biotechs Pressured Again,0.001153388416484
2015-04-22,0,ADTRAN (ADTN) Misses Q1 Earnings and Revenue Estimates - Analyst Blog,0.0042021147979471
2019-05-01,0,"Aegion misses by $0.04, misses on revenue",-0.0056513644465989
2017-08-04,0,Will Expenses Hit Envision Healthcare (EVHC) Q2 Earnings?,0.0017696551163279
2016-02-04,0,"Dollar Plunges, Gold And Oil Soar, Stocks Utterly Confused - Bezek's Daily Briefing",0.001181070267556
2018-08-13,0,U.S. Likely To Follow Global Stocks Lower As Turkish Lira Tumbles (Wall Street Breakfast Podcast),-0.0024747583184948
2019-10-31,0,"Selective Insurance (SIGI) Q3 Earnings Miss, Decline Y/Y",-0.0013993430296747
2015-10-13,0,10 Strategic Dividend Dogs Average 4% Yields For Fall,-0.0086863813488725
2015-02-26,0,"Wright Medical Q4 Loss Narrower than Expected, Revenues Lag - Analyst Blog",0.0041774541142114
2011-07-27,0,Lower Revenue Hurts DST 2Q - Analyst Blog,-0.0264686555123775
2019-10-24,0,"Alliance Data (ADS) Misses Q3 Earnings Estimates, Cuts View",0.0081294916872778
2016-03-16,0,"Gold ETF, Mining Stocks Leap Post-Fed; Dollar ETF Slumps",0.0074651632598523
2019-06-28,0,Nike's 4th-Quarter Earnings Miss Expectations,0.0048295217077221
2018-01-25,0,Will Weak Japan Business Hurt Aflac's (AFL) Q4 Earnings?,-0.0005259434600574
2013-01-29,0,Lower prices steal Q4 profits,-0.000202940972273
2016-02-18,0,"Agios Pharmaceuticals misses by $0.58, misses on revenue",-0.0102601242440706
2019-10-08,0,Weekly Review: High-Yield CEFs - The Recession Worries Left The Sector In Negative Territory,-0.0166547792068505
2020-02-28,0,Dow Sees Biggest Fall Ever As Stocks Enter Correction Territory,0.0001038522694056
2014-11-10,0,Healthcare Stocks Hit on Obamacare Challenge - Analyst Blog,0.0041209302296165
2014-04-23,0,Will Celgene (CELG) Miss this Earnings Season? - Analyst Blog,-0.008287895694659
2016-05-10,0,"Aerocentury misses by $0.03, misses on revenue",0.0125615335670812
2018-04-26,0,Will Lower Seasonal Demand Impact Aegion (AEGN) Q1 Earnings?,0.0164112227980863
2018-02-07,0,"AGCO Corp (AGCO) Misses on Q4 Earnings, Issues 2018 View",-0.0089799017684506
2016-02-09,0,"Transportation, Jets ETFs Speed Up As Oil Falls Below $28",-0.0034993252115552
2014-05-06,0,Will Duke Energy (DUK) Miss this Earnings Season? - Analyst Blog,-0.0138470800367256
2017-12-07,0,A Diversified Portfolio Is Riskier Than You Think,0.005380448199189
2016-05-19,0,Rough day for lodging REITs; RLJ downgraded,-0.0056108162219425
2015-08-24,0,AutoZone (AZO) Falls: Stock Goes Down 5.1%,-0.0382041031462019
2019-10-18,0,Asanko Gold hits record quarterly production in Ghana,-0.0082519670936567
2014-11-06,0,"ProAssurance Q3 Earnings Miss Estimates, Down Y/Y - Analyst Blog",0.0038413925047828
2018-11-01,0,American Eagle Outfitters -3% after downgrade,0.0175420082348631
2013-12-18,0,Tenet Downgraded to Underperform - Analyst Blog,0.011526793318825
2018-04-25,0,"U.S. Fixed Income: Looking At U.S. High Yield, By Default",-0.0005151538357498
2019-08-15,0,Adecoagro misses on revenue,-0.0009415848686664
2019-11-01,0,"Arbor Realty Trust FFO in-line, misses on net interest income",0.0113405634916456
2015-07-20,0,Will SL Green's (SLG) Q2 Earnings Lag on Expense Worries? - Analyst Blog,0.0016736069153009
2017-07-31,0,Dow Jones Hits a New Record High,-0.0041664927276912
2016-11-09,0,"Advanced Emissions Solutions, Inc. 2016 Q3 - Results - Earnings Call Slides",0.0110868774649153
2015-10-08,0,Dividend Ideas: Superior Returns From Shrinking Shares,0.0040992532312842
2015-04-28,0,"AFLAC EPS in-line, misses on revenue",-0.0009545137344992
2019-01-24,0,Analysts Estimate Arthur J. Gallagher (AJG) to Report a Decline in Earnings: What to Look Out for,0.0067878597326236
2018-07-02,0,Why You Should Retain Arthur J. Gallagher in Your Portfolio,0.0076415240684439
2014-01-27,0,"Nasdaq, S&P 500 Pare Losses, Dow Turns Positive",-0.0107940843755012
2017-08-04,0,Acxiom (ACXM) Misses Earnings & Revenues Estimates in Q1,0.0017696551163279
2018-11-28,0,Global Debt Increase 2018 Vs. Gold Investment: Must See Charts,0.0294929395113672
2014-10-15,0,Stocks Pare Losses; Netflix Plunges After Hours,-0.0028033170833581
2015-01-09,0,Astoria Financial and Webster Financial slump after downgrades,-0.0067818473466803
2015-05-19,0,Will Ross Stores (ROST) Miss Earnings Estimates in Q1? - Analyst Blog,-0.001656051139136
2015-06-26,0,Michael Kors Hits 52-Week Low: What is Worrying Investors? - Analyst Blog,-0.0061969872294173
2015-01-02,0,Stocks Reverse Lower; Apple Plunges Below Support,-0.0019509393850979
2013-07-03,0,Actuant Downgraded to Underperform - Analyst Blog,0.0029912098279722
2014-02-24,0,"Retail Discounting Can Be Hard To End, Risking Profit",0.0069334306366033
2018-10-25,0,"AK Steel misses by $0.03, misses on revenue",0.0295340645279438
2016-08-17,0,The Vetr community has downgraded $AFL to 2.5-Stars,0.0002965870259663
2015-07-01,0,High Yield Bonds Remain Attractive Despite Risks And Concerns,0.0052638226749737
2015-03-16,0,Citi Trends Plunges Despite Strong Q4 Earnings and Sales - Analyst Blog,0.0118540327886202
2019-09-11,0,When To Expect Stocks To Fall If The Yield Curve Is Still Relevant,0.0105787141618085
2018-12-06,0,Sempra Energy to Gain From Investments Amid Operational Risks,0.0041670574569088
2020-05-05,0,AIG Earnings and Revenues Fall Short of Estimates in Q1,0.0112976045226294
2015-03-02,0,MBIA's Valuation And Puerto Rico Risks - Clarity Is Coming,0.0089795597949851
2016-03-21,0,"Biotech Forum Daily Digest: Biotech Continues To Lag, Gilead's Cancer Efforts Get Major Setback, Spotlight On Cara Therapeutics",0.0027567097500775
2015-02-25,0,American Capital Q4 Earnings Miss Estimates on High Costs - Analyst Blog,-0.0001972537792231
2019-05-23,0,"Dow Jones Futures: Investors Fear Long China Trade War; Boeing, Splunk Move Late",-0.0158124875580519
2018-08-07,0,AES (AES) Misses Q2 Earnings and Revenue Estimates,0.003051012246356
2019-11-26,0,Retirement: Layering In Recession Resistance To Your Income Portfolio,0.0017885283047895
2011-10-25,0,"Aaron's Misses, Profits Up - Analyst Blog",-0.0226046961057641
2017-03-08,0,Silver Producers: It Looks Like Investors Are Missing Something,0.0006204443312118
2015-05-18,0,"Akers Biosciences Down on Wider Q1 Loss, Sales Fall Y/Y - Analyst Blog",0.0059722999491822
2013-11-01,0,Enterprise Lags on Earnings & Revenues - Analyst Blog,0.0005944516681644
2015-10-16,0,"Winnebago's (WGO) Q4 Earnings Miss Estimates, Decline Y/Y",0.0034064687413681
2015-07-22,0,Will Simon (SPG) Lag Q2 Earnings on High Online Shopping? - Analyst Blog,-0.0069795044734644
2015-01-13,0,"9 High Rated, Lower Debt Dividend Stocks With A Reasonable Payout",-0.0006881373042226
2017-12-22,0,AAR Corp (AIR) Misses Earnings and Revenue Estimates in Q2,-0.0007752510207285
2013-04-29,0,"DST Misses 1Q Earnings, Revs Beat - Analyst Blog",0.0084653274467274
2015-02-12,0,"Advance Auto Parts misses by $0.11, misses on revenue",0.0117532951136993
2016-06-13,0,Volatility ETN Spikes As Fear Tightens Grip; Social Media Stocks Pop,-0.0094206546303994
2016-11-29,0,Six steel stocks downgraded at Macquarie,0.0020693343888125
2019-09-25,0,How High Yield May Reduce Portfolio Risk,0.0104770925384067
2019-08-01,0,"Quanta Services (PWR) Misses on Q2 Earnings, Tweaks View",-0.0078650155346091
2017-03-07,0,Stocks Open Lower; Dish Network Jumps On Move To S&P 500,-0.0026072029825894
2018-08-09,0,Semi stocks slip after Morgan Stanley downgrade,0.0004373177842564
2019-03-05,0,"Adamas Pharma down 29% premarket on slow Gocovri ramp, downgrades",-0.0001596766464141
2016-06-17,0,Fear The Zombies: High Yield Lives!,-0.0092014065957456
2018-10-23,0,"Hexcel (HXL) Q3 Earnings Match Estimates, Revenues Miss",-0.004162723851338
2013-10-25,0,ABB Q3 Earnings Miss by a Penny - Analyst Blog,0.0036651293542169
2020-05-08,0,Ares Commercial Real Estate (ACRE) Misses Q1 Earnings Estimates,0.0157756701016575
2017-03-14,0,Advanced Emissions Solutions' (ADES) CEO Heath Sampson on Q4 2016 Results - Earnings Call Transcript,-0.0032267991025459
2013-06-24,0,Cigna Shares Hits 52 Week High - Analyst Blog,-0.0108690119098592
2012-12-19,0,"Advanced Emissions Solutions Inc (ADES) CTO Sharon Sjostrom sells 1,000 Shares",-0.0033294555226032
2010-07-14,0,Retail Sales Send Stocks Tumbling,0.0034834763547744
2012-02-10,0,Stocks Post Worst Losses for the Year on Greek Drama,-0.007976857920986
2014-11-03,0,Will Ameren Corp (AEE) Miss on Earnings This Season? - Analyst Blog,0.0017642798907944
2019-03-14,0,"Agenus misses by $0.12, misses on revenue",-0.0016353956865416
2014-05-19,0,Falling Earnings Estimates Signal Weakness Ahead for Aixtron (AIXG) - Tale of the Tape,0.0086099975667048
2019-08-28,0,BofAML turns bearish after Autodesk earnings,0.0038239271687106
2017-10-24,0,Cincinnati Financial (CINF) Q3 Earnings: Cat Losses to Hurt?,0.0017611047375845
2018-03-15,0,"Agenus misses by $0.06, misses on revenue",-0.0020101648702537
2020-04-08,1,"Mountain Pacific Investment Advisers Inc Buys Assurant Inc, Vanguard Short-Term Government Bond ...",0.025818870275615
2015-02-09,1,"Aaron's Rises on Q4 Earnings Beat, Initiates 2015 View - Analyst Blog",-0.0038761776193582
2014-09-18,1,Six Leading Stocks Still In Buy Range After Breakouts,0.0068476400097823
2016-11-25,1,Tracking Ole Andreas Halvorsen's Viking Global Portfolio - Q3 2016 Update,0.0033898588092724
2015-07-06,1,"Well, so much for the merger-stoked upside; Aetna down 6% on high volume",-0.0034476533557036
2015-06-08,1,Beat The S&P 500 With These 5 Top Dividend Stocks,-0.0092395083488708
2020-04-17,1,"Golden State Wealth Management, LLC Buys iShares Core U.S. ...",0.0138038352838005
2015-08-04,1,Amedisys (AMED) Up 9% on Q2 Earnings and Revenue Beat - Analyst Blog,-0.0019216711857567
2016-08-04,1,Stocks Turn Negative; Europe Rallies On BOE Vote; Monster Beverage On Deck,0.0012616459994692
2015-08-18,1,New Strong Buy Stocks for August 18th,-0.0063534961634292
2014-03-24,1,"Selling Pressure Builds In Leading Growth Stocks, Nasdaq",-0.0117845163974422
2013-09-23,1,"Concur to Invest in Visage, Shares Up 0.6% - Analyst Blog",-0.0025008256100685
2018-02-06,1,"Tradition Capital Management Llc Buys iShares MSCI EAFE, SPDR S&P 5……, International ...",0.0212916345147597
2015-02-19,1,Antibiotic developers up premarket on superbug exposure in Los Angeles,0.0037380731422713
2019-02-19,1,Analog Devices Just Within Buy Range As Quarterly Report Nears,0.0019217177565178
2017-10-19,1,Top Ranked Value Stocks to Buy for October 19th,-0.0028909652764995
2018-02-16,1,Is a Beat in Store for MINDBODY (MB) This Earnings Season?,-0.0023372320172121
2018-08-28,1,Dollar General (DG) Q2 Earnings: Solid Comps to Fuel Results,0.0015141292441429
2019-04-29,1,"Global IGBT And Super Junction MOSFET Market —…–9 : Consumption Growth Rate, Market ...",0.0018965672564215
2017-12-29,1,A 2017 Year-End Portfolio Of Bounce Candidates Expected To Outperform In January,-0.0067293441416873
2018-03-26,1,Stocks To Watch: AAR Sees Relative Strength Rating Rise To 81,0.0325869974892794
2019-04-18,1,Advaxis (ADXS) Stock Sinks As Market Gains: What You Should Know,0.0002476188894313
2018-05-01,1,"AGCO beats by $0.23, beats on revenue",0.0091179894913673
2019-12-13,1,"Top Undervalued Companies Owned by Activist Investors, Part –",0.0020143312030556
2020-02-06,1,"Stevens Capital Management Lp Buys VanEck Vectors Gold Miners ETF, Walmart Inc, Digital Realty ...",0.0066750279966247
2011-12-16,1,"Zacks Releases Four Powerful ''Buy'' Stocks: Oil States International, American Campus Communities, Treehouse Foods and CAI International - Press Releases",0.0056355812469608
2018-11-29,1,Why Is American Financial (AFG) Up 4% Since Last Earnings Report?,-0.0025385088878614
2018-08-06,1,American Equity Investment (AEL) Surpasses Q2 Earnings and Revenue Estimates,0.0061021954127622
2016-09-09,1,What I Don't Want as a Dividend Growth Investor,-0.0253960134299904
2016-12-06,1,"This Small Industry Group Is Big In New Highs, Stocks In Bases",0.0045414131127887
2018-12-10,1,Generics under pressure on expanded price-fixing investigation,0.0073566050193707
2018-10-30,1,Under Armour leads the consumer gainers; earnings related stock dominate losers,0.0157950754740947
2015-02-12,1,"American Equity beats by $0.09, beats on net investment income",0.0117532951136993
2020-02-20,1,"Cyber Security Market, Size, Growth, Share, Trade Analysis, Current Trends —…—8|Top Key ...",-0.0067442955151165
2020-02-13,1,New Strong Buy Stocks for February 13th,-0.0014384425219915
2019-11-05,1,Acorda (ACOR) Q3 Earnings and Revenues Surpass Estimates,0.0001754366258639
2018-08-09,1,"Suncoast Equity Management Buys Microsoft Corp, The Home Depot Inc, iShares U.S. ...",0.0004373177842564
2014-08-07,1,"Plains All American Beats on Q2 Earnings, Loses on Y/Y Fall - Analyst Blog",-0.0046106452840418
2019-10-25,1,"Sage Rhino Capital Llc Buys ishares Gold Trust, Apple Inc, Barrick Gold Corp, Sells Aramark, ...",0.0070024083006741
2013-02-01,1,"Stocks Jump After January Jobs Report; Dow Tops 14,000",0.0117659728345342
2018-07-19,1,Is Abaxis (ABAX) Outperforming Other Medical Stocks This Year?,-0.0037100209481686
2019-01-28,1,Xcel Energy (XEL) to Report Q4 Earnings: Is a Beat in Store?,-0.0110511146080864
2017-02-27,1,5 Stocks to Buy for the Post-Obamacare Era,0.0028381460664537
2017-02-01,1,"Stocks Salvage Gains In Session Stirred By Apple, AMD, Facebook, Fed",0.0049618708958709
2018-01-09,1,How I Beat The Market In 2017,0.0008648321927422
2018-11-01,1,"54 Top Nasdaq October Dividend Dogs By Yield, Upside And Net Gains",0.0175420082348631
2020-04-20,1,"Puplava Financial Services, Inc. Buys SPDR Select Sector Fund - Technology, iShares Core U.S. ...",-0.0103361544808875
2019-08-19,1,"Global Vacuum Interrupters Market Competitive Strategies, Regional Analysis with a CAGR of 6. ...",0.0135283632638896
2020-01-16,1,FPA Capital Fund Buys 4 Stocks in 4th Quarter,0.0106310481410589
2020-03-09,1,CRAI vs. ACN: Which Stock Should Value Investors Buy Now?,-0.0728740234369439
2018-03-05,1,Brown-Forman (BF.B) Q3 Earnings: Is Beat in Store Again?,0.0100359806077965
2018-05-02,1,"Stock Market Mixed as Apple Earnings, Fed Meeting In Focus; Shutterfly Gaps Up",-0.0041791538211548
2020-01-30,1,Tall Oil Fatty Acid (TOFA) Market (PDF) [Review: —…—…-—…—9] | Top Players – ...,0.002562708443798
2018-09-24,1,Top Foreign ETFs of Q3,0.0007875385745343
2018-07-26,1,"FDA accepts ADMA Bio's Bivigam application amendment, action date October 25; shares up 18%",-0.0100929946935801
2019-10-11,1,Rising Real Yields Weigh On Gold And Silver In The Short-Term - David Brady (10/10/2019),0.0133647587755647
2015-02-18,1,Analog Devices (ADI) Beats on Q1 Earnings and Revenues - Analyst Blog,0.0014471224737024
2016-12-02,1,Why Rising Rates Are Good For High Yield Credit,0.00086458656945
2019-10-09,1,AES vs. UTL: Which Stock Should Value Investors Buy Now?,0.0102201814742353
2015-05-13,1,Mid-May REITs: Yields To 18%; Upsides To 38%; Gains To 44%,0.0011052632766759
2013-11-12,1,Stocks with Over 20% Upside Price Targets - Screen of the Week,3.313514530267625e-05
2014-10-01,1,Stocks Sell Off On Europe Worries; Growth Names Slammed,-0.0158678171267844
2020-05-06,1,Earnings Season Preview: Amerisourcebergen Near Buy Zone With EPS Due,0.0051389390367915
2017-10-24,1,Can Higher Revenues Drive CME Group's (CME) Q3 Earnings?,0.0017611047375845
2015-01-07,1,REIT Market Update For 2015,0.0125698335901216
2018-07-09,1,"Market Volatility Bulletin: Trade Concerns Fade, Stocks Make Another Try For S&P's Upper Range",0.0088197993842558
2019-11-08,1,MRA Associates USA LLC Buys iShares Core U.S. ...,0.0048360833016478
2019-07-22,1,Arch Capital Group (ACGL) Earnings Expected to Grow: What to Know Ahead of Next Week's Release,0.0070765952457958
2012-03-13,1,Stocks Up Ahead Of Fed Release; VMware And GNC Break Out,0.0188426202580771
2018-01-31,1,AK Steel's (AKS) Earnings and Revenues Beat Estimates in Q4,0.0012158087591922
2014-01-28,1,U.S. Steel Beats Q4 Earnings - Analyst Blog,0.0035140116558984
2019-06-12,1,SIL: Silver Miners Performance And Valuation Update - June 2019,-0.0038158316315164
2017-03-01,1,"Portfolio Update: Something Old, Something New, Nothing Borrowed, But Oh, Was I Blue",0.0134907997576967
2013-09-25,1,"Neogen Meets Earnings Ests, Shares Up 2% - Analyst Blog",-0.0018974065796457
2020-05-14,1,"Penn Mutual Asset Management, LLC Buys iShares U.S. ...",0.0090881485289699
2019-02-14,1,Acorda Therapeutics (ACOR) Tops Q4 Earnings and Revenue Estimates,0.0008854415277603
2018-01-31,1,"Market Volatility Bulletin: Equities Try To Regroup, While The VIX Term Structure Steepens Out",0.0012158087591922
2016-10-26,1,"AllianceBernstein beats by $0.02, beats on revenue",-0.0062705612720709
2010-06-14,1,Stocks Under $10 Near Trend Line Support,0.0001603954651392
2015-09-04,1,Revelations From An Investigation Into Silver Supply And Demand,-0.0104742955793809
2012-08-27,1,8 Stocks Surging on Big Volume,0.0011075357925092
2016-03-07,1,Remain Bullish on Gold Amid Economic Slowdown,-0.0018592288128812
2011-04-21,1,Nucor Adds to Bullish Earnings Train,0.0062978909200135
2020-02-28,1,Man-portable Communication Systems Market (New PDF) [Review: —…—…-—…—9] | Top ...,0.0001038522694056
2019-09-26,1,Should First Trust Mid Cap Growth AlphaDEX Fund (FNY) Be on Your Investing Radar?,-0.0057840199718615
2016-11-01,1,"Armada Hoffler Properties beats by $0.02, beats on revenue",-0.0068527844029735
2017-08-09,1,Amerivest Investment Management LLC Buys iShares Core U.S. ...,-0.0028459299522591
2019-10-18,1,"Newly-Introduced Digital Pen Market Research Report | Anoto Group AB (publ), Livescribe, Wacom",-0.0082519670936567
2019-04-22,1,"MHI Funds, LLC Buys Cummins Inc, Magna International Inc, Citizens Financial Group Inc, Sells ...",0.0021517669049018
2018-01-30,1,Will Improved Top Line Aid CME Group's (CME) Q4 Earnings?,-0.008575597858458
2019-07-31,1,FTI Consulting (FCN) Beats on Earnings and Revenues in Q2,-0.0118679059703309
2019-12-05,1,"Brandes Investment Buys Halliburton Co, Takeda Pharmaceutical Co, Netgear Inc, Sells UBS Group ...",0.0004704597555706
2020-02-19,1,Household Vacuum Cleaners Market is Expected to Grow High CAGR of 4.7% by —…——,0.0086758149392263
2019-10-23,1,"Amphenol (APH) Q3 Earnings Beat Estimates, Revenues Down Y/Y",0.0019113599876994
2020-02-11,1,"SCS Capital Management LLC Buys Vanguard Short-Term Inflation-Protected Securities, SPDR ...",0.0010957991559588
2018-08-30,1,"Long Term, Stocks And Gold Beat Stocks And Bonds",-0.0026301965030861
2020-02-20,1,"Liquid Elastomeric Market —…—… Share, Size, Future Demand, Research, Top Leading ...",-0.0067442955151165
2020-02-24,1,"Medical Device Sector Market Growth Analysis By Size, Share, News, Demand, Opportunity During ...",-0.0371018886795477
2018-02-27,1,"Sun Hydraulics (SNHY) Tops on Q4 Earnings, 2018 View Solid",-0.0122765417802969
2020-02-10,1,"Smart Toys Market Analysis By Industry Size, Share, Key Drivers, Growth Factors, Demands, ...",0.011331313707803
2020-02-26,1,"Battery Recycling Market: Business Opportunity, Global Trend, Future Growth, Key Findings and ...",0.0016920121754293
2014-08-01,1,Critical Investor John Hussman's Top Five Q2 Holdings,-0.0039200879533558
2019-12-05,1,ACADIA Pharma up 10% premarket on positive pimavanserin data,0.0004704597555706
2015-07-08,1,Will Santander Consumer (SC) Fail Fed's Stress Test Again? - Analyst Blog,-0.0175489540682678
2014-10-06,1,Gannet Boosts Digital Portfolio with Cars.com Acquisition - Analyst Blog,-0.0046519391625854
2020-05-05,1,"New England Investment & Retirement Group, Inc. ...",0.0112976045226294
2019-01-31,1,Allegiant (ALGT) Stock Up 3% on Q4 Earnings & Revenue Beat,0.0137350767605186
2019-06-20,1,"Regardless Of Fed Decision, Buy Bonds Through AGG",0.008015206720173
2019-11-18,1,Agilent Technologies (A) Earnings Expected to Grow: Should You Buy?,0.0010666822169702
2018-04-19,1,"ABB Reports In-Line Earnings in Q1, Tops Revenue Estimates",-0.0078380113531859
2016-07-29,1,Dividend Growth Stocks for Intelligent Investors,0.0013869893522069
2017-08-02,1,"Herbalife (HLF) Q2 Earnings Top, New FTC Rules Raise Concern",-4.558255541786682e-05
2019-02-04,1,Best Dividend-Paying Stocks for Dividend Growth Investors,0.0115186423387476
2015-01-28,1,ADT Beats Q1 Earnings on Solid Execution of Operations - Analyst Blog,-0.0092939796272562
2015-04-17,1,Advaxis files to sell up to $200M in stock; shares -6%,-0.0151723574423208
2018-06-22,1,Arthur J. Gallagher Boosts Service Portfolio With Buyout,-0.0026099443901483
2019-11-14,1,"HHR Asset Management, LLC Buys Microsoft Corp, PVH Corp, Everbridge Inc, Sells Netflix Inc, ...",-0.0003631268514691
2014-05-27,1,"AutoZone: In-Line Q3 Earnings, Up Y/Y - Analyst Blog",0.0122460801869783
2018-02-02,1,"Omnia Family Wealth, LLC Buys Alerian MLP, iShares Core MSCI Emerging Markets, Citigroup Inc, ...",-0.0196198778004396
2015-08-31,1,Can Google Serve Up More Transparency To Investors?,-0.0107304529277186
2018-04-09,1,Valuation Dashboard: Utilities - Update,0.0050946378532348
2014-02-25,1,Revenue Growth: Focus On Healthcare Stocks,-0.0012532980254897
2020-04-01,1,"HAGENS BERMAN, NATIONAL TRIAL ATTORNEYS, Updates AAN, ALGN, ALLK, CCI Investors, Encourages ...",-0.0440929358352877
2013-02-25,1,4 Stocks Rising on Unusual Volume,-0.0144126064653073
2020-01-17,1,"Comprehensive Portfolio Management, LLC Buys Uber Technologies Inc, Vanguard FTSE Emerging ...",0.0033996051431786
2015-09-10,1,"Markel Boosts Insurance Linked Securities, to Buy CATCo",0.0083506708961869
2019-04-16,1,Automatic Data Processing And Paychex: Overvalued Dividend Stocks To Buy On A Pullback,0.0030366330477846
2014-08-05,1,Drugmaker Q2 Profits Robust,-0.0070828173153058
2013-03-07,1,"American Financial Group Inc (AFG) Co-CEO & Co-President S Craig Lindner sells 60,000 Shares",0.0030164041837654
2018-05-09,1,"DXP Enterprises (DXPE) Q1 Earnings Lags Estimates, Up Y/Y",0.0100469601738566
2017-02-02,1,Cigna (CI) Beats Earnings and Revenue Estimates in Q4,-0.0011430280352092
2018-10-15,1,Can A Dividend Growth Portfolio Beat Index Funds?,-0.0088236456900651
2019-04-01,1,"2019 First Quarter Update, 10% High Yield Stocks Massive-Recovery",0.0128847472088291
2019-05-01,1,Why the Earnings Surprise Streak Could Continue for Agilent (A),-0.0056513644465989
2014-04-28,1,Will International Paper (IP) Surprise This Earnings Season? - Analyst Blog,-0.000284661796985
2020-03-17,1,"Fibrinogen Deficiency Drug Market Trends, Share, Size, Growth, Supply and Manufacturers ...",0.0623049234120192
2013-05-24,1,Why Stocks Are Primed to Move Higher,-8.09468937564839e-05
2020-01-30,1,"Explosive Growth In Global Liquid Handling System Market —…—…| Danaher,Thermo Fisher ...",0.002562708443798
2018-08-08,1,"Us Bancorp de Buys Schwab U.S. TIPs, iShares Floating Rate Bond, Arthur J. ...",0.0005923545386843
2018-12-26,1,Medallion Financial and Altisource Asset Management among financial gainers; X Financial and U.S. Global Investors losers,0.058363412730326
2015-04-29,1,"AAC Holdings beats by $0.05, beats on revenue",-0.0062862800019317
2019-10-22,1,"LVZ Advisors, Inc. Buys iShares Core U.S. ...",-0.0071898199069686
2020-04-30,1,Air Lease (AL) Earnings Expected to Grow: What to Know Ahead of Next Week's Release,-0.0028223191063138
2020-05-15,1,US Stocks Close Slightly Higher Friday Despite Retail Report,0.0079206242945659
2020-04-09,1,"Money Matters Financial Group Inc Buys iShares Russell '………, Schwab U.S. ...",0.0077469968159034
2019-07-26,1,"3 Semiconductor Stocks To Buy Today, And 1 To Avoid: Machine Learning-Driven Insights",0.0111269619908811
2018-11-06,1,"AES +5% after beating on Q3 earnings, reaffirming full-year earnings outlook",0.0064280020267184
2015-08-18,1,These Consumer Stocks Got A Boost From Wall Street Upgrades,-0.0063534961634292
2014-11-06,1,"Netflix to Enter Australia by 2015, Boosts Overseas Business - Analyst Blog",0.0038413925047828
2015-08-11,1,Advance Auto Parts (AAP) Q2 Earnings: A Surprise in Store?,-0.0127425159970544
2019-10-15,1,Europe Electric Vehicle Chargers Market Statistics —…–9 : Showcases Promising Growth by ...,0.0124319059479296
2015-01-14,1,3 Auto Parts Stocks Set to Gain in 2015 - Analyst Blog,-0.0047581627761986
2017-11-15,1,Is a Beat in the Cards for Burlington (BURL) in Q3 Earnings?,-0.0046988374218195
2015-08-12,1,New Strong Buy Stocks for August 12th,0.0015089169088462
2019-07-22,1,"Agree Realty FFO beats by $0.03, beats on revenue",0.0070765952457958
2013-01-30,1,50 Stocks with Fastest Dividend Growth in January 2013,-0.0035989465674608
2018-08-27,1,Will Best Buy (BBY) Succeed in Reporting Higher Q2 Earnings?,0.0090511078623127
2019-10-16,1,Dividend Growth Stocks Of Tomorrow: Air Lease Corporation,-0.0030102660757148
2015-12-16,1,High-Yield Credit Carnage Round-Up,0.0151680802995202
2019-02-19,1,Dogcatcher Readers Find Favorite February Equities And Funds,0.0019217177565178
2019-04-18,1,Ashford Hospitality Trust (AHT) Outpaces Stock Market Gains: What You Should Know,0.0002476188894313
2015-02-03,1,"American Capital Agency Beats Q4 Earnings, Book Value Up - Analyst Blog",0.0109159028304963
2014-04-25,1,Winter Chill Drives DTE Energy Earnings Beat - Analyst Blog,-0.017544316014972
2012-03-05,1,Top-Performing Funds Add Shares Of Questcor Pharma,-0.0086385484272392
2017-02-08,1,"Buckingham Capital Management, Inc. Buys Vanguard Short-Termorate Bond ETF, SPDR Nuveen ...",0.0014504161201251
2017-05-23,1,"J.P. Marvel Investment Advisors, LLC Buys Carbonite Inc, Platform Specialty Products Corp, ...",0.0008298270275555
2018-08-16,1,Industrial Output Slows Down in July: 4 Solid ETFs & Stocks,0.0041676616588568
2015-02-03,1,"Aetna EPS in-line, beats on revenue",0.0109159028304963
2013-07-29,1,Simpson Beats Earnings Estimates - Analyst Blog,-0.0038802654386433
2018-11-09,1,"Magna (MGA) Beats Q3 Earnings Estimates, Lowers Guidance",-0.0164628811504092
2018-02-28,1,"Rtw Investments, Llc Buys Dicerna Pharmaceuticals Inc, Global Blood Therapeutics Inc, Achillion ...",-0.0078223183432375
2016-07-05,1,The Dividend Growth 50 Trumps The Market By Nearly 300%,-0.0081582215390343
2018-04-09,1,Acadia Pharma down 17% premarket on Nuplazid safety concerns,0.0050946378532348
2016-05-13,1,Abengoa Yield (ABY) Gains Ahead of Earnings,-0.0041478854164046
2015-12-03,1,AGCO Corporation Investors Are Too Optimistic,-0.0167258923282713
2018-12-20,1,Omega Healthcare Investors: Buy This Income REIT Because Of Its Growing Business Sector,-0.0163361003067341
2018-10-24,1,"5 Buy Ratings To Choose From, REIT Sector Bargains",-0.0442538977928296
2013-12-26,1,Surging Earnings Estimates Signal Good News for AK Steel (AKS) - Tale of the Tape,0.0028300999964747
2020-05-07,1,"Veracity Capital LLC Buys iShares –-' Year Treasury Bond ETF, Walmart Inc, Kimberly-Clark ...",0.0141478422326497
2015-07-14,1,New Strong Buy Stocks for July 14th - Tale of the Tape,0.0065819396267368
2011-08-10,1,5 Fertilizer Stocks to Grow With,-0.0408737774135995
2016-07-13,1,FPA Capital Fund Buys More Shares of 5 of Its Current Holdings,-0.0034024401328507
2015-04-28,1,"Apple (AAPL) Tops Q2 Earnings on Solid iPhone, Mac Sales - Analyst Blog",-0.0009545137344992
2016-05-27,1,S&P ETFs Post Biggest Weekly Rally Since March; Investors Look Abroad,0.0064731679255292
2019-06-26,1,Should Value Investors Buy American Equity Investment (AEL) Stock?,0.0032023964467964
2015-08-05,1,"InsiderInsights.com Daily Round Up 8/4/15: American Addiction Centers, NexPoint Credit Strategies Fund, Maxwell Technologies, Kayne Anderson MLP Investment",0.0067358341480041
2019-01-02,1,Apartment Investment and Management Sees Hammer Chart Pattern: Time to Buy?,0.0046207782102254
2017-03-02,1,"ACI Worldwide beats by $0.05, beats on revenue",-0.0072509069009324
2015-09-11,1,PayPal Expands Seller Protection Policy in 6 Asian Markets,0.0054396338285118
2018-02-13,1,Arch Capital Group's (ACGL) CEO Dinos Iordanou on Q4 2017 Results - Earnings Call Transcript,0.0045187604718466
2018-12-06,1,Why American Eagle (AEO) is Poised to Beat Earnings Estimates Again,0.0041670574569088
2016-09-26,1,Gold Mining Funds Gain And Banks Trail As Wary Investors Eye Clinton-Trump Face-Off,-0.0090957481270319
2019-08-23,1,"Gold, metals stocks extend gains amid market volatility",-0.0299847852611394
2014-12-15,1,Why Akorn (AKRX) is Poised to Beat Earnings Estimates Again - Tale of the Tape,-0.0104091327982063
2016-04-06,1,Just Beat It: How To Filter Through Emerging Markets To Outperform The Index,0.0158528377321447
2019-02-06,1,American Equity Investment (AEL) Q4 Earnings Surpass Estimates,-0.0036206434793851
2018-05-01,1,"Aetna beats by $0.22, beats on revenue",0.0091179894913673
2015-07-02,1,Portfolio Rehab - 2nd Quarter Update,-0.000779984552254
2017-06-13,1,Deckers (DECK) Up Post-Earnings: Will Momentum Last?,0.007272358097061
2018-10-25,1,"Altra Holdings beats by $0.04, beats on revenue",0.0295340645279438
2019-11-25,1,IGBT Market to Expand Substantially Owing to Technological Innovations During Forecast Time Frame,0.0132173637552888
2015-07-15,1,"Defense Stock Roundup: Lockheed Rumored to Buy Sikorsky, AAR Beats on Q4 Earnings - Analyst Blog",-0.001165587339422
2020-05-08,1,"Bank Of The West Buys SPDR S&P 5……, iShares S&P 5…… Growth, Accenture PLC, ...",0.0157756701016575
2015-01-26,1,"Achillion (ACHN) Shares March Higher, Can It Continue? - Tale of the Tape",0.0029172411146065
2019-09-24,1,Top Ranked Growth Stocks to Buy for September 24th,-0.0146478477178539
2019-05-10,1,Tracking Kahn Brothers Portfolio - Q1 2019 Update,0.0008027337760745
2017-06-21,1,5 Value Stocks with Exciting EV/EBITDA Ratios to Scoop Up,0.0074208450428605
2016-10-19,1,Energy ETFs Rise As Oil Jumps To Its Best Level In More Than A Year,0.0004901584671894
2018-10-31,1,Applied Industrial Technologies (AIT) Tops Q1 Earnings Estimates,0.0201420066558675
2012-02-10,1,5 Hedge Funds' Top Stocks Soar After 2011 Rout (Update 2),-0.007976857920986
2018-12-18,1,"Buy Orchid Island At 16% Dividend Yield And 17% Discount To Net Asset Value, Short AGNC If You Want To Hedge",0.0044686678129757
2020-02-21,1,Global BPM Market is expected to grow USD '5.8— Billion by —…—7 : Fior Markets,-0.0178833375246232
2019-08-07,1,"Partnervest Advisory Services LLC Buys JPMorgan Ultra-Short Income ETF, Invesco S&P 5…… ...",0.0037736550023228
2018-11-01,1,Investing Ideas For An Aging Expansion: 3 Reasons To Look At Munis,0.0175420082348631
2015-12-10,1,"Premarket Biotech Digest: Portola Insider Buying, Pfizer Advances Avelumab, Cara's Positive Data",0.004439653856705
2014-05-21,1,Stocks Rally But Fall Off Session Highs; Qiwi Surges,0.0084576108188005
2018-08-02,1,"Agios Pharmaceuticals beats by $0.36, beats on revenue",0.0123778788472004
2017-08-30,1,Why Is Barrick Gold (ABX) Up 9.7% Since the Last Earnings Report?,0.010539682608555
2019-05-08,1,"LaSalle Street Capital Management, LLC Buys iShares Short-Term Corporate Bond ETF, Advance Auto ...",-0.0025666195374799
2018-10-16,1,Wall Street Rises on Strong Earnings,0.0289002162942737
2017-06-14,1,Top Ranked Value Stocks to Buy for June 14th,-0.0040962161396709
2019-09-04,1,5 Top-Ranked Stocks Screened on DuPont Criteria,0.0130451660271309
2019-09-18,1,Utilities maintain modest gains after Fed rate cut,-0.0010542220507535
2016-06-06,1,S&P ETFs Nab Another 2016 High As Oil Spike Boosts Energy Stocks,0.0052989044662956
2014-10-29,1,"CNO Financial's Q3 Earnings Beat Estimates, Improve Y/Y - Analyst Blog",-0.0032995402274749
2015-04-28,1,"American Capital Agency Beats Q1 Earnings, Cuts Dividend - Analyst Blog",-0.0009545137344992
2018-08-28,1,Premarket Gainers as of 9:05 am (08/28/2018),0.0015141292441429
2018-05-16,1,Tracking Bill Ackman's Pershing Square Portfolio - Q1 2018 Update,0.0063482414945983
2014-08-20,1,"Athleticwear Picks Up Pace In Fashion, Boosts Stocks",-0.0002274506758811
2016-01-08,1,"Wobbles Aside, Small Pharma Shares Broadly On The Up In 2015",-0.0097667075213716
2017-08-14,1,"Mountain Lake Investment Management LLC Buys Viasat Inc, Avis Budget Group Inc, Alliance ...",0.0133731509154257
2017-11-24,1,9 Stocks Arnold Schneider Keeps Buying,0.0031744794801438
2018-11-23,1,Tracking Alex Roepers' Atlantic Investment Management Portfolio - Q3 2018 Update,-0.0047717766189178
2018-08-20,1,Tracking Jeffrey Ubben's ValueAct Portfolio - Q2 2018 Update,0.0005987064841461
2014-05-07,1,The Electronic Payments Market Can Take ACI Higher,-0.0032077573440484
2020-03-16,1,AIG Announces Adjustments to Warrant Exercise Price and Shares Receivable upon Warrant Exercise,-0.123213312901474
2015-04-10,1,Massive Revenue Growth - Buy The Dip In Argan Incorporated,0.0043058927066317
2018-08-13,1,"Growth Is Picking Up At ABB, With Book-To-Bill Indicating It Will Not Slow Down Soon",-0.0024747583184948
2017-11-20,1,"Agilent beats by $0.05, beats on revenue",0.0011676495703669
2013-09-25,1,"AutoZone Beats Earnings, Revs In Line - Analyst Blog",-0.0018974065796457
2018-10-17,1,4 Solid Buys With Fat Dividend Yields Within The REIT Sector,-0.000364926116831
2015-01-22,1,"Top World Stocks Close In On Buy Points, New Highs",0.0177785547171027
2014-08-26,1,Stocks Rise As Biotechs Lead; Amazon To Buy Twitch,0.0029161768961605
2019-11-14,1,"GM Advisory Group, Inc. Buys PIMCO Enhanced Short Maturity Active Exchange-Trad, iShares MSCI ...",-0.0003631268514691
2017-05-11,1,"Irving Magee Investment Management Buys Berkshire Hills Bancorp Inc, Heartland Financial USA ...",-0.0021504118827843
2012-10-04,1,"WEBINAR: Fertilizer Stocks, Our Favorite Space to Trade",0.0045387357729407
2014-05-16,1,Advance Auto Parts Q1 Earnings Top Ests - Analyst Blog,0.0052343402961347
2018-08-02,1,Aetna (AET) Q2 Earnings and Revenues Beat Estimates,0.0123778788472004
2017-08-15,1,Stocks To Watch With Earnings On Tap: Best Buy,-0.0011387938396544
2018-05-14,1,5 Top-Ranked Stocks Leading the Market Rally This Year,0.0011400889302344
2019-10-18,1,American Electric (AEP) to Report Q3 Earnings: Will It Beat?,-0.0082519670936567
2016-05-26,1,Munis: Flattening Yield Curve Supports Performance,0.0014055234377765
2015-04-28,1,"American Financial Beats on Q1 Earnings, Gives Guidance - Analyst Blog",-0.0009545137344992
2016-04-11,1,U.S. Bond Market Week In Review: A Look At Evans' And Rosengren's Speeches,-0.0035644494435542
2016-05-23,1,Chinese investors buying Aixtron for $750M ($6.72/share); shares jump,-0.0007925832552813
2019-11-21,1,American Eagle Down 23% YTD: Can Growth Efforts Aid Stock?,-0.0024066091789468
2014-10-01,1,SEI Investments Remains Focused on Top-Line Growth - Analyst Blog,-0.0158678171267844
2017-12-01,1,"Cummins downgraded, AGCO upgraded at Goldman in move to ag sector",-0.0038377197266267
2019-06-18,1,"Global Conductive Ink Market —…–9 : Top Companies Strategy – Du Pont, Henkel AG & ...",0.0138763015276224
2019-02-22,1,"OGE Energy (OGE) Q4 Earnings Beat Estimates, Revenues Up Y/Y",0.0090928572934054
2019-09-11,1,MGIC Investment Records Solid Insurance in Force in August,0.0105787141618085
2019-05-07,1,Mercury's (MRCY) Q3 Earnings Ride on Organic Revenue Growth,-0.019638628273811
2016-06-03,1,Seeking Solid Dividends And Capital Gains? These Top REIT Stocks Deliver,-0.0058011981717542
2019-04-12,1,"Stone House Investment Management, LLC Buys iShares Core S&P Total U.S. ...",0.004630505425931
2019-02-12,1,Arch Capital Group (ACGL) Q4 Earnings and Revenues Beat Estimates,0.0146034040243931
2016-12-20,1,AGNC Investment And Orchid Island Capital: MBS Pricing Update For Q4 2016 (Continued mREIT BV Decreases In December),0.004855756597327
2016-06-29,1,AdvisorShares WCM/BNY Mellon Focused Growth ADR ETF declares $0.06004 dividend,0.0186236789659639
2018-04-02,1,"Asanko Gold (AKG) Shares March Higher, Can It Continue?",-0.027370487903107
2018-11-06,1,Advance Auto Parts (AAP) Earnings Expected to Grow: Should You Buy?,0.0064280020267184
2019-01-22,1,Is American Electric (AEP) Poised to Beat in Q4 Earnings?,-0.0191233364808736
2019-08-09,1,"Comerica Securities,inc. Buys CDW Corp, Starbucks Corp, Texas Instruments Inc, Sells Merck Inc, ...",-0.009953778501233
2018-02-21,1,Advance Auto Parts up on earnings beat,-0.0022227521345865
2020-04-16,1,"Sky Investment Group LLC Buys Stryker Corp, Wells Fargo, The Walt Disney Co, Sells ...",0.0165825907754342
2019-10-25,1,Top-Rated Stocks Near Buy Point Ahead Of Earnings: Air Lease,0.0070024083006741
2010-09-03,1,Why Stop Profits and Limit Orders Matter,0.0153362894189601
2020-01-27,1,Advanced Chatbots Market Heading to Clouds; May See Exponential Growth Ahead | Artificial ...,-0.0188515598102336
2019-06-17,1,Top Ranked Momentum Stocks to Buy for June 17th,0.006202638349253
2018-10-23,1,"Crane (CR) Tops Earnings Estimates in Q3, Raises '18 View",-0.004162723851338
2015-07-24,1,Strong profit beat and guidance lift from Aaron's,-0.0112272966365359
2020-05-04,1,"DeDora Capital, Inc. Buys iShares Core U.S. ...",0.0122905726616073
2017-12-07,1,New Strong Buy Stocks for December 7th,0.005380448199189
2017-08-04,1,Stocks To Watch: Aetna Sees RS Rating Rise To 91,0.0017696551163279
2015-08-26,1,"American Financial to Share More Profits, Ups Dividend",0.0423943678453342
2011-08-31,1,15 Growth Stocks Outpacing The Market,0.0013003533917179
2019-04-08,1,Recent Broker Rating Upgrades Make These 5 Stocks Attractive,0.0019134065593144
2015-08-06,1,"Actua beats by $0.05, beats on revenue",-0.0162453260061157
2018-11-13,1,Can E-commerce Growth Aid Williams-Sonoma (WSM) Q3 Earnings?,0.0
2017-07-18,1,2 Tech-Heavy Funds Beating The Market Are Near Buy Point,0.0047319998765846
2015-01-05,1,Stocks Lose More Ground; Gilead Sciences Rises,-0.0157062021648246
2015-01-16,1,10 Prime Dividend Aristocrat Dogs Average 11.6% January Upsides; 10 Others Average 8.6% Downsides,0.0139056145370188
2018-08-02,1,"Aetna beats by $0.39, beats on revenue",0.0123778788472004
2015-07-23,1,"Stocks Fall For Third Day, But Valeant Tops Buy Point",-0.0049035172069674
2019-11-06,1,"AES Corp (AES) Q3 Earnings Beat Estimates, Revenues Down Y/Y",-0.0028513002957469
2020-03-30,1,Emotion Detection And Recognition Market Emerging Trends May Make Driving Growth Volatile | ...,0.0362245079263259
2017-09-27,1,5-DAY DEADLINE: Khang & Khang LLP Announces Securities Class Action Lawsuit against The ...,0.0114573314125026
2015-01-21,1,"Skyworks Q1 EPS, Revenue Seen Up On iPhone Sales",0.0027003714308821
2015-03-03,1,"ICON (ICLR) Posts Stellar Q4 Earnings, Revenues Rise Y/Y - Analyst Blog",-0.0056309168671963
2015-02-03,1,XL Group Q4 Earnings Beat on Solid Segmental Performance - Analyst Blog,0.0109159028304963
2017-09-08,1,Sun Life to Grow Wealth Management Business with Excel Funds,-0.0058894874530235
2016-08-18,1,Tracking George Soros's Portfolio - Q2 2016 Update,0.0021974551319836
2018-03-29,1,Steel stocks rise as Deutsche Bank says solid fundamentals not priced in,0.0164363843425492
2016-09-02,1,5 Top Income Stocks With The Most Stable Dividends,0.0043407365642111
2017-02-15,1,Insiders Are Buying These 3 Gold Stocks: Should You?,0.0063760781639123
2017-07-27,1,Barrick Gold (ABX) Q2 Earnings & Revenues Beat Estimates,-0.0063150610865673
2020-03-05,1,Top Ranked Income Stocks to Buy for March 5th,-0.030993259641753
2015-01-27,1,"Advaxis bucks market sell-off, investors may be waking up to its technology",-0.0189154043913143
2019-10-07,1,50 Top U.S. REITs By Gains And Yield Per October 4 Broker Targets,-0.0032797085459294
2018-10-30,1,"Albany beats by $0.17, beats on revenue",0.0157950754740947
2018-08-17,1,AGNC Investment Corp.: Is This 11.3%-Yielding Mortgage REIT A Buy Right Now?,0.0012566493865648
2018-03-06,1,Adamis Pharma's Symjepi performs well in human factors study; shares up 1%,0.0056338069446983
2017-02-03,1,"Paracle Advisors, LLC Buys iShares National Muni Bond, Vanguard FTSE Developed Markets, ...",0.0054238357686751
2020-01-24,1,"Sheets Smith Wealth Management Buys Truist Financial Corp, Alphabet Inc, iShares Core U.S. ...",-0.009313533039611
2014-10-30,1,"AXIS Capital Q3 Earnings Beat Estimates, Top Line Improves - Analyst Blog",0.0037171469287331
2015-08-06,1,"Premarket Biotech Digest Part 2: My Top Biopicks 2015 Performance, Anavex Biggest Mover, Multiple Earnings",-0.0162453260061157
2020-02-24,1,Balers Market Anticipated to Grow at a Significant Pace by —…—8 | Future Market Insights,-0.0371018886795477
2017-01-18,1,"Stock Market Roundup Jan. 18: TGT Down, Financial Stocks (GS, C) in Focus",0.0030548378300918
2019-07-18,1,Is a Beat in the Cards for Centene's (CNC) Q2 Earnings?,0.0026914732233669
2011-04-13,1,10 Top-Ranked Financial Stocks to Watch,0.0060951767642176
2020-04-09,1,Cloud Stocks: Will Adobe Open Up About Its PaaS Statistics?,0.0077469968159034
2017-08-03,1,AIG Q2 Earnings Beat as Restructuring Initiatives Pay Off,-0.0035064098977899
2019-10-08,1,AngioDynamics Boosts VIT Product Portfolio With New Buyout,-0.0166547792068505
2012-02-23,1,Advance Auto Profits Up 58% - Analyst Blog,0.0081175176440271
2018-10-02,1,"Brazil stocks, currency rally as far-right presidential candidate extends lead",-0.0046968510466641
2016-04-20,1,Europe earnings roundup,0.0015788023399563
2016-02-18,1,"Utility Dog Terraform Sees 16% Yield, 93% Upside, And 107.6% Gain For February",-0.0102601242440706
2013-12-05,1,"Synopsys Beats on Q4 Earnings, Shares Fall - Analyst Blog",-0.0011961560487865
2019-11-13,1,"Sagil Capital LLP Buys iShares iBoxx $ Investment Grade Corporate Bond ET, Intercorp Financial ...",-0.000470208829799
2018-01-29,1,Top Ranked Value Stocks to Buy for January 29th,-0.0052306763735217
2017-12-14,1,Profitable Thursday - Last Week's Silver Play Beats BitCoin,-0.0028025858923514
2013-01-30,1,ADT secures higher Q4 profit,-0.0035989465674608
2014-08-12,1,"AmTrust Financial Gains on Q2 Earnings Beat, Revenues Rise - Analyst Blog",-0.0027446426217926
2016-08-09,1,–4 Best Undervalued Stocks of the Week,0.0023670654205292
2018-01-24,1,Tractor Supply's (TSCO) Strategies to Drive Earnings in Q4,-0.0060627643472201
2014-01-10,1,Utility Stocks Rally After Dec. Job Gains Miss Views,0.0044463753411849
2017-02-01,1,"Wells Fargo & Company Buys iShares Russell —………, iShares Core U.S. ...",0.0049618708958709
2020-02-13,1,American International (AIG) Q4 Earnings Beat Estimates,-0.0014384425219915
2015-05-04,1,Why Ashford Hospitality (AHP) Isn't Done Growing Earnings Yet - Tale of the Tape,0.002305522396315
2018-11-16,1,"PCG, EIX and SONO among premarket gainers",-0.0015373497972924
2018-10-29,1,Is Entergy Corporation (ETR) Poised to Beat on Q3 Earnings?,-0.0163131710264151
2018-12-12,1,Horace Mann to Expand in Education Market with NTA Buyout (revised),0.009454150588132
2020-01-17,1,Marsh & McLennan (MMC) Arm Acquires to Boost Its Portfolio,0.0033996051431786
2020-04-01,1,"AI in Agriculture Market Study —…—… Splendid Growth: Competitive Outlook – IBM, ...",-0.0440929358352877
2016-08-26,1,A Comprehensive Look At Dividend Growth Stock Valuations Sector By Sector: Part 2,0.001289230327059
2010-08-16,1,"After Big Gains, Whither Agriculture Stocks?",0.0038602318834979
2019-08-13,1,"Advance AutoParts' (AAP) Q2 Earnings Miss Estimates, Up Y/Y",0.0194508112882401
2018-07-31,1,Agco (AGCO) Q2 Earnings and Revenues Surpass Estimates,0.0054770693397772
2017-01-23,1,"Chip Stocks Might Be Peaking, But Some Have Growth Drivers",-0.0004302420711528
2017-05-23,1,Stocks Off Highs As Nasdaq Erases Gains; These 4 Hot Chinese Stocks Cool,0.0008298270275555
2019-08-07,1,"AptarGroup (ATR) Earnings Trump Estimates in Q2, Up Y/Y",0.0037736550023228
2015-04-30,1,"Marsh & McLennan Beats on Earnings in Q1, Revenues Miss - Analyst Blog",-0.0163666609482607
2019-03-20,1,Can PVH Corp (PVH) Keep Earnings Beat Streak Alive in Q4?,0.0006499290394565
2014-05-06,1,Can Unum (UNM) Keep Earnings Surprise Streak Alive? - Analyst Blog,-0.0138470800367256
2019-08-02,1,Arbor Realty Q2 FFO beats; dividend increased 4%,-0.013197966670708
2015-02-09,1,Will HCP Beat Q4 Earnings Estimates on Consistent NOI? - Analyst Blog,-0.0038761776193582
2018-04-16,1,My K.I.S.S. Dividend Portfolio: 1st Quarter 2018 Update,0.0069835834738576
2018-04-25,1,"iRobot (IRBT) Beats on Q1 Earnings, Raises 2018 EPS View",-0.0005151538357498
2016-12-13,1,ADDvantage Technologies Group's (AEY) CEO David Humphrey on Q4 2016 Results - Earnings Call Transcript,0.0094761495882409
2018-03-02,1,New Strong Buy Stocks for March 2nd,0.0107665778104906
2015-07-17,1,"eBay Sheds Enterprise Unit, PayPal Drives Earnings Beat - Analyst Blog",0.0090951621556367
2019-09-26,1,Has Arch Capital Group (ACGL) Outpaced Other Finance Stocks This Year?,-0.0057840199718615
2020-03-19,1,"Improve Your Retirement Income with These 3 Top-Ranked Dividend Stocks - March 19, 2020",0.0229962685795621
2017-11-01,1,"Cape Cod Five Cents Savings Bank Buys iShares Core MSCI EAFE, iShares '-7 Year Treasury Bond ...",-0.0016558685024852
2018-07-27,1,Alliant Energy (LNT) to Report Q2 Earnings: A Beat in Store?,-0.0146150815871761
2012-10-16,1,"Gannett Dips Despite Beating Profit, Sales Forecast",0.0120717422147496
2016-06-21,1,3 Top Utility Stocks Beating The Market Twice,0.0013540459769976
2019-07-25,1,Gold And Silver Stocks: Buy As Monetary Policy Is Relaxed,-0.0099693517920447
2016-11-30,1,"S&P 500 ETFs Rise In November, But Small-Cap Peers Are The Real Stars",-0.0104536400003049
2014-08-11,1,Assured Guaranty Gains as Low Share Count Lifts Q2 Earnings - Analyst Blog,0.0069619932876827
2015-02-11,1,"Applied Genetic Technologies beats by $0.11, beats on revenue",0.0028281238096101
2017-06-05,1,"Aua Capital Management, Llc Buys Vanguard Short-Term Corporate Bond ETF, iShares '-7 Year ...",-0.0016048129055298
2019-08-01,1,5 Best-Performing Stocks of the Top ETF of July,-0.0078650155346091
2020-02-12,1,"Food Humectants Market Size, Share and Demand by Top –… Players in The Globe till —…—6",0.0090279146224396
2020-01-31,1,Biosensors Market (PDF) [Review: —…—…-—…—9] | Top Players – Abbott Laboratories ...,-0.0159146549964167
2017-11-20,1,"Agilent fiscal Q4 top line up 7%; earnings up 41%; cash flow ops up 23%; soft Q1 guidance sinks shares, down 5% after hours",0.0011676495703669
2019-02-19,1,"Advance Auto Parts beats by $0.04, revenue in-line",0.0019217177565178
2020-02-25,1,"Network Camera and Video Analytics Market Share, Size —…—… Growth Analysis by ...",-0.0277260764550746
2018-03-13,1,3 Stocks With Upgraded Broker Ratings to Bet On Right Away,-0.0101880337656576
2015-05-07,1,Will Arena Pharmaceuticals (ARNA) Surprise this Earnings? - Analyst Blog,0.0052645928612624
2018-05-03,1,American Financial Group's (AFG) CEO Carl Lindner on Q1 2018 Results - Earnings Call Transcript,-0.001795547068026
2017-01-05,1,Anworth Mortgage Asset Corp. Viewed Through The Eyes Of A Preferred Investor: An Update,0.0019974331579788
2015-04-07,1,Repros Gets EU Update on Secondary Hypogonadism Drug - Analyst Blog,-0.0014418105804469
2016-12-23,1,Annuity Vs. Dividend-Growth Portfolio,0.0028031654893962
2020-04-21,1,"Landsberg, Bennett, & Dubbaneh LLC Buys SPDR Gold Trust, iShares –-' Year Treasury Bond ...",-0.0347517073555803
2015-02-04,1,"Syngenta 2014 Earnings & Revenues Up Y/Y, Outlook Raised - Analyst Blog",-0.0023351619410535
2018-08-09,1,Is AcelRx Pharmaceuticals (ACRX) Outperforming Other Medical Stocks This Year?,0.0004373177842564
2017-02-08,1,Tracking Tweedy Browne Portfolio - Q4 2016 Update,0.0014504161201251
2014-08-26,1,Earnings Estimates Moving Higher for AK Steel (AKS): Time to Buy? - Tale of the Tape,0.0029161768961605
2018-11-06,1,AES (AES) Surpasses Q3 Earnings Estimates,0.0064280020267184
2014-01-22,1,Q4 Earnings Beat at Progressive - Analyst Blog,0.0040797951921551
2017-01-19,1,My Top Advice For DIY Investors (Chuck Carnevale),-0.002802520765785
2017-01-18,1,Steel stocks rally as Commerce nominee Ross signals China tariffs,0.0030548378300918
2014-02-28,1,L.B. Foster Beats on Q4 Earnings - Analyst Blog,-0.0025029482195308
2015-03-16,1,Stocks Hold Near Day's Highs; Medical Issues Gain,0.0118540327886202
2020-04-30,1,Aegion's (AEGN) Q1 Earnings and Revenues Beat Estimates,-0.0028223191063138
2014-07-14,1,Will Wolverine (WWW) Surprise this Earnings Season? - Analyst Blog,0.0056459614169044
2015-09-21,1,Alcobra's MDX Fast Track'd for Fragile X syndrome; shares up 14% premarket,0.0003563565130955
2017-07-06,1,Top Ranked Income Stocks to Buy for July 6th,-0.0099823282774313
2013-11-01,1,"Barrick Beats on Earnings, Halts Pascua-Lama Work - Analyst Blog",0.0005944516681644
2017-08-10,1,"Retail Earnings Roundup: Macy's, Kohl's, Dillard's Plummet",-0.0213244524877528
2013-05-13,1,Will Agilent Beat Earnings Ests in 2Q? - Analyst Blog,0.000643069821526
2010-03-11,1,Steel Stocks Gain on Signs of Recovery,0.0040314588958958
2019-10-17,1,"Wealthcare Capital Management Llc Buys SPDR Barclays –-' Month T-Bill ETF, SPDR Barclays ...",0.0040213192184475
2017-06-05,1,Assurant (AIZ) Draws Investors with Steady Growth Prospects,-0.0016048129055298
2020-02-06,1,Zirconia Ceramic Ball Market Size is expected Growth | Forecast to —…—4 - Research Report ...,0.0066750279966247
2014-10-31,1,"Stocks Surge At Starting Bell; Mylan, Expedia, GoPro Rocket",0.0141476379878853
2015-08-05,1,5 ETFs Strategies to Prepare for Higher Rates - ETF News And Commentary,0.0067358341480041
2017-03-21,1,AAR Corp. (AIR) Up Slightly as Earnings Soon for Release,-0.018249455810956
2019-08-29,1,"Middle East Disposable Gloves Market —…–9 Report: Growth Rate by Application, ...",0.0148290740909917
2015-02-03,1,Biotechs Weigh On Nasdaq; McGraw Hill Rallies,0.0109159028304963
2015-08-24,1,Tracking Jeffrey Ubben's ValueAct Portfolio - Q2 2015 Update,-0.0382041031462019
2013-08-28,1,Stocks Extend Rebound Efforts; Alliance Fiber Rallies,0.0041441931424328
2020-05-08,1,"Paradigm Financial Partners, LLC Buys Prologis Inc, Vanguard Total Bond Market ETF, iShares ...",0.0157756701016575
2018-01-22,1,Can Progressive (PGR) Earnings Beat Estimates This Season?,0.0097663838961787
2012-07-31,1,Acxiom's Earnings Upbeat in 1Q - Analyst Blog,-0.0021454213979077
2018-12-12,1,American Eagle Outfitters bid up 4% after earnings,0.009454150588132
2017-01-05,1,"Gold Up, Dollar Down As Trump Rally Hits Volatility",0.0019974331579788
2017-10-31,1,"ADP's Q1 Earnings to Gain From Higher Bookings, PEO Revenues",0.004285734069902
2019-01-02,1,5 Great S&P 500 Stocks to Buy in 2019,0.0046207782102254
2020-05-15,1,"Oracle Investment Management Inc Buys Agenus Inc, Antares Pharma Inc, Y-mAbs Therapeutics Inc, ...",0.0079206242945659
2014-08-05,1,Is EnerSys (ENS) Q1 Earnings Likely to Surprise This Season? - Analyst Blog,-0.0070828173153058
2018-10-04,1,Armada Hoffler Properties updates its FY18 FFO guidance,-0.0181406166110873
2019-07-18,1,Altra Industrial Motion (AIMC) Earnings Expected to Grow: What to Know Ahead of Next Week's Release,0.0026914732233669
2016-08-02,1,ACCO Brands raised FY2016 guidance on earnings beat,-0.0089638156500529
2017-07-28,1,Stocks Showing Market Leadership: Best Buy Earns 93 RS Rating,-0.0011766753565697
2020-01-15,1,4 Sector ETFs Sizzling With Solid Buybacks,0.0007966548728952
2015-05-19,1,"Home Depot (HD) Beats Q1 Earnings, Raises FY15 Outlook - Analyst Blog",-0.001656051139136
2019-10-04,1,Packaging Robots Market Value Will Grow upto USD 4.65 billion at 9.6% CAGR by —…—',0.0139998491538597
2020-05-13,1,"Holderness Investments Co Buys Amazon.com Inc, Truist Financial Corp, iShares iBoxx $ ...",-0.0154822673394071
2019-02-08,1,Top Ranked Momentum Stocks to Buy for February 8th,0.0013514852503335
2019-05-03,1,Fortinet's (FTNT) Q1 Earnings & Revenues Beat Estimates,0.0158309843580879
2019-05-03,1,MercadoLibre (MELI) Q1 Earnings & Revenues Beat Estimates,0.0158309843580879
2020-03-12,1,"AI Recruitment Market —…–9-—…—7 / Growth, Emerging Trends and Future Opportunities",-0.0943467430948118
2017-06-22,1,"Auto Stock Roundup: Tesla Outlines Expansion Plans, Winnebago Q3 Earnings Beat",0.0004394879663636
2019-04-30,1,ClearBridge International Growth Strategy Portfolio Manager Commentary Q1 2019,-0.0081427568679047
2018-10-24,1,Aflac (AFL) Tops Q3 Earnings and Revenue Estimates,-0.0442538977928296
2015-07-23,1,Will Everest Re (RE) Surprise Earnings This Season? - Analyst Blog,-0.0049035172069674
2018-11-20,1,Bioblast Pharma and Heat Biologics among Healthcare sector gainers; LivaNova and MiMedx among the losers,-0.0170250404899097
2019-08-15,1,Agilent (A) Earnings and Revenues Beat Estimates in Q3,-0.0009415848686664
2017-11-24,1,"JC Penney Up 18% Since Q3 Earnings, Can It Gain Further?",0.0031744794801438
2018-08-30,1,Agco (AGCO) Up 0.3% Since Last Earnings Report: Can It Continue?,-0.0026301965030861
2014-02-03,1,Will XL Group (XL) Turn It Around This Earnings Season? - Analyst Blog,-0.0260533750811743
2018-04-05,1,AES Corporation (AES): The Perfect Mix of Value and Rising Earnings Estimates?,0.0048905714444793
2018-05-17,1,Tracking George Soros' Portfolio - Q1 2018 Update,-0.0021396253546958
2016-02-08,1,"Argo Group beats by $0.02, misses on revenue",-0.0181956421822505
2014-03-04,1,"Top Mutual Funds Add To Health Care, Leisure And Banks",0.0174573711373746
2017-04-17,1,"Scottrade Investment Management Buys iShares S&P 5…… Value, iShares iBoxx $ High ...",0.0088955733421975
2017-11-14,1,"Trade Desk (TTD) Beats on Q3 Earnings & Revenues, Guides Up",-0.0029196726920246
2019-10-29,1,Albany International (AIN) Q3 Earnings and Revenues Beat Estimates,-0.0059020757431489
2019-11-29,1,Stocks Showing Rising Market Leadership: Autodesk Earns 87 RS Rating,-0.0045616474746087
2020-04-22,1,Why Ameris Bancorp (ABCB) Might Surprise This Earnings Season,0.0280942683300975
2018-05-07,1,Is a Beat in the Cards for Ameren (AEE) in Q1 Earnings?,0.007710509409154
2019-06-13,1,Why Is Agilent (A) Up 3.9% Since Last Earnings Report?,0.0056988659600736
2019-03-22,1,Why Is Agilent (A) Up 5.3% Since Last Earnings Report?,-0.0250403165777906
2014-11-06,1,American Capital Reports Q3 Earnings & Split; Shares Surge - Analyst Blog,0.0038413925047828
2018-01-25,1,"Providence First Trust Co Buys iShares MSCI Emerging Index Fund, SPDR Select Sector Fund - ...",-0.0005259434600574
2015-07-02,1,Citi spots value in beaten-up REIT sector,-0.000779984552254
2016-10-07,1,"Gold Sinks Like A Stone, Which Stocks To Buy?",-0.002722932633594
2013-09-17,1,Remodeling Demand Surges: Which Stocks Will Benefit?,0.0074908489541258
2020-04-22,1,"Corbett Road Capital Management, Llc Buys iShares Core U.S. ...",0.0280942683300975
2017-08-02,1,"American Financial (AFG) Beats on Q2 Earnings, Ups Guidance",-4.558255541786682e-05
2016-12-21,1,5 Top Stocks In The Dow ETF As Investors Eye A Milestone For Index,-0.0022811638636932
2014-02-14,1,Agilent Beats on Q1 Earnings by a Penny - Analyst Blog,0.0007899925525844
2015-10-06,1,"DuPont Cushions Dow; Chip Stocks, Biotechs Weigh On Nasdaq",-0.0068810112724443
2020-01-28,1,"Wax Emulsion Market (PDF) Review —…—…-—…—9 | Top Players – BASF SE, Nippon ...",0.0142647665214215
2016-07-15,1,These S&P 500 stocks have the most upside/downside vs. consensus - Wells Fargo,-0.0008879939436
2018-09-25,1,AAR (AIR) Beats Q1 Earnings and Revenue Estimates,0.001779027910268
2015-12-10,1,"Argan beats by $0.02, beats on revenue",0.004439653856705
2017-03-03,1,5 Undervalued Stocks Trading Below Graham Number,0.0016259046421964
2015-03-02,1,Rent-A-Center With 25% Upside And A 3.5% Dividend Yield,0.0089795597949851
2015-05-07,1,Tracking Kahn Brothers Portfolio - Q1 2015 Update,0.0052645928612624
2015-05-05,1,Can Prudential Financial (PRU) Earnings Surprise in Q1? - Analyst Blog,-0.0154676455396682
2019-11-07,1,New Strong Buy Stocks for November 7th,0.0028404113330822
2017-08-22,1,EQUITY ALERT: Rosen Law Firm Announces Filing of Securities Class Action Lawsuit Against The ...,0.0135761040324602
2020-05-13,1,"Monashee Investment Management LLC Buys SPDR S&P 5……, iShares Russell —………, ...",-0.0154822673394071
2020-03-04,1,"3 Top-Ranked Dividend Stocks: A Smarter Way to Boost Your Retirement Income - March 04, 2020",0.0384611405466264
2020-02-10,1,"Cinema Camera Market By Business Growth, Trend, Segmentation, Top Key Players, Revenue and ...",0.011331313707803
2016-03-28,1,Updating Our Dividend Growth Investment Strategy,-0.0014056689928773
2018-02-07,1,Bond Market Hiccup,-0.0089799017684506
2018-07-30,1,"Beach Investment Management, LLC. Buys Ameren Corp, Medtronic PLC, Evergy Inc, Sells Johnson ...",-0.0138831707416196
2018-05-17,1,9 Stocks Ron Baron Continues to Buy,-0.0021396253546958
2019-04-01,1,Advaxis up 5% premarket on positive ADXS-NEO data,0.0128847472088291
2017-12-13,1,Top Ranked Value Stocks to Buy for December 13th,0.0019643474530546
2019-10-30,1,"American Financial (AFG) Q3 Earnings Top Estimates, Rise Y/Y",0.0032779210273761
2018-03-15,1,Alexion's long-acting PNH candidate ALXN1210 on par with Soliris in late-stage study; shares up 11% premarket,-0.0020101648702537
2015-08-05,1,"Agilysys beats by $0.03, beats on revenue",0.0067358341480041
2018-11-30,1,My Growth And Dividend Portfolio: What I'm Going To Add In December,0.0079003613765122
2017-02-07,1,"Emerson (EMR) Beats Q1 Earnings; Sales Still Weak, View Up",0.0018840498493397
2020-02-13,1,Acorda (ACOR) Beats Earnings & Revenues Estimates in Q4,-0.0014384425219915
2015-08-18,1,Ross Stores (ROST) Q2 Earnings: Is a Surprise Likely?,-0.0063534961634292
2019-03-26,1,Here's Why Stocks May Surge During The March 26 Trading Session,0.0070677181648366
2019-05-02,1,ClearBridge Multi-Cap Growth Strategy Portfolio Manager Commentary Q1 2019,-0.0015988437953632
2014-04-29,1,Is Actavis (ACT) Poised to Beat Earnings Estimates? - Analyst Blog,0.007152007023657
2019-07-19,1,"IBD Stock Of The Day Nears Buy Point, But Earnings Report Poses Challenge",-0.0074020009485717
2014-10-17,1,Will Steel Dynamics (STLD) Beat Q3 Earnings Estimates? - Analyst Blog,0.0097334615382389
2013-10-22,1,"Freeport Beats Estimates, Profit Down - Analyst Blog",0.0024285454044383
2019-11-12,1,Amicus' (FOLD) Shares Rise on Q3 Earnings & Revenue Beat,0.00257665975227
2019-11-14,1,3 REITs for Dividend Investors to Buy with Stock Market at New Highs,-0.0003631268514691
2018-03-09,1,Cigna to Buy Express Scripts: Healthcare ETFs in Focus,0.0178864773979088
2015-07-17,1,Can BNY Mellon (BK) Beat Q2 Earnings on Top-Line Growth? - Analyst Blog,0.0090951621556367
2013-09-04,1,Stocks Close Broadly Higher; Automakers Rise On Aug. Sales,0.0100841027836859
2019-07-12,2,Earnings Season Vs Earnings Off Season,0.0058686401171488
2016-04-13,2,"Metals, Mining, And Energy Stocks Are Unquestionably The New Market Leaders",0.0154615535716433
2018-03-16,2,"What GE And Tesla Now Have In Common, And A Better Investment In The Field",3.341468591111507e-05
2019-05-08,2,ADT Inc. 2019 Q1 - Results - Earnings Call Slides,-0.0025666195374799
2015-12-07,2,7 Macro-Drivers For Capital Markets In 2016,-0.0078681128730747
2018-03-02,2,Premarket Losers as of 9:05 am (3/2/2018),0.0107665778104906
2019-11-05,2,"Acorda Therapeutics, Inc. 2019 Q3 - Results - Earnings Call Presentation",0.0001754366258639
2017-09-20,2,What Makes Federated National Holding (FNHC) a Strong Sell?,-0.000817137256766
2018-05-02,2,"Automatic Data Processing, Inc. 2018 Q3 - Results - Earnings Call Slides",-0.0041791538211548
2020-04-28,2,Cboe Global (CBOE) to Report Q1 Earnings: What's in Store?,-0.0140237619137321
2017-03-28,2,–… Low PE Stock Picks for Value Investors,0.0059533931640609
2015-09-01,2,DIAGNOS Announces Closing of Second Tranche of Private Placement,-0.0293958716423513
2013-10-25,2,Will Merck's (MRK) Earnings Streak End? - Analyst Blog,0.0036651293542169
2016-01-11,2,Market Is Tough For Tesla - Cramer's Lightning Round (1/8/16),-0.001214491374167
2019-05-02,2,AGCO Corporation 2019 Q1 - Results - Earnings Call Slides,-0.0015988437953632
2018-11-16,2,October Market Recap And Outlook: A Sea Of Opportunities,-0.0015373497972924
2019-02-28,2,"AAON misses by $0.05, beats on revenue",-0.0029095177782103
2011-09-28,2,5 Stocks Insiders Think Are Worth It,-0.0216936341668603
2014-10-29,2,Philips: Brighter Future with LED Lights Market,-0.0032995402274749
2017-08-30,2,Stocks Showing Improved Relative Strength: Mastec,0.010539682608555
2016-04-15,2,Sector Leader Dogs Priced Over $10 Led By Calumet In April,-0.0015507667301498
2017-12-28,2,Acasti Pharma closes US$10M firm commitment offering of common shares and warrants,0.0015592711617582
2018-03-05,2,"Annaly Capital's BV, Dividend, And Valuation Compared To 17 mREIT Peers (Post Q4 2017 Earnings) - Part 1",0.0100359806077965
2016-10-14,2,Quarterly Review Of DivGro: Q3 2016,0.0001592222461574
2013-10-30,2,Here's Where to Find Great Dividend Stocks,-0.0054954710931055
2018-10-10,2,AcelRx set for down move on briefing docs for Ad Com on sufentanil sublingual tablets,-0.040833470842182
2015-01-23,2,Will Abiomed (ABMD) Outshine Q3 Earnings Estimates? - Analyst Blog,0.0015746001647269
2020-03-13,2,Coronavirus Crisis To Enter A Pivotal Phase: Weekly Investing Action Plan,0.093459981723861
2015-02-13,2,Assurant's (AIZ) CEO Alan Colberg on Q4 2014 Results - Earnings Call Transcript,0.007458396513605
2020-06-01,2,"Market Talk – Monday, June 1",0.0065522169146849
2020-03-05,2,Coronavirus Market Flip-Flops Continue,-0.030993259641753
2015-04-14,2,Summit Hotel (INN) Executes $125M Unsecured Term Loan - Analyst Blog,-0.0021971555029318
2020-01-10,2,"The Market Timing Secrets No One Talks About - January 10, 2020",-0.0026695847930331
2020-02-21,2,Electronic Toll Collection Market Insights Covering Market Dynamics and Competitive Scenario ...,-0.0178833375246232
2014-10-09,2,Should AmTrust Financial (AFSI) be in Your Portfolio Now? - Analyst Blog,-0.0201965280224203
2014-02-03,2,Aon Keeps Earnings Streak Alive in Q4 - Analyst Blog,-0.0260533750811743
2016-06-28,2,Advaxis Inc. Investor Day- Slides,0.021206104992947
2019-10-23,2,"ABB EPS beats by $0.08, misses on revenue",0.0019113599876994
2015-05-21,2,New Strong Sell Stocks for May 21st - Tale of the Tape,0.0037560686879003
2019-02-28,2,6 Stocks to Watch For February 28 Trading Session,-0.0029095177782103
2019-12-20,2,Moving Average Crossover Alert: American Equity Investment Life,0.0042465737920489
2019-05-10,2,"Equifax's (EFX) Q1 Earnings Beat Estimates, Revenues Lag",0.0008027337760745
2017-07-25,2,Not All Retail Stocks Will Be Crushed By Amazon,0.0002121203512226
2017-03-10,2,Is The 10-Year Yield At 2.6% A Tipping Point For The Bond Market?,0.0039254439937237
2019-10-23,2,"HAGENS BERMAN, NATIONAL TRIAL ATTORNEYS, REMIND ADTN INVESTORS OF SECURITIES CLASS ACTION: Firm ...",0.0019113599876994
2013-10-25,2,Smart-Beta ETFs: 5 Shockers About This Investing Fad,0.0036651293542169
2011-10-21,2,6 Dividend Stocks for Earnings Season,0.0149463338227506
2018-02-15,2,AEGON NV 2017 Q4 - Results - Earnings Call Slides,0.0157917213881977
2019-10-23,2,What to Expect From AvalonBay (AVB) This Earnings Season?,0.0019113599876994
2015-11-25,2,"Ulta, Express Eye Strong Q3 Earnings Before Holidays",0.0026123014519323
2016-02-12,2,"Charles Brandes Bets on Aaron's, Small-Cap ETF",0.0165625906907465
2019-10-21,2,Agree Realty (ADC) Matches Q3 FFO Estimates,0.0090796503828185
2017-02-16,2,Money & Minds Move Markets; Sometimes Emotionally,-0.0007801505141752
2018-10-04,2,Deutsche Bank reduces chip stock estimates on expected downturn,-0.0181406166110873
2016-05-19,2,AlarmForce Industries: Over Two-Thirds of Canadians Believe Home Security Increases the Value ...,-0.0056108162219425
2015-06-25,2,"McKesson Keeps FY16 Earnings View, Acquisitions Hold Key - Analyst Blog",-0.0019951965055512
2016-10-27,2,Aeterna Zentaris readies $7.8M direct equity offering; shares off 9%,-0.0065329601258417
2018-01-29,2,Qualcomm (QCOM) to Report Q1 Earnings: What's in Store?,-0.0052306763735217
2015-04-13,2,Equity CEFs: The Insanity Of CEF Investors - Part II,-0.0015472400808188
2011-05-18,2,"Retail Earnings Live Blog: Target, Abercrombie",0.011422077208933
2012-11-02,2,Arlington Asset Investment Corp. Reports Operating Results (10-Q),-0.0125594110863185
2015-08-17,2,L Brands (LB) to Report Q2 Earnings: What's in Store?,0.0086089328002989
2018-03-28,2,25 'Safer' Dividend 10%+ Yield Stocks Reign In April,-0.0085007408714046
2012-07-03,2,8 Rebounds in the Hospitality Sector,0.0084202511565374
2020-02-11,2,"Timing the Market, Is it Possible? - February 11, 2020",0.0010957991559588
2017-03-08,2,New Strong Sell Stocks for March 8th,0.0006204443312118
2012-05-25,2,8 Stocks Soaring on Big Volume,-0.0006514991272645
2020-02-13,2,Household Cleaning Products Market —…—… Incremental Revenue About to Pick USD –5. ...,-0.0014384425219915
2020-01-24,2,6 Cheap Stocks With Low Price-Sales Ratios,-0.009313533039611
2017-03-24,2,Will A Market Rebound Unleash These Potential Breakout Stocks?,0.0018994296842982
2014-01-23,2,"China Data Dent Stock Futures; Netflix Leaps, Arctic Cat Dives",-0.0056846847012727
2018-04-02,2,Worst quarter for high-yield since financial crisis,-0.027370487903107
2019-04-30,2,"AK Steel writedowns, lukewarm guidance drag down shares",-0.0081427568679047
2017-01-18,2,Uranium ETF Dives After Massive Surge As Top Holding Issues Warning,0.0030548378300918
2017-12-22,2,Is American Equity Investment Life (AEL) a Great Stock for Value Investors?,-0.0007752510207285
2016-11-04,2,Ameren Corporation 2016 Q3 - Results - Earnings Call Slides,-0.0023802022158333
2019-05-06,2,What's in the Offing for TripAdvisor's (TRIP) Q1 Earnings?,-0.0049865214279152
2019-08-01,2,"How To Be A Great Investor, Part 2: Understand Value",-0.0078650155346091
2018-01-25,2,Applied Industrial Technologies' (AIT) Neil Schrimsher on Q2 2018 Results - Earnings Call Transcript,-0.0005259434600574
2017-01-17,2,ADTRAN (ADTN) Down on Earnings Expectations,-0.0063490086282185
2016-01-21,2,These REITs Swam Upstream When Mr. Market Hit The Panic Button,8.276897377723635e-05
2018-07-10,2,New Strong Sell Stocks for July 10th,0.0003867873345781
2012-07-03,2,"Hot Air Conditioning Stocks for the Summer Heat Wave? WSO, AAON & LII",0.0084202511565374
2020-02-21,2,Aeterna Zentaris Announces Closing of $4.5 Million Registered Direct Offering Priced At-The-Market,-0.0178833375246232
2019-09-23,2,"Hybrid Seeds Market Size is estimated to reach $99,854 Million, by —…5… with 9.7% CAGR",-0.0006418049745359
2019-02-01,2,Do Rate-Hedged Bond ETFs Work?,-0.002454099791028
2019-10-23,2,What's in the Cards for Public Storage's (PSA) Q3 Earnings?,0.0019113599876994
2020-05-05,2,Tetraphase (TTPH) to Post Q1 Earnings: What's in the Cards?,0.0112976045226294
2019-03-20,2,— Stocks Move Wednesday,0.0006499290394565
2016-05-09,2,Resource Sector Digest: Reviewing A Very Volatile Week On The Gold And Oil Markets,0.0029664969561806
2019-07-25,2,Acorda (ACOR) to Post Q2 Earnings: What's in the Cards?,-0.0099693517920447
2016-04-07,2,"Gold ETFs, Gold Stocks Flash As Stock Market Wilts; Volatility ETN Spikes",-0.0147031520788359
2020-05-12,2,"Agios to Present at the RBC Capital Markets Global Healthcare Virtual Conference on Tuesday, ...",-0.0206465429138307
2016-04-25,2,Resource Sector Digest: Is The Optimism On The Gold Market Warranted?,-0.0021278948291887
2018-06-25,2,A Quantitative Assessment Of Errors From The Use Of Credit Ratings In Credit Portfolio Management - Part 3: Credit Spreads,-0.0209039158940761
2014-11-12,2,How You Can Add Retail to Your Portfolio Now - Industry Outlook,0.0031283961458914
2015-01-28,2,"Alliance Holdings GP, L.P. (AHGP) Q4 2014 Results - Earnings Call Webcast",-0.0092939796272562
2019-08-02,2,Apartment Investing & Management Shows Improved Relative Strength; Still Shy Of Benchmark,-0.013197966670708
2016-11-11,2,Agilysys' (AGYS) CEO Jim Dennedy on Q2 2017 Results - Earnings Call Transcript,0.0054350444738293
2018-07-18,2,' Beer Stocks Already in a Bear Market,-8.659011843270559e-05
2014-04-10,2,Morning Coffee: Widely Held Guru Stocks Near 52-Week Lows,-0.0310212476281205
2020-01-21,2,Global Markets Turn Red Tuesday,-0.0019310868474221
2015-06-16,2,Healthcare and Cybersecurity Dominate As Market Slides PANW CYBR FEYE HUM CI AET UNH ANTM,0.0050854356489553
2015-04-23,2,"Nasdaq Hits Record Close; Google, Amazon Rise After Hours",0.0041488444368071
2018-11-02,2,Ashford Hospitality Trust Inc. (AHT) CEO Douglas Kessler on Q3 2018 Results - Earnings Call Transcript,-0.0103671242378056
2016-11-09,2,Secret OTC List,0.0110868774649153
2020-03-09,2,"The Zacks Analyst Blog Highlights: Enviva Partners, Berry, AGNC Investment, Costamare and Lazard",-0.0728740234369439
2012-07-23,2,Earnings Preview: Aaron's Inc. - Analyst Blog,-0.0120159114954571
2017-09-11,2,Is American Eagle (AEO) a Great Pick for Value Investors?,0.0113313949556064
2016-01-11,2,A Reliable Strategy For Generating Extra Income From Your Stocks,-0.001214491374167
2019-09-24,2,Graphic Processing Unit Market Size to Reach $–57. ...,-0.0146478477178539
2015-08-04,2,How To Navigate Today's Bond Markets,-0.0019216711857567
2017-12-06,2,More Strange And Disturbing Action In The Paper Gold Market,0.0020954572479787
2016-12-01,2,Another rough session for bonds; Mnuchin suggests 100-year Treasurys,-0.0136316063519631
2016-06-28,2,Income Yielding Equity Sector Valuations Near Historical Highs,0.021206104992947
2019-07-15,2,Energy (Electricity) Storage Market Expected to Deliver Dynamic Progression until —…—8 ...,0.0017043356674171
2014-01-22,2,"Polaris CEO Drives Profit With New ATVs, Motorcycles",0.0040797951921551
2015-08-05,2,Aegerion Pharmaceuticals (AEGR) Q2 2015 Results - Earnings Call Webcast,0.0067358341480041
2015-09-14,2,Arlington Asset Investment (AI) is Oversold: Can It Recover?,-0.0034381811863567
2019-05-07,2,Ambev S.A. (ABEV) CEO Bernardo Paiva on Q1 2019 Results - Earnings Call Transcript,-0.019638628273811
2018-07-25,2,Arlington Asset Investment Corporation 2018 Q2 - Results - Earnings Call Slides,0.0116659734459625
2014-10-17,2,IBD 50: Five Stocks Forming Intriguing Chart Patterns,0.0097334615382389
2015-05-12,2,hhgregg (HGG): What to Look for in Q4 Earnings Report? - Analyst Blog,-0.0034804525468349
2012-09-21,2,An ETF Portfolio for the 4th Quarter,0.0012594617215575
2018-04-09,2,Premarket analyst action - healthcare,0.0050946378532348
2016-04-04,2,"Annaly Capital's BV, Dividend, And Valuation Compared To 19 mREIT Peers (Post Q4 2015 Earnings) - Part 2",-0.0046271338099298
2019-11-06,2,"Copper & Copper Manufactured Products Market to Touch $–47,6—' Mn by —…—'",-0.0028513002957469
2018-08-17,2,MORL Now Yields 23% And Has Had Total Returns In Excess Of 20% Annually For The Last 5 Years. What's Next?,0.0012566493865648
2013-06-12,2,Time to Avoid Business Development Company ETFs? - ETF News And Commentary,-0.0106257059457027
2018-08-07,2,Albany International Corp/DE/ 2018 Q2 - Results - Earnings Call Slides,0.003051012246356
2016-06-21,2,How To Position For The 'Most Expensive Bond Market In History',0.0013540459769976
2018-07-31,2,"Biotech Analysis Central Pharma News: Celgene's Earnings, Achaogen Cuts Staff, Advaxis Receives IND Clearance",0.0054770693397772
2019-01-14,2,Dow Stocks Keep Losses Small; Citigroup Stages Bullish Reversal,-0.0094040374177968
2013-07-16,2,Gold Mining Stocks: Guess How Low Year-To-Date,-0.0024920346996696
2015-05-15,2,Razor-Thin Profits Cut Into Newspapers' Chances At Innovation,-0.0004969045937379
2016-08-18,2,"Energy Funds Streak Higher As Oil Hits $48, Best Level Since July",0.0021974551319836
2018-01-19,2,How Holiday Sales Reversed Nordstrom's (JWN) Revenue Graph?,0.0055276593779676
2012-08-21,2,"Go Shopping For These Retail Stocks Ahead of Earnings? AEO, CHS & EXPR",-0.0029094084231973
2015-10-12,2,New Strong Sell Stocks for October 12th,0.0016913305561629
2018-10-19,2,Biotech Stocks Bloodied But Can Now Drive M&A,-0.0048242719445369
2015-03-12,2,Fed Rate Hike Cycles And Bond Yields,0.0089382751497908
2019-10-23,2,"Empirical Report on Arthroscopy Devices Market by —…—9| CorTek Endoscopy, Dufner ...",0.0019113599876994
2014-10-13,2,Will ADTRAN (ADTN) Disappoint this Earnings Season? - Analyst Blog,-0.0146343691408971
2020-03-19,2,Why Is Agilent (A) Down 19.3% Since Last Earnings Report?,0.0229962685795621
2011-06-09,2,Farm Machinery Plows Profits - Analyst Blog,0.0035472474155795
2016-12-16,2,"Steel Dynamics guides below consensus, but investors look to 2017",-0.0036082980206304
2015-01-21,2,"Adaptive Asset Allocation: Which Is Better - Quarterly, Monthly, Or Weekly Trading?",0.0027003714308821
2019-12-13,2,Mini Excavators Market Go Big With Construction Industry Solutions to do more with less,0.0020143312030556
2017-11-17,2,Agios Pharma's ivosidenib shows treatment effect in early-stage glioma study; shares ahead 3% premarket,-0.0015456428239665
2019-11-11,2,Air Lease records portfolio sale,-0.0013013444268317
2018-05-16,2,Emerging Markets April 2018 Recap And Outlook: Look Beyond The Headlines,0.0063482414945983
2018-06-01,2,"Stock Market News For June 1, 2018",0.015077687429198
2016-11-08,2,Daily State Of The Markets: Sometimes The Game Is Just Plain Hard,0.0052883108595245
2020-02-05,2,What's in the Cards for Dominion Energy's (D) Q4 Earnings?,0.0042997561370825
2018-04-19,2,New Strong Sell Stocks for April 19th,-0.0078380113531859
2015-05-29,2,New Strong Sell Stocks for May 29th - Tale of the Tape,-0.0054826020148337
2015-05-22,2,7 Stocks Meeting The Goal Of Increased Dividends,-0.0002809339552949
2014-10-01,2,Sure Bets: Slow-Changing Industries for Long-Term Investors,-0.0158678171267844
2019-09-05,2,Duke Energy Arm Seeks for Rate Hike to Recover Investments,0.0175444782130975
2018-08-29,2,"American Eagle Outfitters, Inc. 2018 Q2 - Results - Earnings Call Slides",0.0099189919298396
2018-07-16,2,The Millennial Portfolio: Longer Than Long Term?,-0.0025887832163591
2019-07-26,2,A. O. Smith (AOS) to Report Q2 Earnings: What's in the Cards?,0.0111269619908811
2014-10-23,2,Stock Screen: Highest-Yielding Public and Private Equity Stocks,0.0159576394008207
2020-02-20,2,"Adams Resources & Energy, Inc. Announces Quarterly Cash Dividend",-0.0067442955151165
2015-09-30,2,Stock Movement Prior To Phase III Trial Releases: Penny Stocks Rise While Big Stocks Fall,0.022765785030294
2019-12-13,2,Here's Why Investors Should Hold on to Aflac (AFL) Stock,0.0020143312030556
2019-04-23,2,Wall Street Breakfast: Futures Tepid As Investors Await Earnings Jolt,0.0131685900076106
2015-12-07,2,"Arizona solar plant secure despite parent Abengoa's turmoil, DoE says",-0.0078681128730747
2015-03-19,2,"Stock Market News for March 19, 2015 - Market News",0.0019165423138598
2019-09-04,2,"American Eagle Outfitters, Inc. (AEO) CEO Jay Schottenstein on Q2 2019 Results - Earnings Call Transcript",0.0130451660271309
2019-08-06,2,Apollo Investment (AINV) CEO Howard Widra on Q1 2020 Results - Earnings Call Transcript,0.0138790350459743
2012-11-27,2,Market Preview: Beyond the Cliff,-0.0030200384797993
2019-07-19,2,United Technologies' (UTX) Q2 Earnings: What's in the Cards?,-0.0074020009485717
2018-01-17,2,Aar Corp (AIR) Chairman & CEO David P Storch Sold $5.' million of Shares,0.0103257260977454
2011-06-20,2,A Busy Week for Six Biotech Stocks,0.0050372759352295
2016-08-10,2,Affimed revenues off 5% in Q2,-0.0039996138961143
2014-08-12,2,Abengoa Yield Revenue Jumps In First Post-IPO Report,-0.0027446426217926
2015-08-19,2,"Premarket Biotech Digest: Which Cancer Drug, MannKind's Future, Victoza Trial",-0.0079655078598769
2020-04-08,2,Archer Daniels Midland (ADM) Gains But Lags Market: What You Should Know,0.025818870275615
2015-02-03,2,Owens-Illinois Q4 Earnings in Line; Provides 2015 Outlook - Analyst Blog,0.0109159028304963
2016-09-21,2,Most Heavily Shorted Stocks In The Russell 3000,0.0102702695149234
2017-01-26,2,Alternative Investment Allocations Should Increase In 2017 Across The Board Due To Market Uncertainty,-0.000205020914723
2017-03-03,2,Arbor Realty Trust's (ABR) CEO Ivan Kaufman on Q4 2016 Results - Earnings Call Transcript,0.0016259046421964
2019-11-12,2,Has First Majestic Silver (AG) Outpaced Other Basic Materials Stocks This Year?,0.00257665975227
2016-08-16,2,3 Alternative Gold Investments,-0.0066343640123797
2016-10-28,2,Aflac's (AFL) CEO Dan Amos on Q3 2016 Results - Earnings Call Transcript,-0.0049597900528415
2018-05-01,2,Acacia Research's (ACTG) Management Discusses Q1 2018 Results - Earnings Call Transcript,0.0091179894913673
2018-02-20,2,The Klein Law Firm Notifies Investors of Commencement of a Class Action Filed on Behalf of ...,-0.0007127809213746
2015-01-28,2,Investment Strategies For Retirees In Today's Economic Reality,-0.0092939796272562
2018-11-05,2,Red Robin's (RRGB) Q3 Earnings: Factors Shaping the Outcome,-0.0038249523000951
2016-07-11,2,"Ken Fisher's Best Investments: Credicorp, Ambev, Tata Motors",0.0064316958257366
2016-04-20,2,LiveRamp names Jeff Smith chief marketing officer,0.0015788023399563
2015-10-19,2,Wolverine World Wide (WWW) Q3 Earnings: What to Expect?,0.0038431481560492
2018-02-28,2,Analog Devices (ADI) Q1 2018 Results - Earnings Call Transcript,-0.0078223183432375
2015-11-30,2,Actions Semiconductor's (ACTS) CEO Zhenyu Zhou on Q3 2015 Results - Earnings Call Transcript,-0.003676260177327
2020-02-13,2,"Automotive Electronics Sensor After Market Share,Size —…—… Global Trend, Segmentation, ...",-0.0014384425219915
2018-08-29,2,Premarket Losers as of 9:05 am (8/29/2018),0.0099189919298396
2013-11-11,2,Conifer Enhances Revenue Mgmt - Analyst Blog,0.0001429001606287
2019-11-21,2,Here's Why You Should Hold Advance Auto in Your Portfolio Now,-0.0024066091789468
2019-01-30,2,What's in Store for Aimco's (AIV) Earnings This Season?,0.0220238547644153
2016-08-22,2,Seed Your Portfolio With These Stocks That Help Feed The World,0.001187431034576
2012-02-17,2,"Acadia Realty Trust (AKR) President and CEO Kenneth F Bernstein sells 75,000 Shares",-0.002726512523646
2019-11-15,2,Market Runs With U.S. Line That U.S.-China Deal Is Close,0.0072898224431721
2016-07-05,2,Precious Metals Second Quarter 2016 Review And The Outlook For Q3,-0.0081582215390343
2014-11-04,2,These 5 Drugmakers' Earnings Excelled This Quarter,-0.0032917256460931
2015-06-02,2,Microsoft (MSFT) to Release New OS Windows 10 on Jul 29 - Analyst Blog,-0.0012611143628418
2016-10-26,2,"Applied Industrial Technologies beats by $0.09, misses on revenue",-0.0062705612720709
2014-04-28,2,Will Forest Labs (FRX) Keep Its Earnings Streak Alive? - Analyst Blog,-0.000284661796985
2018-10-31,2,"Ameren beats by $0.19, misses on revenue",0.0201420066558675
2016-08-24,2,Best And Worst Performing Stocks Of 2016,-0.0080588386657908
2017-10-27,2,"Barrick Gold (ABX) Q3 Earnings Miss, Revenues Beat Estimates",0.022036726263594
2017-03-01,2,Aegion Corporation 2016 Q4 - Results - Earnings Call Slides,0.0134907997576967
2020-02-12,2,Digital Vault Market Unidentified Segments – The Biggest Opportunity of —…—…,0.0090279146224396
2019-01-08,2,Here's Why You Should Add Entergy (ETR) to Your Portfolio,0.0107760102764562
2015-05-11,2,American Capital invests $21.5M in Electronic Warfare Associates,-0.0019945800198492
2017-10-23,2,Will Escalating Supply Hurt Aimco (AIV) in Q3 Earnings?,-0.006368895664752
2013-02-07,2,"Stocks Open Down In Weak Trade; O'Reilly Automotive, Ixia Jump",-0.0010573201272852
2016-02-03,2,ABB's (ABB) Ulrich Spiesshofer on Q4 2015 Results - Earnings Call Transcript,-0.0028138368562685
2018-05-07,2,"Wayfair (W) Q1 Loss Wider Than Anticipated, Revenues Beat",0.007710509409154
2014-12-30,2,Baidu Antivirus Gets Information Security Certification - Analyst Blog,-0.0061308020923653
2019-12-19,2,Apartment Investment and Management Enters Oversold Territory,0.0067377936604759
2018-01-05,2,"U.S. Weekly FundFlows Insight Report: Despite A Good Beginning To 2018, Fund Investors Are Net Redeemers For The Week",0.0082863304349745
2020-03-03,2,Steel Stocks Are Bleeding: Will Coronavirus Bring More Pain?,-0.0299458210092655
2011-11-09,2,3 Stocks with Strong Estimate Revisions - Investment Ideas,-0.0388049409052203
2016-02-18,2,Agios Pharmaceuticals' (AGIO) CEO David Schenkein on Q4 2015 Results - Earnings Call Transcript,-0.0102601242440706
2019-11-11,2,Crescat Capital Q3 2019 Quarterly Letter,-0.0013013444268317
2015-04-16,2,"American Addiction Centers: Could Be Worse Than Expected, 50% Downside Possible",-0.000644575446947
2019-02-19,2,Arlington Asset Investment Corp (AI) CEO Rock Tonkel on Q4 2018 Results - Earnings Call Transcript,0.0019217177565178
2016-10-19,2,ADTRAN's (ADTN) CEO Tom Stanton on Q3 2016 Results - Earnings Call Transcript,0.0004901584671894
2013-03-06,2,Trading Idea: Is AK Steel Breaking Down?,-0.0005458110215661
2010-09-13,2,Strong Industrial Data Lifted Steel Stocks,0.0192777553624865
2019-06-11,2,American Eagle Has A Secret Weapon,-7.670773640899853e-05
2020-05-15,2,Acadia Pharmaceuticals Inc (ACAD) CEO Stephen Davis Sold $9.— million of Shares,0.0079206242945659
2019-05-21,2,"Adecoagro misses by $0.08, beats on revenue",0.0108200755220111
2018-10-24,2,Akamai (AKAM) to Report Q3 Earnings: What's in the Offing?,-0.0442538977928296
2018-02-08,2,Stocks To Watch: Applied Industrial Technologies Sees Relative Strength Rating Jump To 81,-0.0389705905263336
2014-01-08,2,ADT & McAfee Collaborate for Increased Security - Analyst Blog,0.002992812007647
2019-07-26,2,Ares Commercial Real Estate Corporation 2019 Q2 - Results - Earnings Call Slides,0.0111269619908811
2017-10-12,2,Is Barrick Gold Corporation (ABX) a Great Stock for Value Investors?,-0.0018232676997382
2016-11-07,2,Gurus' 6 Worst-Performing Stocks,0.0237397974990918
2017-08-04,2,Should You Sell AES Corporation (AES) Before Earnings?,0.0017696551163279
2010-07-12,2,Earnings Smackdown: TheStreet vs. MarketWatch,0.0008696561690288
2017-01-24,2,Agrium favored as Cowen becomes less pessimistic on ag sector,0.008647674932189
2018-10-26,2,What's in the Cards for Allstate (ALL) in Q3 Earnings?,-0.0206508424095073
2017-06-06,2,Goldcorp Announces Quarterly Dividend,-0.0032752802893042
2015-07-23,2,ABB's (ABB) CEO Ulrich Spiesshofer on Q2 2015 Results - Earnings Call Transcript,-0.0049035172069674
2019-12-13,2,Smart Thermostat Market Expected to Reach $8.78 Billion By —…—6 at a CAGR of —6. ...,0.0020143312030556
2019-01-04,2,Video Breakdown Gives Skewed Viewpoint For Future Of Acadia Healthcare,0.0426022841001392
2014-11-13,2,DDR Sheds JV Assets to Exit Buffalo MSA Market - Analyst Blog,0.0010694866578928
2019-02-26,2,"Dividend Increases: February 18-22, 2019 (Part 3: Remaining Sectors)",-0.0006830609039801
2016-08-03,2,The Nifty Fifty Market Barometer,0.0042840425615831
2014-03-04,2,Why Investors Should Keep Their Faith in This Brewer,0.0174573711373746
2014-12-09,2,Stocks Snap Back After Morning Downdraft; AutoZone Jumps,0.0054380846999355
2019-08-07,2,American Equity Investment Life Holding Company 2019 Q2 - Results - Earnings Call Slides,0.0037736550023228
2020-03-05,2,"Distributed Energy Resource Management System Market Size, Trends —…–7 - Global Industry ...",-0.030993259641753
2015-03-31,2,"Commodities Today: Asset Sales, Deal Rumors And Analyst Reports Moving These Stocks",-0.009410939626387
2012-05-21,2,Earnings Preview: Wet Seal - Analyst Blog,0.024622199199362
2018-11-20,2,Sell Annaly Capital And AGNC Investment Corp - The Mortgage Carry Trade Is Dead,-0.0170250404899097
2016-05-19,2,"Stocks Hit Lows On 'Live' Dudley; Cisco, Wal-Mart, Salesforce Rise",-0.0056108162219425
2018-06-19,2,Armada Hoffler Properties to Discuss Second Quarter Earnings on July '–st,-0.0027675047083631
2019-03-26,2,"Market Volatility Bulletin: Stocks Rebound, But VIX Remains Cautious",0.0070677181648366
2019-04-04,2,"Aehr Test Systems beats by $0.01, misses on revenue",-0.0004774866379807
2019-08-21,2,Here's Why You Should Hold Sonoco Stock in Your Portfolio Now,0.0090141990266883
2019-07-03,2,"USNA, ADXS among premarket losers",0.0075397039491273
2019-05-23,2,Two new leveraged weed ETFs to launch in Canada,-0.0158124875580519
2019-09-30,2,HYG: It's Time To Reconsider High Yields,0.0075204967761479
2019-03-07,2,"Investor Expectations to Drive Momentum within Sea Limited Sponsored ADR, Physicians Realty ...",-0.0112524463112579
2014-12-18,2,UnitedHealth: Benefitting from Diversified Portfolio - Analyst Blog,0.0224123373411286
2012-07-19,2,Genuine Parts Profits In Line - Analyst Blog,0.0079181009699749
2015-02-06,2,Investing In Africa With ETFs,-0.0043441260179784
2016-11-29,2,American Eagle: Lone Winner Among Struggling Retail Stocks,0.0020693343888125
2017-02-10,2,"Agrium misses by $0.07, beats on revenue",0.0033156797245958
2019-11-06,2,Navigating New Global Market Uncertainties,-0.0028513002957469
2015-01-12,2,Dividend Smart Stocks,-0.0083671936752739
2019-06-05,2,"American Eagle Outfitters, Inc. (AEO) CEO Jay Schottenstein on Q1 2019 Results - Earnings Call Transcript",0.0064247497752591
2019-08-20,2,Apparel sector hopes to shake off tariff drag,-0.0067788688726585
2018-02-06,2,"Armada Hoffler Properties misses by $0.01, beats on rental revenue",0.0212916345147597
2016-11-15,2,Agilent Technologies (A) Down Ahead of Earnings Figures,0.0109650881332514
2015-02-10,2,ADDvantage Technologies' (AEY) CEO David Humphrey on Q1 2015 Results - Earnings Call Transcript,0.0130406778974565
2018-04-09,2,Premarket Losers as of 9:05 am (4/9/2018),0.0050946378532348
2017-02-21,2,Identifying Business Development Corporations Worth Keeping Vs. Those To Avoid Right Now - Part II: $300M < Market Cap < $1B,0.0046878036819337
2017-07-18,2,A. H. Belo Corporation Announces Schedule for Second Quarter —…–7 Financial Results ...,0.0047319998765846
2019-02-25,2,"New ETFs To Consider, Plus Second Marijuana Play On The Way?",0.0035761911242324
2018-08-07,2,Atlas Financial Holdings 2018 Q2 - Results - Earnings Call Slides,0.003051012246356
2015-05-12,2,"Air T - An Interesting, Uncovered Small-Cap, With A Stable Business That Rewards Patient Investors",-0.0034804525468349
2015-05-08,2,Omnicom's Porter Novelli Launches Cybersecurity Platform - Analyst Blog,0.0117297130680993
2019-10-30,2,Unum Group (UNM) Q3 Earnings and Revenues Miss Estimates,0.0032779210273761
2020-04-24,2,ABIOMED (ABMD) to Report Q4 Earnings: What's in the Cards?,0.0164536368050856
2016-04-12,2,Preferred Equities Delivering Reasonable Yields For The Conservative Investor,0.008004705215368
2012-05-14,2,Stocks Slip In Lower Trade; Groupon Soars Before Q1 Report,-0.0106482297845363
2016-12-14,2,Air T Insider Invests in Company,-0.0049709006066529
2018-10-10,2,AGNC Investment's Q3 2018 Income Statement And Earnings Preview - Part 3 (Notable MBS Price Decreases),-0.040833470842182
2019-11-11,2,Achillion Announces Clearance of Investigational New Drug Application for ACH-5——8,-0.0013013444268317
2019-08-22,2,"American Financial to Share More Profits, Hikes Dividend",-0.0035934002175899
2020-02-05,2,Arbor Realty Trust Schedules Fourth Quarter —…–9 Earnings Conference Call,0.0042997561370825
2018-11-06,2,Verso (VRS) to Report Q3 Earnings: What's in the Offing?,0.0064280020267184
2015-08-27,2,"Premarket Biotech Digest: CLL Treatment, Gilead CEO Sells, Acelity IPO",0.0245170708322444
2016-10-05,2,IShares Cuts ETF Costs As New Rule Tied To Retirement Looms: One Hot Tip,0.0049832810620364
2015-05-13,2,American DG's (ADGE) CEO John Hatsopoulos on Q1 2015 Results - Earnings Call Transcript,0.0011052632766759
2017-07-31,2,What's in the Cards for Humana (HUM) this Earnings Season?,-0.0041664927276912
2013-05-23,2,Synopsys Posts Decent Earnings - Analyst Blog,-0.0011203554120117
2012-08-15,2,"Deere Profit Weak, But Don't Blame U.S. Drought Yet",0.0046238129726361
2012-05-30,2,"Research In Motion, UDR Among Stocks Down on High Volume Wednesday",-0.0117136886324548
2018-02-06,2,AGCO (AGCO) Q4 2017 Results - Earnings Call Transcript,0.0212916345147597
2012-08-30,2,"Arlington Asset Investment Corp. (AI) Chairman and CEO Eric F Billings sells 23,323 Shares",-0.0105413756004688
2018-09-28,2,"Mideast, U.S. Still Lead Regional Equity Markets Returns This Year",0.0005446280818617
2014-07-30,2,"Stock Market News for July 30, 2014 - Market News",0.0045467184692233
2017-09-13,2,Stocks Showing Improved Relative Strength: Timken,0.0009156957006406
2018-10-10,2,"Market Trends Toward New Normal in AllianceBernstein Holding, Five9, Simpson Manufacturing, ...",-0.040833470842182
2019-01-17,2,4 Stocks in Remembrance of Vanguard Founder John Bogle,0.007074941460931
2014-05-05,2,"FBL Financial Misses Earnings Ests, Grows Y/Y - Analyst Blog",0.0034336808810397
2020-02-18,2,What's in Store for Universal Electronics (UEIC) Q4 Earnings?,0.0001603656416913
2015-06-18,2,Ashford Trust (AHT) Closes Acquisition of 9-Hotel Portfolio - Analyst Blog,0.0134396696614651
2019-12-02,2,"Timing the Market, Is it Possible? - December 02, 2019",-0.0112491873220321
2016-11-09,2,Arctic Cat Inc. 2016 Q3 - Results - Earnings Call Slides,0.0110868774649153
2016-02-25,2,Acacia Research's (ACTG) CEO Marvin Key on Q4 2015 Results - Earnings Call Transcript,0.0087153273608782
2016-10-25,2,ACCO Brands Corporation 2016 Q3 - Results - Earnings Call Slides,-0.0049775935185072
2016-04-26,2,AK Steel's (AKS) CEO Roger Newport on Q1 2016 Results - Earnings Call Transcript,-0.0015340228740055
2017-10-18,2,New Strong Sell Stocks for October 18th,8.455424652509258e-05
2015-06-05,2,Should Steel Stocks Be a Part of Your Portfolio? - Industry Outlook,0.0018461399479861
2016-02-02,2,"AGCO beats by $0.01, misses on revenue",-0.0223834712916793
2018-08-03,2,"Ashford Hospitality Trust, Inc. (AHT) CEO Douglas Kessler on Q2 2018 Results - Earnings Call Transcript",0.0011944373400374
2019-04-26,2,Rockwell Skids On A Weaker Auto End-Market,0.0034143143912961
2020-01-09,2,Accenture: Strong Cash Generation And Reasonable Valuation,0.008126574744484
2019-09-06,2,ETF Gold Holdings Approaching All-Time Highs,-0.0016952743588083
2017-03-01,2,"American Eagle Outfitters, Inc. 2016 Q4 - Results - Earnings Call Slides",0.0134907997576967
2012-04-30,2,"5 Agriculture Stocks You Need To Know (MON, CZZ, AGU, DE, TSCO)",-0.0074416278226772
2019-02-08,2,Factors Likely to Influence Diodes' (DIOD) Earnings in Q4,0.0013514852503335
2013-10-02,2,Prosperity Bancshares Stays Neutral - Analyst Blog,-0.0007752688470452
2016-08-15,2,–… Low PE Stock Picks for the Defensive Investor,0.0055666910734659
2016-07-01,2,8 High Dividend Yield Stocks That Can Deliver,0.0041092832393674
2018-02-20,2,FDA OKs Osmotica Pharma's PD med Osmolex; rival Adamas Pharma down 12% premarket,-0.0007127809213746
2011-10-31,2,Earnings Scorecard: Rent-A-Center - Analyst Blog,-0.0192682140606238
2015-07-21,2,Blues for the Yellow Metal: 3 Dull Gold Stocks - Analyst Blog,-0.0020578720975653
2019-12-10,2,American Eagle Outfitters Q3 2019 Earnings Preview,-0.000655358615723
2019-08-01,2,Weekly Review: Municipal Bond CEFs - The Focus Is On The Decision Of Fed,-0.0078650155346091
2019-12-12,2,"The Market Timing Secrets No One Talks About - December 12, 2019",0.0073110866288554
2019-01-28,2,5 High Yields To Keep Your Portfolio Safe With Preferred Shares,-0.0110511146080864
2017-02-03,2,"Grace & White Inc Buys Magal Security Systems, Centene, Tuesday Morning, Sells Roche ...",0.0054238357686751
2015-04-20,2,The Chase For Yield,0.0127316417940888
2018-09-24,2,Annaly Capital's Dividend And Valuation Compared To 19 mREIT Peers (Includes Q4 2018 And 2019 Dividend Projections) - Part 2,0.0007875385745343
2014-01-31,2,Chubb Earnings Gain on Benign Cat Loss - Analyst Blog,-0.0046687833144051
2019-05-15,2,Stocks To Watch: Agilent Technologies Sees Relative Strength Rating Jump To 84,0.0113336063932381
2017-02-16,2,Ameren Corporation 2016 Q4 - Results - Earnings Call Slides,-0.0007801505141752
2016-07-07,2,21 Stocks For July 2016,0.0036322948361864
2018-08-07,2,AECOM (ACM) Q3 2018 Results - Earnings Call Transcript,0.003051012246356
2017-03-09,2,Autobytel's (ABTL) CEO Jeff Coats on Q4 2016 Results - Earnings Call Transcript,0.0002158874782083
2017-03-06,2,"Investing Podcast Highlights: Snapchat, Israeli Tech Companies, Movie Stocks, and More",-0.0036741173135885
2015-08-03,2,Microsoft's Day 1 Success: 14M Windows 10 Downloads - Analyst Blog,-0.0025154443369272
2011-01-05,2,7 Retail Stocks: Which Stockings Were Filled in December?,0.007813501602564
2016-12-16,2,Arlington Asset Investment declares $0.625 dividend,-0.0036082980206304
2020-05-29,2,Global USD –…67.4 Mn United States Electrical Contacts and Contact Materials Market | ...,0.0129021249663585
2012-12-11,2,"Acacia Research Coroporation (ACTG) Executive Chairman Robert L Ii Harris sells 4,167 Shares",0.0118314568500386
2016-01-07,2,Active Power Protects Stratasys Direct Manufacturing 3D Printing Operations From Downtime,-0.0302598964663078
2016-05-02,2,And You Thought A Great Run For Gold And Silver Funds Was Over?,0.00884330849984
2020-05-06,2,A Trio of High-Quality Stocks for the Value Investor,0.0051389390367915
2019-07-23,2,Get The Most Out Of Emerging Markets,0.0057605969928242
2015-04-01,2,iShares Core U.S. Aggregate Bond ETF announces monthly distribution of $0.211,-0.0042135091733567
2019-08-06,2,"Dividend Increases: July 29-August 2, 2019 (Part 1: Industrials, Materials, And Financials Sectors)",0.0138790350459743
2018-03-01,2,Ares Commercial Real Estate's (ACRE) CEO Jamie Henderson on Q4 2017 Results - Earnings Call Transcript,-0.0127113409730593
2019-11-13,2,Acasti Pharma +5% premarket on Q2 results,-0.000470208829799
2019-04-18,2,Nucor (NUE) to Report Q1 Earnings: What's in the Offing?,0.0002476188894313
2016-08-16,2,"Market Doomsdayer Stanley Druckenmiller Into Gold, Agriculture, Defense, Halliburton",-0.0066343640123797
2014-08-20,2,Will Abercrombie and Fitch (ANF) Crush Earnings Estimates? - Stocks in the News,-0.0002274506758811
2016-02-23,2,"AAC Holdings misses by $0.01, beats on revenue",-0.0146653919632793
2018-01-18,2,Is The ADT IPO Secure For Your Portfolio?,-0.0003055487778483
2015-08-05,2,Acxiom (ACXM) Q1 2015 Results - Earnings Call Webcast,0.0067358341480041
2018-04-24,2,Fundamental Overview Of Recent Macroeconomic Trends And Precious Metals Market For Q1 2018,-0.017008949630919
2014-03-03,2,"Stocks Edge Lower, Trade Mixed; Oil, Bonds, Dollar Rising",-0.0071540049166782
2019-12-13,2,Arlington Asset Investment declares $0.225 dividend,0.0020143312030556
2012-07-02,2,"A New Week: Are These Hot Stocks Still Hot? LIVE, AES & KEQU",0.0055126595361074
2017-01-31,2,"AFLAC misses by $0.09, beats on revenue",0.0001924000585202
2019-09-26,2,Aflac Shares —…–8 Corporate Social Responsibility Report,-0.0057840199718615
2018-01-24,2,"Intel Q4 Earnings: IoT, NAND & FPGAs Solutions in Spotlight",-0.0060627643472201
2016-02-03,2,Arlington Asset Investment's (AI) CEO Rock Tonkel on Q4 2015 Results - Earnings Call Transcript,-0.0028138368562685
2016-04-05,2,Goldcorp Is an Enticing Investment Opportunity,-0.0097856884618171
2019-01-30,2,"AK Steel (AKS) Beats Q4 Earnings, Misses Sales Estimates",0.0220238547644153
2012-04-04,2,3 Bank Stocks to Sell From JPMorgan,-0.0146070200670687
2015-10-20,2,KLA-Tencor (KLAC) to Report Q1 Earnings: What's in Store?,-0.0049944243725839
2019-11-25,2,Market Volatility Bulletin: VIX Goes Sub-12,0.0132173637552888
2018-05-31,2,Analysts adjust Analog Devices targets after earnings,-0.0027243167582907
2016-01-04,2,3 Must Own Biotech Stocks In 2016,-0.0208331870657314
2016-02-11,2,Armada Hoffler Properties' (AHH) CEO Lou Haddad on Q4 2015 Results - Earnings Call Transcript,-0.0039102716672183
2012-11-29,2,"American Eagle Delivers Earnings Knockout (AEO, ANF, ARO)",0.0067685457492538
2015-01-26,2,New Ideas For Bond Investors,0.0029172411146065
2018-02-27,2,Popular fixed-income ETF saw massive inflow yesterday,-0.0122765417802969
2014-07-17,2,"Danaher Q2 Earnings, Guidance Disappoint Wall Street",-0.0141257208016383
2018-12-21,2,Brad Thomas Positions For 2019: Intelligent REIT Investing,-0.029933769049102
2019-03-06,2,Private Sector Employment Data in Focus,-0.0092973331094839
2016-12-02,2,Gold Industry Down as Uncertainty Mounts,0.00086458656945
2015-07-17,2,4 Value Stocks Under $20 That Should be Part of Your Portfolio - Analyst Blog,0.0090951621556367
2019-03-04,2,"Astec's (ASTE) Q4 Earnings Miss, Revenues Beat Estimates",-0.0023409419195813
2017-01-11,2,The Corporate Bond Market: Binge-Borrowing,0.0021308469113845
2018-02-28,2,"Ashford Hospitality Prime beats by $0.01, misses on revenue",-0.0078223183432375
2012-01-05,2,"5 Great, No-Nonsense Value Stocks for 2012",0.0081182313310592
2015-04-28,2,Agree Realty's (ADC) CEO Joey Agree on Q1 2015 Results - Earnings Call Transcript,-0.0009545137344992
2012-07-24,2,"Acacia Research Corp. (ACTG) Sr.V.P, CFO Clayton J Haynes sells 4,167 Shares",-0.009397406026362
2020-04-17,2,Discover Financial (DFS) to Post Q1 Earnings: What's in Store?,0.0138038352838005
2019-07-22,2,Biotechs' Second-Half Battle,0.0070765952457958
2016-10-26,2,Stocks Going Ex-Dividend The First Week Of November,-0.0062705612720709
2012-01-26,2,"Acacia Research Corp. (ACTG) President & Chairman Paul R Ryan sells 15,000 Shares",-0.0046233483988544
2018-04-30,2,29 'Safer' Dividend 10%+Yield Stocks Bloom In May,-0.0075184396506495
2016-04-06,2,Magic Formula Portfolio Achieves Alpha In Q1,0.0158528377321447
2015-06-17,2,3 Apparel Stocks in Better Shape than The Gap - Analyst Blog,0.0018455120581244
2019-12-19,2,Robotics Space Holds Promise in 2020: Stocks Under Spotlight,0.0067377936604759
2013-02-15,2,How to Remain Solvent Longer Than the Market Is Irrational,-0.0020727063816321
2015-05-19,2,What's in Store for Aeropostale (ARO) This Earnings Season? - Analyst Blog,-0.001656051139136
2018-10-24,2,"AGNC Investment beats by $0.07, misses on net interest income",-0.0442538977928296
2019-04-08,2,Insurance Investment Strategies: The DGI Approach,0.0019134065593144
2015-04-29,2,"ACCO Brands beats by $0.02, misses on revenue",-0.0062862800019317
2018-03-01,2,"Amazing But True: 'Risk On' Indicator Turning Bullish, Good For Stocks",-0.0127113409730593
2016-08-23,2,"Advance Auto Parts Inc (AAP) CEO Thomas Greco Bought $997,—5… of Stocks",0.0029516035885497
2020-05-12,2,"Markets Tread Water, Looking for New Focus",-0.0206465429138307
2019-02-12,2,Follow Loeb's 13-F Disclosure With ETF & Stock Strategies,0.0146034040243931
2011-09-28,2,Best-Performing Stocks Under $5 in 2011,-0.0216936341668603
2018-04-30,2,AK Steel Holding Corp 2018 Q1 - Results - Earnings Call Slides,-0.0075184396506495
2019-10-23,2,"Don't Gamble This Halloween, Go With AGNC Investment Corp.'s Preferred Shares",0.0019113599876994
2018-12-26,2,New Strong Sell Stocks for December 26th,0.058363412730326
2019-10-18,2,Acme United Corporation's (ACU) CEO Walter Johnsen on Q3 2019 Results - Earnings Call Transcript,-0.0082519670936567
2016-06-06,2,Monday Market Myopia - Yellen Speaks At Noon!,0.0052989044662956
2015-04-28,2,AGCO (AGCO) Q1 2015 Results - Earnings Call Webcast,-0.0009545137344992
2020-02-20,2,"How to Time the Markets Like an Investing Pro - February 20, 2020",-0.0067442955151165
2018-01-04,2,Are Stocks Really That Expensive?,0.0017522212021183
2019-05-08,2,"Axcelis Technologies, Inc. 2019 Q1 - Results - Earnings Call Slides",-0.0025666195374799
2015-01-12,2,"Terreno Unveils Q4 Investments, Capital Market Activities - Analyst Blog",-0.0083671936752739
2016-03-31,2,"Markets In Russia, Brazil Rocket In March On Oil Prices, Currencies",0.0001150185323233
2019-07-09,2,My Road To Financial Independence: 103-Stocks Portfolio June Review,0.0053529345725376
2020-02-24,2,"Web Conferencing Market —…—… to —…—8|Scope, Future Scope, Demands and Projected ...",-0.0371018886795477
2017-01-17,2,AGNC Investment's Q4 2016 Income Statement And EPS Projection - Part 3,-0.0063490086282185
2015-12-01,2,FfD3 Hopes Meet EM Slowdown In Africa,0.0093253503254844
2018-10-30,2,Armada Hoffler Properties reports FFO of $0.24,0.0157950754740947
2019-01-11,2,"What's Next For The Dollar, Gold, Stocks And Bonds?",-0.0020884193999065
2015-08-11,2,Is The Chubb Corp (CB) Worth Adding to Your Portfolio?,-0.0127425159970544
2013-02-11,2,"Aflac Inc (AFL) Chairman Aflac Japan Charles D Ii Lake sells 2,019 Shares",-0.0005855332618055
2015-08-05,2,Albany's (AIN) CEO Joe Morone on Q2 2015 Results - Earnings Call Transcript,0.0067358341480041
2016-02-09,2,Coca-Cola earnings lift soft drinks sector,-0.0034993252115552
2015-05-22,2,"Skyworks, Avago Among IBD 50 Stocks You Need To Know",-0.0002809339552949
2020-03-18,2,"Global Packaging Automation Market Projected to Touch USD 6–.— Billion,at a CAGR of 9. ...",-0.0470279887753851
2020-02-19,2,"Conformal Coating Market by Market Status, Size, Trends, CAGR Status, Downstream Industry and ...",0.0086758149392263
2019-11-06,2,Apollo Investment 2020 Q2 - Results - Earnings Call Presentation,-0.0028513002957469
2015-05-26,2,Agilysys Shares Could Be On The Cusp Of Breaking Out,-0.011123179496439
2016-02-26,2,Acme United Corporation's (ACU) CEO Walter Johnsen on Q4 2015 Results - Earnings Call Transcript,0.0018048141021227
2018-06-21,2,Canada Legalizes Marijuana: Two ETFs to Tap the Boom,-0.0088105743457861
2015-07-01,2,Why Dillard's (DDS) isn't an Ideal Pick for Investors? - Analyst Blog,0.0052638226749737
2019-09-24,2,Argan Shouldn't Have Much More Downside,-0.0146478477178539
2012-11-28,2,"Stocks Turn Positive; Fresh Market Down Hard, Off Low",0.008083452642746
2016-03-11,2,Gold Is Still King Of Financial Assets In 2016; Mining Stocks Prove It,0.0185128900983901
2018-07-31,2,"ACCO Brands misses by $0.02, beats on revenue",0.0054770693397772
2019-11-12,2,Dow Flat on Tuesday,0.00257665975227
2018-10-11,2,Duke Energy to Invest $500M in Battery Storage in Carolinas,-0.0125288496494622
2015-04-27,2,Gross: Everyone hated bonds at double-digit yields 35 years ago,-0.0062508989718638
2016-02-16,2,Agilent Technologies (A) Michael R. McMullen on Q1 2016 Results - Earnings Call Transcript,0.0226974002670203
2020-02-11,2,Enterprise Governance Risk and Compliance Market Overview And Geographical Forecast Till ...,0.0010957991559588
2015-05-05,2,Today's Market: SOHN Conference Leads To Interesting Stock Moves,-0.0154676455396682
2014-10-14,2,The Stocks Warren Buffett May Have Bought During the Oct. 1 Sell-off,0.0032061830152489
2010-06-22,2,Steel Stocks: Long/Short Strategy,-0.0119217846457269
2015-07-28,2,"Gilead Q2 Earnings Soar As HCV Shines, HIV Rebounds",0.0098080031049843
2016-11-16,2,Adecoagro's (AGRO) CEO Mariano Bosch on Q3 2016 Results - Earnings Call Transcript,0.0035938829021691
2014-04-14,2,Can RLI Corp. (RLI) Keep the Earnings Streak Alive? - Analyst Blog,0.0057403777379014
2013-02-25,2,Two Better Investment Ideas Than WebMD Health (WBMD)? HSTM & ABCO,-0.0144126064653073
2019-04-22,2,Market Volatility Bulletin: Intraday Vol. Is Giving Stocks The Green Light,0.0021517669049018
2012-12-27,2,"Self-Storage, Other Niches Draw Real Estate Investors",-0.0014213286663327
2011-09-15,2,5 Loser Stocks Poised for Rebounds,0.0134185997846669
2015-12-02,2,Giant sucking sound on Wall Street as money moves to passive investing,-0.0064173494948874
2016-04-13,2,ADTRAN's (ADTN) CEO Tom Stanton on Q1 2016 Results - Earnings Call Transcript,0.0154615535716433
2018-12-04,2,Market Volatility Bulletin: Equities In A Tizzy As Trade Truce Fades,-0.0380406125584079
2016-10-11,2,IVV Now The Cheapest S&P 500 ETF On The Market,-0.0153659138233296
2014-04-23,2,Investing in These Retailers Is Like Playing with Fire,-0.008287895694659
2019-07-08,2,ObsEva Ends Recruitment in Second Uterine Fibroids Study,-0.0077691481827537
2019-08-13,2,What to Expect from Deere & Company's (DE) Q3 Earnings,0.0194508112882401
2020-04-09,2,"Zacks Investment Ideas feature highlights: Alibaba, Disney, TSMC, Adobe and Sea Limited",0.0077469968159034
2012-07-30,2,Earnings Scorecard: Texas Instruments - Analyst Blog,-0.004141185574485
2013-09-20,2,CEO vs. Average-Worker Pay: Investment Data?,-0.0038660421485313
2016-01-06,2,"My Shocking News: I Added 23 New Stocks To My Portfolio In 2015 - Good News, Most Are Quality",-0.0113812132966527
2019-06-17,2,AK Steel Announces Second Quarter —…–9 Financial Release Date,0.006202638349253
2020-02-25,2,Factors Setting the Tone for Autodesk's (ADSK) Q4 Earnings,-0.0277260764550746
2016-02-26,2,Ashford Hospitality Prime's (AHP) CEO Monty Bennett on Q4 2015 Results - Earnings Call Transcript,0.0018048141021227
2014-11-19,2,Should You Avoid Adding Genworth (GNW) to Your Portfolio? - Analyst Blog,-0.0056842789704522
2015-06-24,2,Alcobra's lead product candidate flunks mid-stage trial; shares off 26% premarket,-0.007302137877626
2020-03-16,2,"Europe Air Freshener Market Outlook and Projections, —…–9-—…—7 | Predicted to ...",-0.123213312901474
2018-02-26,2,Stocks Generating Improved Relative Strength: Automatic Data Processng,0.0114577285182146
2018-02-01,2,RiverPark Short Term High Yield Fund And RiverPark Strategic Income Fund Q4 2017 Commentary,-0.0034568152723903
2015-01-22,2,"Precision Beats Q3 Earnings, Lags Revenues on Headwinds - Analyst Blog",0.0177785547171027
2013-02-25,2,Six Exciting Dividend Increases for Long-term income investors,-0.0144126064653073
2018-10-22,2,"Business Services Stocks' Earnings on Oct 23: TRU, RHI, TSS",0.0026312282567735
2016-01-11,2,JMP Securities throws in the towel on Ashford vehicles,-0.001214491374167
2012-12-21,2,3 of George Soros' Quantum Fund's Most Loved Stocks,-0.0096315172312837
2015-09-25,2,Barclays begins U.S. machinery sector with negative view,-0.0101341605977177
2017-02-23,2,"Achillion -5% after earnings, outlook, share sale plans",-0.0042862486950711
2018-10-09,2,Premarket Losers as of 9:05 am (10/9/2018),0.0002675591448357
2016-05-16,2,Resource Sector Digest: The Worm Is Wiggling But Is It Turning?,0.0122474994072021
2018-05-07,2,Chain store stocks weak ahead of monthly data,0.007710509409154
2018-02-21,2,"Investor Expectations to Drive Momentum within Easterly Government Properties, Terreno Realty, ...",-0.0022227521345865
2020-04-29,2,Cohen & Steers Invests $'7… Million On Behalf of Clients with Agree Realty Corporation,0.0356632324051009
2018-08-01,2,"Kadant (KAI) Q2 Earnings Beat, Forex & Tariff Woes Hurt View",0.0046273424871177
2016-01-25,2,This Small Cap Networking Stock is Bucking the Market,-0.0158325177020265
2015-07-28,2,"AK Steel beats by $0.01, misses on revenue",0.0098080031049843
2013-03-26,2,Investment Guru John Keeley Comments on ADT Corp,0.0053101509539579
2019-12-27,2,5 Underperforming Small-Cap Stocks Ready to Explode in 2020,-0.0017478220143962
2015-03-06,2,Potash Stocks Sag on Weak Uralkali Earnings Report - Analyst Blog,-0.0111262401645501
2015-08-10,3,Prudential Financial to Boost Indian Base Through Acquisition,0.0115513637591404
2014-09-10,3,Arthur J. Gallagher Ramps Up Employee Benefit Business - Analyst Blog,0.0075192881330117
2016-12-12,3,Alliance Group surges on go-private interest,-0.0058701370075305
2011-08-26,3,Exelon Acquires Wolf Hollow Assets - Analyst Blog,0.0248881927238193
2019-11-05,3,Asset Class Scoreboard: October 2019,0.0001754366258639
2018-07-03,3,"Washington Trust Bank Buys Brookdale Senior Living Inc, Booking Holdings Inc, Rockwell ...",-0.0085917922159437
2015-06-02,3,Should You Get Rid of PROS Holdings (PRO) Now? - Tale of the Tape,-0.0012611143628418
2019-07-18,3,"No Recession Signaled By iM's Business Cycle Index: Update - July 18, 2019",0.0026914732233669
2017-10-09,3,4 Reasons to Bet on BancFirst (BANF) Stock Right Now,-0.0015857222463968
2014-10-07,3,AbbVie's Humira Label Expanded in U.S. - Analyst Blog,-0.0156235100176139
2018-03-05,3,RIT Capital Partners Annual Report 2017,0.0100359806077965
2016-02-29,3,Do Energy Dogs Atop The Contender List Cry Boom Or Bust?,-0.0070842458417643
2017-06-08,3,Adamas Presents Expanded Analysis from the ADS-5–…— Open-Label Study Showing Tolerability ...,0.0038714327650837
2015-02-24,3,US Auto Parts PRTS time to buy this EBAY of auto parts,0.0014412306533018
2019-11-07,3,Implied Volatility Surging for Adamis Pharmaceuticals (ADMP) Stock Options,0.0028404113330822
2020-04-07,3,"First American Bank Buys CMS Energy Corp, Trane Technologies PLC, Adobe Inc, Sells Truist ...",-0.0032831644156512
2017-01-26,3,Sizing Up Small-Cap REITs,-0.000205020914723
2018-07-11,3,Pacira (PCRX) Issues Strong Preliminary Exparel Sales for Q2,-0.0054890105886145
2019-04-17,3,"Zacks.com featured highlights include: DMC, Legg Mason, EZCORP, Manulife and ACI",-0.0005187228809523
2016-10-10,3,Donald Trump Is Golden,0.0068532273071784
2016-03-02,3,Aerocentury reports Q4 results,0.0029469088900899
2018-03-28,3,Applied Industrial (AIT) Poised to Grow Amid Headwinds,-0.0085007408714046
2017-09-05,3,Cincinnati Financial (CINF) on Growth Gear: Should You Hold?,-0.0092862764117395
2020-05-28,3,"The Zacks Analyst Blog Highlights: Apple, Exxon Mobil, Cisco System and Chevron",-0.0046077833367589
2017-11-20,3,Aetna perks up 1% on report that CVS takeover imminent,0.0011676495703669
2017-03-01,3,Acadia Realty Trust declares $0.26 dividend,0.0134907997576967
2015-09-22,3,Ross Stores to Propel Expansion with Colorado Outlet,-0.0149576983707274
2016-05-18,3,Munis: Keep The Pedal To The Metal,0.0049600246018379
2018-07-31,3,Energy/Materials - Top 5 Gainers / Losers as of 2:00 PM (07/31/2018),0.0054770693397772
2016-11-03,3,A High-Tech Manufacturer With Excellent Growth Prospects,-0.0092369058875747
2010-12-29,3,Munis to Cause Insurer Problems in 2011,0.0015209280952799
2013-07-24,3,The rally in gold ends,9.221939758630172e-05
2017-01-27,3,American steel not likely to get Keystone boost despite Trump pledge,0.0009901734694468
2013-03-28,3,Bear of the Day: CoStar Group (CSGP) (revised) - Analyst Blog,0.0033778388998153
2014-06-26,3,"Novo, Other Medicals Display Healthy Action",-0.0001621004291313
2015-09-14,3,Realty Income Announces 12M ATM Equity Sale Program,-0.0034381811863567
2017-03-03,3,Assurant and its Units Receive Rating Action from A.M. Best,0.0016259046421964
2011-09-29,3,Ashford Reinstates Share Repurchases - Analyst Blog,-0.0043426532642359
2012-11-30,3,Urstadt Biddle Properties (UBA) Dividend Stock Analysis,-0.0005942965525207
2012-02-28,3,Advance Auto Parts Inc. Reports Operating Results (10-K),0.0069450394674104
2015-10-16,3,AK Steel to idle blast furnace ops at its Ashland Works facility,0.0034064687413681
2020-01-31,3,"Icon Advisers Inc Buys First Trust/aberdeen Global Oppo Income, DUFF & PHELPS ...",-0.0159146549964167
2015-05-12,3,Equity Residential Up to Buy on Re-Positioning Activities - Analyst Blog,-0.0034804525468349
2018-10-02,3,Composite Rating For Gallagher Arthur J & Co Jumps To 96,-0.0046968510466641
2014-11-18,3,Celldex Therapeutics Surges on Positive Rindopepimut Data - Analyst Blog,0.0067308801982979
2015-09-15,3,Altus Group Announces Third Quarter 2015 Dividend,0.0113947131310938
2016-08-09,3,Harmony Gold Mining Met Its Annual Production Guidance,0.0023670654205292
2014-09-22,3,Barrick's (ABX) Cost Management Actions Should Bear Fruit - Analyst Blog,-0.0113760886878812
2020-04-17,3,"RFG Advisory Group, LLC Buys Eaton Vance Tax-Mgd Glbl Div Eq Inc, Eaton Vance Tax-Managed ...",0.0138038352838005
2014-11-14,3,Advance Auto Parts,0.0017947971852054
2017-08-11,3,"Dodge & Cox Buys Johnson Controls International PLC, Eli Lilly and Co, Express Scripts ...",0.0063842320425064
2016-06-20,3,"With The Year Almost Half Over, Let's Look Back At Our 2016 Stock Purchases",0.0076807306123345
2016-02-10,3,Why Barrick And Newmont May Do Better Than Goldcorp If The Gold Price Won't Substantially Increase,0.0034740952733911
2016-01-13,3,Can Big Data Fix Healthcare? (Part II),-0.0341149370767063
2011-05-06,3,LED Oversupply Argument Lives Another Day,0.0045617638785635
2015-05-15,3,Healthcare ratings roundup - new coverage (part 1),-0.0004969045937379
2016-11-21,3,Analog Devices (ADI) Buys Laser Technology to Boost LIDAR,0.0088978691652723
2016-08-09,3,Best Buy Store Closures - The Dominoes Fall?,0.0023670654205292
2019-11-04,3,My Current View Of The S&P 500 Index: November 2019,0.0055804400586234
2018-02-27,3,Midday Gainers / Losers (2/27/2018),-0.0122765417802969
2015-07-06,3,Conns Expands Further; Opens Three New HomePlus Stores - Analyst Blog,-0.0034476533557036
2016-04-28,3,AK Steel Announces Offering of Common Stock,-0.0118956262887547
2013-04-10,3,ADTRAN Earns More Than Expected - Analyst Blog,0.018342328145058
2019-09-12,3,Nth Order Effects And The U.S.-China Trade Negotiations,0.003034335524509
2011-11-02,3,CF Industries Beats on EPS - Analyst Blog,0.0126661015228539
2017-03-23,3,Advaxis: Worthy Of A Tepid Thumbs-Up,-0.0006785364982602
2020-01-24,3,"Roffman Miller Associates Inc Buys Visa Inc, Merck Inc, Thermo Fisher Scientific Inc, Sells ...",-0.009313533039611
2019-07-02,3,Acura Pharmaceuticals Licenses LIMITx™ LTX-…',0.0022159600296813
2019-08-13,3,Crescent Capital BDC to buy Alcentra Capital for ~$142M,0.0194508112882401
2019-12-04,3,Transparency Is Fundamental In The CBD Space With Marshall Getto,0.0054022086764273
2015-03-25,3,Affirmed net loss improves in FY14,-0.0236669372317912
2019-05-20,3,"Akorn Receives FDA Approval for Azelastine Hydrochloride Nasal Spray, ….–%",-0.0145721373178139
2019-11-21,3,Albany buys composite component manufacturer,-0.0024066091789468
2016-12-08,3,Apollo Tactical Income Fund declares $0.134 dividend,0.004375444714215
2019-08-19,3,Financials And Real Estate Dashboard - Update,0.0135283632638896
2014-06-27,3,Great Southern Bancorp Upped to Strong Buy - Analyst Blog,0.0043115223475056
2017-12-07,3,Ameren Shows Rising Relative Strength; Still Shy Of Key Threshold,0.005380448199189
2011-12-13,3,ADDvantage Technologies Group - No Real Margin of Safety (AEY),-0.0126289075785127
2016-02-08,3,New commercial chief at Agios Pharma,-0.0181956421822505
2016-05-26,3,Actions Semiconductor reports Q1 results,0.0014055234377765
2018-03-06,3,Patience Is Not A Virtue When Reviewing Municipal Bond Credit,0.0056338069446983
2019-06-05,3,"Alumina oversupply concerns outweigh short-term gain for Alcoa, analyst says",0.0064247497752591
2020-03-16,3,AerCap Signs Lease Agreement with euroAtlantic Airways for — Boeing 787-8 Aircraft,-0.123213312901474
2019-03-20,3,The Chemist's 'High-High-Low' Closed-End Fund Report: February 2019,0.0006499290394565
2020-04-14,3,Computer Software Stock Outlook Bright With Solid Prospects,0.0394657885683673
2019-05-06,3,Agricultural Commodities Before The May WASDE,-0.0049865214279152
2012-09-14,3,"Corn May Have Peaked, But Fertilizers Hold Ground",0.0089104521950631
2014-11-17,3,"Arch Capital a Strong Buy, Ample Liquidity Aids Core Growth - Analyst Blog",-0.0037410449556504
2015-09-28,3,Processing Restrictions at Barrick's Veladero Mine Lifted,-0.0304128422396777
2013-07-15,3,"Banking Crisis is Over, But TARP Bailout is Still Kicking",0.0020582631354228
2015-08-25,3,Prudential Financial Sees Growth on Retirement and Buyouts,-0.0043655930682131
2015-05-19,3,Agios Gains on Fast Track Status for Leukemia Drug AG-120 - Analyst Blog,-0.001656051139136
2018-08-08,3,"DSW Poised on Store Expansion, Opens Shoe Store in Las Vegas",0.0005923545386843
2016-07-08,3,"Biotech Forum Daily Digest: Biotech In Rally Mode, Juno's Disappointment, BioMarin On The Block?",0.0163938529634479
2019-11-27,3,The Trade War And The 'ABCDs' Of Agricultural Commodities,0.0066200815766057
2018-02-27,3,Healthcare - Top 5 Gainers / Losers as of 11:00 am (2/27/2018),-0.0122765417802969
2018-01-16,3,Apollo Global Management: Tax Reform Is A Potential Catalyst,-0.0051466475811986
2017-02-01,3,Auto Parts Suppliers Headed Into The Perfect Storm With Amazon,0.0049618708958709
2012-12-11,3,Tower to Close Canopius Merger Soon - Analyst Blog,0.0118314568500386
2018-11-29,3,US Steel Imports Drop YTD on Trade Actions: Worries Ahead?,-0.0025385088878614
2014-09-17,3,Survey Says Car Buyers Might Put On The Brakes,0.0020713097696152
2013-11-29,3,XL Group Retains Neutral Rec - Analyst Blog,0.0037430972441128
2019-10-14,3,SOFR: The Poison Slipped Into The Repo Chalice,-0.0010413423140598
2018-05-16,3,"Detailed Research: Economic Perspectives on Medtronic, NVIDIA, NutriSystem, AmTrust Financial ...",0.0063482414945983
2018-04-09,3,Mixed Results And Prospects For North America's Top Gold Miners,0.0050946378532348
2015-01-27,3,Waters Beats on Q4 Estimates on Surging Pharma Demand - Analyst Blog,-0.0189154043913143
2017-02-22,3,Ashford Hospitality Acquires FelCor Lodging Trust - Slideshow,-0.0009069822147913
2016-10-28,3,Celgene's Stock Price Ready To Join The Sales Trend And Rock And Roll,-0.0049597900528415
2013-11-12,3,Chelsea Therapeutics (CHTP) Worth Watching: Stock Surges 11% - Tale of the Tape,3.313514530267625e-05
2016-04-12,3,Are There Any Deals Among The Dividend Contenders?,0.008004705215368
2017-01-04,3,Only Inflation Can Move Gold Up,0.0088265269963654
2015-03-17,3,AcelRx Starts Pivotal Study on Acute Pain Management Drug - Analyst Blog,0.0016067338402454
2014-11-10,3,Ashburton Arranges Private Placements,0.0041209302296165
2016-09-20,3,"Newmont's Indonesia mine sale closure may slip into Q4, CEO Goldberg says",0.0012073116599873
2017-02-15,3,A (Sort Of) Bullish Thesis,0.0063760781639123
2019-02-20,3,ARCA Biopharma up 141% after FDA agreement for Phase 3 trial of Gencaro,0.0003071824941196
2013-08-19,3,"Technology Stock Roundup: Apple Jumps, Cisco Stumbles - Analyst Blog",-0.0037998271598396
2014-09-22,3,Acquisition-Hungry Akorn Sets Up Potential Buy Area,-0.0113760886878812
2017-08-03,3,Centene Sees Its Composite Rating Rise To 96,-0.0035064098977899
2019-08-02,3,Ballard Power Systems and MasTec among industrial gainers; Fluor leads the losers,-0.013197966670708
2016-01-21,3,T. Rowe Price Equity Income Adds to Stakes in 4th Quarter,8.276897377723635e-05
2018-09-06,3,NextEra Energy Partners' $1.3B Buyout to Expand Renewables,-0.0090604630188099
2017-02-16,3,"Alkeon Capital Management Llc Buys Exxon Mobil, PayPal Holdings, Northrop Grumman, Sells Apple, ...",-0.0007801505141752
2012-03-15,3,"Early Research Calls ( WMS, LAZ, LVLT, VECO, AIXG, XCO, DLR, NUVA, NSC, UNP )",0.005143546720429
2019-10-02,3,Aegion's Wastewater Restoration Deal Win Boosts CIPP Business,-0.0156069246748945
2015-06-26,3,Wall Street Breakfast: Throw China A Life Preserver,-0.0061969872294173
2017-11-17,3,Thursday Was About Wal-Mart And Cisco - Cramer's Mad Money (11/16/17),-0.0015456428239665
2018-12-28,3,AllianceBernstein National Municipal Income reports Q4 results,0.0007644642635034
2013-08-28,3,Express Excites the Street With Brighter '13 Outlook,0.0041441931424328
2019-09-10,3,Trimble Strengthens Forestry Division With 3LOG Acquisition,-0.0004055405888652
2018-03-15,3,The Many Uses Of Gold,-0.0020101648702537
2016-10-31,3,Barrick Gold's Latest Results Indicate A Stronger Future,-0.0001849600045158
2016-02-22,3,AT&T! - AT&T Battle With Verizon For Yahoo!,0.0146921330595433
2014-03-14,3,Aeropostale Posts Wider Q4 Loss - Analyst Blog,-0.0035254786632956
2016-06-07,3,Bullish Trend to Sustain for Barrick Gold,-0.0014007581429017
2016-07-05,3,Three lunchtime reads,-0.0081582215390343
2013-02-11,3,Solid 4Q for Conceptus - Analyst Blog,-0.0005855332618055
2012-05-25,3,Candlesticks - Bearish Engulfing AAR,-0.0006514991272645
2018-04-18,3,ASLAN Pharmaceuticals Updates U.S. IPO Plans,0.0019420330072514
2012-11-26,3,AllianceBernstein Holding L.P. - Momentum,0.0033469610239051
2018-04-13,3,Cooling Late-Cycle Economy Could Rekindle Interest In Gold,-0.0047057312637862
2019-07-05,3,Apollo Tactical Income Fund declares $0.100 dividend,-0.0010330114851633
2015-05-13,3,One analyst fails to see the potential for Humana merger,0.0011052632766759
2014-03-19,3,Balanced View on Ameren Corp. - Analyst Blog,-0.0059330997758889
2019-09-17,3,Airbus Reaches 500 Deliveries After 8 Months,0.003983543382769
2012-10-11,3,Research Calls,-0.0007766343461019
2017-02-06,3,The Chemist's CEF Report - January 2017: CEFs Continuing To Improve In Health,-0.0005682628433218
2013-03-18,3,New Texas Store for Rent-A-Center - Analyst Blog,-0.0035333126793867
2019-07-02,3,Assurant Meets 80-Plus Relative Strength Rating Benchmark,0.0022159600296813
2015-04-28,3,"Analysts Disagree Over Significance of Akorn, Inc's Financial Errors",-0.0009545137344992
2015-05-18,3,Archer Daniels Buys Another Sweetener Facility in China - Analyst Blog,0.0059722999491822
2020-06-01,3,Warren Buffett's Berkshire Hathaway Turns Up Stake in Liberty SiriusXM,0.0065522169146849
2015-05-21,3,"Humana's High Expenses Raise Caution, Memberships Impress - Analyst Blog",0.0037560686879003
2016-03-23,3,Gold Drops On Terrorism? - The Counterintuitive Response To Brussels Explained,-0.0109506458891153
2016-02-12,3,Barrick: The Best Long Of 2016?,0.0165625906907465
2019-09-09,3,The Chemist's Closed-End Fund Report - August 2019: Sweet And Sour,-0.0019288841329967
2016-05-11,3,ATR Offers A Disruptive Alternative For U.S. Regional Airlines,-0.010226854433938
2011-06-02,3,Fundamental Anomalies: Debt-to-Equity & Pretax Margin - Analyst Blog,0.0014878420313082
2016-07-07,3,"Harry Is Back: Buy, Hold, And Collect Forever",0.0036322948361864
2018-10-03,3,ACADIA Pharmaceuticals (ACAD) Presents At Cantor Global Healthcare Conference - Slideshow,0.0031926845492646
2016-09-28,3,Barrick's Veladero Gold Mine May Be Back Up And Running End Of Week,0.0024200048333835
2018-10-10,3,Global Precious MMI: Precious Metals Index Rebounds On Back Of Palladium,-0.040833470842182
2017-12-28,3,Agnico Eagle Mines Is A Buy,0.0015592711617582
2011-03-09,3,"Retail Stock Winners: American Eagle, Children's Place",-0.0050799772681411
2018-01-10,3,Applied Industrial (AIT) to Buy FCX Performance for $768M,-0.0013973814485326
2018-07-13,3,Akers Biosciences Files Restated Previously Issued Financial Statements for —…–7,0.000263302617399
2016-03-18,3,Bellatrix Exploration: A True Survivor,0.0043266408840005
2019-04-17,3,The Return Of The AG,-0.0005187228809523
2017-01-27,3,"Cortland Associates Inc Buys Cognizant Technology Solutions Corp, Centene Corp, The Advisory ...",0.0009901734694468
2017-01-25,3,Junk bonds extremely overvalued - Marty Fridson,0.0098875698449432
2015-12-09,3,Something Did Blow Up In Junk,-0.0147835554470963
2013-12-12,3,Aegion Unit Wins Twin Contracts Worth $7.4M - Analyst Blog,-0.0013512519751999
2018-10-31,3,Are You Looking for a High-Growth Dividend Stock? Automatic Data Processing (ADP) Could Be a Great Choice,0.0201420066558675
2012-05-22,3,AutoZone Beats by a Penny - Analyst Blog,-0.00285538577205
2013-04-01,3,Concur in Strategic Partnership with UVS - Analyst Blog,-0.0086763348003349
2019-11-26,3,AK Steel Purchases Group Annuity Contract From MassMutual,0.0017885283047895
2016-09-28,3,Barrick Gold: Buy The Dip,0.0024200048333835
2017-03-13,3,Gold And Precious Metals Correct Lower,0.0023968699913359
2013-01-25,3,Agrium Jumps on Higher View - Analyst Blog,0.0061749943612698
2018-05-31,3,"AvalonBay, Mid-America Apartment Cut by BTIG",-0.0027243167582907
2015-01-14,3,The Yellen Bond Bubble,-0.0047581627761986
2017-05-10,3,Affimed Announces First Quarter —…–7 Financial Results and Corporate Update Conference Call,0.0013969720544959
2019-09-03,3,Franklin (BEN) Reflects Cost-Control Benefits: Time to Hold?,-0.0111416633012382
2017-08-25,3,"Adamas (ADMS) Dyskinesia Drug Gets FDA Approval, Stock Soars",-0.000907294200013
2015-07-22,3,The Regulatory-Driven Liquidity Crunch,-0.0069795044734644
2015-04-09,3,"Atlas Financial Holdings: A Cheap, Niche Insurer With Runaway Growth",0.0047952127562522
2015-08-11,3,M&A Daily: Google Is Now Alphabet,-0.0127425159970544
2014-08-05,3,"Strong Growth Common Denominator: Nautilus Inc (NLS), Akorn Inc (AKRX), Integra LifeSciences Holdings Corp (IART)",-0.0070828173153058
2017-08-14,3,Why Should You Hold Everest Re (RE) Stock Right Now?,0.0133731509154257
2018-08-01,3,Is AllianceBernstein (AB) a Great Dividend Play?,0.0046273424871177
2012-04-24,3,AES Is Near its 200 Day Moving Average,-0.0029792972987588
2013-07-12,3,AEP to Retire Muskingum Coal Plant - Analyst Blog,0.0060866973142756
2014-12-23,3,LTC Sells 16 Assisted Living Properties to Enlivant - Analyst Blog,-0.0033462863043673
2018-09-24,3,Applied Genetic Tech up 10%,0.0007875385745343
2011-05-25,3,Hedged Bets,0.0055422740081565
2015-06-01,3,Top Growth Stock Acadia Healthcare Near Buy Point,0.0025444407965351
2016-01-26,3,"Dalio, Tepper, Klarman Now Ranked Best Hedge Fund Managers",0.0108840973309756
2015-06-24,3,"Pep Boys, Acacia Research, Sanofi, Unilever and Continental Aktiengesellschaft highlighted as Zacks Bull and Bear of the Day - Press Releases",-0.007302137877626
2015-04-10,3,"After Looking At Its 10-K, We Think Aetna Is Cheap",0.0043058927066317
2013-08-19,3,AK Steel Reaches New Labor Deal with USW - Analyst Blog,-0.0037998271598396
2018-12-21,3,Arbor Realty Trust (ABR) Stock Moves -1.39%: What You Should Know,-0.029933769049102
2013-10-23,3,"AK Steel Trims Loss, Outage Hurts Shipment - Analyst Blog",-0.0057258172290064
2015-01-15,3,"InsiderInsights.com Daily Round Up 1/14/15: OPK, REN, VEEV, CO",-0.0147650954440363
2018-07-20,3,Acme United reaffirms FY2018 guidance,-0.0006516823000116
2019-03-27,3,"Vornado (VNO) Extends Credit Facility, Lowers Cost of Debt",-0.0062588586646731
2014-11-06,3,"Salix Dives On Miss, Probe",0.0038413925047828
2012-12-07,3,AFG to Pay Special Dividend - Analyst Blog,-0.0037567634892049
2016-05-23,3,AK Steel's Coshocton Works Recognized for Outstanding Safety Performance,-0.0007925832552813
2019-05-30,3,AllianceBernstein National Municipal Income Fund: An Exceptional National Muni Bond Fund,0.0027042954498417
2014-07-22,3,AK Steel to Acquire Severstal's Dearborn Plant for $700M - Analyst Blog,0.0070784059566182
2015-12-07,3,A Message For Those Looking To Pick A Bottom In Gold,-0.0078681128730747
2019-11-06,3,Agile Therapeutics: Stock Hits 52-Week Low And A Near 52-Week High Around Twirla's AdCom,-0.0028513002957469
2019-10-21,3,AGTC Presents Data Demonstrating Efficiency of its AAV Vectors for Ocular Gene Therapy Even in ...,0.0090796503828185
2017-06-30,3,"MetLife's (MET) Board Okays Brighthouse Spin-Off, Stock Up",-0.000639640599703
2019-12-03,3,"Cleveland-Cliffs plunges, AK Steel rallies on deal reaction",-0.0055264519032162
2011-11-11,3,Sobering Outlook from the IEA - Analyst Blog,0.0204179188428041
2017-11-22,3,"Auto Stock Roundup: TM, F, VLKAY Scale EV Move, GM to Reveal Autonomous Vehicles Status",0.0007110961090435
2017-10-06,3,Encana's (ECA) Two Montney Plants Come Online Prior Schedule,0.0007319740454696
2018-08-13,3,New stakes by Citadel Advisors,-0.0024747583184948
2019-05-14,3,Renewable Energy: Exhibiting Alpha,0.0114384707533579
2012-03-20,3,AAR Corp.,-0.0013546888962223
2019-05-15,3,XOMA Corporation: Royalty Aggregation Strategy Likely To Pay Off,0.0113336063932381
2018-12-26,3,Ashford Sees Hammer Chart Pattern: Time to Buy?,0.058363412730326
2018-09-05,3,Agios Pharma and Celgene terminate partnership developing AG-881,-0.011874565502858
2015-12-17,3,"U.S. Steel, AK Steel, Cliffs Natural slapped with Sell ratings at Deutsche Bank",-0.0135236287986701
2015-10-15,3,HCA Holdings' Preliminary Results Point to Below Par Q3,0.0182422610407035
2013-08-28,3,Diamond Hill Capital Growing - Six Sells,0.0041441931424328
2017-08-07,3,"Strategy Asset Managers Llc Buys International Paper Co, Emerson Electric Co, Baker Hughes Inc, ...",0.0050711889111274
2020-05-13,3,AES United States Strategic Business Unit announces resignation of IPL and DP&L President ...,-0.0154822673394071
2017-01-09,3,Under-Priced Northern Florida Bank With 30% Loan Growth!,0.0019488586450444
2013-05-06,3,"Acorda Incurs Loss, Maintains Guidance - Analyst Blog",0.0042443500436597
2015-02-11,3,Exelixis (EXEL) Catches Eye: Stock Adds 15.9% in Session - Tale of the Tape,0.0028281238096101
2015-05-07,3,Is It Time To Sound The Alarm On AlarmForce Industries?,0.0052645928612624
2019-03-13,3,First Data (FDC) to Snap Up Leading Brazilian EFT Brand,0.0069002984543911
2019-09-24,3,Global Medical REIT Is Still Cheap Relative To Peers,-0.0146478477178539
2015-05-13,3,Aceto Corporation: Assessing The 12% Rally,0.0011052632766759
2016-11-30,3,Achaogen: An Emerging Opportunity In The AMR Space,-0.0104536400003049
2020-04-14,3,Vertex Is Positioned For Upside,0.0394657885683673
2018-03-27,3,Torchmark or Reinsurance Group: Which Stock Scores Better?,-0.0293232887461754
2019-04-01,3,Modern Monetary Theory (MMT): The Differences Between Theory And Reality,0.0128847472088291
2018-08-06,3,"Silver - Is Anyone There, Does Anyone Care?",0.0061021954127622
2018-05-15,3,Biotechs Emerge Unscathed And Ready To Go!,-0.0080538882172099
2015-07-14,3,Armada Hoffler Acquires Columbus Village at Virginia Beach - Analyst Blog,0.0065819396267368
2018-02-28,3,"Ameren Corp (AEE) Files –…-K for the Fiscal Year Ended on December '–, —…–7",-0.0078223183432375
2015-04-08,3,Gilead Submits Regulatory Application for HIV Drug in U.S. - Analyst Blog,0.0082663834303999
2018-10-01,3,"Merger Arbitrage Mondays - October 1, 2018",-0.0011247699713421
2015-02-09,3,FBL Financial Group Inc. (FFG) Rises: Stock Adds 9.6% - Tale of the Tape,-0.0038761776193582
2016-11-22,3,"A.H. Belo: A Long-Running, And Successful, Bull Case Still Has Legs",0.0032577185511246
2015-02-23,3,"CF Industries (CF) to Gain from Higher Demand, Expansion - Analyst Blog",0.001008884190834
2019-08-09,3,"Permanens Capital L.P. Buys AMAG Pharmaceuticals Inc, Texas Pacific Land Trust, Vonage Holdings ...",-0.009953778501233
2013-09-06,3,Aegion Approves $10M Share Buyback - Analyst Blog,0.0003361722921031
2016-10-06,3,"Cresud May Be Undervalued, But Value Creation Is Complicated",-0.0017249599966345
2018-10-19,3,"Analysis: Positioning to Benefit within Penumbra, Aetna, Littelfuse, IHS Markit, Credit ...",-0.0048242719445369
2015-03-04,3,AEGON Sells Stake in La Mondiale After Strategic Review - Analyst Blog,-0.002562253433848
2012-06-05,3,Supertel Hospitality Divests Assets - Analyst Blog,0.0065579826131816
2018-02-20,3,Paul Tudor Jones Prefers A Hot Burning Coal Over Treasuries,-0.0007127809213746
2015-03-26,3,"Sanofi Reveals Cerdelga Data, FDA OK's Quadracel Vaccine - Analyst Blog",-0.0026986777860629
2015-08-12,3,Barrick Was Right To Cut Its Dividend,0.0015089169088462
2015-06-16,3,BMO generally bullish on gold miners,0.0050854356489553
2013-04-10,3,Itron's AMI Solution Fully Utilized - Analyst Blog,0.018342328145058
2018-10-04,3,Ingersoll-Rand Rewards Shareholders With Dividend & Buyback,-0.0181406166110873
2011-02-11,3,Willis Group's Bottom-Line Beats - Analyst Blog,0.0068053505945877
2013-05-29,3,AEE to Upgrade Nat Gas Delivery Sys - Analyst Blog,-0.0061251210857455
2014-12-04,3,Merge Healthcare (MRGE) Worth Watching: Stock Gains 6.5% - Tale of the Tape,-0.0010535772999192
2014-12-26,3,Will American Capital's Proposed Split Drive Growth? - Analyst Blog,0.0069948374944648
2019-05-08,3,Heed Analysts' Advice on Lundbeck: Sit Tight,-0.0025666195374799
2014-05-27,3,Montpelier Shows Stability on Fundamentals - Analyst Blog,0.0122460801869783
2020-04-21,3,"The Gross Law Firm Announces Class Actions on Behalf of Shareholders of AAN, FITB and SERV",-0.0347517073555803
2014-03-11,3,ABB Receives Telecom Contracts - Analyst Blog,-0.0062892068608219
2018-12-07,3,Silver - All Quiet Before A Storm?,-0.0304677032781045
2019-12-10,3,Seth Klarman Pares Paratek Pharmaceuticals Stake,-0.000655358615723
2018-02-09,3,CVS Dividend Remains Safe - Q4 2017 Update,0.0143614841439507
2017-11-21,3,Why Applied Industrial (AIT) Stock Might be a Great Pick,0.0105688536167936
2011-04-26,3,AK Steel Holding Corporation and CAI International - Zacks #1 Rank Top Performers,0.0076649246069306
2015-03-11,3,"ICON Raised to Strong Buy on Stellar Q4, Strategic Acquisition - Analyst Blog",-0.0020268566290058
2013-08-27,3,Leadership Promotions at Alcoa - Analyst Blog,-0.0216127230239455
2019-01-03,3,Daily Insider Ratings Round Up 1/2/19,-0.0303693017317439
2015-07-15,3,Ascendis Pharma (ASND) in Focus: Stock Jumps 5.2% - Tale of the Tape,-0.001165587339422
2016-07-07,3,Bert's June Dividend Income Summary,0.0036322948361864
2015-06-16,3,It's UnitedHealth's Turn: Talking Takeover Of Aetna?,0.0050854356489553
2019-09-17,3,Alliance Data wins Sally Beauty private label credit program,0.003983543382769
2019-06-18,3,Weekly Closed-End Fund Roundup: Upcoming LOR Tender,0.0138763015276224
2015-04-21,3,"Zacks Industry Outlook Highlights: DuPont, Eastman Chemical, Methanex, Potash and Agrium - Press Releases",0.0039042164775415
2019-01-31,3,New Allegations Of Elder/Veteran Abuse And Parliament's Autism Debate Could Further Jeopardize Top Line For Acadia Healthcare,0.0137350767605186
2016-08-31,3,Allergan and Adamas Pharma settle Namzaric patent fight with generic firm,-0.001870579704888
2018-03-08,3,Bayer Will Benefit From Higher Grain Prices Through Herbicides And Seeds,0.0042316850712147
2019-09-23,3,The Monetary Death Spiral,-0.0006418049745359
2019-06-13,3,IBD Rating Upgrades: Arbor Realty Trust Flashes Improved Technical Strength,0.0056988659600736
2016-08-11,3,Morgan Stanley Sees Upside in Goldcorp Inc.,0.0045767043375632
2017-02-08,3,Identifying Equity REITs Worth Keeping Versus Those To Avoid Right Now - Part X: Malls And Shopping-Centers (Large Caps),0.0014504161201251
2019-12-13,3,"Signs That Your Trading Will Ruin Your Retirement - December 13, 2019",0.0020143312030556
2015-09-28,3,Why Asanko Gold (AKG) Could Be a Potential Winner,-0.0304128422396777
2013-02-01,3,Principal Fin. Ends on a High Note - Analyst Blog,0.0117659728345342
2015-06-12,3,Agios Pharma's AG-120 shows encouraging results in blood cancer,-0.0061799523104089
2015-07-02,3,These Energy Companies Are Viable 'Alternatives',-0.000779984552254
2019-05-29,3,Advanced Emissions Solutions Is Exactly What The Name Says,-0.0078923722836152
2019-07-12,3,"Fagan Associates, Inc. Buys Advanced Micro Devices Inc, Sarepta Therapeutics Inc, Boston ...",0.0058686401171488
2019-11-15,3,PerkinElmer: An Excellent Opportunity,0.0072898224431721
2011-10-17,3,Ameren Boosts Dividend - Analyst Blog,-0.0198400111864418
2015-10-20,3,"As Harley Gets Hit By Rivals, Will Polaris Gain?",-0.0049944243725839
2018-08-10,3,Ameren declares $0.4575 dividend,-0.0066740232633033
2019-09-12,3,ADI +1.4% as Barclays turns bullish,0.003034335524509
2014-07-09,3,Ladenburg Thalmann Financial Services (LTS) Jumps: Stock Rises 7.6% - Tale of the Tape,0.006278054329081
2018-11-21,3,CenterPoint Energy to Gain From Infrastructure Upgrades,0.0091810435638943
2018-11-30,3,Something About Gold,0.0079003613765122
2017-11-17,3,"Agilent Technologies Rewards Shareholders, Hikes Dividend",-0.0015456428239665
2017-12-12,3,AK Steel: An Update On $6 Thesis,-0.001856015313458
2015-10-09,3,"AAC SHAREHOLDER ALERT BY FORMER LOUISIANA ATTORNEY GENERAL: Kahn Swick & Foti, LLC Reminds ...",0.00409084071877
2015-05-15,3,Asanko Gold: Esaase Pre-Feasibility Study Is A Success,-0.0004969045937379
2017-08-28,3,Duke Energy Requests Rate Hike to Boost Service Reliability,0.0027738399322756
2020-02-03,3,"Eos Focused Equity Management, L.P. Buys Frontdoor Inc, Envista Holdings Corp, ...",0.013382226873668
2018-11-09,3,The Shift From A Short-Term Bull (Q4/2018) To A Longer-Term Bear (Q4/2019),-0.0164628811504092
2015-12-23,3,"Freeport, Vale Lead Mining Rally Amid China Reforms",0.0089620731648141
2016-01-11,3,Revisiting A Pairs Trade Between Archer Daniels And Bunge,-0.001214491374167
2015-07-24,3,Should You Get Rid of Communications Sales & Leasing (CSAL) Now? - Tale of the Tape,-0.0112272966365359
2018-04-12,3,"Top Analyst Reports for IBM, Enbridge & ADP",0.0100749631856553
2019-07-15,3,"Scott's Miracle Grow's, ADT, Innovative Industrial Properties and GW Pharmaceuticals highlighted as Zacks Bull and Bear of the Day",0.0017043356674171
2019-10-10,3,Arbor Realty to raise $100M through notes offering,0.0059515557680736
2019-09-24,3,Merger Arbitrage Mondays - 2 New Acquisitions At Huge Premiums,-0.0146478477178539
2012-08-03,3,Alcoa Clinches Drill Pipe Contract - Analyst Blog,0.0199774835888453
2012-10-31,3,Achillion Pharma Worthy of New Look,-0.0035877343591115
2016-12-22,3,Nokia Is Playing With Fire With Its Patent Infringement Case Against Apple,-0.004388295771831
2020-01-31,3,Short Circuit,-0.0159146549964167
2016-03-15,3,Some Of The Most Non-Consensus Bullish Oil Forecasts,-0.0045491769450668
2016-01-14,3,Aflac: Don't Trust The Duck,0.0196506321734235
2012-06-15,3,Markman: Plant a Seed in Argentina,0.0128581546218464
2019-04-26,3,Abiomed: Upside That Will Get Your Heart Pumping,0.0034143143912961
2015-10-06,3,"STAG Industrial Unveils Acquisitions, Leases & ATM Results",-0.0068810112724443
2015-08-12,3,Assurant (AIZ) Hits 52-Week High on Strong Q2 Performance,0.0015089169088462
2016-12-02,3,"Money Supply Conundrum: So Much Money, So Little Inflation, For How Much Longer?",0.00086458656945
2016-06-10,3,"How To Make Money From King Coal's Long, Slow Demise",-0.0129209963630648
2015-04-02,3,Looking for a Top Growth Stock? 3 Reasons Why Actavis (ACT) Is an Impressive Choice - Tale of the Tape,0.0013749271989955
2018-09-06,3,Multiline Insurance Stock Outlook: Sunny Days on the Horizon,-0.0090604630188099
2019-07-24,3,M/I Homes leads industrial gainers; DMC Global and Quest Resource among losers,0.0084954802889756
2018-03-19,3,It's Now Time To Buy The #1 REIT In The World,-0.0184108767433464
2014-05-14,3,ABB Wins Propulsion Contract in Finland - Analyst Blog,-0.0071522575635555
2016-07-29,3,Yamana Gold: Time To Sell?,0.0013869893522069
2019-08-07,3,Gold's Ride Hinges On Rates,0.0037736550023228
2019-11-14,3,"Aristotle Capital Management, LLC Buys Cabot Oil & Gas Corp, RPM International Inc, ...",-0.0003631268514691
2015-05-04,3,AerCap Holdings N.V. (AER) in Focus: Stock Jumps 5.1% - Tale of the Tape,0.002305522396315
2015-05-19,3,Achillion Pharmaceuticals (ACHN) Jumps: Stock Up 15.3% - Tale of the Tape,-0.001656051139136
2014-12-23,3,Midday Gainers /Losers,-0.0033462863043673
2018-11-02,3,Economy Is Cooling - Cramer's Mad Money (11/1/18),-0.0103671242378056
2015-09-29,3,Toward Another Try At Liquidation?,-0.005865001169669
2015-01-22,3,Alibaba to Work on China's Railway Website for Lunar Year? - Analyst Blog,0.0177785547171027
2017-02-03,3,A Mid-Cap Growth Stock With No Debt,0.0054238357686751
2018-11-05,3,October Provides A Crisis-Era Echo,-0.0038249523000951
2017-06-15,3,IND-Enabling Study Data Published in Human Gene Therapy Clinical Development Support Clinical ...,-0.0047442547115641
2014-10-22,3,Akorn (AKRX) Looks Good: Stock Adds 5.8% in Session - Tale of the Tape,-0.0082882789319965
2019-08-07,3,We Bought This Preferred Share From AGNC,0.0037736550023228
2019-12-02,3,This Is Why Everyone Overlooked AG Mortgage And Why We Bought It,-0.0112491873220321
2012-07-11,3,RenaissanceRe Upped to Outperform - Analyst Blog,-0.004944336884494
2012-04-18,3,AutoZone Releases $500M Notes - Analyst Blog,-0.0037367037590331
2012-09-20,3,"AAR 1Q Lags Est., Ups Y/Y - Analyst Blog",-0.002092664535749
2019-12-06,3,Adamas Pharmaceuticals: INROADS Data Will Make Or Break 2019,0.0100143601070006
2018-12-17,3,California Water to Acquire Water Distribution Assets of TAFB,-0.0227084203582667
2017-07-19,3,"Reilly Financial Advisors, Llc Buys Sensata Technologies Holding N.V. ...",0.0064199227485073
2018-08-30,3,Wall Street Breakfast: Fresh Pain For EM Currencies,-0.0026301965030861
2015-08-04,3,An Uncertain Future For Bermudian Re/Insurers: Fitch,-0.0019216711857567
2015-06-10,3,ABB Revamps Boliden's Swedish Mine to Enhance Operations - Analyst Blog,0.0125292085256465
2011-10-24,3,"After Production Shortfall, First Majestic Eyes Return to Growth",0.0234998754053952
2015-06-11,3,Apparel store sales outpace broad retail in May,0.0011463816553543
2019-12-20,3,Moving Average Crossover Alert: Adecoagro,0.0042465737920489
2012-11-08,3,Can Audience Block Out the Doubters?,-0.0142001506091692
2019-06-05,3,AES wind power deal rejected by Brazil regulator,0.0064247497752591
2020-04-13,3,Adesto Technologies: A Solid Internet of Things Play,0.0047635325069292
2014-03-13,3,Retail Industry Stock Outlook - March 2014 - Industry Outlook,-0.0145513192638957
2013-12-04,3,"CF Industries, Rivals Rally On MLP Hopes, New Ratings",0.0001981692355597
2018-08-24,3,Barrick's 'All-In Sustaining Costs': Fact Or Fiction?,0.0085702053276939
2015-04-29,3,Will Ameriprise Benefit from JHS Advisors Acquisition Deal? - Analyst Blog,-0.0062862800019317
2017-01-23,3,Healthcare - Top 5 Gainers / Losers as of 11:30 am,-0.0004302420711528
2015-09-25,3,Aegon buys Mercer's U.S. defined contribution record-keeping business,-0.0101341605977177
2019-09-12,3,China makes biggest U.S. soybean purchases since June - Reuters,0.003034335524509
2019-09-11,3,"NetEase, Autodesk and Amazon highlighted as Zacks Bull and Bear of the Day",0.0105787141618085
2019-02-25,3,First Majestic Silver +4% as Q4 not as bad as feared amid weaker silver price,0.0035761911242324
2019-02-14,3,Precision Drilling and Materion among Energy/Materials gainers; Phunware and New Gold among losers,0.0008854415277603
2015-03-12,3,First Industrial's New $625M Credit Facility Replaces Former - Analyst Blog,0.0089382751497908
2013-09-17,3,Aeropostale (ARO) Might Offer Turnaround Value,0.0074908489541258
2013-11-20,3,Mylan Prices Senior Notes - Analyst Blog,-0.0026147522400075
2019-11-01,3,Accenture: Solid Reads From Cognizant's Recent Print,0.0113405634916456
2015-10-15,3,Emerson Unit Launches Innovative ATG Protection System,0.0182422610407035
2017-08-21,3,Why Should You Hold onto CNA Financial (CNA) Stock Now?,-0.0005469132234946
2016-07-13,3,Argan Follow-Up: Fires Still Burning,-0.0034024401328507
2015-07-16,3,Philips Integrates Hue Lighting with Frima's Chariot Game - Analyst Blog,0.0125987430942917
2014-09-19,3,Lindsay's Capital Allocation Initiative Shows Potential - Analyst Blog,-0.0029694882031008
2018-09-13,3,Alibaba: Shopping At Firesale Prices,0.0074777798246719
2015-03-31,3,Anthem Strengthens Membership with BCBSA and BlueCard - Analyst Blog,-0.009410939626387
2017-02-08,3,Capturing A Double Discount,0.0014504161201251
2014-04-08,3,AEO - GE Credit Card Deal Extended - Analyst Blog,0.0081476155095288
2019-02-27,3,"Zacks.com featured expert Kevin Matras highlights: First Majestic Silver, Incyte, Covanta and U.S. Silica",0.0006901250542818
2020-03-11,3,Werner Lieberherr Takes Over as Chief Executive Officer of Landis+Gyr,-0.0470024502277016
2016-10-25,3,"Coffee Is At A Critical Level, And So Is Starbucks",-0.0049775935185072
2018-11-16,3,Atlas' Upside Potential Is Still There,-0.0015373497972924
2020-04-08,3,"The Zacks Analyst Blog Highlights: AbbVie, Coherus BioSciences, Bluerock Residential Growth REIT, Huntington Ingalls Industries and Installed Building Products",0.025818870275615
2016-09-08,3,"First Pacific Adivsors Add to Qualcomm, Bank of America",-0.0046272744905991
2012-07-03,3,Fitch Maintains Outlook on Invesco - Analyst Blog,0.0084202511565374
2015-12-02,3,The Santa Claus Rally Is Coming,-0.0064173494948874
2020-03-20,3,Generic Drugs Industry's Prospects Uncertain Amid Coronavirus,-0.0379074222835396
2014-10-06,3,"Supernus Up, Files Lawsuit against Actavis for Trokendi XR - Analyst Blog",-0.0046519391625854
2015-01-12,3,Gold: Low Interest Rates And Fear,-0.0083671936752739
2019-11-13,3,AcelRx Pharmaceuticals Enters Oversold Territory,-0.000470208829799
2017-12-27,3,"Biotech Stock Roundup: BIIB, CELG Hit by Pipeline News, Acquisition Deals for Ignyta, Sucampo",0.0004454631465129
2017-02-01,3,UnitedHealth to cover SMA drug Spinraza,0.0049618708958709
2013-10-21,3,Agilent's New Metrology Option - Analyst Blog,0.0014740947219062
2019-11-22,3,Acacia Research: 'Things Are Looking Up!',0.0016070520170294
2018-09-13,3,John And Jane's August Dividend Increases And Income Tracker - Taxable Account,0.0074777798246719
2014-07-10,3,ABB Wins $400M Maritime Contract from Emera Arm - Analyst Blog,-0.005166199585356
2017-03-03,3,Arbor Realty Trust declares $0.17 dividend,0.0016259046421964
2015-08-31,3,"American Financial to Redeem 7% Senior Notes, Lower Debt",-0.0107304529277186
2020-04-30,3,Farmer Mac Announces Changes to Its —…—… Annual Meeting of Stockholders and Sets Date ...,-0.0028223191063138
2016-08-09,3,Junk bond default rate continues to climb,0.0023670654205292
2015-07-06,3,"Skechers Continues to Gain Momentum, Hits 52-Week High - Analyst Blog",-0.0034476533557036
2019-09-11,3,Fastly: Winning The CDN Space,0.0105787141618085
2013-02-26,3,"Futures Recover, Point Higher; Macy's, U.S. Silica Jump",0.0043000087745688
2016-06-03,3,Junior Precious Metals Miners: Go With Who You Know,-0.0058011981717542
2017-01-20,3,ACCO Brands lands regulatory clearance for Esselte acquisition,0.0027526677926938
2015-08-19,3,Ford (F) Recalls F-650 & F-750 Vehicles for Seat Belt Issue,-0.0079655078598769
2011-11-02,3,"XL Group Lags EPS, Beats Top Line - Analyst Blog",0.0126661015228539
2018-07-27,3,"Homebuilders Dive, REITs Flat After Weak Home Sales Data",-0.0146150815871761
2015-10-15,3,Gold Benefits From A Weak USD,0.0182422610407035
2017-01-17,3,Changing Healthcare Dynamics Make AIRM A Strong Buy,-0.0063490086282185
2012-09-14,3,"Argan, Inc. Reports Operating Results (10-Q)",0.0089104521950631
2012-10-08,3,8.8 Billion Reasons Why Dividend Increases Are Dynamite,-0.0076015305818213
2011-05-02,3,"EIX EPS In Line, Reaffirms - Analyst Blog",-0.0032920929616092
2019-05-07,3,Should You Worry About a U.S. Recession Surprise Soon?,-0.019638628273811
2017-03-02,3,Molina Healthcare (MOH) Issues Revised Q4 & 2016 Results,-0.0072509069009324
2018-12-28,3,Agios to Present at the '7th Annual J.P. ...,0.0007644642635034
2018-05-16,3,"Robecosam Ag Buys Maxim Integrated Products Inc, Monolithic Power Systems Inc, Aptiv PLC, Sells ...",0.0063482414945983
2013-07-02,3,Close to the 200 Day Moving Average: AES,-0.0003173944002529
2016-11-02,3,L Brands: Things Could Get Worse Before Better,-0.0093159033484383
2014-11-25,3,"Five Prime Therapeutics, Inc. (FPRX) in Focus: Stock Soars 31.4% - Tale of the Tape",0.0007066121791761
2019-08-15,3,Aspen Insurance Holdings reports 1H results,-0.0009415848686664
2015-02-25,3,FDA accepts Teva's NDA for abuse-deterrent opioid,-0.0001972537792231
2019-10-17,3,Wall Street Breakfast: Brexit Deal Reached... If It Can Pass Parliament,0.0040213192184475
2018-11-19,3,Looking Back At The Month Of October,-0.0302696010236843
2018-08-13,3,Widespread Selling Weighed On Major Asset Classes Last Week,-0.0024747583184948
2018-02-15,3,American Financial (AFGN) Presents At Bank Of America Merrill Lynch 2018 Insurance Conference - Slideshow,0.0157917213881977
2018-04-24,3,6 Short-Term Baby Bonds To Protect You From Interest Rate Risk - Part 1,-0.017008949630919
2020-02-26,3,"Bear of the Day: Tilly's, Inc. (TLYS)",0.0016920121754293
2019-08-05,3,ACCO Brands acquires Industria Grafica Foroni Ltda.,-0.0347360519413494
2017-12-21,3,Hard Assets Alliance: The Role Of Gold (And Silver),0.0006320826967027
2016-12-12,3,Non-life insurers upgraded at BMO,-0.0058701370075305
2012-10-19,3,Candlesticks - Bearish Engulfing Applied Industrial,-0.0218850772845393
2013-03-08,3,Dividend Hike at Agree Realty - Analyst Blog,0.0037994081114518
2015-12-18,3,"InsiderInsights.com Daily Round Up 12/17/15: New Mountain Finance, Hemisphere Media, Accelerate Diagnostics, Aircastle",-0.015885844152523
2016-08-31,3,"CNBC's Faber: Potential Potash-Agrium deal weeks away, talks in early stage",-0.001870579704888
2016-01-07,3,ADT declares $0.22 dividend,-0.0302598964663078
2013-12-23,3,Another Acquisition for AJG - Analyst Blog,0.0107582125657883
2019-02-15,3,Gold-Stock Mega-Mergers Bad,0.00612094597944
2016-11-30,3,American Eagle Outfitters stung by holiday quarter guidance,-0.0104536400003049
2013-08-19,3,ABB to Power Africa's Copper Mine - Analyst Blog,-0.0037998271598396
2017-12-07,3,Moody's sours on U.S. higher education,0.005380448199189
2015-06-25,3,The Risk Of Owning Stock Assets And Holding Stock Assets Right Now,-0.0019951965055512
2016-12-15,3,"Demand Management, Distributed Power, And Virtual Power Plants",0.0037118633412069
2020-04-01,3,"Zacks.com featured highlights include: TGNA, IART, PCG, CLGX and ABC",-0.0440929358352877
2018-08-01,3,"American Financial beats by $0.08, misses on P&C insurance net earned premiums",0.0046273424871177
2016-10-21,3,Robots Could Push 'Fight For 15' Backers Out Of Work,0.0029703031167922
2020-02-03,3,Asbury Automotive Group Announces Private Offering Of Senior Notes Due —…—8 And Senior ...,0.013382226873668
2015-01-13,3,Machinery Stock Outlook - Jan. 2015 - Industry Outlook,-0.0006881373042226
2012-11-28,3,Analog Devices Inc. Reports Operating Results (10-K),0.008083452642746
2020-05-12,3,DPL Teams With Transamerica; Adds Low-cost Variable Annuity With Several Living Benefit Options,-0.0206465429138307
2016-07-18,3,"IBM Watson Is Hot, But This May Be What Is Driving Big Data Higher",0.0052071723977245
2014-08-20,3,AFLAC Incorporated (AFL) Dividend Stock Analysis,-0.0002274506758811
2015-08-03,3,"The Zacks Analyst Blog Highlights: Aaron's, Conns, Kroger and Shoe Carnival - Press Releases",-0.0025154443369272
2013-06-06,3,Trading Idea: - Is Barrick Gold close to Resistance?,0.0066353671016652
2012-05-22,3,AutoZone Growth Stalls As New-Car Sales Surge,-0.00285538577205
2020-01-23,3,Why AllianceBernstein (AB) Stock Might be a Great Pick,0.0019939681423002
2017-01-24,3,Arctic Cat and Harley-Davidson on watch after soft Polaris guidance,0.008647674932189
2019-12-03,3,Pacific Northwest Marine Team Joins Arthur J. Gallagher & Co.,-0.0055264519032162
2017-03-23,3,EMA Certification Paves the Way for the MAA Submission for Axalimogene Filolisbac in Metastatic ...,-0.0006785364982602
2014-10-06,3,Alcobra (ADHD) Crumbles: Stock Falls by 7.4% - Tale of the Tape,-0.0046519391625854
2018-01-02,3,Barrick: Buy Before It's Too Late,0.0149940483697186
2015-06-23,3,"InsiderInsights.com Daily Round Up 6/22/15: Famous Dave's Of America, ONEOK Partners, Lands' End, Actua",0.0011873621016715
2016-07-07,3,AerieREAL Campaign Continues To Keep American Eagle Outfitters At The Top,0.0036322948361864
2017-08-08,3,Arthur J. Gallagher's Buyout to Boost Canadian Presence,-0.0020849840381197
2015-03-18,3,AstraZeneca Presents Encouraging Heart Drug Brilinta Data - Analyst Blog,0.0091950469631838
2019-05-30,3,ADMA Biologics Is De-Risked and Ready to Rise,0.0027042954498417
2015-03-26,3,"Torchmark Upgraded to Hold on Dividend Hike, 2015 Guidance - Analyst Blog",-0.0026986777860629
2015-11-19,3,Pfizergan - The Pfizer-Allergan Deal Vs. Obama,-0.0003073885824623
2020-03-26,3,American Campus Communities Provides COVID-–9 Update and Announces Completion of Planned ...,0.0559620065957611
2015-05-18,3,Retiring In A Thunderstorm,0.0059722999491822
2020-01-16,3,Adams Natural Resources Fund Announces —…–9 Performance,0.0106310481410589
2016-10-27,3,AGCO declares $0.13 dividend,-0.0065329601258417
2018-01-04,3,AK Steel (AKS) to Increase Price of Carbon Steel Products,0.0017522212021183
2015-09-25,3,Loxo Oncology (LOXO) in Focus: Stock Up 9.1% in Session,-0.0101341605977177
2014-02-28,3,Assurant Inc. (AIZ): New Analyst Report from Zacks Equity Research - Zacks Equity Research Report,-0.0025029482195308
2020-04-02,3,"The Extreme Risks of Trading Your Own Retirement Assets - April 02, 2020",0.0172173903583197
2018-10-12,3,Massive Short Squeeze In Gold And Silver?,0.022899263586769
2015-06-24,3,Interactive Brokers' Australian FX Trades Banned by ASIC - Analyst Blog,-0.007302137877626
2018-12-31,3,"New Research: Key Drivers of Growth for Trimble, Maxar Technologies, MagnaChip Semiconductor, ...",0.0077089545592441
2020-04-17,3,"Gilead Brings Likely Coronavirus Cure, Pharma Rallies on R&D",0.0138038352838005
2018-10-08,3,Composite Rating For Gallagher Arthur J & Co Rises To 96,-0.0067407505579989
2015-05-05,3,"Weekly CEO Buys Highlight: APD, OPK, ASPS, ADTN, NSA",-0.0154676455396682
2015-05-12,3,Agile Therapeutics misses by $0.06,-0.0034804525468349
2015-07-14,3,pSivida Corp. (PSDV) in Focus: Stock Jumps 5.4% - Tale of the Tape,0.0065819396267368
2019-08-14,3,Kadmon (KDMN) Completes Enrollment in KD025 Study for cGVHD,-0.0302406486247454
2015-12-02,3,American Eagle Outfitters +3% after results and guidance satisfy,-0.0064173494948874
2014-06-16,3,Global Indemnity Rating Affirmed by A.M. Best - Analyst Blog,0.0024242737288449
2018-05-09,3,"Fossil (FOSL) Loss Narrows Y/Y in Q1, Sales Deteriorate",0.0100469601738566
2018-07-11,3,ABB to connect world's largest offshore wind farm,-0.0054890105886145
