date,Label,Manual_Label,수정여부,Headline_and_Subtitle,Headline_KO
2017-02-08,0,2,,"Applied Genetic beats by $0.09, misses on revenue","Applied Genetic은 $0.09 상회, 수익 손실"
2019-08-09,0,2,,"Agenus (AGEN) Q2 Earnings Miss Estimates, Revenues Beat",[번역 실패]
2017-02-23,0,0,,Acadia down 9% after hours on Q4 revenue miss,Acadia는 4분기 수익 손실로 인해 몇 시간 만에 9% 하락했습니다.
2017-01-26,0,0,,Arthur J.Gallagher misses by $0.12,Arthur J.Gallagher가 $0.12만큼 실패
2016-04-26,0,3,,Barrick Gold: Low-Cost Gold (For Now),Barrick Gold: 저가형 금(현재로서는)
2017-01-23,0,0,,Auto parts retailers swing lower on Amazon anxiety,"자동차 부품 소매업체, 아마존 불안에 하락세"
2015-04-28,0,0,,"Alliance Holdings misses by $0.04, misses on revenue","Alliance Holdings는 $0.04 손실, 수익 손실manual_review_samples.csv"
2015-11-19,0,0,,The Vetr community has downgraded $A to 4-Stars,Vetr 커뮤니티는 $A를 4성으로 다운그레이드했습니다.
2016-11-03,0,0,,"AAC Holdings misses by $0.04, misses on revenue","AAC Holdings는 $0.04 손실, 수익 손실"
2018-08-09,0,0,,Farmer Mac slumps after Q2 miss,Farmer Mac은 2분기 실적 부진으로 하락
2015-08-06,0,0,,"Agios Pharmaceuticals misses by $0.39, misses on revenue","Agios Pharmaceuticals는 0.39달러 손실, 매출 손실"
2017-07-12,0,2,,IndexIQ Lowers Fees For Its Suite Of 5… Percent Currency Hedged International Equity ETFs,"IndexIQ, 5가지 제품군에 대한 수수료 인하… 퍼센트 통화 헤지 국제 주식 ETF"
2018-05-29,0,0,,"Gold Falls And Sits At The $1,300 Level","금 하락 및 $1,300 수준 유지"
2019-03-08,0,0,,US Steel Imports Drop in 2018 as First Year of Tariffs Nears,관세 첫 해가 다가옴에 따라 2018년 미국 철강 수입 감소
2019-10-11,0,3,,The EU Looks Ready For A Halloween Brexit,EU는 할로윈 브렉시트를 준비하고 있는 것으로 보입니다.
2015-08-06,0,0,,U.S. Gold Production Continues To Decline In April,미국의 4월 금 생산은 계속 감소하고 있습니다.
2019-05-14,0,3,,"Mission Wealth Management, Llc Buys PIMCO Enhanced Short Maturity Active Exchange-Trad, Fifth ...","Mission Wealth Management, Llc, PIMCO Enhanced Short Maturity Active Exchange-Trad, Fifth ... 인수"
2018-08-01,0,2,,"Kadant (KAI) Q2 Earnings Beat, Forex & Tariff Woes Hurt View","Kadant (KAI) 2분기 실적 하락, 외환 및 관세 문제 악화 전망"
2012-05-14,0,3,,"Donald Smith Buys Low P/B Stocks: EXC, WPX, AAV, RSH, VLO","Donald Smith, 저P/B 주식 매입: EXC, WPX, AAV, RSH, VLO"
2015-10-15,0,0,,Syngenta (SYT) Q3 Results Hurt by Currency & Credit Woes,Syngenta(SYT) 3분기 실적은 통화 및 신용 문제로 인해 타격을 입었습니다.
2019-04-29,0,0,,AllianceBernstein (AB) Stock Down 2.9% on Q1 Earnings Miss,AllianceBernstein (AB) 1분기 실적 부진으로 주가 2.9% 하락
2014-02-21,0,0,,Steiner Leisure (STNR) in Focus: Stock Plunged 11.4% - Tale of the Tape,초점이 맞는 Steiner Leisure(STNR): 주가가 11.4% 급락했습니다 - 테이프 이야기
2018-02-13,0,0,,Big outflow for popular senior loan ETF,인기 선순위 대출 ETF 대규모 유출
2018-06-21,0,3,,An IoT Company Trading At 11 Times Free Cash Flow,잉여현금흐름의 11배로 거래되는 IoT 회사
2018-12-09,0,3,,Don't Fall Into The Inverted Yield Curve Trap. It's Like Hotel California,역수익률 곡선의 함정에 빠지지 마십시오. 호텔캘리포니아같네요
2018-03-15,0,3,,Trouble In Paradise: Assured Guaranty's Exposure To Puerto Rican Debt Provides An Opportunity,낙원의 문제: 푸에르토리코 부채에 대한 보증 보장의 노출은 기회를 제공합니다
2015-07-05,0,2,,Swiss Gold Flows Counter Reports Of Slackening Gold Demand,금 수요 감소에 대한 스위스 금 흐름 반대 보고서
2019-11-06,0,0,,"Federal Agricultural Mortgage EPS misses by $0.03, misses on revenue","연방 농업 모기지 EPS는 0.03달러 손실, 수익 손실"
2018-07-02,0,0,,AES Corp. -2% after BAML downgrade,AES Corp. BAML 다운그레이드 후 -2%
2016-10-24,0,3,,Biotech Forum Daily Digest: Election Worries Overblown? Spotlight On Akorn,생명공학 포럼 데일리 다이제스트: 선거에 대한 우려가 과장되었나요? 스포트라이트 온 에이콘
2015-01-30,0,0,,"Acacia drops 8%, posts 26% decline for January","아카시아는 8% 하락, 1월에는 26% 하락 기록"
2015-02-06,0,3,,Take Advantage Of European Weakness - Cramer's Mad Money (2/5/15),유럽의 약점을 활용하세요 - Cramer의 Mad Money(2/5/15)
2013-02-25,0,3,,"A Deep Post-Decline Analysis, Part 3","심층적인 하락 후 분석, 3부"
2018-11-01,0,0,,"Agios Pharmaceuticals misses by $0.12, misses on revenue","Agios Pharmaceuticals는 0.12달러 손실, 매출 손실"
2019-01-22,0,2,,Chubb Releases Q4 Global Catastrophe Loss Estimate of $505M,"Chubb, 4분기 글로벌 재난 손실 추정액 5억 500만 달러 발표"
2018-07-09,0,0,,"AK Steel, Ryerson downgraded to Hold from Buy at Deutsche Bank","AK Steel, Ryerson은 Deutsche Bank에서 Buy에서 Hold로 하향 조정되었습니다."
2015-10-16,0,0,,"Winnebago's (WGO) Q4 Earnings Miss Estimates, Decline Y/Y",Winnebago(WGO)의 4분기 수익 추정치가 빗나가고 Y/Y 감소
2019-01-22,0,0,,Global Silver Production May Decline More Than Analysts' Forecasts,글로벌 은 생산량은 분석가들의 예측보다 더 많이 감소할 수 있습니다
2017-12-12,0,1,,AllianceBernstein sees modest inflows in November,AllianceBernstein은 11월에 소폭의 유입을 확인했습니다.
2018-12-08,0,3,,6 Low-P/E Stocks in Gurus' Portfolios,Gurus 포트폴리오의 6개 저P/E 주식
2019-02-14,0,0,,"Copa Holdings (CPA) Misses Q4 Earnings Estimates, Down Y/Y","Copa Holdings (CPA), Q4 수익 추정치를 Y/Y 감소로 놓쳤습니다"
2018-09-17,0,3,,Another $200 Billion In Tariffs Looks More Likely Than Not,추가로 2000억 달러의 관세가 부과될 가능성이 더 높아 보입니다.
2014-12-18,0,0,,Barrick to Suspend Operations at Lumwana Following Passage of New Mining Royalty,"Barrick, 새로운 광산 왕족의 계승으로 Lumwana의 운영 중단"
2015-12-03,0,2,,"Analog Devices selling $1.25B in debt, partly to refinance","Analog Devices, 부분적으로 재융자로 12억 5천만 달러 부채 매각"
2019-05-09,0,2,,"Assured Guaranty beats by $0.07, misses on revenue",Assured Guaranty가 $0.07 앞섰고 수익이 감소했습니다.
2018-07-11,0,1,,Cost Cuts to Aid Noodles & Company's (NDLS) Q2 Earnings,Noodles & Company(NDLS)의 2분기 수익 지원을 위한 비용 절감
2019-12-15,0,2,,Good News Becomes Bad News For REITs,좋은 소식은 REIT에 나쁜 소식이 됩니다
2017-02-17,0,0,,"UnitedHealth, Health Insurers Fall As DOJ Joins Whistleblower Suit","DOJ가 내부 고발자 소송에 합류함에 따라 UnitedHealth, 건강 보험사 하락"
2019-05-01,0,0,,"Southern Company (SO) Q1 Earnings In Line, Retail Sales Fall","Southern Company(SO) 1분기 실적은 정체, 소매 판매 감소"
2018-11-15,0,0,,Stocks Fall on Thursday,목요일에 주식 하락
2019-08-12,0,0,,"Corn futures, ag stocks plunge following bearish USDA report","USDA의 약세 보고서 이후 옥수수 선물, 농업 주식 급락"
2016-06-27,0,0,,"Biotech Forum Daily Digest: Biotech Tumbles On Brexit Vote, Spotlight On Agios Pharmaceuticals",생명공학 포럼 일일 다이제스트: 브렉시트 투표에서 생명공학이 하락하고 Agios Pharmaceuticals에 주목
2018-03-09,0,0,,"Pharma Stocks Weighed Down by Competition, Generic Pressure","경쟁, 일반적인 압력으로 인해 제약 주식이 위축됨"
2020-05-19,0,0,,Moderna Short Sellers Take $450M Hit Following Coronavirus Vaccine Data,Moderna 공매도자들은 코로나바이러스 백신 데이터에 따라 4억 5천만 달러의 히트를 기록했습니다.
2012-07-03,0,0,,"MUX, AAU, DNN: Stocks Heading Lower as US Factories Cut Output","MUX, AAU, DNN: 미국 공장의 생산량 감소로 주가 하락"
2015-01-12,0,3,,Five Below: Avoiding The Specialty Retail Trap,아래 5가지: 전문 소매업의 함정 피하기
2016-03-02,0,1,,Chinese Steel Cuts Mark A Likely Bottom In Steel Prices,중국 철강 감산으로 철강 가격이 바닥을 칠 가능성이 있음
2019-08-28,0,0,,Chalco's H1 aluminum production drops more than 8%,Chalco의 H1 알루미늄 생산량이 8% 이상 감소
2019-05-07,0,3,,"Advanced Emissions Solutions, Inc. 2019 Q1 - Results - Earnings Call Slides","Advanced Emissions Solutions, Inc. 2019년 1분기 - 결과 - 실적 발표 슬라이드"
2015-08-21,0,3,,Don't Fall For The Fallacy That The Gold Price Is Below The Cost Of Production,금 가격이 생산 비용보다 낮다는 오류에 빠지지 마십시오
2019-11-12,0,0,,Advance Auto Parts: Let It Fall,고급 자동차 부품: Let It Fall
2015-10-22,0,0,,"Caterpillar Q3 Earnings Lag Y/Y, Cuts 2015 EPS Guidance","Caterpillar Q3 수익은 Y/Y 지연, 2015 EPS 지침 인하"
2020-05-08,0,0,,Ares Commercial Real Estate (ACRE) Misses Q1 Earnings Estimates,Ares Commercial Real Estate (ACRE)가 1분기 수익 추정치를 놓쳤습니다.
2018-09-27,0,3,,Aehr Receives Follow-on Order for FOX-XP™ Wafer Level Test and Burn-in System for Production ...,"Aehr, FOX-XP™ 웨이퍼 레벨 테스트 및 생산용 번인 시스템에 대한 후속 주문을 받음"
2020-02-13,0,2,,U.S. Weekly FundFlows Insight Report: Taxable Bond Funds Drive Overall Net Inflows,미국 주간 FundFlows 통찰력 보고서: 과세 채권 자금이 전반적인 순 유입을 주도합니다
2018-05-18,0,0,,"Deere slightly lower as analysts digest earnings miss, 'tepid' guidance","분석가들이 실적 부진, '미지근한' 지침을 소화함에 따라 Deere는 약간 하락했습니다."
2018-08-13,0,0,,Cambium Learning Group (ABCD) Q2 Earnings Miss Estimates,Cambium Learning Group (ABCD) 2분기 실적 추정치 미스
2014-11-17,0,0,,"Guru Stocks at 52-Week Lows: IBM, BBL, SAN, ABEV, RIO","Guru 주식 52주 최저치: IBM, BBL, SAN, ABEV, RIO"
2012-10-05,0,0,,"F5, Adtran Shares Slide On Barclays Downgrade","F5, Barclays 다운그레이드에서 Adtran 주식 슬라이드"
2020-03-11,0,3,,Werner Lieberherr Takes Over as Chief Executive Officer of Landis+Gyr,Werner Lieberherr가 Landis+Gyr의 CEO로 취임
2018-12-11,0,2,,"American Eagle Outfitters beats by $0.01, misses on revenue",American Eagle Outfitters는 $0.01 앞섰고 수익은 감소했습니다.
2018-12-10,0,0,,"U.S. junk bonds decline amid trade uncertainty, oil rebound","미국 정크본드, 무역 불확실성과 원유 반등 속에 하락"
2016-08-24,0,0,,Gold miners sink as metal settles below 50-day moving average,금 채굴자들은 금속 가격이 50일 이동 평균 아래로 떨어지면서 하락했습니다.
2018-03-06,0,2,,"Target's (TGT) Q4 Earnings Miss, Sales Beat Estimates",Target(TGT)의 4분기 실적이 부진하고 매출이 예상치를 상회했습니다.
2019-07-29,0,1,,"No 'Slow Lane' For Widows & Orphans, As 'Moderate' Income Factory Returns Over 20% YTD",'보통' 소득 공장이 YTD 20% 이상 수익을 올리므로 과부와 고아를 위한 '느린 차선' 없음
2012-08-02,0,3,,"Acacia Research Corp. (ACTG) Executive Chairman Robert L Ii Harris sells 4,167 Shares","Acacia Research Corp.(ACTG) 회장 Robert L Ii Harris가 4,167주를 매각합니다."
2016-05-03,0,2,,"Gold ETFs Fall, But Bonds Rise, As U.S., Foreign Stock Indexes Drop",금 ETF는 하락하지만 채권은 상승하고 미국의 해외 주가 지수는 하락합니다.
2017-05-31,0,0,,Stocks Close In The Red; Banks Crumble On Slow JPMorgan Trade Revenue,주식은 적자로 마감되었습니다. JPMorgan 무역 수익 부진으로 은행 붕괴
2014-07-25,0,3,,"Three Tax Inversion Stocks That Moved to Sunny (and Low Tax) Bermuda: TWGP, AGII & LAZ","Sunny(및 낮은 세금) 버뮤다로 이전된 세 가지 세금 반전 주식: TWGP, AGII 및 LAZ"
2019-08-15,0,3,,Advanced Emissions Solutions Announces Additional Refined Coal Facility Closure with ...,"Advanced Emissions Solutions, 추가 정제 석탄 시설 폐쇄 발표"
2018-03-03,0,3,,"Tariffs, Wages And Target In The Bull's-eye","과녁의 관세, 임금 및 목표"
2013-12-11,0,0,,Why Pfizer's Expiring Viagra Patent Hurts Lilly Most,화이자의 비아그라 특허 만료가 릴리에게 가장 큰 타격을 주는 이유
2015-03-31,0,0,,"U.S. Steel to operate at loss this year, J.P. Morgan says in short call","JP모건 ""US Steel, 올해 적자 영업할 것"""
2019-11-06,0,0,,"AcelRx Pharmaceuticals (ACRX) Reports Q3 Loss, Misses Revenue Estimates","AcelRx Pharmaceuticals(ACRX), 3분기 손실 보고, 수익 추정치 누락"
2018-08-29,0,2,,"Stocks Mixed; This Hot IPO Stock Stumbles, But PayPal Breaks Out",주식 혼합; 이 뜨거운 IPO 주식은 비틀거리지만 PayPal은 돌파합니다
2014-06-16,0,0,,GNC Holdings (GNC) Falls: Stock Goes Down 5.5% - Tale of the Tape,GNC 홀딩스(GNC) 하락: 주가 5.5% 하락 - 테이프 이야기
2018-11-02,0,3,,Silver Needs To Make A Move - A Halloween Head Fake Inspired By The Dollar,은의 움직임이 필요하다 - 달러에서 영감을 얻은 할로윈 머리 가짜
2016-09-22,0,0,,Bond ETFs see rare bout of outflows,채권 ETF에서 자금 유출이 거의 발생하지 않음
2020-02-14,0,3,,"Long Pond Capital, LP Buys Ventas Inc, Sabra Health Care REIT Inc, Lowe's Inc, Sells Hilton ...","Long Pond Capital, LP, Ventas Inc 매입, Sabra Health Care REIT Inc, Lowe's Inc, Hilton 매각..."
2019-11-06,0,2,,"AcelRx Pharmaceuticals EPS beats by $0.06, misses on revenue",AcelRx Pharmaceuticals EPS는 0.06달러 상회하고 수익은 감소했습니다.
2015-09-15,0,0,,Lodging names socked by Pebblebrook Hotel warning,페블브룩 호텔(Pebblebrook Hotel) 경고에 숙박 시설 이름이 포함됨
2019-05-09,0,3,,"GV Capital Management Buys Aaron's Inc, Invesco S&P 5…… Low Volatility, iShares MSCI ...","GV Capital Management, Aaron's Inc, Invesco S&P 5… 저변동성, iShares MSCI 인수…"
2019-06-03,0,0,,AEterna Zentaris: A Slow Bleed After Vexing Q1 Earnings,AEterna Zentaris: 1분기 수익을 괴롭힌 후 느린 출혈
2014-01-28,0,0,,Weakness Seen in ACCO Brands (ACCO): Stock Tanks 8.2% - Tale of the Tape,ACCO 브랜드(ACCO)에서 볼 수 있는 약점: 스톡 탱크 8.2% - Tale of the Tape
2015-02-09,0,3,,Three Stocks Below Peter Lynch Earning Line,피터 린치 수익선 아래 3개 주식
2019-02-14,0,2,,"Agios Pharmaceuticals (AGIO) Reports Q4 Loss, Tops Revenue Estimates","Agios Pharmaceuticals(AGIO), 4분기 손실 보고, 수익 추정치 최고 기록"
2013-05-25,0,3,,My 3 Favorite High-Yields With Low Debt And Payout Ratios,내가 선호하는 3가지 부채 및 지급 비율이 높은 고수익 상품
2015-10-14,0,0,,U.S. Raw Steel Production Slips on Lower Utilization,미국의 철강 생산이 활용도 감소로 인해 하락
2016-10-20,0,2,,"Major ETFs Fall, But Biotech And Pharma Stocks Defy General Malaise",주요 ETF는 하락했지만 생명공학 및 제약 주식은 일반적인 불안을 무시합니다
2015-06-05,0,1,,Larry Fink dismisses bond ETF fears,래리 핑크(Larry Fink)는 채권 ETF에 대한 우려를 일축했습니다.
2019-10-02,0,2,,"ADP Posts 135K New Jobs, Slowing Across the Board","ADP, 135,000개의 신규 일자리 게시, 전반적으로 둔화"
2016-12-14,0,0,,Gold And Mining ETFs Slump After Fed Raises Rates For First Time In 2016,2016년 연준이 처음으로 금리를 인상한 후 금 및 광산 ETF가 폭락했습니다.
2015-09-14,0,2,,"Stocks Quietly Lower As Apple Tops Dow, Tyler Tech Breaks Out",Apple이 Dow를 상회하면서 주식은 조용히 하락하고 Tyler Tech는 돌파합니다.
2018-10-24,0,0,,"Aspen Insurance Holdings misses by $0.17, misses on net earned premiums","Aspen Insurance Holdings는 0.17달러 손실, 순 보험료 손실"
2019-05-20,0,1,,Adamis: Cuts Op-Ex And Prepares For 'Zimhi' Approval,Adamis: 운영 비용 절감 및 'Zimhi' 승인 준비
2018-05-05,0,3,,ACETO SHAREHOLDER ALERT: CLAIMSFILER REMINDS INVESTORS WITH LOSSES IN EXCESS OF ...,ACETO 주주 경고: 클레임 파일러는 투자자들에게 다음과 같은 손실이 있음을 상기시킵니다.
2018-10-17,0,0,,US Market Indexes Fall After Big Rally,미국 시장 지수는 큰 반등 이후 하락
2016-12-09,0,0,,Aflac cut to Underperform at RBC Capital,Aflac은 RBC Capital에서 Underperform으로 하락
2015-07-20,0,0,,"It's a sea of red for gold mining stocks as gold drops to $1,100","금 가격이 1,100달러까지 떨어지면서 금 채굴 주식에는 붉은 바다가 됐습니다."
2018-11-26,0,1,,Futures Rebound After Black Friday Losses (Wall Street Breakfast Podcast),블랙 프라이데이 손실 후 선물 반등(월스트리트 조식 팟캐스트)
2015-01-02,0,0,,IBD 50 Tone Darkens; More Leaders Below 10-Week Line,IBD 50 톤이 어두워짐; 10주 선 아래에 더 많은 리더가 있음
2019-11-05,0,0,,Acadia Healthcare (ACHC) Q3 Earnings and Revenues Miss Estimates,Acadia Healthcare(ACHC) 3분기 수익 및 수익 예상치 미스
2015-01-09,0,0,,Astoria Financial and Webster Financial slump after downgrades,Astoria Financial 및 Webster Financial은 다운그레이드 이후 부진
2016-11-14,0,3,,"The Good, The Bad, And The Beautiful From The Perspective Of A Preferred Investor","우선 투자자의 관점에서 본 좋은 것, 나쁜 것, 아름다운 것"
2015-05-30,0,3,,The 5 Best Low PE Companies For Defensive Investors,방어적인 투자자를 위한 최고의 낮은 PE 회사 5개
2015-09-01,0,3,,Why The Drop In Stocks Feels So Painful,주가 하락이 그토록 고통스럽게 느껴지는 이유
2018-05-31,0,0,,Paccar -3% as Goldman downgrades amid dim view of trucking stocks,트럭 운송 주식에 대한 어두운 전망 속에서 Goldman이 등급을 하향 조정함에 따라 Paccar -3%
2016-01-15,0,0,,S&P 500 Takes Out August Low; Apple Hit By New iPhone Worries,"S&P 500, 8월 저점 돌파; 새로운 아이폰에 대한 우려로 애플이 타격을 입다"
2017-02-28,0,0,,Broker-Dealer ETF Books A Hefty Loss Amid Schwab-Fidelity Shootout,"브로커-딜러 ETF, Schwab-Fidelity 총격전으로 인해 막대한 손실 기록"
2016-03-02,0,1,,Steel tariffs look like a big win for U.S. steel stocks,철강 관세는 미국 철강주에 큰 승리로 보인다
2017-08-15,0,0,,Advance Auto Parts (AAP) Misses on Q2 Earnings,AAP(Advanced Auto Parts)가 2분기 실적을 놓쳤습니다.
2018-06-09,0,3,,ADT SHAREHOLDER ALERT: CLAIMSFILER Reminds Investors with Losses in Excess of ...,ADT 주주 경고: CLAIMSFILER는 투자자들에게 다음과 같은 손실이 있음을 상기시킵니다.
2016-01-05,0,3,,GE Close to Kissing Connecticut Goodbye,GE는 코네티컷과의 키스에 가까워졌다.
2016-03-22,0,2,,Stocks Close Mixed; Nike Slips After Hours On Sales Miss,"주식 마감 혼합; 나이키, 영업 시간 이후 미끄러짐"
2015-01-14,0,0,,"Gold sector's bad bets wiping out retained earnings, investor confidence",금 부문의 잘못된 베팅으로 인해 이익잉여금과 투자자 신뢰가 상실됨
2018-10-03,0,3,,"Cocoa Probes Below $2,000 Per Ton - Time To Buy NIB?","코코아 프로브가 톤당 2,000달러 미만 - NIB를 구매할 시점인가?"
2016-07-05,0,0,,Ocwen complex tumbles,오웬 콤플렉스 폭락
2016-01-06,0,0,,"Premarket Biotech Digest: Gilead's HBV Data, Eli Lilly's Guidance, MannKind Slumps","시판 전 생명공학 다이제스트: Gilead의 HBV 데이터, Eli Lilly의 지침, MannKind의 부진"
2020-05-08,0,0,,ProAssurance (PRA) Misses Q1 Earnings & Revenue Estimates,ProAssurance(PRA)가 1분기 수익 및 매출 추정치를 놓쳤습니다.
2015-02-23,0,0,,The Vetr community has downgraded $AFMD to 4-Stars,Vetr 커뮤니티는 $AFMD를 4성으로 다운그레이드했습니다.
2015-02-02,0,0,,Applied Industrial Technologies Slumps: AIT Tumbles 7.6% in Session - Tale of the Tape,응용 산업 기술 하락: AIT가 세션에서 7.6% 하락 - 테이프 이야기
2019-08-12,0,0,,Asian Shares Tumble on Recessionary Fears: ETFs in Focus,경기 침체 우려로 아시아 증시 급락: ETF에 주목
2019-10-29,0,2,,"AGCO EPS beats by $0.02, misses on revenue",AGCO EPS는 0.02달러 앞섰고 수익은 감소했습니다.
2019-07-06,0,0,,Stocks That Fell to '-Year Lows in the Week of July 5,7월 5일 주에 '연중 최저치'로 하락한 주식
2019-11-13,0,0,,Adecoagro EPS misses by $0.25,[번역 실패]
2018-05-10,0,0,,"Falling Earnings Estimates Signal Weakness Ahead for AAON, Inc. (AAON)","하락하는 수익으로 AAON, Inc.(AAON)에 대한 신호 약화 예상"
2020-04-25,0,3,,"AARON'S DEADLINE ALERT: Faruqi & Faruqi, LLP Encourages Investors Who Suffered Losses ...","AARON의 마감일 알림: Faruqi & Faruqi, LLP는 손실을 입은 투자자들을 격려합니다 ..."
2015-05-13,0,2,,"Commodities Today: Coal And Solar Companies Under Pressure, Big Buyback Announced","오늘날의 원자재: 압박을 받고 있는 석탄 및 태양광 기업, 대규모 환매 발표"
2016-05-26,0,1,,Acasti Pharma FQ4 net loss improves by 17%,Acasti Pharma FQ4 순손실 17% 개선
2017-08-11,0,2,,"EnerSys (ENS) Q1 Earnings Miss, Revenues Beat Estimates",EnerSys (ENS) 1분기 수익이 예상치를 상회하고 매출이 예상치를 상회했습니다.
2018-04-19,0,0,,Aceto slumps 51% premarket as business deteriorates,"Aceto, 사업 악화로 시판 전 51% 급락"
2019-08-05,0,0,,"Schneider (SNDR) Q2 Earnings Miss, '19 EPS View Bearish","Schneider (SNDR) 2분기 실적 부진, '19 EPS 약세 전망"
2018-10-23,0,0,,TI's embedded processor peers drop after revenue miss,[번역 실패]
2018-06-27,0,2,,Market Volatility Bulletin: Spot VIX Prints Below 15 Despite More Than 2% Intraday Move In S&P Futures,[번역 실패]
2016-05-11,0,1,,Smart Money Flows Into Pershing Gold,[번역 실패]
2017-03-14,0,1,,High-yield default rate to drop below 3% - Fitch,[번역 실패]
2018-02-06,0,0,,Utilities plunge as bearish sentiment seen persisting,약세 정서가 지속되면서 유틸리티 부문 급락
2015-03-23,0,0,,Amicus Therapeutics Slumps: FOLD Falls 6.8% in Session - Tale of the Tape,Amicus Therapeutics 부진: FOLD 세션에서 6.8% 하락 - Tale of the Tape
2019-11-08,0,0,,Mall stocks follow Gap lower,쇼핑몰 주식은 Gap을 따라 낮아졌습니다.
2019-05-14,0,0,,"Agilent down 8% after hours on FQ2 miss, revenue guidance cut","애질런트는 2분기 실적 부진으로 영업시간 이후 8% 하락, 매출 가이던스 삭감"
2019-04-22,0,0,,Bull Of The Day: Advanced Emissions Solutions (ADES),오늘의 황소: ADES(Advanced Emissions Solutions)
2015-12-04,0,0,,"Barclays downgrades ADI, doesn't expect Force Touch in 2016 iPads",Barclays는 ADI를 다운그레이드했지만 2016년 iPad에서는 Force Touch를 기대하지 않습니다.
2016-08-09,0,0,,Advanced Emissions Solutions reports Q2 results,"Advanced Emissions Solutions, 2분기 결과 보고"
2015-04-27,0,0,,"Akorn Downgraded, Stock Falls On 'Credibility Gap'","Akorn 강등, '신뢰도 격차'로 주가 하락"
2016-10-04,0,0,,Was Gold ETF's Tumble To Its Lowest Level Since Brexit Vote Foreshadowed?,Gold ETF는 브렉시트 투표가 예고된 이후 최저 수준으로 하락했나요?
2015-12-07,0,0,,El Nino Leads To La Nina And Low Grain Prices Could Become A Distant Memory,[번역 실패]
2018-02-21,0,0,,Cotton Has Been Trending Lower - An Opportunity,[번역 실패]
2018-12-14,0,0,,"Market Volatility Bulletin: Stocks Close Flat Thursday, Jolt Lower Into Friday","시장 변동성 공지: 주식은 목요일 보합 마감, 금요일까지 급락"
2020-03-05,0,0,,"ADT (ADT) Reports Q4 Loss, Tops Revenue Estimates",[번역 실패]
2016-01-25,0,0,,"Abengoa to move ahead with debt talks, asset sales",[번역 실패]
2019-10-15,0,0,,Ameren appoints Moehn as new CFO; Lyons becomes Ameren Missouri chief,Ameren은 Moehn을 새로운 CFO로 임명합니다. Lyons가 Ameren Missouri 추장이 됨
2016-08-17,0,0,,Analog Devices (ADI) Moves Lower Ahead of Earnings,아나로그디바이스(ADI)는 수익보다 하락세를 보이고 있습니다.
2018-09-04,0,0,,Analog Devices -1.4% after Evercore downgrade,Analog Devices - Evercore 다운그레이드 후 -1.4%
2013-03-10,0,0,,"Guru Stocks at 52-Week Lows: APPL, BIDU, ABX, GG, NEM","Guru 주식 52주 최저치: APPL, BIDU, ABX, GG, NEM"
2016-07-05,0,0,,Technically Speaking: The Bond Ratio Warning,[번역 실패]
2018-08-30,0,0,,Copper edges lower on U.S.-China trade fight worries,[번역 실패]
2014-11-18,0,0,,Zoetis 2015 Guidance Misses As Buyout Theories Abound,매수 이론이 풍부함에 따라 Zoetis 2015 지침이 누락되었습니다.
2018-06-07,0,0,,Semi equipment stocks drop on analyst warning about memory push-outs,메모리 푸시아웃에 대한 애널리스트의 경고로 반도체 장비 주가 하락
2018-07-11,0,0,,6 Low Price-Sales Stocks in Gurus' Portfolios,Gurus 포트폴리오의 6가지 저가 매도 주식
2019-08-01,0,0,,Abiomed sinks 15% premarket on lowered guidance,[번역 실패]
2016-11-09,0,0,,"Advanced Emissions Solutions, Inc. 2016 Q3 - Results - Earnings Call Slides","Advanced Emissions Solutions, Inc. 2016년 3분기 - 결과 - 실적 발표 슬라이드"
2015-10-13,0,0,,Looking At The Bond Markets: Growing Weaknesses?,채권 시장 살펴보기: 약점이 커지고 있나요?
2018-10-31,0,0,,"Applied Industrial Technologies beats by $0.12, misses on revenue",Applied Industrial Technologies는 0.12달러 앞섰고 수익은 감소했습니다.
2018-02-07,0,0,,"AGCO Corp (AGCO) Misses on Q4 Earnings, Issues 2018 View","AGCO Corp(AGCO), 2018년 4분기 실적 및 이슈 누락"
2019-05-09,0,0,,"Ameren beats by $0.10, misses on revenue",Ameren은 $0.10 차이로 수익이 감소했습니다.
2019-08-30,0,0,,Rick Rule: Silver Demand Increasing As Negative-Yielding Debt Continues To Grow,릭 규칙: 마이너스 수익률 부채가 계속 증가함에 따라 은 수요도 증가
2015-06-17,0,0,,Increasing Pressures For Alliance Holdings,Alliance Holdings에 대한 압력 증가
2019-02-28,0,0,,Ashford Hospitality Q4 adjusted FFO declines 28% Y/Y,Ashford Hospitality Q4 조정 FFO는 Y/Y 28% 감소
2016-12-21,0,0,,"AAR EPS in-line, misses on revenue","AAR EPS 인라인, 수익 손실"
2019-03-21,0,0,,"Alcoa, New York reach deal on low-cost power for Massena smelter","뉴욕주 Alcoa, Massena 제련소에 저가 전력 공급 계약 체결"
2016-03-24,0,0,,Barrick Gold cuts chairman's pay by 76% after investor criticism,"배릭 골드, 투자자 비난에 회장 급여 76% 삭감"
2019-06-02,0,0,,Powell Channels Bernanke: 'Subprime Debt Is Contained',파월 채널 버냉키: '서브프라임 부채는 억제됐다'
2014-10-15,0,0,,Stocks Pare Losses; Netflix Plunges After Hours,주식 손실; Netflix는 영업 시간 이후 급락합니다.
2016-02-02,0,0,,"ADT beats by $0.03, misses on revenue",ADT가 0.03달러 앞섰고 수익이 감소했습니다.
2016-07-26,0,0,,"Centene Earnings Top, But Stock Dives On Health Net Losses",Centene 수익은 최고이지만 건강 순손실에 대한 주식 급락
2011-03-11,0,0,,"Berkshire, AIG May Face Japan Quake Loss: Analyst","버크셔, AIG는 일본 지진으로 인해 손실을 입을 수 있음: 애널리스트"
2016-09-26,0,0,,Arthur J. Gallagher estimates cut at Barclays,Arthur J. Gallagher는 Barclays의 삭감을 예상합니다.
2018-08-16,0,0,,White House proposing cuts in opioid production,"백악관, 오피오이드 생산 감축 제안"
2020-04-22,0,0,,"W.R. Berkley (WRB) Q1 Earnings Miss Estimates, Revenues Beat","W.R. Berkley (WRB) 1분기 수익 추정치 미달, 수익 상회"
2020-04-16,0,0,,Dow Jones Sharply Lower After New York To Remain Shut Down To Fight Coronavirus,다우 존스는 뉴욕 이후 급락하여 코로나 바이러스와 싸우기 위해 폐쇄 상태를 유지합니다.
2016-02-03,0,0,,Commodity Play: Ditch Debt-Ridden Deere For The Safety Of AGCO,상품 플레이: AGCO의 안전을 위해 부채에 휩싸인 Deere를 도랑
2019-07-26,0,0,,Insperity Stock Benefits As It Doubles Market And Cuts Churn,Insperity Stock은 시장을 두 배로 늘리고 이탈을 줄임으로써 이익을 얻습니다.
2016-09-29,0,0,,Aetna subsidizing Apple Watch: Fitbit gets downgrade,"Aetna, Apple Watch에 보조금 지급: Fitbit이 다운그레이드됨"
2019-01-28,0,0,,AK Steel -4% as Morgan Stanley downgrades on pricing concerns,Morgan Stanley가 가격 문제로 등급을 하향 조정함에 따라 AK Steel -4%
2016-05-19,0,0,,Rough day for lodging REITs; RLJ downgraded,REIT 숙박에 힘든 날; RLJ가 다운그레이드됨
2017-02-28,0,0,,"Advisory Board beats by $0.47, misses on revenue",자문위원회는 0.47달러를 상회하고 수익이 감소했습니다.
2017-12-21,0,0,,"AAR misses by $0.01, revenue in-line","AAR이 $0.01만큼 누락됨, 수익이 그대로 유지됨"
2019-10-29,0,0,,"Further Restructuring At Alcoa Is Welcome, But Macro Pressures Are Still In Play",Alcoa의 추가 구조 조정은 환영하지만 거시적 압력은 여전히 ​​작용하고 있습니다.
2018-02-28,0,0,,"Acorda inks deal with activist investor, allows two board seats",Accorda 잉크는 행동주의 투자자와 거래하고 이사회 2석을 허용합니다.
2019-07-29,0,0,,Rockwell Automation Pressured As Short-Cycle Headwinds Spread,단주기 역풍이 확산되면서 로크웰 오토메이션에 압력이 가해짐
2019-02-28,0,0,,"GreenLight Capital's (GLRE) Q4 Loss Widens, Premiums Down",GreenLight Capital(GLRE)의 4분기 손실이 확대되고 보험료가 하락했습니다.
2016-04-06,0,0,,Chart Of The Day: Global Bond Yields Reach All-Time Low,오늘의 차트: 글로벌 채권 수익률이 사상 최저치를 기록했습니다.
2016-11-24,0,0,,Does Adeptus Healthcare Concerns Justify Medical Properties Trust's Drop In Value?,Adeptus Healthcare 문제가 Medical Properties Trust의 가치 하락을 정당화합니까?
2013-12-18,0,0,,The Fall of a Giant: Gurus' Exodus from Newmont Mining Corporation,거인의 몰락: 뉴몬트 광산 회사에서 구루스의 탈출
2018-10-31,0,0,,"Ameren beats by $0.19, misses on revenue",Ameren은 $0.19 앞섰고 수익은 감소했습니다.
2017-03-13,0,0,,Gold And Precious Metals Correct Lower,금과 귀금속은 더 낮은 값을 수정합니다.
2015-10-16,0,0,,Global Steel Demand to Shrink in 2015 on China Slowdown,2015년 중국 경기 둔화로 글로벌 철강 수요 감소 전망
2015-01-13,0,0,,Sarepta Therapeutics Slumps: SRPT Falls 14.6% in Session - Tale of the Tape,Sarepta Therapeutics 폭락: SRPT 세션에서 14.6% 하락 - 테이프 이야기
2012-02-29,0,0,,2 Top Insurers Make the Cut,2개의 최고 보험사가 삭감합니다.
2016-06-06,0,0,,Adamis Pharma's NDA for epinephrine pre-filled syringe rejected a second time by FDA; shares plummet 49% premarket,에피네프린 프리필드 주사기에 대한 Adamis Pharma의 NDA가 FDA에 의해 두 번째로 거부되었습니다. 주가는 시판 전 49% 급락
2012-12-11,0,0,,"Acacia Research Coroporation (ACTG) Executive Chairman Robert L Ii Harris sells 4,167 Shares","Acacia Research Corporation (ACTG) 회장 Robert L Ii Harris가 4,167주를 매각했습니다."
2018-08-13,0,0,,"Verisk Rides on Data Analysis Expertise, Debt Woes Remain","데이터 분석 전문성에 대한 베리스크의 편승, 부채 문제는 여전히 남아"
2020-02-28,0,0,,Financial Markets Plunge on Coronavirus Outbreak,코로나 사태로 금융시장 급락
2016-04-13,0,0,,"GHII: The Good, The Bad And The Yield","GHII: 좋은 것, 나쁜 것, 그리고 수확량"
2015-07-27,0,0,,A.H. Belo posts Q2 loss as print ads continue decline,"A.H. Belo, 인쇄 광고 계속 감소로 2분기 손실 기록"
2019-02-15,0,0,,Gold-Stock Mega-Mergers Bad,금주 대규모 합병이 좋지 않음
2016-04-25,0,0,,"American Campus misses by a penny, maintains guidance",미국 캠퍼스는 한 푼도 놓치고 가이던스 유지
2019-05-07,0,0,,"ADT (ADT) Reports Q1 Loss, Tops Revenue Estimates","ADT(ADT), 1분기 손실 보고, 매출 추정치 상회"
2020-05-28,0,0,,"Blow-Fill-Seal (BFS) Technology Market —…—… by Company, Type and Application, Forecast ...","BFS(Blow-Fill-Seal) 기술 시장 —…—… 회사별, 유형별, 용도별, 예측별…"
2019-02-13,0,0,,Agile Therapeutics: Positive Study Moves Company Closer To NDA Resubmission,Agile Therapeutics: 긍정적인 연구로 회사가 NDA 재제출에 가까워졌습니다.
2013-07-16,0,0,,Gold Mining Stocks: Guess How Low Year-To-Date,금 채굴 주식: 연초 대비 얼마나 낮은지 추측해 보세요
2020-02-24,0,0,,"Nicola Wealth Management Ltd. Buys Bank of Nova Scotia, Lowe's Inc, Accenture PLC, Sells Valero ...","Nicola Wealth Management Ltd.는 Bank of Nova Scotia, Lowe's Inc, Accenture PLC를 매입하고 Valero를 매각합니다."
2014-08-18,0,0,,Dillard's (DDS) in Focus: Stock Tumbles 8.2% - Tale of the Tape,Dillard's(DDS)의 초점: 주가 8.2% 하락 - 테이프 이야기
2018-11-17,0,0,,Stocks That Fell to '-Year Lows in the Week of Nov. –6,11월 – 6일 주에 연중 최저치로 하락한 주식
2016-12-06,0,0,,Not-So-Strange Bedfellows: Big Tech And Electric Utilities,그다지 이상하지 않은 동지들: 거대 기술 및 전기 유틸리티
2014-07-31,0,0,,Many Leading Stocks Damaged As Market Tumbles Broadly,시장이 크게 하락함에 따라 많은 주요 주식이 손상되었습니다.
2018-06-18,0,0,,The Tariffs Saga Means Cheap Meat - Don't Get Used To It,관세 사가는 값싼 고기를 의미합니다 - 익숙해지지 마세요
2020-02-21,0,0,,"Fitbit (FIT) Q4 Loss Wider Than Estimated, Revenues Lag",Fitbit(FIT) 4분기 손실 예상보다 커져 매출 지연
2016-01-05,0,0,,American Eagle And The Gap Offer Wildly Different Strategies As Retailers Convert Inventory From Fall/Winter '15 To Transition/Spring '16,American Eagle과 The Gap은 소매업체가 재고를 2015년 가을/겨울에서 2016년 봄/봄으로 전환함에 따라 완전히 다른 전략을 제공합니다.
2018-02-28,0,0,,"Middleby's (MIDD) Q4 Earnings Meet, Revenues Miss Estimates",Middleby(MIDD)의 4분기 실적은 일치하고 수익은 예상치를 벗어났습니다.
2015-09-21,0,0,,NRC starts special inspection at Ameren nuclear plant in Missouri,"NRC, 미주리주 아메렌 원전 특별점검 개시"
2017-08-09,0,0,,5 Value Picks With Strikingly Low EV/EBITDA Ratios,EV/EBITDA 비율이 현저히 낮은 5가지 가치 추천
2019-05-08,0,0,,"U.S. Steel cut to Sell, Street-low $10 price target at UBS",U.S. Steel은 매도세를 인하하고 UBS에서 거리 최저 10달러 목표 가격을 제시합니다.
2020-05-12,0,0,,DPL Teams With Transamerica; Adds Low-cost Variable Annuity With Several Living Benefit Options,Transamerica와 DPL 팀; 다양한 생활 혜택 옵션과 함께 저비용 변액 연금을 추가합니다.
2015-01-28,0,0,,"Astoria Financial beats by $0.01, misses on revenue",Astoria Financial이 0.01달러 상회하고 수익이 감소했습니다.
2015-10-15,0,0,,Active Power Joins Grid Edge Executive Council,"Active Power, Grid Edge 집행위원회에 합류"
2015-02-25,0,0,,"Ameren beats by $0.06, misses on revenue",Ameren은 $0.06 앞섰고 수익은 감소했습니다.
2015-06-22,0,0,,Corium International (CORI) in Focus: Stock Falls by 5.2% - Tale of the Tape,Corium International (CORI) 초점: 주가 5.2% 하락 - 테이프 이야기
2016-01-28,0,0,,"Arctic Cat misses by $0.29, misses on revenue","Arctic Cat은 0.29달러 손실, 수익 손실"
2018-08-12,0,0,,These Five 95+ Composite Rating Stocks Are Just Below Buy Points,95점 이상 종합 등급 주식 5개는 매수 포인트 바로 아래에 있습니다.
2018-03-05,0,0,,"5 Stocks to ""Steel"" the Show on Proposed Trump Tariffs","제안된 트럼프 관세에 대한 쇼를 ""강철""할 5개 주식"
2014-06-03,0,0,,Neonode (NEON) Crumbles: Stock Falls by 11.1% - Tale of the Tape,네오노드(NEON) 붕괴: 주가 11.1% 하락 - 테이프 이야기
2015-09-24,0,0,,Nervous equity markets and slowdown signs have gold on the move,불안한 주식 시장과 둔화 징후로 인해 금이 움직이고 있습니다
2015-10-01,0,0,,"Chip stocks underperform amid market drop, iPhone order report","시장 하락으로 칩주 실적 부진, 아이폰 주문 보고서"
2018-07-25,0,0,,"Barrick Gold misses by $0.05, misses on revenue","Barrick Gold는 $0.05 손실, 수익 손실"
2016-11-01,0,0,,"Advisory Board misses by $0.12, misses on revenue","자문위원회는 0.12달러 손실, 수익 손실"
2019-12-11,0,0,,Wells cuts view on Cigna in premarket analyst action,"Wells, 시판 전 분석가 조치에서 Cigna에 대한 견해 축소"
2012-02-11,0,0,,Stocks Logged Weekly Loss amid Greek Drama,그리스 드라마로 인해 주식은 주간 손실을 기록했습니다
2019-09-24,0,0,,Financials drop as Treasurys rally,재무부 랠리로 금융 하락
2015-07-14,0,0,,First Majestic Silver Sees Its Silver Production Drop By 14%,First Majesstic Silver의 은 생산량이 14% 감소했습니다.
2016-03-03,0,0,,"Agenus misses by $0.01, misses on revenue","Agenus는 0.01달러 손실, 수익 손실"
2017-07-05,0,0,,Here's Why O'Reilly Automotive (ORLY) Shares Plunged Today,오늘 O'Reilly Automotive(ORLY) 주가가 폭락한 이유는 다음과 같습니다.
2017-10-16,0,0,,Health Care Stocks Stumble on Trump's Executive Order,트럼프 행정명령에 헬스케어 주가 급락
2015-05-28,0,0,,Abercrombie Pops On Hollister Comps Despite Q1 Miss,Abercrombie는 1분기 실패에도 불구하고 Hollister Comps에서 인기를 얻었습니다.
2019-08-06,0,0,,"AES Corp (AES) Q2 Earnings Miss Estimates, Revenues Down Y/Y","AES Corp (AES) 2분기 수익 예상치 미달, Y/Y 수익 감소"
2019-05-01,0,0,,"Sigma Planning Corp Buys Invesco S&P 5…… Low Volatility, iShares Core U.S. ...","Sigma Planning Corp, Invesco S&P 5 인수… 낮은 변동성, iShares Core U.S."
2016-07-10,0,0,,A Few More Thoughts On The Long Bond Blowoff,장기 채권 폭발에 대한 몇 가지 추가 생각
2015-09-09,0,0,,What Falling Estimates & Price Mean for Merus Labs International (MSLI),Merus Labs International(MSLI)의 추정치 하락 및 가격의 의미
2015-02-12,0,0,,Advance Auto's earnings miss,Advance Auto의 수익이 손실되었습니다.
2019-11-11,0,0,,First Majestic Silver Just Saw AISC Plunge 27% In Q3,최초의 Majesstic Silver가 3분기에 AISC가 27% 급락하는 것을 목격했습니다.
2019-04-25,0,0,,"Arthur J.Gallagher beats by $0.02, misses on revenue",Arthur J.Gallagher가 $0.02 차이로 앞섰고 수익은 감소했습니다.
2015-08-07,0,0,,Alphamin Announces Resignation of Chief Executive Officer,"알파민, 최고경영자(CEO) 사임 발표"
2012-09-07,0,0,,Audience falls on loss of Apple,애플의 손실로 관객 감소
2016-01-28,0,0,,Cloud software stocks slump as ServiceNow plunges post-earnings,ServiceNow의 실적 하락으로 클라우드 소프트웨어 주가 급락
2013-05-22,0,0,,The Recovery Proving Slow To Arrive For Analog Devices,아날로그 장치의 회복 속도가 느린 것으로 입증됨
2015-08-17,0,0,,Lowe's (LOW) to Report Q2 Earnings: What to Expect?,Lowe's(LOW)의 2분기 수익 보고: 무엇을 기대할까요?
2015-08-06,0,0,,"Barrick Gold lays out ""scenario planning"" if gold sinks as low as $900","Barrick Gold는 금 가격이 900달러까지 떨어지면 ""시나리오 계획""을 제시합니다."
2016-12-22,0,0,,Barrick Gold Downgraded at TD Securities,TD Securities에서 Barrick Gold의 등급이 하향 조정되었습니다.
2016-02-24,0,0,,Polaris: Still A Strong Buy Despite Price Drop,Polaris: 가격 하락에도 불구하고 여전히 강력한 매수세를 보이고 있습니다.
2015-02-09,0,0,,"Argo Group misses by $0.13, misses on revenue","Argo Group은 0.13달러 손실, 수익 손실"
2016-12-20,0,0,,NYCB -2.4% after nixing Astoria purchase; BAML downgrades,NYCB Astoria 매입 거부 후 -2.4%; BAML 다운그레이드
2018-07-25,0,0,,"U.S. Steel, AK Steel slump as U.S., EU pledge to 'resolve' tariffs","미국과 유럽연합(EU)이 관세를 '해결'하겠다고 약속하면서 미국 철강, AK 철강이 부진하다"
2019-10-22,0,0,,"Lennox (LII) Misses Q3 Earnings Estimates, Trims '19 View","Lennox(LII), 3분기 실적 추정치 누락, '19년 분기 보기"
2018-06-25,0,0,,Owens-Illinois Slips to 52-Week Low: What's Taking it Down?,오웬스-일리노이주가 52주 최저치로 하락: 하락 요인은 무엇입니까?
2012-10-19,0,0,,"iShares Cuts Fees on Six ETFs, Debuts Four Low Cost Funds - ETF News And Commentary","iShares, 6개 ETF에 대한 수수료 인하, 4개 저비용 펀드 출시 - ETF 뉴스 및 논평"
2017-11-01,0,0,,"Pitney Bowes (PBI) Q3 Earnings Miss Estimates, Sales Up Y/Y","Pitney Bowes (PBI) 3분기 실적 예상치 미달, Y/Y 매출 증가"
2017-10-31,0,0,,Rent-A-Center (RCII) Reports Wider-Than-Expected Q3 Loss,"RCII(Rent-A-Center), 예상보다 큰 3분기 손실 보고"
2017-06-20,0,0,,Stocks Move Lower As Oil Drops; NTSB Clears Tesla; AmEx Breaks Out,유가 하락으로 주식 하락; NTSB가 Tesla를 청산합니다. AmEx 출시
2014-09-03,0,0,,Weakness Seen in Finisar (FNSR): Stock Falls 6.8% - Tale of the Tape,Finisar(FNSR)에 나타난 약점: 주가 6.8% 하락 - 테이프 이야기
2016-02-11,0,0,,"Advance Auto Parts beats by $0.01, misses on revenue","Advance Auto Parts가 0.01달러 앞섰고, 수익 손실"
2015-05-05,0,0,,"Notable tech decliners: RKUS, ACTG, BSFT, VECO, ELLI, BCOV","주목할만한 기술 하락세자: RKUS, ACTG, BSFT, VECO, ELLI, BCOV"
2019-01-31,0,0,,5 Undervalued Companies For Value Investors With A Low Beta – January 2019,베타가 낮은 가치 투자자를 위한 저평가 기업 5개 – 2019년 1월
2014-10-31,0,0,,Why Hercules Offshore (HERO) Could Be Positioned for a Slump - Tale of the Tape,Hercules Offshore(HERO)가 부진에 처할 수 있는 이유 - 테이프 이야기
2017-02-16,0,0,,Reuters: India may cut potash subsidy in potential blow to demand,로이터: 인도가 수요에 타격을 줄 수 있어 칼륨 보조금을 삭감할 수도 있음
2016-10-28,0,0,,Stocks Fall As ETFs Signal The Market May Be Range-Bound For A While,ETF가 시장이 한동안 범위에 갇힐 수 있다는 신호를 보내면서 주식 하락
2017-12-19,0,0,,AGCO -4% as 2018 earnings guidance misses consensus,2018년 실적 가이던스가 컨센서스를 하회함에 따라 AGCO -4%
2019-05-15,0,0,,The People's Republic Of China Is Destined To Decline,중화인민공화국은 쇠퇴할 운명이다
2019-01-24,0,0,,"Applied Industrial Technologies misses by $0.07, misses on revenue","Applied Industrial Technologies는 0.07달러 손실, 매출 손실"
2017-08-21,0,0,,Why Did Francesca's (FRAN) Stock Hit New Low?,프란체스카(FRAN) 주식이 왜 신저가를 기록했나요?
2018-01-15,0,0,,Fujifilm Downgraded on Oceania Market Distress & Macro Risks,"후지필름, 오세아니아 시장 위기 및 거시적 위험으로 등급 하락"
2016-11-08,0,0,,Advanced Emissions Solutions reports Q3 results,"Advanced Emissions Solutions, 3분기 결과 보고"
2019-02-22,0,0,,"ProAssurance (PRA) Q4 Earnings Meet Estimates, Tumble Y/Y",ProAssurance(PRA) 4분기 실적은 예상치에 부합하고 Y/Y 하락
2020-05-07,0,0,,AAON Announces Executive Leadership Transitions,"AAON, 경영진 리더십 전환 발표"
2019-01-10,0,0,,"Advaxis misses by $0.19, misses on revenue","Advaxis는 0.19달러 손실, 수익 손실"
2016-10-31,0,0,,"Aegion misses by $0.03, misses on revenue","Aegion은 0.03달러 손실, 수익 손실"
2016-12-22,0,0,,"Neuberger staying underweight Treasurys, dour on developed-market debt","Neuberger는 국채 비중 축소 유지, 선진국 부채에 대한 우려"
2017-02-21,0,0,,The 60/40 Substitute: Tracking Low Vol. And Bonds Since 1976,60/40 대체품: Tracking Low Vol. 1976년 이후 채권
2015-09-22,0,0,,Assured Guaranty Poised to Grow on Loss Recovery Plans,손실 복구 계획에 따라 보장 보증이 확대됩니다.
2019-02-06,0,0,,"American Equity beats by $0.09, misses on revenue",American Equity는 $0.09 상회하고 수익은 감소했습니다.
2018-10-18,0,0,,"Aegion Banks on Strong Order Flow, Cost Concerns Remain","강력한 주문 흐름을 자랑하는 Aegion Bank, 비용 문제는 여전히 남아 있음"
2019-09-14,0,0,,The Fear of Missing Out Trade Is Slowly Taking Hold,무역 누락에 대한 두려움이 서서히 자리 잡고 있습니다.
2018-09-04,0,0,,The Next Economic Collapse Could Start In Fall 2018,다음 경제 붕괴는 2018년 가을에 시작될 수 있습니다
2015-03-25,0,0,,IHS Inc. (IHS) Crumbles: Stock Falls by 7.3% - Tale of the Tape,IHS Inc.(IHS) 붕괴: 주가 7.3% 하락 - 테이프 이야기
2015-09-17,0,0,,What Falling Estimates & Price Mean for Finisar (FNSR),Finisar(FNSR)에 대한 추정치 하락 및 가격의 의미
2019-08-08,0,0,,"Air Lease EPS beats by $0.27, misses on revenue",항공 임대 EPS는 0.27달러 앞섰고 수익은 감소했습니다.
2014-11-03,0,0,,Crown Castle International (CCI) Crumbles: Stock Falls nearly 6.2% - Tale of the Tape,Crown Castle International(CCI) 붕괴: 주가가 거의 6.2% 하락 - 테이프 이야기
2014-04-20,0,0,,"5-Year Lows: American Eagle Outfitters, Intrexon Corp, Mack-Cali Realty Corp, and Weight ...","5년 최저치: American Eagle Outfitters, Intrexon Corp, Mack-Cali Realty Corp 및 Weight ..."
2015-09-16,0,0,,U.S. Raw Steel Production Retreats as Capacity Drops,미국 철강 생산량 감소로 생산력 감소
2016-11-30,0,0,,American Eagle Outfitters (AEO) Falls Ahead of Earnings,American Eagle Outfitters (AEO)가 수익보다 앞서 나갑니다.
2017-02-07,0,0,,"Assurant misses by $0.04, misses on net earned premiums","Assurant는 0.04달러 손실, 순 보험료 손실"
2018-12-13,0,0,,"Soybean futures fall 1.6%, as China purchase barely dents huge U.S. stockpile",중국의 대두 구매로 미국의 막대한 재고량이 거의 줄어들지 않아 대두 선물은 1.6% 하락했습니다.
2018-05-31,0,0,,Market Volatility Bulletin: Nasdaq Manages Gains While S&P Slumps On Tariff Headlines,시장 변동성 게시판: Nasdaq은 관세 헤드라인에서 S&P가 폭락하는 동안 이익을 관리합니다.
2015-05-05,0,0,,"Advisory Board misses by $0.01, misses on revenue","자문위원회는 0.01달러 손실, 수익 손실"
2019-09-24,0,0,,ACCO Brands Corporation to Present at Sidoti Fall Conference,"ACCO Brands Corporation, Sidoti 가을 컨퍼런스에서 발표"
2016-07-31,0,0,,Generating 6% Returns In A 0% World Part II - The Month In Exchange Traded Debt,0% 세계에서 6% 수익 창출 2부 - 교환 거래 부채의 달
2012-11-26,0,0,,"Aeropostale Seen Hurt By Abercrombie, American Eagle","Aeropostale, American Eagle, Abercrombie에 의해 상처 입은 모습"
2018-05-29,0,0,,AECOM Falls Despite Securing Government Contract,AECOM은 정부 계약 확보에도 불구하고 하락
2015-03-09,0,0,,Codexis (CDXS) in Focus: Stock Falls 7.3% - Tale of the Tape,주목받는 Codexis(CDXS): 주가 7.3% 하락 - 테이프 이야기
2019-08-02,0,0,,"Emergent (EBS) Earnings Miss in Q2, Revenues Beat Estimates","EBS(Emergent) 2분기 실적 부진, 매출 예상치 상회"
2019-05-07,0,0,,"Akorn (AKRX) Reports Q1 Loss, Tops Revenue Estimates","Akorn (AKRX), 1분기 손실 보고, 수익 추정치 최고 기록"
2019-03-29,0,0,,Albany appoints new finance executive,"Albany, 새로운 재무 담당 임원 임명"
2014-10-29,0,0,,Artisan Partners (APAM) Falls: Stock Goes Down 5.4% - Tale of the Tape,Artisan Partners(APAM) 하락: 주가 5.4% 하락 - 테이프 이야기
2019-05-01,0,0,,"Acadia Pharmaceuticals (ACAD) Reports Q1 Loss, Tops Revenue Estimates","Acadia Pharmaceuticals(ACAD), 1분기 손실 보고, 수익 추정치 최고 기록"
2018-08-02,0,0,,"Adamas Pharmaceuticals (ADMS) Reports Q2 Loss, Tops Revenue Estimates","Adamas Pharmaceuticals(ADMS), 2분기 손실 보고, 수익 추정치 최고 기록"
2016-03-22,0,0,,Look Beyond Large Caps For Low-Volatility Ideas,저변동성 아이디어를 위해 대형주 너머를 살펴보세요
2018-10-12,0,0,,Why Lower Rates On Treasury Bonds Won't Be Good For Stocks,국채 금리 인하가 주식에 좋지 않은 이유
2019-07-18,0,0,,"Alliance Data Systems EPS misses by $0.12, misses on revenue","Alliance Data Systems EPS는 0.12달러 손실, 수익 손실"
2016-10-14,0,0,,S&P 500 ETFs Fall For A Second Week; Gold's Appeal Continues To Fade,S&P 500 ETF가 두 번째 주 하락세를 보이고 있습니다. 골드의 매력은 계속해서 사라지고 있습니다
2015-08-06,0,0,,Contractions In Money Flows And Market Liquidity - Part 6,자금 흐름과 시장 유동성의 수축 - 6부
2016-11-01,0,0,,"Adeptus Health misses by $0.50, misses on revenue","Adeptus Health는 0.50달러 손실, 수익 손실"
2015-05-13,0,0,,AES (AES) falls on share offering,AES(AES)는 주식 공모에 해당합니다.
2019-05-13,0,0,,Achillion (ACHN) Reports Wider-Than-Expected Loss in Q1,"Achillion (ACHN), 1분기에 예상보다 큰 손실 보고"
2018-07-02,0,0,,Assessing The Impact Of Safe-Haven Treasury Flows,안전한 피난처 재무부 흐름의 영향 평가
2015-09-25,0,0,,Government Downgrades Galore,정부의 다운그레이드가 풍부함
2014-03-26,0,0,,Why Barrick Gold (ABX) Could Be Positioned for a Slump - Tale of the Tape,Barrick Gold(ABX)가 부진할 수 있는 이유 - 테이프 이야기
2016-03-14,0,0,,Gold ETF Slumps As Major Indexes Finish Mixed; IBB In Sell Range,주요 지수가 혼조세를 보이면서 금 ETF는 하락세를 보이고 있습니다. IBB 판매 범위 내
2015-10-14,0,0,,Barrick Announces Early Tender Date Results of Debt Tender Offer and Amendment to Maximum ...,"Barrick, 부채 입찰 제안의 조기 입찰 날짜 결과 및 최대 금액 수정안 발표"
2019-09-05,0,0,,mREITs Are Underperforming As Interest Rates Decline. Why?,mREIT는 금리 하락으로 실적이 저조합니다. 왜?
2018-11-09,0,0,,"Adamis Pharmaceuticals (ADMP) Reports Q3 Loss, Lags Revenue Estimates","Adamis Pharmaceuticals(ADMP), 3분기 손실 보고, 수익 추정치 지연"
2016-04-05,0,0,,Acadia Realty lower after secondary offering,Acadia Realty는 2차 공모 후 하락합니다.
2010-04-01,0,0,,Mosaic Misses; Fertilizer Woes Ahead?,모자이크 미스; 비료 문제가 앞으로 있을 것인가?
2018-06-01,0,0,,"US Pushes Ahead With Steel Tariffs, Reignites Trade War Fears","미국, 철강 관세 추진, 무역 전쟁 공포 재점화"
2019-12-12,0,0,,American Eagle (AEO) Slumps 7% Despite In-Line Earnings in Q3,"아메리칸 이글(AEO), 3분기 인라인 수익에도 불구하고 7% 하락"
2019-08-08,0,0,,"Adamis Pharmaceuticals EPS misses by $0.03, misses on revenue","Adamis Pharmaceuticals EPS는 0.03달러 손실, 수익 손실"
2015-03-27,0,0,,American Eagle Outfitters dropped to Sell by Goldman Sachs,"American Eagle Outfitters, Goldman Sachs 매각 중단"
2016-10-18,0,0,,Acadia divests 22 behavioral health facilities in UK for a loss; shares down 7% after hours,Acadia는 손실로 인해 영국 내 22개 행동 건강 시설을 매각했습니다. 영업시간 이후 주가 7% 하락
2018-06-01,0,0,,Don't Fall For This BDC Lie,이 BDC 거짓말에 속지 마세요
2018-07-26,0,0,,Barrick Gold Sales Fall —–%,Barrick Gold 판매 감소 —–%
2013-02-14,0,0,,5 Stocks Seeing Bullish Options Flow,강세 옵션 흐름을 보이는 5개 주식
2016-01-26,0,0,,The Lows Appear To Be In... What's Next?,최저점에 도달한 것으로 보입니다... 다음은 무엇입니까?
2017-04-20,0,0,,The Vetr community has downgraded $AEO to 4-Stars,Vetr 커뮤니티는 $AEO를 4성으로 다운그레이드했습니다.
2018-06-15,0,0,,"Tariff Tensions: Homebuilders Dive, REITs Hold Steady","관세 긴장: 주택 건설업체 급락, REITs 안정 유지"
2018-08-08,0,0,,"ADT misses by $0.18, revenue in-line","ADT가 0.18달러 손실, 수익 인라인"
2019-11-06,0,0,,Intercept (ICPT) Earnings and Sales Miss Estimates in Q3,3분기 인터셉트(ICPT) 수익 및 판매 예상치 미달
2015-04-22,0,0,,Dow Jones Still Lower In Gold Terms,다우존스는 여전히 금값 하락세를 보이고 있습니다.
2018-11-08,0,0,,"ADMA Biologics misses by $0.03, misses on revenue","ADMA Biologics는 0.03달러 손실, 수익 손실"
2014-05-05,0,0,,eHealth Slumps: EHTH Falls 12.2% in Session - Tale of the Tape,eHealth 폭락: EHTH가 세션에서 12.2% 하락 - 테이프 이야기
2018-05-03,0,0,,"AIG Q1 Earnings Miss Estimates & Fall Y/Y, Shares Decline","AIG 1분기 수익 추정치 및 Y/Y 하락, 주가 하락"
2017-08-31,0,0,,Why Briggs & Stratton (BGG) Could Be Positioned for a Slump,Briggs & Stratton(BGG)이 부진에 처할 수 있는 이유
2018-08-16,0,0,,Industrial Output Slows Down in July: 4 Solid ETFs & Stocks,7월 산업 생산 둔화: 4가지 견고한 ETF 및 주식
2019-05-01,0,0,,Cognex Hammered On Ongoing Weakness In Core Markets,Cognex는 핵심 시장의 지속적인 약점을 악용했습니다.
2016-05-23,0,0,,Second downgrade in a week for Aflac,Aflac의 경우 일주일 만에 두 번째 다운그레이드
2020-02-05,0,0,,ADP Posts Blowout +291K New Jobs for January,"ADP, 1월 신규 채용 291K 증가 발표"
2013-07-03,0,0,,Insider Buys Reported in Ares as Price and P/B Ratio Hit Lows,가격 및 P/B 비율이 최저치를 기록하면서 Ares에서 보고된 내부자 구매
2015-03-03,0,0,,Stocks In Red Ahead Of Close; Alibaba At Post-IPO Low,"주식이 마감되기 전에 빨간색으로 표시됩니다. 알리바바, IPO 후 최저점"
2014-02-21,0,0,,Why Markets Like The Current One Can Breed Bad Ideas,현재 시장과 같은 시장이 나쁜 아이디어를 낳을 수 있는 이유
2018-04-16,0,0,,Barrick Gold Reports Low Gold Production For The First-Quarter 2018,"Barrick Gold, 2018년 1분기 금 생산량 감소 보고"
2015-01-08,0,0,,Barrick Gold downgraded at RBC following recent bump,Barrick Gold는 최근 상승 이후 RBC에서 다운그레이드되었습니다.
2018-08-02,0,0,,Cordier To TD Ameritrade: Gold And Silver 'Quite Close' To A Low,TD Ameritrade의 Cordier: 금과 은이 최저치에 '아주 가깝다'
2018-03-01,0,0,,"No Trump announcement on tariffs today, CNBC reports",CNBC는 오늘 트럼프 대통령의 관세 발표가 없다고 보도했다.
2015-08-05,0,0,,"Barrick Gold cuts dividend, eyes asset sales as debt reduction target nears",Barrick Gold는 배당금을 삭감하고 부채 감소 목표가 가까워짐에 따라 자산 매각을 주시합니다.
2010-05-07,0,0,,AES Lowers Guidance,AES는 지침을 낮춥니다.
2019-09-13,0,0,,Investors re-think rate cut odds,투자자들은 금리 인하 확률을 다시 생각합니다
2018-10-18,0,0,,Retail stocks slump amid broad market sell-off,광범위한 시장 매도 속에 소매주 급락
2018-11-08,0,0,,"Achaogen misses by $0.03, misses on revenue","Achaogen은 0.03달러 손실, 수익 손실"
2016-11-08,0,0,,"Stock Futures Down, But Well Off Lows, As Trump Wins White House",트럼프가 백악관에서 승리함에 따라 주식 선물은 하락했지만 최저 수준을 벗어났습니다.
2018-01-13,0,0,,U.S. Fund-Flows Weekly Report: Equity Funds And Taxable Bond Funds Drive Weekly Net Inflows,미국 자금 흐름 주간 보고서: 주식형 펀드와 과세 대상 채권 펀드가 주간 순 유입을 주도합니다
2016-05-17,0,0,,Aegerion Pharmaceuticals (AEGR) Drop Sharply on Q1 Loss,Aegerion Pharmaceuticals(AEGR)는 1분기 손실로 급락했습니다.
2011-11-09,0,0,,U.S. Stocks Worsen; Spreadtrum To Report After Close,미국 주식 악화; Spreadtrum이 마감 후 보고할 예정
2018-07-02,0,0,,Soybean futures fall to lowest in nearly a decade,"대두 선물, 거의 10년 만에 최저치로 하락"
2015-04-23,0,0,,"Chip stocks slump after TI, Xilinx, Qualcomm offer soft guidance","TI, Xilinx, Qualcomm이 소프트 가이던스를 제공한 후 칩 주가 급락"
2019-02-26,0,0,,US Markets Lower on Tuesday,"미국 시장, 화요일 하락세"
2012-12-19,0,0,,"Advanced Emissions Solutions Inc (ADES) CTO Sharon Sjostrom sells 1,000 Shares","ADES(Advanced Emissions Solutions Inc) CTO Sharon Sjostrom이 1,000주 매각"
2012-08-10,0,0,,"Acacia Research Corp. (ACTG) Executive Chairman Robert L Ii Harris sells 12,500 Shares","Acacia Research Corp.(ACTG) 회장 Robert L Ii Harris가 12,500주를 매각합니다."
2015-04-28,0,0,,"Aetna beats by $0.44, misses on revenue",Aetna는 $0.44 앞섰고 수익은 감소했습니다.
2018-03-15,0,0,,Timing Economic Expansion: 3 Stocks for Good Times & Bad,경제 확장 시기: 좋을 때와 나쁠 때의 3가지 주식
2018-07-02,0,0,,Global Stocks In The Red; EU Threatens Retaliation Over Tariffs (Wall Street Breakfast Podcast),"적자에 있는 글로벌 주식; EU, 관세에 대한 보복 위협(월스트리트 조식 팟캐스트)"
2014-05-09,0,0,,Falling Earnings Estimates Signal Weakness Ahead for ABB Ltd. (ABB) - Tale of the Tape,실적 하락으로 ABB Ltd.(ABB)의 신호 약화 예상 - 테이프 이야기
2018-12-05,0,0,,The Chemist's Closed-End Fund Report - November 2018: Discounts Blow Out As The Stock Market Corrects,The Chemist의 폐쇄형 펀드 보고서 - 2018년 11월: 주식 시장이 조정되면서 할인 폭이 커졌습니다.
2018-08-14,0,0,,Canada moves toward new steel tariffs amid dumping fears,"캐나다, 덤핑 우려 속에 새로운 철강 관세 추진"
2015-05-21,0,0,,UBS and JMP Securities Downgrade Achillion Pharmaceuticals Inc. ...,"UBS와 JMP 증권, Achillion Pharmaceuticals Inc.를 강등..."
2014-02-18,0,0,,Agilent Technologies (A) in Focus: Stock Drops 8.0% - Tale of the Tape,Agilent Technologies(A) 집중: 주가 8.0% 하락 - 테이프 이야기
2014-07-30,0,0,,Weakness Seen in Alliance Fiber Optic Products (AFOP): Stock Plunges 20.6% - Tale of the Tape,AFOP(Alliance Fiber Optic Products)의 약점: 주가 20.6% 급락 - 테이프 이야기
2013-12-24,0,0,,"Stock Futures Slightly Positive; Vipshop, SouFun Under Pressure","주식 선물 약간 긍정적; Vipshop, SouFun의 압박감"
2015-04-08,0,0,,Aixtron drops on Berenberg downgrade; Veeco also off,Aixtron은 Berenberg 다운그레이드로 인해 삭제됩니다. Veeco도 꺼짐
2017-08-17,0,0,,Briggs & Stratton (BGG) Misses on Q4 Earnings & Revenues,"Briggs & Stratton(BGG), 4분기 실적 및 수익 누락"
2018-07-13,0,0,,Silver Sits Not Far Off The 2018 Low,은은 2018년 저점과 멀지 않은 곳에 있습니다
2015-12-23,0,0,,"U.S. Steel, AK Steel lower as steel import tariffs disappoint","미국 철강, AK 철강, 철강 수입 관세 실망으로 하락"
2014-01-30,0,0,,Streamline Health Solutions (STRM) Crumbles: Stock Falls by 6.4% - Tale of the Tape,Streamline Health Solutions(STRM) 붕괴: 주가 6.4% 하락 - 테이프 이야기
2016-06-08,0,0,,The Vetr community has downgraded $AGIO to 3-Stars,Vetr 커뮤니티는 $AGIO를 3성으로 다운그레이드했습니다.
2016-12-20,0,0,,"Annaly Capital -0.7%, Arlington Asset -3.1% after downgrades","다운그레이드 후 Annaly Capital -0.7%, Arlington Asset -3.1%"
2015-06-12,0,0,,"Agios/Celgene Leukemia Drug Scores, But Stocks Fall","Agios/Celgene 백혈병 약물 점수, 그러나 주식 하락"
2017-01-24,0,0,,"AK Steel reverses sharply, -3.5% as shipments continue to fall","AK스틸, 출하량이 계속 감소하면서 -3.5% 급반전"
2014-06-23,0,0,,Asanko Gold (AKG) in Focus: Stock Tumbles 9.7% - Tale of the Tape,집중 중인 Asanko Gold(AKG): 주가 9.7% 폭락 - 테이프 이야기
2019-03-29,0,0,,"Corn futures plunge following USDA reports; wheat, soybeans slip","USDA 보고 이후 옥수수 선물 급락; 밀, 콩 미끄러짐"
2014-09-21,0,0,,"Guru Stocks at 52-Week Lows: BHP, GSK, EC, VALE, ABB","Guru 주식 52주 최저치: BHP, GSK, EC, VALE, ABB"
2015-08-04,0,0,,Contractions In Money Flows And Market Liquidity - Part 4,자금 흐름과 시장 유동성의 수축 - 4부
2017-01-06,0,0,,Gold miners open lower as yellow metal retreats following jobs report,일자리 보고서 이후 황색 금속이 후퇴함에 따라 금 광부들은 하락세를 보였습니다.
2015-11-27,0,0,,10 Low PE Stocks for the Enterprising Investor,진취적인 투자자를 위한 10가지 낮은 PE 주식
2015-07-23,0,0,,Arctic Cat (ACAT) Falls: Stock Goes Down 5.1% - Tale of the Tape,Arctic Cat(ACAT) 하락: 주가 5.1% 하락 - Tale of the Tape
2016-01-22,0,0,,AK Steel: Ten-Year Low But Still Expensive,AK Steel: 10년 만에 최저 가격이지만 여전히 비싸다
2015-04-09,0,0,,Agios Pharmaceuticals Stock Is Headed Much Lower,Agios Pharmaceuticals 주식은 훨씬 하락세를 보이고 있습니다.
2016-12-06,0,0,,Can Muni Investors Overcome November's Losses?,Muni 투자자들은 11월의 손실을 극복할 수 있을까요?
2019-10-25,0,0,,Wall Street Breakfast: China Seeks Removal Of U.S. Tariffs In Return For Ag Buys,"월스트리트 아침: 중국, Ag 구매 대가로 미국 관세 철폐 모색"
2013-09-12,0,0,,Gold falls as Syrian tensions ease,시리아 긴장 완화로 금 하락
2020-05-12,0,0,,US Indexes End Lower Tuesday,미국 지수는 화요일 하락 마감
2015-01-12,0,0,,Stocks Close Sharply Lower; Medicals Move On Announcements,주식은 급격하게 하락 마감했습니다. 의료계 전진 공지사항
2018-02-20,0,0,,Barrick Gold: Accumulate On Any Weakness,배릭 골드: 어떤 약점이라도 축적
2018-10-23,0,0,,Big 5 Sporting Goods slides 3.7% after drop from SmallCap 600,Big 5 스포츠 용품은 SmallCap 600에서 하락한 후 3.7% 하락
2019-11-07,0,0,,14 Large-Cap Stocks With Low PEG Ratio To Review,검토할 PEG 비율이 낮은 14개 대형주
2015-05-04,0,0,,Applied Genetic Tech drops in concert with Spark in response to gene therapy study,유전자 치료 연구에 대한 반응으로 Spark와 함께 Applied Genetic Tech 출시
2017-02-28,0,0,,"Aegion beats by $0.09, misses on revenue",Aegion이 $0.09 앞섰고 수익은 감소했습니다.
2018-04-06,0,0,,ABB hopes for U.S. concessions for tariffs on Chinese special steel,"ABB, 중국 특수강 관세에 대한 미국의 양보 희망"
2017-11-21,0,0,,"Signet's (SIG) Q3 Earnings Meet, Stock Plunges on Bleak View","시그넷(SIG) 3분기 실적 회의, 주가 급락 암울한 전망"
2016-09-20,0,0,,Barrick Gold's Latest Veladero Spill Bad News For Argentinean Gold Mining,Barrick Gold의 최신 Veladero 유출로 아르헨티나 금 채굴에 대한 나쁜 소식
2019-11-27,0,0,,Analog Devices (ADI) Q4 Earnings & Revenues Miss Estimates,Analog Devices(ADI) 4분기 수익 및 수익 예상치 미스
2015-01-13,0,0,,Live Long And Prosper: The Beauty Of Low-Cost Production,장수와 번영: 저비용 생산의 아름다움
2018-08-06,0,0,,"Advanced Emissions Solutions beats by $0.27, misses on revenue",Advanced Emissions Solutions는 0.27달러를 앞지르고 매출 손실을 입었습니다.
2016-09-13,0,0,,Stocks Tumble As Energy Sector Leads Broad Losses,에너지 부문이 광범위한 손실을 가져오면서 주가가 하락했습니다.
2015-10-22,0,0,,"Arctic Cat misses by $0.15, misses on revenue","Arctic Cat은 0.15달러 손실, 수익 손실"
2018-12-11,0,0,,AK Steel: Perfect Storm Pushes Shares To New Lows,AK Steel: 퍼펙트 스톰(Perfect Storm)으로 주가가 최저치로 떨어졌습니다.
2019-05-29,0,0,,Advanced Emissions Solutions Is Exactly What The Name Says,고급 배기가스 배출 솔루션은 이름 그대로입니다.
2017-04-05,0,0,,American Eagle (AEO) Drops to 52-Week Low: Can it Rebound?,아메리칸 이글(AEO)이 52주 최저치로 하락: 반등할 수 있을까요?
2019-01-30,0,0,,"American Financial misses by $0.18, revenue in-line",American Financial은 0.18달러 손실을 입었고 수익은 그대로 유지되었습니다.
2011-08-03,0,0,,13 Stocks the Debt Deal Could Hurt: Magic Formula,부채 거래가 해를 끼칠 수 있는 13가지 주식: 마법의 공식
2018-08-07,0,0,,"Regal Beloit (RBC) Q2 Earnings Miss Estimates, Sales Up Y/Y","Regal Beloit (RBC) 2분기 수익 예상치 미달, Y/Y 매출 증가"
2019-06-11,0,0,,U.S. Imports From China Plunge As Other Emerging Markets Fill The Gap,다른 신흥 시장이 격차를 메우면서 중국으로부터의 미국 수입이 급락했습니다.
2017-02-01,0,0,,Aflac lower by 3% after earnings miss,Aflac은 실적 부진 후 3% 하락
2014-03-10,0,0,,JAVELIN Mortgage Slumps: JMI Falls 5.1% in Session - Tale of the Tape,JAVELIN 모기지 폭락: JMI가 세션에서 5.1% 하락 - 테이프 이야기
2014-02-10,0,0,,"IPOs and Follow-on Offers Dominate Small Cap Biotech News: OMER, ARGS, RVNC & TNIB","IPO 및 후속 제안이 소형주를 지배합니다. 생명공학 뉴스: OMER, ARGS, RVNC & TNIB"
2012-07-11,0,0,,Drought Cuts Corn Crop Size,가뭄으로 옥수수 작물 크기 감소
2017-01-22,0,0,,Advanced Emissions Solutions: A Strong Energy Play On Offer,첨단 배기가스 배출 솔루션: 강력한 에너지 활용 제안
2018-07-30,0,0,,"Acadia Healthcare EPS in-line, misses on revenue","Acadia Healthcare EPS 인라인, 수익 손실"
2014-06-25,0,0,,Neonode (NEON) Crumbles: Stock Falls by 5.8% - Tale of the Tape,네오노드(NEON) 붕괴: 주가 5.8% 하락 - 테이프 이야기
2016-11-16,0,0,,AngloGold Ashanti: Free Cash Flow Machine?,AngloGold Ashanti: 무료 현금 흐름 기계?
2013-05-29,0,0,,Gold Mining Hedges: Bad For Gold Investors?,금 채굴 헤지스: 금 투자자에게 나쁜가요?
2017-03-11,0,0,,'You Are Here' (And That's Bad),'당신은 여기 있습니다'(그리고 그것은 나쁘다)
2015-12-22,0,0,,Alternative Reinsurance Capital To Pressure Casualty: Morgan Stanley,사상자를 압박하기 위한 대체 재보험 자본: Morgan Stanley
2019-05-03,0,0,,"Unisys' (UIS) Q1 Earnings Miss, Revenues Beat Estimates","Unisys(UIS) 1분기 실적은 부진, 매출은 추정치를 상회"
2015-07-17,0,0,,Barrick Gold hits 24-year low as metal price tumbles,"Barrick Gold, 금속 가격 하락으로 24년 최저치 기록"
2013-10-25,0,0,,Top-Performing Stock ETFs Follow Separate Paths,최고 성과를 내는 주식 ETF는 별도의 경로를 따릅니다.
2016-06-06,0,0,,Gabelli Research Says Gilead's HCV Sales To Crash Badly And Soon: Analysis,Gabelli Research는 Gilead의 HCV 판매가 심각하게 그리고 곧 붕괴될 것이라고 말합니다: 분석
2016-07-31,0,0,,Late July S&P Aristocrats Follow Dow Dogs To Overboughtville,7월 말 S&P 귀족들은 Dow Dogs를 따라 Overboughtville에 도달했습니다.
2016-04-19,0,0,,Apple Suppliers Downgraded On 'Modestly Lower' iPhone Demand,Apple 공급업체는 '보통 낮은' iPhone 수요로 등급이 하향 조정되었습니다.
2018-02-16,0,0,,"Acorda (ACOR) Q4 Earnings Miss Estimates, Revenues Beat","Acorda (ACOR) 4분기 수익 추정치 미달, 수익 상회"
2020-03-03,0,0,,AAN LOSSES ALERT: Bernstein Liebhard is Investigating Aarons Inc. ...,AAN 손실 경고: Bernstein Liebhard가 Aarons Inc.를 조사하고 있습니다.
2016-05-16,0,0,,"Low PS for Caterpillar, L-', Advanced Auto Parts","Caterpillar, L-', 첨단 자동차 부품용 낮은 PS"
2018-10-27,0,0,,ACADIA HEALTHCARE SHAREHOLDER ALERT: CLAIMSFILER Reminds Investors with Losses in Excess of ...,ACADIA HEALTHCARE 주주 알림: CLAIMSFILER는 투자자들에게 다음과 같은 손실이 있음을 상기시킵니다.
2015-04-30,0,0,,"Applied Industrial Technologies misses by $0.06, misses on revenue","Applied Industrial Technologies는 0.06달러 손실, 수익 손실"
2014-02-20,0,0,,Meadowbrook Insurance Group (MIG) Crumbles: Stock Falls by 6.1% - Tale of the Tape,Meadowbrook Insurance Group(MIG) 붕괴: 주가 6.1% 하락 - 테이프 이야기
2011-01-25,0,0,,U.S. Steel Misses Expectations,US Steel은 기대치를 충족하지 못했습니다.
2014-07-18,0,0,,Falling Earnings Estimates Signal Weakness Ahead for FXCM (FXCM) - Tale of the Tape,하락하는 수익은 FXCM(FXCM)에 대한 신호 약점을 추정합니다 - 테이프 이야기
2018-05-07,0,0,,"Agios (AGIO) Q1 Loss Wider than Expected, Revenues Miss",아기오스(AGIO) 1분기 손실 예상보다 커져 매출 부진
2017-12-29,0,0,,Adtran -14% after warning on Q4 earnings,Adtran -4분기 실적 경고 후 -14%
2016-01-08,0,0,,Acasti Pharma (ACST) Drops on Neptune Deal,"Acasti Pharma(ACST), Neptune 거래에 참여"
2017-02-02,0,0,,"Aceto misses by $0.08, misses on revenue","Aceto는 0.08달러 손실, 수익 손실"
2017-05-30,0,0,,"Modest Losses For Indexes; Amazon Takes Out 1,000; Alphabet Next?","지수에 대한 적당한 손실; 아마존은 1,000개를 빼냅니다. 알파벳 다음은?"
2019-05-17,0,0,,Agile Therapeutics Resubmits New Drug Application (NDA) for its Transdermal Low-Dose ...,"Agile Therapeutics, 경피 저선량 치료제에 대한 신약 신청서(NDA)를 다시 제출"
2017-02-28,0,0,,Tenet Healthcare (THC) Q4 Earnings & Revenues Miss Estimates,Tenet Healthcare (THC) 4분기 수익 및 수익 예상치 미스
2011-02-09,0,0,,Cash Flow vs. Income: Why It Matters to Investors,현금 흐름과 소득: 투자자에게 중요한 이유
2019-07-29,0,0,,Looking At Signs That The Market Is Stalling Out. Sell Before Powell's Interest Rate Cut News,시장이 정체되고 있다는 징후를 살펴봅니다. 파월 금리 인하 전 매도 뉴스
2020-04-15,0,0,,US Indexes Close Lower Wednesday,미국 지수는 수요일 하락 마감
2020-01-21,0,0,,Alliance Data Included In —…—… Bloomberg Gender-Equality Index For Second Consecutive Year,얼라이언스 데이터 포함 —…—… 2년 연속 블룸버그 성평등 지수
2019-05-28,0,0,,Drop in hot-rolled coil steel price sinks AK Steel shares,열연코일강 가격 하락으로 AK스틸 주가 하락
2019-03-14,0,0,,6 Large-Cap Stocks With Low Price-Sales Ratios,주가매출비율이 낮은 대형주 6종
2016-10-27,0,0,,"ABB beats by $0.02, misses on revenue",ABB는 0.02달러 앞섰고 수익은 감소했습니다
2016-02-04,0,0,,"Aceto beats by $0.06, misses on revenue",Aceto는 $0.06 앞섰고 수익은 감소했습니다.
2015-05-18,0,0,,"Grain Markets Settle, Allowing Farmland Values To Improve",곡물 시장이 안정되어 농지 가치가 향상됩니다.
2019-08-22,0,0,,Financials claw back some from yesterday's decline,금융은 어제의 하락세를 일부 만회했습니다.
2015-12-01,0,0,,UNH CEO: Early ObamaCare Entry A 'Bad Decision',UNH CEO: 조기 ObamaCare 가입은 '나쁜 결정'
2019-08-16,0,0,,Old Mission Capital Llc Buys iShares Core U.S. ...,"Old Mission Capital Llc, 미국 iShares Core 인수"
2016-11-15,0,0,,Alcobra misses by $0.02,Alcobra는 $0.02만큼 실패했습니다.
2014-12-22,0,0,,Energy Sector Seen as Biggest Risk to Deal Flow in 2015,2015년 거래 흐름에 가장 큰 위험으로 간주되는 에너지 부문
2017-07-07,0,0,,BMO Capital Markets Downgrades Barrick Gold,"BMO Capital Markets, Barrick Gold 등급 하향 조정"
2015-04-29,0,0,,"ACCO Brands beats by $0.02, misses on revenue",ACCO Brands가 0.02달러 앞섰고 수익은 감소했습니다.
2018-08-02,0,0,,"AllianceBernstein: As AUM Falls, A Key Market Is Neglected",AllianceBernstein: AUM이 하락함에 따라 주요 시장이 무시됩니다
2014-04-02,0,0,,Four Top World Stocks Offer Follow-On Buy Points,세계 4대 주식은 후속 매수 포인트를 제공합니다
2015-10-22,0,0,,"Adeptus Health beats by $0.07, misses on revenue",Adeptus Health가 0.07달러 앞섰고 수익이 감소했습니다.
2013-10-10,0,0,,"As Wildfire Losses Rage, Home Insurers Feel The Heat",산불로 인한 손실이 격해지면서 주택 보험사들은 열기를 느끼고 있습니다.
2016-05-18,0,0,,Fed Fallout: Bank ETFs Spike As A June Rate Hike Is Back On The Table,연준의 낙진: 6월 금리 인상이 다시 시작되면서 은행 ETF가 급등했습니다.
2016-11-29,0,0,,"U.S. Steel downgraded at Argus, which says shares look overbought","US Steel은 Argus에서 등급을 하향 조정했는데, 이는 주식이 과매수된 것으로 보인다고 말합니다."
2019-07-24,0,0,,"Decline Of Stock Price As An Asset With Allan Rewak, Emerald Health Therapeutics","Allan Rewak, Emerald Health Therapeutics의 자산으로서의 주가 하락"
2014-12-22,0,0,,Weakness Seen in AAR Corp (AIR): Stock Falls 6.5% - Tale of the Tape,AAR Corp(AIR)에 나타난 약점: 주가 6.5% 하락 - 테이프 이야기
2016-05-22,0,0,,The Vetr community has downgraded $ADI to 4-Stars,Vetr 커뮤니티는 $ADI를 4성으로 다운그레이드했습니다.
2014-10-16,0,0,,KeyCorp (KEY) in Focus: Stock Falls 5.8% - Tale of the Tape,KeyCorp(KEY)의 초점: 주가 5.8% 하락 - 테이프 이야기
2020-04-01,0,0,,Advanced Emissions Solutions Announces CEO Transition,"Advanced Emissions Solutions, CEO 전환 발표"
2019-10-27,0,0,,The European Union - Going From Bad To Worse,유럽연합(EU) – 점점 더 나빠지고 있다
2019-12-07,0,0,,Silver Sat At $17 And Then Fell To A Lower Low,은은 17달러에 머물렀다가 더 낮은 저점으로 떨어졌습니다.
2018-01-30,0,0,,Can Low 777 Demand Hit Spirit AeroSystems' (SPR) Q4 Earnings?,낮은 777 수요가 Spirit AeroSystems(SPR)의 4분기 수익에 타격을 줄 수 있습니까?
2018-08-02,0,0,,"AcelRx Pharmaceuticals EPS in-line, misses on revenue","AcelRx Pharmaceuticals EPS 인라인, 수익 손실"
2019-10-21,0,0,,Alcoa cut at Gabelli as aluminum may be challenged by increased China scrap,중국 스크랩 증가로 인해 알루미늄이 어려움을 겪을 수 있으므로 Gabelli에서 Alcoa 절단
2015-03-04,0,0,,Today's Market: Interest Rate Cuts And News Moving These Stocks,오늘의 시장: 금리 인하 및 주식 이동 소식
2016-01-07,0,0,,Baird downgrades handful of REITs,Baird는 소수의 REIT를 다운그레이드했습니다.
2016-04-13,0,0,,"Gilead, Fossil Among Stocks Trading Below Lynch Earnings Line","길리어드, 린치 수익선 아래에서 거래되는 주식 중 화석"
2017-01-04,0,0,,The Advisory Board Company (ABCO) Dips on Cutting Jobs,자문 위원회 회사(ABCO)가 일자리를 삭감했습니다.
2014-09-12,0,0,,What Falling Estimates & Price Mean for ImageWare Systems (IWSY) - Tale of the Tape,ImageWare Systems(IWSY)의 추정치 하락 및 가격의 의미 - 테이프 이야기
2018-11-06,0,0,,"AES beats by $0.05, misses on revenue",AES가 0.05달러 앞섰고 수익이 감소했습니다.
2018-05-15,0,0,,"Aerocentury misses by $0.01, misses on revenue","Aerocentury는 $0.01 손실, 수익 손실"
2015-12-01,0,0,,FfD3 Hopes Meet EM Slowdown In Africa,FfD3는 아프리카에서 EM 둔화를 만나기를 희망합니다.
2015-02-19,0,0,,"Under activist pressure, Associated Estates names new board member","활동가의 압력으로 Associated Estates, 새 이사회 구성원 지명"
2018-10-25,0,0,,Aaron's (AAN) Q3 Earnings Miss Estimates,Aaron's (AAN) 3분기 실적 추정치 미스
2020-04-21,0,0,,"BancorpSouth (BXS) Q1 Earnings Top Estimates, Revenues Miss","BancorpSouth (BXS) 1분기 실적 최고 추정치, 수익 미달"
2017-04-20,0,0,,The Vetr community has downgraded $AET to 2.5-Stars,Vetr 커뮤니티는 $AET를 2.5성으로 다운그레이드했습니다.
2017-03-14,0,0,,"Achaogen misses by $0.55, misses on revenue","Achaogen은 $0.55 손실, 수익 손실"
2017-01-04,0,0,,Gold ETF Continues To Rally Off Its December Low: Is A Bottom In?,Gold ETF는 12월 저점을 계속해서 반등하고 있습니다: 바닥인가?
2019-10-04,0,0,,Weekly Review: Municipal Bond CEFs - Second Consecutive Positive Week For The Sector,주간 검토: 지방채 CEF - 해당 부문에서 두 번째 연속 긍정적인 주
2016-09-07,0,0,,Adeptus chief Hall to retire; shares slump 17%,Adeptus 수석 홀은 은퇴합니다. 주가 17% 폭락
2019-02-26,0,0,,"AllianceBernstein Executing Well, But Operating Conditions Are Increasingly Challenging",AllianceBernstein은 잘 운영되고 있지만 운영 조건은 점점 더 어려워지고 있습니다.
2019-08-07,0,0,,"First Majestic Silver EPS in-line, misses on revenue","First Majestic Silver EPS 인라인, 수익 손실"
2014-12-09,0,0,,Weakness Seen in ADT Corporation (ADT): Stock Falls 6.6% - Tale of the Tape,ADT Corporation(ADT)에 나타난 약점: 주가 6.6% 하락 - 테이프 이야기
2015-06-12,0,0,,Mom And Pop Investors Must Heed Bond Warnings,엄마와 팝 투자자들은 채권 경고에 유의해야 합니다
2014-12-16,0,0,,bluebird bio (BLUE) Crumbles: Stock Falls by 5.6% - Tale of the Tape,블루버드 바이오(BLUE) 크럼블: 주가 5.6% 하락 - Tale of the Tape
2019-08-14,0,0,,Direxion Daily Semiconductor 3x Bear Shares ETF: Trump's New Tariff And The Unstoppable Future,Direxion Daily Semiconductor 3x Bear Shares ETF: 트럼프의 새로운 관세와 멈출 수 없는 미래
2019-07-16,0,0,,Seeking Income In Emerging Market Debt,신흥 시장 부채에서 소득 추구
2016-03-04,0,0,,ABB lowered at Nomura,노무라에서 ABB 인하
2015-05-14,0,0,,Buy Agrium Despite of Recent Miss,최근 미스에도 불구하고 Agrium 구매
2019-01-10,0,0,,Retail declines extend from malls to online,소매업 감소는 쇼핑몰에서 온라인까지 확대
2015-08-13,0,0,,"Advance Auto Parts beats by $0.02, misses on revenue","Advance Auto Parts가 0.02달러 앞섰고, 수익 손실"
2019-02-21,0,0,,"Air Lease beats by $0.41, misses on revenue",Air Lease는 0.41달러를 앞지르고 수익은 감소했습니다.
2018-02-21,0,0,,Rent-A-Center (RCII) Incurs Wider-Than-Expected Q4 Loss,RCII(Rent-A-Center)로 인해 예상보다 큰 4분기 손실 발생
2014-07-16,0,0,,Weakness Seen in Independence Realty Trust (IRT): Stock Falls by 6% - Tale of the Tape,독립부동산신탁(IRT)의 약점: 주가 6% 하락 - 테이프 이야기
2019-02-14,0,0,,Ameren (AEE) Misses on Q4 Earnings Estimates,"Ameren (AEE), 4분기 수익 추정치 누락"
2019-12-14,0,0,,Silver Makes A Lower Low - On Sale For 2020,은의 저점 하락 - 2020년 판매 예정
2017-12-20,0,0,,TherapeuticsMD Falls Despite Acceptance of NDA: Here's Why,NDA 승인에도 불구하고 TherapeuticsMD가 하락한 이유는 다음과 같습니다.
2016-11-13,0,0,,Resource Sector Digest: Gold Falls $120/oz In Less Than 72 Hours... What's Next?,자원 부문 다이제스트: 금은 72시간 이내에 온스당 120달러 하락... 다음은 무엇입니까?
2019-03-27,0,0,,"Norsk Hydro, Brazil prosecutor reach deal for possible Alunorte full restart","Norsk Hydro, 브라질 검찰, Alunorte 완전 재가동 가능성에 대한 계약 체결"
2015-08-26,0,0,,What Falling Estimates & Price Mean for Carbylan Therapeutics (CBYL),Carbylan Therapeutics(CBYL)에 대한 추정치 하락 및 가격의 의미
2013-06-26,0,0,,3 Stocks of David Einhorn Trading at Their 52-Week Low Price,David Einhorn의 3개 주식이 52주 최저 가격으로 거래되고 있습니다.
2019-09-16,0,0,,"ADT to Revise Debt Profile, Prices $600M Notes Offering","ADT, 부채 프로필 수정, 가격 6억 달러 채권 제공"
2018-01-18,0,0,,Generic firms under pressure on possible hospital drug-making venture,병원 의약품 제조 벤처에 대한 압박을 받고 있는 제네릭 회사들
2018-05-02,0,0,,"Aspen Insurance Holdings beats by $0.07, misses on revenue",Aspen Insurance Holdings가 0.07달러 앞섰고 수익이 감소했습니다.
2018-01-18,0,0,,6.98% Yield Baby Bonds Trump The Bad Preferred Share,6.98% 수익률 베이비 채권 트럼프 배드 우선주
2019-03-19,0,0,,Aerocentury misses on revenue,Aerocentury 수익 손실
2016-03-04,0,0,,Forward Perspectives - Debt: A Cause For Caution (Video),미래 전망 - 부채: 주의해야 할 이유(비디오)
2018-10-01,0,0,,Barrick Executive Chairman increases shareholding in company to 5M shares,Barrick 회장은 회사 지분을 500만 주로 늘립니다.
2018-11-23,0,0,,ACADIA HEALTHCARE SHAREHOLDER ALERT: CLAIMSFILER REMINDS INVESTORS WITH LOSSES IN EXCESS OF ...,ACADIA HEALTHCARE 주주 알림: 클레임 파일러는 투자자들에게 다음과 같은 손실이 있음을 상기시킵니다.
2019-09-05,0,0,,Gold slammed with biggest daily dollar loss in three years,금은 3년 만에 최대 일일 달러 손실을 기록했습니다.
2020-04-21,0,0,,"Oil Drilled Below Zero, Equity Rally Stalls, Greenback Advances","0 이하로 석유 시추, 주식 랠리 정체, 달러 상승"
2019-10-18,0,0,,Low ROIC And Poor Corporate Governance Put Safehold At Risk,낮은 ROIC와 부실한 기업 지배구조로 인해 안전자산이 위험에 처해 있습니다.
2016-10-27,0,0,,Internet ETF Falls With Amazon Dropping 7% After The Closing Bell,아마존이 마감 벨 이후 7% 하락하면서 인터넷 ETF 하락
2018-05-29,0,0,,"Junk bond sales fall on fewer LBOs, more loans: Bloomberg","LBO 감소, 대출 증가로 정크 본드 판매 감소: Bloomberg"
2018-04-14,0,0,,Stocks That Fell to '-Year Lows in the Week of April –',4월 주 '-년 최저치'까지 하락한 주식 -
2014-02-05,0,0,,ADT - Does a Lower Stock Price Mean It's Safe to Invest?,ADT - 주가가 낮아지면 투자하는 것이 안전하다는 뜻입니까?
2019-04-29,0,0,,Philosopher David Hume Vs. The National Debt,철학자 David Hume 대. 국가 부채
2015-02-17,0,0,,Ironwood Pharmaceuticals (IRWD) Falls: Stock Goes Down 5.3% - Tale of the Tape,Ironwood Pharmaceuticals(IRWD) 하락: 주가 5.3% 하락 - 테이프 이야기
2016-01-25,0,0,,Barrick And Agnico: Ignore The Old Wisdom And Follow NYMEX And DXY Movements,Barrick과 Agnico: 오래된 지혜를 무시하고 NYMEX와 DXY 움직임을 따르세요
2019-11-06,0,0,,Weekly Review: Municipal Bond CEFs - Positive Impulse For The Sector After The Rate Cut,주간 검토: 지방채 CEF - 금리 인하 이후 해당 부문에 대한 긍정적인 자극
2018-09-28,0,0,,Aehr Test Systems down 5% post Q1 earnings miss,Aehr Test Systems는 1분기 실적 부진 이후 5% 하락했습니다.
2019-01-02,0,0,,WSJ: Tariff exclusions for certain steel imports sow confusion,WSJ: 특정 철강 수입품에 대한 관세 제외로 인해 혼란이 발생함
2018-02-22,0,0,,"Adamas Pharma misses by $0.09, misses on revenue","Adamas Pharma는 0.09달러 손실, 수익 손실"
2015-07-28,0,0,,Is Something Really Bad Going To Happen Soon? - Part II,정말 나쁜 일이 곧 일어날까요? - 2부
2018-11-26,0,0,,Lumber Recovers Marginally While WY Sits Near The Lows,목재는 소폭 회복되고 WY는 최저 수준에 가깝습니다.
2015-12-22,0,0,,"Avalanche Bio implements restructuring plan, 20% of workforce cut","Avalanche Bio, 구조조정 계획 시행, 인력 20% 감축"
2013-04-22,0,0,,Strong Execution Justifies Honeywell's Price,강력한 실행력은 하니웰의 가격을 정당화합니다
2017-12-22,0,0,,AAR Corp (AIR) Misses Earnings and Revenue Estimates in Q2,"AAR Corp(AIR), 2분기 수익 및 매출 추정치 누락"
2012-08-02,0,0,,"Facebook Inc. - Class A, Abercrombie & Fitch Among Stocks hitting 52-Week Lows Thursday","Facebook Inc. - 목요일 52주 최저치를 기록한 주식 중 클래스 A, Abercrombie & Fitch"
2014-05-30,0,0,,Weakness Seen in Renewable Energy (REGI): Stock Tumbles 8.6% - Tale of the Tape,재생에너지(REGI)의 약점: 주가는 8.6% 하락 - 테이프 이야기
2013-09-27,0,0,,Stocks Fall In Mixed Volume; MercadoLibre Breaks Out,주식은 혼합 거래량으로 하락합니다. MercadoLibre가 탈출하다
2015-09-10,0,0,,Conns Slumps on Y/Y Drop in Q2 Earnings; Provides Update,"Conns, 2분기 실적 Y/Y 하락세로 급락; 업데이트 제공"
2015-10-15,0,0,,HCA Holdings' Preliminary Results Point to Below Par Q3,HCA 홀딩스의 예비 결과는 3분기 기준 이하를 나타냅니다.
2015-09-24,0,0,,Coach's Shares Down Over 20% YTD: Is the Slump Justified?,코치 주가는 YTD 20% 이상 하락: 부진은 정당한가?
2018-08-21,0,0,,"Nordson (NDSN) Q3 Earnings Match Estimates, Decline Y/Y","Nordson (NDSN) 3분기 실적 일치 추정, Y/Y 감소"
2016-06-27,0,0,,"AGCO, PACCAR downgraded at J.P. Morgan, partly on European weakness","AGCO, PACCAR는 부분적으로 유럽의 약세로 인해 J.P. Morgan에서 등급이 하향 조정되었습니다."
2019-10-30,0,0,,"AK Steel misses Q3 numbers, cuts full-year earnings guidance","AK Steel, 3분기 실적 놓쳐 연간 실적 가이던스 하향"
2017-02-23,0,0,,"AAON misses by $0.04, misses on revenue","AAON은 0.04달러 손실, 수익 손실"
2017-08-21,0,0,,Falling Earnings Estimates Signal Weakness Ahead for Adamas (ADMS),하락하는 수익으로 Adamas(ADMS)에 대한 신호 약점 추정
2016-10-05,0,0,,More shots fired in ETF fee war - BlackRock cuts,ETF 수수료 전쟁에서 더 많은 총격전 발생 - BlackRock 인하
2015-08-19,0,0,,"Stock Futures Lower Ahead Of Fed; Target, Hormel, MI Homes Jump","연준을 앞두고 주식 선물 하락; Target, Hormel, MI 홈스 점프"
2018-02-26,0,0,,La Nina Could Stoke Inflationary Pressures,라니냐가 인플레이션 압력을 가할 수 있음
2019-07-30,0,0,,Cocoa Falls Into The Buy Zone,코코아가 매수 영역으로 떨어졌습니다.
2019-02-15,0,0,,"Schneider Slowing, But May Be Better Positioned For The Downturn Than The Street Thinks","슈나이더의 둔화, 그러나 거리가 생각하는 것보다 경기 침체에 더 나은 위치에 있을 수 있음"
2019-03-11,0,0,,ADT lower on light EBITDA guidance,가벼운 EBITDA 지침에서 ADT 하락
2018-02-11,0,0,,"Market Volatility Bulletin: Realized Vol Sucker Punches Stocks, Implied Vol More Hesitant To Follow Suit",시장 변동성 게시판: 거래량이 주식에 영향을 미치고 있음을 암시하고 거래량이 더 많아 이를 따르기를 주저함
2017-12-05,0,0,,Gold slides to four-month lows as sentiment stays bearish,금값은 하락세를 유지하면서 4개월 최저치로 하락
2015-02-09,0,0,,ABB to strengthen transmission grid in Kenya,"ABB, 케냐 송전망 강화"
2016-09-13,0,0,,Gold Warning - Pay Attention!,금색 경고 - 주의하세요!
2018-11-15,0,0,,"Berkshire Hathaway (BRK.B) Rejigs Portfolio, Drops Walmart","버크셔 해서웨이(BRK.B) 포트폴리오 조정, 월마트 하락"
2016-06-02,0,0,,"Potash output cuts hurting industry's long-term recovery, some analysts say",일부 분석가들은 칼륨 생산량 감소가 업계의 장기적인 회복을 저해한다고 말합니다.
2019-04-17,0,0,,"Alcoa misses by $0.10, misses on revenue","Alcoa는 0.10달러 손실, 수익 손실"
2018-08-08,0,0,,"ACADIA Q2 miss and softer guidance pressures shares, down 11% after hours","ACADIA Q2 미스 및 더 부드러운 지침 압력 점유율, 영업 시간 이후 11% 하락"
2018-07-17,0,0,,Banks Keep Dow in the Green While the Rest Stumble,은행은 나머지가 비틀거리는 동안 다우를 녹색으로 유지합니다
2016-11-14,0,0,,"Acura Pharmaceuticals beats by $0.08, misses on revenue",Acura Pharmaceuticals는 0.08달러 앞섰고 수익은 감소했습니다.
2017-07-28,0,0,,Southern Company (SO) to Post Q2 Earnings: Hit or Miss?,"Southern Company(SO), 2분기 실적 게시: 적중 또는 실패?"
2019-01-30,0,0,,AK Steel double downgraded at BofA Merrill after weak guidance,AK Steel은 약한 지침 이후 BofA Merrill에서 두 배로 강등되었습니다.
2019-02-19,0,0,,Missing Mother Of 2 Vanished Without A Trace 37 Days Ago From Acadia Healthcare Flagship Facility,"실종된 두 아이의 어머니, 37일 전 아카디아 헬스케어 주력 시설에서 흔적도 없이 사라졌습니다"
2020-03-21,0,0,,Bad Week Gets Worse as Morning Rally Falters,아침 랠리가 흔들리면서 나쁜 주간은 더욱 악화됩니다
2010-05-11,0,0,,Bad Day for Bond Insurers,채권보험사에게 나쁜 날
2015-08-27,0,0,,"Tiffany Misses on Q2 Earnings & Sales, Lowers Guidance","티파니, 2분기 실적 및 매출 부진, 가이던스 하향"
2015-05-21,0,0,,"Acxiom beats by $0.02, misses on revenue",Acxiom이 0.02달러 앞섰고 수익은 감소했습니다.
2018-02-09,0,0,,"Manitowoc (MTW) Reports Wider Q4 Loss, Revenues Top Estimates","Manitowoc(MTW), 4분기 손실 폭 확대, 수익 최고 추정치 보고"
2016-08-22,0,0,,Steel Tariffs: Are They Enough To Deter Imports?,철강 관세: 수입을 억제하기에 충분한가?
2015-04-28,0,0,,"AGCO beats by $0.14, misses on revenue",AGCO는 0.14달러 앞섰고 수익은 감소했습니다
2015-01-29,0,0,,"Advanced Emissions loses accountant, expects to be delisted from Nasdaq",Advanced Emissions는 회계사를 잃고 나스닥에서 상장폐지될 것으로 예상됩니다.
2017-08-22,0,0,,Grainger (GWW) Hits 52-Week Low: What's Dragging it Down?,Grainger (GWW)가 52주 최저치를 기록했습니다: 무엇이 하락세를 끌고 있습니까?
2019-08-13,0,0,,"Advance Auto Parts EPS misses by $0.21, misses on revenue","고급 자동차 부품 EPS는 0.21달러 손실, 수익 손실"
2018-08-02,0,0,,"ACI Worldwide (ACIW) Reports Q2 Loss, Tops Revenue Estimates","ACI Worldwide(ACIW), 2분기 손실 보고, 수익 추정치 최고 기록"
2014-07-09,0,0,,What Falling Estimates & Price Mean for NorthStar Realty Finance (NRF) - Tale of the Tape,NorthStar Realty Finance(NRF)에 대한 추정치 하락 및 가격의 의미 - 테이프 이야기
2017-11-08,0,0,,VelocityEHS Preparing Employers for OSHA's New ITA Submission Process Ahead of December – ...,VelocityEHS는 12월을 앞두고 OSHA의 새로운 ITA 제출 프로세스를 위해 고용주를 준비하고 있습니다.
2018-06-20,0,0,,Gold slides to fresh 2018 low amid dollar strength,금은 달러 강세 속에 2018년 최저치로 하락
2017-07-14,0,0,,Ericsson (ERIC) Q2 Earnings: Another Earnings Miss in Store?,Ericsson (ERIC) 2분기 실적: 매장에서 또 다른 실적이 누락되었나요?
2015-01-14,0,0,,"Notable tech decliners: P, CREE, WDAY, AMBA, PXLW, OLED, LC","주목할만한 기술 하락세자: P, CREE, WDAY, AMBA, PXLW, OLED, LC"
2019-03-22,0,0,,"The Good, The Bad, And The Ugly Of Stock Buybacks","자사주 매입의 좋은 점, 나쁜 점, 추악한 점"
2015-06-29,0,0,,Buy Lowe's - Cramer's Lightning Round (6/26/15),Lowe's 구매 - Cramer's Lightning Round(6/26/15)
2015-07-21,0,0,,"Premarket Biotech Digest: Sanofi And Cholesterol, Novartis Misses, Alzheimer's IPO","시판 전 생명공학 다이제스트: 사노피와 콜레스테롤, 노바티스 실패, 알츠하이머병 IPO"
2016-03-25,0,0,,Guru Picks Gone Bad: 2 Screens That Weeded Out The Worst,Guru가 선택한 Gone Bad: 최악의 상황을 제거한 2개의 스크린
2018-10-30,0,0,,"ACCO Brands misses by $0.01, misses on revenue","ACCO Brands는 0.01달러 손실, 수익 손실"
2018-04-20,0,0,,Can Catastrophe Loss Mar Chubb's (CB) Q1 Earnings Prospects?,재난 손실로 인해 Mar Chubb(CB)의 1분기 수익 전망이 달라질 수 있습니까?
2012-05-14,0,0,,"Stocks Down In Lower Trade; Genesco, Ancestry.com Slide","낮은 거래에서 주식 하락; Genesco, Ancestry.com 슬라이드"
2015-08-21,0,0,,"Gap (GPS) Q2 Earnings in Line, Sales Miss; View Reiterated","격차(GPS) 2분기 순익, 매출 미스; 반복 보기"
2018-04-17,0,0,,Why Every Investor Should Analyze Free Cash Flow,모든 투자자가 잉여현금흐름을 분석해야 하는 이유
2015-06-01,0,0,,Greif (GEF) in Focus: Stock Tumbles 8.6% - Tale of the Tape,Greif (GEF) 초점: 주가 8.6% 폭락 - 테이프 이야기
2018-05-21,0,0,,NMIH falls after introducing new risk-based pricing platform,NMIH는 새로운 위험 기반 가격 책정 플랫폼 도입 후 하락
2016-06-29,0,0,,The Lowdown On Unconstrained Bond ETFs,제약 없는 채권 ETF에 대한 내막
2015-03-31,0,0,,BioDelivery Sciences International (BDSI) Crumbles: Stock Falls 24.3% - Tale of the Tape,BDSI(BioDelivery Sciences International) 붕괴: 주가 24.3% 하락 - 테이프 이야기
2017-03-21,0,0,,America's Sovereign Debt Problem Is Getting Worse,미국의 국채 문제가 악화되고 있다
2018-07-12,0,0,,Mall retailers fall after monthly sales reports disappoint,월별 판매 보고서가 실망스러워서 쇼핑몰 소매업체들이 하락세를 보이고 있습니다.
2018-03-14,0,0,,Precious Metals - Followers Not Leaders,귀금속 - 리더가 아닌 추종자
2018-06-26,0,0,,Slump in leveraged loan market,레버리지론 시장 침체
2016-05-19,0,0,,Lodging stocks weak after BAML warning,BAML 경고 이후 숙박주 약세
2014-06-05,0,0,,Aegion (AEGN) Falls: Stock Goes Down 5.7% - Tale of the Tape,Aegion (AEGN) 하락: 주가 5.7% 하락 - Tale of the Tape
2019-06-11,0,0,,Novavax' Shares Drop as FDA Advises Another Study for Resvax,FDA가 Resvax에 대한 또 다른 연구를 권고함에 따라 Novavax의 주가는 하락
2014-02-10,0,0,,Apparel Retailer Pushed Down by Teen Fickle Trends and Pricing Pressure,십대들의 변덕스러운 추세와 가격 압박으로 인해 의류 소매업체가 밀려남
2015-07-28,0,0,,"American Campus Communities lower after inline quarter, unchanged guidance","미국 캠퍼스 커뮤니티는 인라인 분기 이후 하락, 지침 변경 없음"
2019-04-23,0,0,,Waters Q1 miss and lower guidance pressures life sciences kit makers,Waters Q1 실패 및 낮은 지침으로 인해 생명과학 키트 제조업체에 압력이 가해짐
2019-09-15,0,0,,Lower Yields Coming To The United States,미국으로의 낮은 수확량
2016-11-30,0,0,,"Energy Stocks Lead As OPEC Cuts Production, But Nasdaq Falls",OPEC이 생산량을 줄이면서 에너지 주식이 선두를 달리고 있지만 Nasdaq은 하락했습니다.
2016-08-19,0,0,,"Stocks End With Mild Losses, But Steel Makers Get Crushed",주식은 소폭의 손실로 끝났지만 철강업체는 무너졌다
2015-08-04,0,0,,"Affimed misses by €0.03, misses on revenue","€0.03 손실 인정, 수익 손실"
2018-03-26,0,0,,"Barrick Gold cuts 2017 compensation for Thornton, Dushniksy","Barrick Gold, Dushniksy Thornton에 대한 2017년 보상 삭감"
2015-07-27,0,0,,Contractions In Money Flows And Market Liquidity,자금 흐름과 시장 유동성의 위축
2019-03-14,0,0,,"Agenus (AGEN) Reports Q4 Loss, Lags Revenue Estimates","Agenus (AGEN), 4분기 손실 보고, 매출 추정치 뒤쳐져"
2011-05-09,0,0,,10 Cities Unaffected by a Bad Economy,나쁜 경제의 영향을 받지 않는 10개 도시
2016-11-18,0,0,,Agios Pharmaceuticals (AGIO) Drops on Study Release,Agios Pharmaceuticals (AGIO) 연구 발표 중단
2019-05-05,0,0,,Stocks That Fell to '-Year Lows the Week of May ',5월 주 '-년 최저치'까지 떨어진 주식들
2015-10-06,0,0,,"Biotechs, Medicals Whacked As Nasdaq Trades Near Day's Low","나스닥이 최저치에 가까워지면서 생명공학, 의료 분야가 타격을 입었습니다."
2015-07-27,0,0,,"Aspen Insurance Holdings misses by $0.39, misses on revenue","Aspen Insurance Holdings는 $0.39 손실, 수익 손실"
2019-10-25,0,0,,"The Parnassus Fund Exits Cognizant, Cuts Alliance Data Systems",Parnassus Fund는 Cognizant를 종료하고 Alliance Data Systems를 삭감했습니다.
2017-02-03,0,0,,Levi & Korsinsky Files in U.S. District Court to Recover Losses Suffered by Investors in Aetna Inc. (AET),Aetna Inc.(AET)의 투자자들이 입은 손실을 복구하기 위해 Levi & Korsinsky가 미국 지방 법원에 소송을 제기했습니다.
2018-12-19,0,0,,AAR Corporation down 6% post Q2 results; lowers FY revenue guidance,AAR Corporation은 2분기 결과 이후 6% 하락했습니다. FY 수익 가이던스 하향
2017-12-20,0,0,,Advaxis fiscal 2017 net loss $93.4M,Advaxis 회계연도 2017 순손실 $93.4M
2017-06-19,0,0,,Lincoln Electric Downgraded to Hold on Lingering Concerns,링컨 일렉트릭(Lincoln Electric)은 지속적인 우려를 유지하기 위해 등급이 하향 조정되었습니다.
2016-08-03,0,0,,American Capital misses by $0.04,American Capital은 $0.04만큼 하락했습니다.
2019-03-21,0,0,,"Adamis Pharmaceuticals: Refused, Accepted, Missed, And Predictable","Adamis Pharmaceuticals: 거부, 승인, 누락 및 예측 가능"
2019-12-09,0,0,,Stocks Drop Looking For Gaps To Fill May Have Further To Fall,채워야 할 격차를 찾는 주식 하락은 더 하락할 수 있습니다
2015-06-19,0,0,,Credit Market Warning,신용시장 경고
2019-11-18,0,0,,AerCap and EGYPTAIR Reach Agreement on the Conversion of 7 Previously Executed Leases for ...,AerCap과 EGYPTAIR는 이전에 실행된 7개의 임대 계약을 전환하는 데 합의했습니다.
2015-08-10,0,0,,The AES Corp. (AES) Misses on Q2 Earnings and Revenues - Tale of the Tape,"AES Corp.(AES), 2분기 수익 및 수익 손실 - 테이프 이야기"
2018-05-07,0,0,,Agenus misses by $0.23,Agenus는 $0.23만큼 실패했습니다.
2015-06-28,0,0,,"5-year lows: Dorchester Minerals LP, First Potomac Realty Trust, Acacia Research Corporation, ...","5년 최저치: Dorchester Minerals LP, First Potomac Realty Trust, Acacia Research Corporation, ..."
2015-02-23,0,0,,Should Advanced Emissions (ADES) Be On Your Radar Now? - Tale of the Tape,지금 ADES(Advanced Emissions)를 주목해야 합니까? - 테이프 이야기
2016-09-01,0,0,,Mining Funds Rally 5% As Gold Rebounds From 2-Month Lows On Manufacturing Data,금이 제조 데이터의 2개월 최저치에서 반등함에 따라 채굴 자금이 5% 상승했습니다.
2016-08-01,0,0,,"Atlas Financial Holdings EPS in-line, misses on revenue","Atlas Financial Holdings EPS 인라인, 수익 손실"
2019-08-14,0,0,,"Market Volatility Bulletin: Stocks Fall In The Early Session, Neg-Rate Corporate Instruments Approach $1T First Time Ever","시장 변동성 공지: 장 초반 주식 하락, 기업 마이너스 금리가 사상 처음으로 1조 달러에 육박"
2017-02-15,0,0,,Barrick Gold: A Blowout Earnings,Barrick Gold: 폭발적인 수익
2014-07-28,0,0,,EPR Properties (EPR) Crumbles: Stock Tumbles 9.3% - Tale of the Tape,EPR Properties(EPR) 무너짐: 주가 9.3% 하락 - 테이프 이야기
2015-09-29,0,0,,Acasti Pharma (ACST) Drops on Share Consolidation,Acasti Pharma (ACST) 주식 통합 하락
2018-07-31,0,0,,"Acadia Healthcare (ACHC) Posts In-Line Q2 Earnings, Cuts View","Acadia Healthcare(ACHC), 2분기 수익, 삭감 보기 인라인 게시"
2018-10-24,0,0,,"Barrick Gold beats by $0.01, misses on revenue",Barrick Gold가 $0.01 앞섰고 수익은 감소했습니다.
2018-11-15,0,0,,Akers Biosciences misses on revenue,Akers Biosciences의 매출 손실
2019-02-15,0,0,,Era of Commission-Free ETFs Knocking on Investors' Door?,"수수료 없는 ETF 시대, 투자자 문을 두드린다?"
2019-01-31,0,0,,"American Financial (AFG) Q4 Earnings Miss, Revenues Beat","아메리칸 파이낸셜(AFG) 4분기 실적은 부진, 매출은 앞섰습니다"
2012-12-27,0,0,,"Acadia Healthcare Company, Inc. (ACHC) Executive Vice Chairman Bruce A Shear sells 7,500 Shares","Acadia Healthcare Company, Inc.(ACHC) 부회장 Bruce A Shear, 7,500주 매각"
2012-07-05,0,0,,"ACH, YZC, GURE: Stocks to Play China's Rate Cut","ACH, YZC, GURE: 주식이 중국 금리 인하에 영향을 미칠 것"
2016-08-30,0,0,,Alcobra net loss widens in Q2,알코브라 2분기 순손실 확대
2016-10-31,0,0,,Energy ETF Falls But Sector Tops S&P 500 As Earnings Seen To Improve,에너지 ETF는 하락했지만 수익이 개선될 것으로 보여 S&P 500을 넘어섰습니다.
2018-08-12,0,0,,Is The Reality Really That Bad For American Retirees?,현실은 미국 퇴직자들에게 정말 나쁜 것인가?
2018-04-23,0,0,,"The More It Drops, The More I Buy - Part 3",더 많이 떨어질수록 더 많이 구매합니다 - 3부
2018-02-19,0,0,,Barrick Gold: Market Won't Like Falling Production Levels,Barrick Gold: 시장은 생산 수준 하락을 좋아하지 않을 것입니다
2017-01-23,0,0,,Which Indicators Point To A Lower S&P? Very Few,어떤 지표가 낮은 S&P를 가리키나요? 매우 적음
2015-12-18,0,0,,"Acacia drops 15.6%, gets halted","아카시아 15.6% 하락, 정지"
2018-11-12,0,0,,JPMorgan downgrades Infinity Pharma to Underweight in premarket analyst action,"JPMorgan, 시판 전 분석가 조치에서 Infinity Pharma의 비중을 Underweight로 하향 조정"
2018-03-12,0,0,,Agile Therapeutics misses by $0.05,Agile Therapeutics는 $0.05만큼 손실을 입었습니다.
2019-11-07,0,0,,First Majestic Silver (AG) Q3 Earnings and Revenues Miss Estimates,First Majestic Silver (AG) 3분기 수익 및 수익 예상치 미스
2019-08-20,0,0,,Terex Plunges 36% in a Year: What's Pulling the Stock Down?,Terex는 1년 만에 36% 급락: 무엇이 주가를 하락시키는가?
2019-07-26,0,0,,"Altra Industrial (AIMC) Q2 Earnings & Sales Miss, View Down","Altra Industrial (AIMC) 2분기 실적 및 매출 손실, 하향 전망"
2015-07-29,0,0,,SilverCrest's Management Accepts A Low Offer,SilverCrest의 경영진은 낮은 제안을 수락합니다
2016-04-14,0,0,,"Cowen cuts Potash, Mosaic, Intrepid Potash, CF Industries","Cowen은 칼륨, 모자이크, 인트레피드 칼륨, CF 산업을 절단합니다."
2015-03-05,0,0,,Achillion Pharmaceuticals misses by $0.03,Achillion Pharmaceuticals는 $0.03만큼 손실을 입었습니다.
2017-12-20,0,0,,A Big Event In The Cocoa Market - Anthony Ward Follows In Andy Hall's Footsteps,코코아 시장의 큰 이벤트 - 앤서니 워드(Anthony Ward)가 앤디 홀(Andy Hall)의 뒤를 잇다
2015-10-21,0,0,,Leveraged loan slump bodes ill for M&A frenzy,M&A 열풍을 불러일으키는 레버리지론 부진
2015-03-04,0,0,,Wall Street Breakfast: The Interest Rate Cuts Continue,월스트리트 아침: 금리 인하가 계속된다
2019-11-21,0,0,,"Acorn Wealth Advisors, LLC Buys Invesco S&P MidCap Low Volatility ETF, Aflac Inc, Invesco ...","Acorn Wealth Advisors, LLC는 Invesco S&P MidCap Low Volatility ETF, Aflac Inc, Invesco ...를 인수합니다."
2018-05-08,0,0,,"AES Corp. (AES) Q1 Earnings Top Estimate, Misses on Sales","AES Corp. (AES) 1분기 실적 최고 추정치, 매출 손실"
2018-06-18,0,0,,Silver: Wait For A Swing Low,은색: 스윙 로우를 기다리세요
2018-10-24,0,0,,Barrick Gold little changed following mixed Q3 results,Barrick Gold는 엇갈린 3분기 결과로 인해 거의 변화하지 않았습니다.
2016-04-26,0,0,,Small-Cap Funds Pop Amid Anemic S&P 500 Results; Apple Falls After Hours,S&P 500 지수 부진 속에 소형주 펀드 급락; Apple은 업무 시간 이후에 하락합니다.
2014-06-12,0,0,,Achillion Pharmaceuticals (ACHN) in Focus: Stock Falls 6.4% - Tale of the Tape,Achillion Pharmaceuticals(ACHN)의 초점: 주가 6.4% 하락 - 테이프 이야기
2020-03-12,0,0,,"Agenus (AGEN) Reports Q4 Loss, Tops Revenue Estimates","Agenus(AGEN), 4분기 손실 보고, 수익 추정치 최고 기록"
2019-07-26,0,0,,5 Low-Beta Stocks to Help You Fend Off Market Volatility,시장 변동성을 방어하는 데 도움이 되는 5가지 로우 베타 주식
2019-07-18,0,0,,"Alliance Data to start stock buyback, explains Q2 shortfall","주식 환매를 시작하는 얼라이언스 데이터, 2분기 부족분 설명"
2015-02-12,0,0,,"Advance Auto Parts misses by $0.11, misses on revenue","고급 자동차 부품 손실 $0.11, 수익 손실"
2014-03-18,0,0,,Fortuna Silver Mines (FSM) in Focus: Stock Plunges 14.4% - Tale of the Tape,Fortuna Silver Mines(FSM)에 초점: 주가 급락 14.4% - 테이프 이야기
2016-05-06,0,0,,Major Stock ETFs Recover After Big Jobs Miss; What Next For Rates?,대규모 채용 실패 후 주요 주식 ETF가 회복됨; 요금은 어떻게 되나요?
2018-10-23,0,0,,"Hexcel (HXL) Q3 Earnings Match Estimates, Revenues Miss","Hexcel (HXL) 3분기 실적 일치 추정치, 수익 미달"
2018-09-28,0,0,,Reuters: Barrick eyes China money to lower Africa risk after Randgold deal,Reuters: Barrick은 Randgold 거래 후 아프리카 위험을 낮추기 위해 중국 자금을 주시하고 있습니다.
2016-03-21,0,0,,Barrick Announces Final Results and Settlement of $750 Million Debt Tender Offer,"Barrick, 7억 5천만 달러 규모의 부채 입찰 제안에 대한 최종 결과 및 합의 발표"
2019-05-08,0,0,,Asanko Gold misses by $0.04,Asanko Gold는 $0.04만큼 실패했습니다.
2018-02-23,0,0,,"U.S. Steel, AK Steel jump on report that Trump wants 24% steel tariff","US스틸, AK스틸, 트럼프가 철강 관세 24% 원한다는 보도에 급등"
2019-11-19,0,0,,OneConnect Financial Files For U.S. IPO Amid Steep Losses,급격한 손실 속에서 미국 IPO를 위한 OneConnect 재무 파일
2016-02-09,0,0,,"Transportation, Jets ETFs Speed Up As Oil Falls Below $28","유가가 28달러 이하로 떨어지면서 운송, 제트 ETF의 속도가 빨라집니다."
2015-02-17,0,0,,Taubman Centers (TCO) Falls: Stock Goes Down 6.5% - Tale of the Tape,Taubman Centers(TCO) 하락: 주가 6.5% 하락 - 테이프 이야기
2019-11-05,0,0,,"Aaron's (AAN) Misses Q3 Earnings Estimates, Revises View","Aaron's(AAN), 3분기 수익 추정치를 누락하고 보기 수정"
2018-08-10,0,0,,"Adamis Pharmaceuticals (ADMP) Reports Q2 Loss, Misses Revenue Estimates","Adamis Pharmaceuticals(ADMP), 2분기 손실 보고, 수익 추정치 누락"
2019-09-30,0,0,,Falling Too Far? What Sets Fallen Angels Apart,너무 멀리 떨어지나요? 타락한 천사들을 구별하는 것
2018-03-12,0,0,,Grains Mixed After WASDE While Cotton Rallies And Meats Move Lower,"WASDE 이후 곡물 혼합, 목화 랠리 및 육류 가격 하락"
2020-05-26,0,0,,"Axcelis Technologies Inc (ACLS) EVP, Engineering Russell Low Sold $798,…–… of Shares","Axcelis Technologies Inc(ACLS) EVP, 엔지니어링 Russell Low 매각 $798,…–… 주식"
2016-11-03,0,0,,Ares Commercial Real Estate misses by $0.01,Ares 상업용 부동산은 $0.01만큼 하락했습니다.
2015-11-27,0,0,,Coal Is Dead And What Happened With Advanced Emissions Is A Dead Cat Bounce,석탄은 죽었고 고급 배출로 인해 발생한 일은 데드 캣 바운스(Dead Cat Bounce)입니다.
2011-03-17,0,0,,Momentum Fund Seeks to Cut Volatility,모멘텀 펀드는 변동성 감소를 추구합니다
2015-08-10,0,0,,"AES misses by $0.02, misses on revenue","AES는 0.02달러 손실, 수익 손실"
2017-12-06,0,0,,"Your Daily Pharma Scoop: Acadia Valuation, Galectin Plunges, Revance Positive Result","귀하의 일일 제약 특종: 아카디아 가치 평가, 갈렉틴 폭락, Revance 긍정적 결과"
2020-02-28,0,0,,Dow Sees Biggest Fall Ever As Stocks Enter Correction Territory,다우(Dow)는 주식이 조정 영역에 진입함에 따라 사상 최대 하락세를 기록했습니다.
2018-08-09,0,0,,Cincinnati Bell (CBB) Reports Wider-Than-Expected Loss in Q2,"Cincinnati Bell(CBB), 2분기에 예상보다 큰 손실 보고"
2018-08-17,0,0,,Deere drops as costs squeeze margins,비용이 마진을 압박함에 따라 Deere는 하락
2019-01-04,0,0,,"Daniel Loeb, Bill Ackman Post Losses for the Year","Daniel Loeb, Bill Ackman, 올해의 손실 기록"
2020-02-17,0,0,,"Old Mission Capital Llc Buys iShares MSCI Eurozone, iShares MSCI EAFE, Vanguard FTSE Developed ...","Old Mission Capital Llc, iShares MSCI Eurozone, iShares MSCI EAFE, Vanguard FTSE 개발 인수..."
2016-03-21,0,0,,U.S. Steel downgraded to Underperform at Jefferies,Jefferies의 U.S. Steel이 Underperform 등급으로 하향 조정되었습니다.
2015-04-29,0,0,,"Atlantic Coast Federal misses by $0.01, misses on revenue","Atlantic Coast Federal은 0.01달러 손실, 수익 손실"
2018-11-20,0,0,,Acadia Health deal now in question; shares tumble 7%,Acadia Health 거래가 현재 문제입니다. 주가 7% 하락
2018-07-30,0,0,,AK Steel (AKS) Q2 Earnings Miss Estimates,AK Steel (AKS) 2분기 실적 예상치 미스
2017-09-27,0,0,,ADVISORY BOARD SHAREHOLDER ALERT: CLAIMSFILER REMINDS INVESTORS WITH LOSSES IN EXCESS OF ...,자문위원회 주주 경고: 클레임파일러는 투자자들에게 다음과 같은 손실이 있음을 상기시킵니다.
2019-11-04,0,0,,"Agenus (AGEN) Reports Q3 Loss, Tops Revenue Estimates","Agenus(AGEN), 3분기 손실 보고, 수익 추정치 최고 기록"
2020-05-08,0,0,,Arbor Realty Trust (ABR) Q1 FFO Miss Estimates,Arbor Realty Trust (ABR) Q1 FFO 추정치 미스
2015-05-05,0,0,,"Agrium misses by $0.22, misses on revenue","Agrium은 0.22달러 손실, 수익 손실"
2013-01-17,0,0,,"Advanced Emissions Solutions Inc (ADES) COO C Jean Bustard sells 2,500 Shares","Advanced Emissions Solutions Inc(ADES) COO Jean Bustard, 2,500주 매각"
2015-03-06,0,0,,Greif (GEF) in Focus: Stock Plunges 13.5% - Tale of the Tape,Greif (GEF) 초점: 주가 13.5% 급락 - 테이프 이야기
2019-02-19,0,0,,"Arlington Asset Investment misses by $0.02, misses on revenue","Arlington Asset Investment는 0.02달러 손실, 수익 손실"
2016-02-22,0,0,,Resource Sector Digest: About Yellow Gold And Black Gold,자원 부문 다이제스트: 옐로우 골드와 블랙 골드 소개
2018-08-10,0,0,,"ADMA Biologics misses by $0.04, misses on revenue","ADMA Biologics는 $0.04 손실, 수익 손실"
2016-08-16,0,0,,"Stock Open Lower; Dollar Slips; Fabrinet, Momo, Vipshop Climb","주식 공개 하락; 달러 전표; 파브리네, 모모, 빕샵 오르다"
2016-08-03,0,0,,"Agrium EPS in-line, misses on revenue","Agrium EPS 인라인, 수익 손실"
2016-05-06,0,0,,First Majestic: A Case Of Cost Cutting Into Your Own Flesh,퍼스트 마제스틱: 비용 절감을 통해 몸을 아끼는 사례
2016-04-20,0,0,,AllianceBernstein raises $1.55B for commercial property debt fund,"AllianceBernstein, 상업용 부동산 부채 기금으로 15억 5천만 달러 모금"
2015-04-28,0,0,,"AK Steel loss widens, but Q/Q shipments fall a bit less than feared","AK스틸 적자 확대, Q/Q 출하량은 우려보다 소폭 감소"
2019-09-27,0,0,,Eyes on REITs for WeWork fallout,WeWork 낙진에 대비해 REIT에 주목
2013-01-25,0,0,,"Advanced Emissions Solutions Inc (ades) CTO Sharon Sjostrom sells 2,455 Shares","Advanced Emissions Solutions Inc(ades) CTO Sharon Sjostrom, 2,455주 매각"
2019-10-31,0,0,,"Aegion's (AEGN) Q3 Earnings Meet Estimates, Revenue Miss",Aegion(AEGN)의 3분기 실적은 예상치를 충족하고 매출은 미달
2019-07-18,0,0,,American Electric Tech plunges on share exchange,"American Electric Tech, 주식 교환 중단"
2015-02-23,0,0,,Adtran slumps after disclosing CFO's retirement,Adtran은 CFO의 은퇴를 공개한 후 부진함
2016-03-15,0,0,,Preparing For A Drop In Barrick Gold Stock,Barrick Gold 주식 하락 준비
2019-11-13,0,0,,Acasti Pharma EPS misses by $0.25,Acasti Pharma EPS는 $0.25 하락했습니다.
2015-03-20,0,0,,AcelRx names interim CEO; cuts 36% of workforce,AcelRx는 임시 CEO를 임명합니다. 인력 36% 감축
2014-02-11,0,0,,ACI Worldwide (ACIW) Crumbles: Stock Falls by 6.6% - Tale of the Tape,ACI Worldwide(ACIW) 붕괴: 주가 6.6% 하락 - 테이프 이야기
2018-05-01,0,0,,Steel equities stumble after Trump delays tariffs,트럼프 관세 연기로 철강주 급락
2014-02-25,0,0,,Dillard's (DDS) Crumbles: Stock Falls by 6.4% - Tale of the Tape,Dillard's(DDS) 무너짐: 주가 6.4% 하락 - 테이프 이야기
2018-11-13,0,0,,AES Corp. eyes 70% cut in carbon intensity by 2030,"AES Corp, 2030년까지 탄소 집약도 70% 감소 목표"
2019-05-06,0,0,,"Schneider (SNDR) Q1 Earnings & Revenues Lag, '19 EPS View Cut","Schneider (SNDR) 1분기 수익 및 수익 지연, '19 EPS 보기 컷"
2014-06-24,0,0,,Weakness Seen in Alcobra (ADHD): Stock Falls 6.7% - Tale of the Tape,알코브라(ADHD)에 나타난 약점: 주가 6.7% 하락 - 테이프 이야기
2019-12-12,0,0,,Constellation Dumps Ballast Point For A Nearly $900 Million Loss,Constellation은 거의 9억 달러의 손실을 위해 밸러스트 포인트를 덤프했습니다.
2018-12-11,0,0,,Acorda down 12% on Goldman cut in premarket analyst action,Acorda는 Goldman이 시판 전 분석가 조치를 삭감하면서 12% 하락했습니다.
2017-10-10,0,0,,Validus Holdings Projects Q3 Cat Loss Estimates of $378.9M,Validus Holdings 프로젝트 Q3 Cat 손실 추정액 $378.9M
2019-07-29,0,0,,"Kirby (KEX) Misses on Q2 Earnings, Cuts 2019 Earnings View",커비(KEX)가 2분기 실적을 놓치고 2019년 실적 전망을 삭감했습니다.
2018-10-23,0,0,,"Arlington Asset Investment misses by $0.06, misses on revenue","Arlington Asset Investment는 0.06달러 손실, 수익 손실"
2018-12-18,0,0,,Black Hills' Renewable Tariffs Program to Meet Energy Needs,에너지 수요를 충족하기 위한 Black Hills의 재생 가능 관세 프로그램
2016-11-08,0,0,,"Aixtron Aktiengesellschaft misses by €0.02, misses on revenue","Aixtron Aktiengesellschaft가 €0.02만큼 손실, 수익 손실"
2019-08-09,0,0,,Stocks Drop On August 9: One And Done Or More Pain To Come?,8월 9일 주식 하락: 하나의 고통이 다가올 것인가?
2017-08-08,0,0,,"Sealed Air (SEE) Q2 Earnings Miss Estimates, Updates View","Sealed Air (SEE) 2분기 수익 추정치, 업데이트 보기"
2015-02-24,0,0,,Allergan chief set for golden parachute if fired following Actavis takeover,Actavis 인수 후 해고되면 Allergan 최고 책임자가 황금 낙하산을 준비합니다
2019-05-15,0,0,,Steels Tariffs: One Year Later,철강 관세: 1년 후
2020-01-30,0,0,,"Schneider (SNDR) Q4 Earnings Miss Estimates, Decrease Y/Y","Schneider (SNDR) 4분기 실적 추정치 미달, Y/Y 감소"
2018-11-26,0,0,,Wall Street Breakfast: Futures Rebound After Black Friday Losses,월스트리트 아침: 블랙 프라이데이 손실 이후 선물 반등
2015-08-05,0,0,,"Agrium beats by $0.12, misses on revenue",Agrium이 0.12달러 앞섰고 수익이 감소했습니다.
2018-11-05,0,0,,"Atlas Financial Holdings beats by $0.15, misses on revenue",Atlas Financial Holdings가 0.15달러 앞섰고 수익은 감소했습니다.
2019-10-24,0,0,,"Altra Holdings EPS beats by $0.03, misses on revenue",Altra Holdings EPS는 0.03달러 상회하고 수익은 감소했습니다.
2019-11-06,0,0,,Applied Industrial Technologies: Long-Term Compounder At Low Valuation,응용 산업 기술: 낮은 가치로 장기간 복리화
2019-08-16,0,0,,Alliance Data Systems loses a bull as Deutsche Bank downgrades,Alliance Data Systems는 Deutsche Bank의 등급 하향 조정으로 강세를 잃습니다.
2019-10-17,0,0,,Ameren Missouri Charges Ahead with Electric Car Infrastructure,"Ameren Missouri, 전기 자동차 인프라로 앞서 나가다"
2014-12-10,0,0,,Rosetta Stone (RST) Falls: Stock Goes Down 5.5% - Tale of the Tape,Rosetta Stone(RST) 하락: 주가 5.5% 하락 - Tale of the Tape
2020-01-13,0,0,,"Fiserv (FISV) Rides on Buyouts, Product Suite Amid Debt Woes","Fiserv(FISV), 부채 문제 속에서 제품 제품군 인수에 나서다"
2015-04-17,0,0,,Following The Footsteps Of Dr. Michael Castor: Adamis Pharmaceuticals,Michael Castor 박사의 발자취를 따라가다: Adamis Pharmaceuticals
2017-11-28,0,0,,Examining Silver Manipulation: What Some Analysts Miss,은 조작 조사: 일부 분석가들이 놓치고 있는 것
2015-02-05,0,0,,"Aceto beats by $0.02, misses on revenue",Aceto가 $0.02 앞섰고 수익은 감소했습니다.
2018-05-07,0,0,,Agile Therapeutics misses by $0.01,Agile Therapeutics는 $0.01만큼 손실을 입었습니다.
2018-04-26,0,0,,Opioid prescriptions dropped 12% in 2017,2017년 오피오이드 처방량이 12% 감소했습니다.
2017-01-15,0,0,,Another Missed Opportunity By The Gold Majors,Gold Majors가 놓친 또 다른 기회
2018-09-10,0,0,,"Applied Genetic misses by $0.20, misses on revenue","Applied Genetic은 $0.20 손실, 수익 손실"
2016-12-22,0,0,,"Wal-Mart, Target, Macy's Drop Amid Tariff Talk: Investing Action Plan","관세 논의 중 월마트, 타겟, 메이시스 하락: 투자 실행 계획"
2015-08-10,0,0,,United Launches Promissum Re Collateralized Reinsurance Facility,"유나이티드, Promissum Re 담보 재보험 시설 출시"
2018-06-16,0,0,,ACETO SHAREHOLDER ALERT: CLAIMSFILER Reminds Investors with Losses in Excess of ...,ACETO 주주 경고: CLAIMSFILER는 투자자들에게 다음과 같은 손실이 있음을 상기시킵니다.
2015-05-07,0,0,,Murray Stahl's Undervalued stocks trading at low P/E,Murray Stahl의 저평가된 주식은 낮은 P/E에서 거래됩니다.
2015-09-11,0,0,,Optical networking/component stocks sell off following Finisar's earnings,Finisar 실적에 따라 광네트워킹/부품주 매도
2016-02-11,0,0,,"AllianceBernstein beats by $0.02, misses on revenue",AllianceBernstein이 0.02달러 차이로 승리하고 수익 손실
2015-09-11,0,0,,Good Execution On Arctic Cat's Turnaround Efforts Are Key To Its Future,Arctic Cat의 전환 노력에 대한 좋은 실행은 미래의 열쇠입니다
2019-01-16,0,0,,"Alcoa +2% after Q4 earnings top estimates, sees 2019 aluminum deficit","Alcoa, 4분기 수익 추정치 최고치 이후 +2%, 2019년 알루미늄 적자 확인"
2016-03-17,0,0,,"Barrick Announces Appointment of Rob Krcmarov as Executive Vice President, Exploration and ...",Barrick은 Rob Krcmarov를 탐사 및 개발 부문 수석 부사장으로 임명했다고 발표했습니다.
2016-01-13,0,0,,First annual net outflows for active mutual funds since financial crisis,금융 위기 이후 액티브 뮤추얼 펀드의 첫 연간 순유출
2018-03-16,0,0,,U.S. Weekly FundFlows Insight Report: Equity Funds Attract Net New Money For The Week In Spite Of Fears Of Inflation And A Trade War,미국 주간 FundFlows 통찰력 보고서: 인플레이션과 무역 전쟁에 대한 우려에도 불구하고 주식형 펀드가 이번 주 동안 순 신규 자금을 유치합니다.
2017-11-21,0,0,,House Passes Watered Down Tax Cuts; Ed Steer: Gold/Silver Price Management Scheme,하우스 패스로 인해 세금 감면이 완화되었습니다. Ed Steer: 금/은 가격 관리 계획
2017-02-17,0,0,,Aluminum Corp. of China (ACH) Down After Thursday Fall,"중국알루미늄공사(ACH), 목요일 하락 이후 하락세"
2018-06-11,0,0,,Atlantic American names Rick Burns as Executive Vice President of Atlantic American Corporation ...,Atlantic American은 Rick Burns를 Atlantic American Corporation의 부사장으로 임명했습니다.
2012-09-12,0,0,,"Francesca's, Polaris Rejoin IBD 50, Google Drops Off","Francesca's, Polaris가 IBD 50에 다시 합류하고 Google이 탈퇴"
2018-08-07,0,0,,"Advanced Emissions Solutions, Inc. 2018 Q2 - Results - Earnings Call Slides","Advanced Emissions Solutions, Inc. 2018년 2분기 - 결과 - 실적 발표 슬라이드"
2018-04-03,0,0,,Aehr Test Systems Announces Follow-on Order for Multiple ABTS™ Burn-in and Test Systems From ...,"Aehr Test Systems, 다양한 ABTS™ 번인 및 테스트 시스템에 대한 후속 주문 발표"
2012-07-30,0,0,,"Aaron'S Inc. (AAN) Executive VP, CFO Gilbert L Danielson sells 45,000 Shares","Aaron'S Inc.(AAN) 부사장 겸 CFO Gilbert L Danielson, 45,000주 매각"
2018-11-29,0,0,,"Atmos Energy to Issue Equity to Repay Debts, Fund Projects","Atmos Energy, 부채 상환 및 프로젝트 자금 조달을 위해 주식 발행"
2016-02-18,0,0,,"HollySys Executing Well, But Process Automation Is A Rough Neighborhood",HollySys는 잘 실행되고 있지만 프로세스 자동화는 어려운 환경입니다.
2017-03-28,0,0,,The Vetr community has downgraded $AKRX to 2.5-Stars,Vetr 커뮤니티는 $AKRX를 2.5성으로 다운그레이드했습니다.
2016-12-09,0,0,,Aixtron considers options following merger breakdown,Aixtron은 합병 실패 후 옵션을 고려합니다.
2018-04-21,0,0,,U.S. Fund-Flows Weekly Report: Net Outflows From Money Markets Funds Dominate,미국 자금 흐름 주간 보고서: 자금 시장에서 순 유출이 지배적
2016-08-15,0,0,,–… Low PE Stock Picks for the Defensive Investor,–... 방어적인 투자자를 위한 낮은 PE 주식 추천
2019-05-09,0,0,,"First Majestic Silver (AG) Reports Q1 Loss, Lags Revenue Estimates","First Majestic Silver (AG), 1분기 손실 보고, 매출 추정치 뒤쳐져"
2019-08-28,0,0,,"Flow Meter Market —…–9 – Global Size, Share, Analysis, Research, Demand To —…—8","유량계 시장 —…–9 – 글로벌 규모, 점유율, 분석, 연구, 수요 —…–8"
2018-10-30,0,0,,"Aegion misses by $0.01, misses on revenue","Aegion은 0.01달러 손실, 수익 손실"
2014-07-18,0,0,,"Enable Partners, Other Leaders Facing Market Pressure",시장 압력에 직면한 파트너 및 기타 리더 지원
2018-09-11,0,0,,AAR -6% after SunTrust downgrades on tight labor conditions in MRO unit,MRO 단위의 엄격한 노동 조건으로 인해 SunTrust가 다운그레이드된 후 AAR -6%
2012-11-12,0,0,,The Hollow Man and the Fallen Angel: The Two Types of Contrarian Stocks,속이 빈 사람과 타락한 천사: 두 가지 유형의 반대 주식
2019-10-25,0,0,,"Triton's (TRTN) Q3 Earnings In Line, Down on Low Revenues",Triton(TRTN)의 3분기 수익은 줄었지만 낮은 수익으로 인해 감소했습니다.
2018-03-02,0,0,,Top 5 Trends I Am Following In 2018,2018년에 내가 따르고 있는 상위 5가지 트렌드
2016-04-27,0,0,,The Vetr community has downgraded $AEO to 3.5-Stars,Vetr 커뮤니티는 $AEO를 3.5성급으로 다운그레이드했습니다.
2018-02-01,0,0,,"Aceto misses by $0.01, misses on revenue","Aceto는 0.01달러 손실, 수익 손실"
2017-05-11,0,0,,The Vetr community has downgraded $AKAO to 4-Stars,Vetr 커뮤니티가 $AKAO를 4성으로 다운그레이드했습니다.
2016-05-09,0,0,,"AES misses by $0.07, misses on revenue","AES는 0.07달러 손실, 수익 손실"
2014-03-10,0,0,,"5-year lows: Staples Inc, Sprouts Farmers Market Inc, The ADT Corporation, and Peabody Energy ...","5년 최저치: Staples Inc, Sprouts Farmers Market Inc, ADT Corporation 및 Peabody Energy..."
2015-11-24,0,0,,"Stocks Stumble In Heavy Trade; Dycom, Skyworks Climb","주식은 대량 거래로 인해 비틀거립니다. 다이콤, 스카이웍스 클라임"
2018-05-09,0,0,,"AcelRx Pharmaceuticals beats by $0.01, misses on revenue",AcelRx Pharmaceuticals가 0.01달러 앞섰고 수익이 감소했습니다.
2015-12-07,0,0,,EU probe into crude oil price fixing drops oil firms,원유 가격 담합에 대한 EU 조사로 인해 석유 회사들은 하락세를 보이고 있습니다.
2019-03-06,0,0,,"ADP In-Line at 183K; Trade Deficit -$59.8B, Lowest Since 2008","183K의 ADP 인라인; 무역 적자 -$598억, 2008년 이후 최저"
2015-12-09,0,0,,"AEterna Zentaris (AEZS) Plummets on Share, Warrant Offering","AEterna Zentaris (AEZS) 주식 급락, 영주권 제공"
2016-12-05,0,0,,"Apple Price Target Cut; Broadcom, ADI Still Buys","애플 가격 목표 인하; Broadcom, ADI 여전히 매수"
2016-08-17,0,0,,The Vetr community has downgraded $AFL to 2.5-Stars,Vetr 커뮤니티는 $AFL을 2.5성으로 다운그레이드했습니다.
2015-05-20,0,0,,Urban Outfitters (URBN) Falls: Stock Plunges 15% - Tale of the Tape,Urban Outfitters(URBN) 하락: 주가 15% 급락 - 테이프 이야기
2018-05-14,0,0,,"ADMA Biologics misses by $0.08, misses on revenue","ADMA Biologics는 $0.08 손실, 수익 손실"
2020-05-28,0,0,,"United Airlines (UAL) COO to Step Down, Focus on Cost Cuts","유나이티드 항공(UAL) COO, 사임하고 비용 절감에 집중"
2019-11-12,0,0,,Applied Genetic EPS misses by $0.04,적용된 유전자 EPS가 $0.04만큼 누락되었습니다.
2019-03-28,0,0,,"Achaogen misses by $0.26, misses on revenue","Achaogen은 0.26달러 손실, 수익 손실"
2018-02-05,0,0,,Prospect Capital's Fiscal Q2 2018 NII And NAV Projection (Impacts From Tax Cuts And Jobs Act),Prospect Capital의 2018 회계연도 2분기 NII 및 NAV 예측(감세 및 고용법의 영향)
2015-09-10,0,0,,Brazil's Problems Deepen With S&P Credit Downgrade,S&P 신용등급 강등으로 인해 브라질의 문제가 심화됨
2015-09-25,0,0,,CNO Financial's Huge Expense & Debt Levels Raise Caution,CNO파이낸셜의 막대한 비용과 부채 수준에 주목
2015-06-08,0,0,,Synthesis Energy +10% on commissioning of syngas gasification plants,합성 가스 가스화 플랜트 시운전 시 합성 에너지 +10%
2017-06-06,0,0,,7 Valuable Low Price-to-Sales Stocks for Good Returns,좋은 수익을 위한 7가지 가치 있고 낮은 판매 가격 주식
2019-01-09,0,0,,"ABB looks to save $500M with reorg, HQ cuts","ABB, 조직 개편과 본사 삭감으로 5억 달러 절감 기대"
2015-04-29,0,0,,"Commodities Today: Big Rally Underway As Dollar Falls, Steel Names Under Pressure",오늘의 원자재: 달러 하락으로 대규모 랠리가 진행 중이고 철강 이름에 압력이 가해짐
2014-01-28,0,0,,Top Performing Manager of 2013 Larry Robbins' Stocks at 52-Week Lows,2013년 최고 성과 관리자 래리 로빈스의 주식 52주 최저치
2018-09-12,0,0,,Surviving A Bad Stock Pick: Agenus,나쁜 주식에서 살아남기: Agenus
2017-02-10,0,0,,Biotech Forum Daily Digest: Buyout Rumors On The Rise; Aratana Therapeutics' Decline Is Overblown,생명공학 포럼 일일 다이제스트: 증가하는 인수 소문; Aratana Therapeutics의 감소세는 과장되었습니다
2018-02-15,0,0,,"Agios (AGIO) Q4 Loss Wider Than Expected, Revenues Slump Y/Y",아기오스(AGIO) 4분기 손실 예상보다 커져 전년 동기 대비 매출 부진
2018-11-01,0,0,,"Agios Pharmaceuticals (AGIO) Reports Q3 Loss, Tops Revenue Estimates","Agios Pharmaceuticals(AGIO), 3분기 손실 보고, 수익 추정치 최고 기록"
2019-05-09,0,0,,"ACI Worldwide (ACIW) Reports Q1 Loss, Misses Revenue Estimates","ACI Worldwide(ACIW), 1분기 손실 보고, 수익 추정치 누락"
2013-05-18,0,0,,Gold Guru John Paulson Drops Gold ABX in First Quarter Sells,"Gold Guru John Paulson, 1분기에 Gold ABX 판매 중단"
2018-12-05,0,0,,"Donaldson (DCI) Misses on Q1 Earnings, Tweaks EPS View",Donaldson(DCI)이 1분기 실적을 놓치고 EPS 보기를 조정했습니다.
2015-10-14,0,0,,Barrick Announces Pricing for Debt Tender Offer,"Barrick, 부채 입찰 제안 가격 발표"
2014-05-15,0,0,,"Stocks Head South In Firm Trade; Arctic Cat, Bristol Myers Tumble","주식은 확고한 거래에서 남쪽으로 향합니다; 북극 고양이, 브리스톨 마이어스 텀블"
2014-12-22,0,0,,Big Equity Outflows - Is It That Time Of The Year?,대규모 자산 유출 - 올해의 그 시기인가?
2016-11-11,0,0,,Gold tumbles to weakest since early June,금은 6월 초 이후 가장 약세로 하락
2019-08-23,0,0,,Strategic Value Investing: Estimates of Cash Flows,전략적 가치 투자: 현금 흐름 추정
2016-07-25,0,0,,Deere downgraded at Piper Jaffray ahead of exceptionally strong corn crop,Deere는 유난히 강한 옥수수 수확을 앞두고 Piper Jaffray의 등급을 하향 조정했습니다.
2015-12-26,0,0,,"Enjoy the holiday slowdown, bond traders - things could get a lot more volatile","채권 거래자 여러분, 연휴 경기 침체를 즐기십시오. 상황이 훨씬 더 불안정해질 수 있습니다."
2018-06-15,0,0,,Steel firms favored by Trump tumble after latest tariff moves,트럼프가 선호하는 철강회사들은 최근 관세 조치 이후 하락세를 보이고 있다
2014-06-23,0,0,,Aquinox Pharmaceuticals (AQXP) in Focus: Stock Plunges 15.1% - Tale of the Tape,Aquinox Pharmaceuticals(AQXP) 초점: 주가 15.1% 급락 - 테이프 이야기
2016-09-08,0,0,,"John Hussman Cuts Xilinx, Kroger","John Hussman, Xilinx와 Kroger를 삭감"
2019-03-27,0,0,,"Vornado (VNO) Extends Credit Facility, Lowers Cost of Debt","Vornado(VNO), 신용 시설 확장, 부채 비용 절감"
2018-11-20,0,0,,"Peter Schiff: When Everything Blows, Gold Is Going Ballistic","피터 쉬프(Peter Schiff): 모든 것이 불황일 때, 금은 탄도처럼 변합니다"
2019-09-23,0,0,,Ameren Missouri Announces Pricing of First Mortgage Bonds Offering due —…49,"Ameren Missouri, 최초 모기지 채권 제공 예정 가격 발표 —…49"
2016-09-08,0,0,,Gundlach: 'Clearly a bad time to raise rates',Gundlach: '분명히 금리 인상에 나쁜 시기'
2016-08-03,0,0,,AXA: A French-Based Forsaken Financial Colossus,AXA: 프랑스에 기반을 둔 포세이큰 금융 거대 기업
2015-01-13,0,0,,Obama reportedly set to introduce plan to cut methane emissions,"오바마, 메탄 배출 감축 계획 발표할 듯"
2019-08-03,0,0,,Stocks To Watch: Trading Tariff Turbulence,주목할 주식: 거래 관세 난기류
2015-06-02,0,0,,Conn's Stock Jumps As It Drops Low-Margin Products,Conn의 주가는 마진이 낮은 제품을 떨어뜨리면서 급등합니다
2016-11-25,0,0,,Why Some Strategists Still Like Gold Despite Its Recent Weakness,일부 전략가들이 최근의 약세에도 불구하고 여전히 금을 좋아하는 이유
2017-11-14,0,0,,Glaxo's Subcutaneous Formulation of Benlysta Approved in EU,Glaxo의 Benlysta 피하 제제가 EU에서 승인됨
2012-03-13,0,0,,ADDvantage Technologies: Nearly Debt Free!,ADDvantage Technologies: 부채가 거의 없습니다!
2015-02-09,0,0,,"Albany misses by $0.04, misses on revenue","Albany는 $0.04 손실, 수익 손실"
2016-04-06,0,0,,Asanko Gold (AKG) Fall on Production News,Asanko Gold (AKG) 생산 뉴스 하락
2018-04-13,0,0,,"Alternative Energy Sees Cost Cuts, Corporate Ventures","대체 에너지는 비용 절감, 기업 벤처를 확인합니다."
2018-08-03,0,0,,"Almaden Minerals: Low Price, Attractive Project, Permitting Issues","Almaden Minerals: 저렴한 가격, 매력적인 프로젝트, 허가 문제"
2013-03-25,0,0,,"Guru Stocks at 52-Week Lows: BIDU, ABX, APA, PKX, MT","52주 최저치의 Guru 주식: BIDU, ABX, APA, PKX, MT"
2015-08-07,0,0,,Contractions In Money Flows And Market Liquidity - Part 7,자금 흐름과 시장 유동성의 수축 - 7부
2014-10-03,0,0,,Medical Stocks Hang Tough As Market Falls,시장 하락으로 의료 주식이 어려움을 겪고 있습니다.
2019-11-10,0,0,,American Eagle Outfitters: Mr. Market Has Already Priced In Lower Margins And Why It Could Be A Buy Signal,American Eagle Outfitters: Mr. Market은 이미 낮은 마진으로 가격을 책정했으며 이것이 매수 신호가 될 수 있는 이유
2015-08-26,0,0,,Grief Downgraded by Moody's; Ratings Revised to Negative,Moody's가 슬픔 등급을 하향 조정했습니다. 등급이 부정적으로 수정됨
2015-10-20,0,0,,Aspen Discloses Cat Loss Estimate of Tianjin Explosion,"Aspen, 천진 폭발로 인한 Cat Loss 추정치 공개"
2018-07-17,0,0,,"As Risks Balloon, Yield Chasers Blow Off The Fed",위험이 커지면서 수익률 추격자들이 연준을 날려 버립니다.
2017-01-12,0,0,,8 Undervalued Stocks With Low P/E Ratios,P/E 비율이 낮은 저평가 주식 8개
2017-02-10,0,0,,"Comfort Systems USA, Inc. - Awaiting Execution","Comfort Systems USA, Inc. - 실행 대기 중"
2015-08-17,0,0,,"Agilent's revenue guidance light, EPS guidance in-line; orders drop 6%","애질런트의 수익 가이던스 라이트, EPS 가이던스 인라인; 주문량 6% 감소"
2020-05-05,0,0,,"Akebia Therapeutics (AKBA) Reports Q1 Loss, Tops Revenue Estimates","Akebia Therapeutics(AKBA), 1분기 손실 보고, 수익 추정치 최고 기록"
2014-03-28,0,0,,Five Star Quality Care (FVE) in Focus: Stock Tumbles 9.5% - Tale of the Tape,5성 품질 관리(FVE)에 초점: 주가 9.5% 폭락 - 테이프 이야기
2012-11-22,0,0,,52 Week Low: Ameren,52주 최저가: 아메렌
2018-08-02,0,0,,"Parker-Hannifin (PH) Q4 Earnings Top, Revenues Miss Estimates","Parker-Hannifin (PH) 4분기 수익 최고, 수익 추정치 미달"
2020-01-15,0,0,,Alcoa Reports Q4 Earnings Miss,"Alcoa, 4분기 실적 부진 보고"
2018-08-16,0,0,,How Far Could Aetna Fall? (And When I'll Start Buying),Aetna는 얼마나 멀리 떨어질 수 있습니까? (그리고 구매를 시작할 때)
2018-10-25,0,0,,"ABB EPS in-line, misses on revenue","ABB EPS 인라인, 수익 손실"
2016-04-26,0,0,,AK Steel +4% after lighter than expected loss despite fewer shipments,AK Steel은 출하량 감소에도 불구하고 예상 손실보다 적자 후 +4%
2019-05-23,0,0,,"Lower hot-rolled coil price view prompts AK Steel, Steel Dynamics downgrades","열연코일 가격 하락으로 AK스틸, 스틸다이나믹스 등급 하향 조정"
2019-06-07,0,0,,Jobs Data Depicts Weakness: 75K in May,일자리 데이터는 약점을 나타냅니다: 5월의 75K
2019-01-16,0,0,,Hanover Estimates Cat Loss to Affect Q4 Results by $50M,Hanover는 Cat 손실이 4분기 결과에 5천만 달러 영향을 미칠 것으로 추정합니다.
2016-07-28,0,0,,"ACI Worldwide misses by $0.06, misses on revenue","ACI Worldwide는 0.06달러 손실, 수익 손실"
2014-04-10,0,0,,"Biotech IPOs Adamas, Cerulean Slump In Trading Debut","생명공학 IPO Adamas, 거래 데뷔에서 세룰리안 슬럼프"
2016-05-31,0,0,,"Adeptus Health commences exit-enabling equity offering for certain executives, directors and an institutional investor; shares off 7% after hours","Adeptus Health는 특정 임원, 이사 및 기관 투자자를 위한 출구 지원 주식 제공을 시작합니다. 영업 시간 이후에는 7% 할인"
2019-05-13,0,0,,"AllianceBernstein April AUM +2.3% M/M on market action, net inflows","AllianceBernstein 4월 AUM 시장 활동에 대한 M/M +2.3%, 순 유입"
2019-09-03,0,0,,AECOM (ACM) Rides on Strategic Initiatives Amid Low Demand,"AECOM(ACM), 수요가 적은 가운데 전략적 이니셔티브 추진"
2020-02-14,0,0,,"Acorda (ACOR) Q4 Earnings Top Estimates, Revenues Fall Y/Y","Acorda (ACOR) 4분기 실적 최고 추정치, 매출은 Y/Y 감소"
2019-08-01,0,0,,Aaon (AAON) Q2 Earnings and Revenues Miss Estimates,Aaon (AAON) 2분기 수익 및 수익 예상치 미스
2018-02-12,0,0,,The Stock Market - Dow And SPX - Could Easily Drop 50%,주식 시장 - Dow 및 SPX - 쉽게 50% 하락할 수 있음
2018-04-15,0,0,,Market Volatility Bulletin: VIX Falls Despite A Choppy Day For Stocks,시장 변동성 공지: 주식 변동이 심한 날에도 VIX 하락
2015-08-24,0,0,,"Tech stocks seeing major losses: SCTY, AMBA, SEDG, VHC, CSIQ, FTNT, FIT","큰 손실을 입은 기술주: SCTY, AMBA, SEDG, VHC, CSIQ, FTNT, FIT"
2020-02-29,0,0,,2020 Value Stocks List: Lowest P/E Stocks (+The Top 3 Value Stocks Now),2020년 가치주 목록: 최저 P/E 주식(+현재 상위 3개 가치주)
2019-02-28,0,0,,This 18% Yield Is Practically Guaranteed to Be Cut,이 18% 수익률은 실질적으로 삭감이 보장됩니다.
2015-08-04,0,0,,Stocks Set For Lower Start; Regeneron Jumps On Earnings,"낮은 시작을 위한 주식 설정; Regeneron, 수익 증대"
2018-08-28,0,0,,Tesla: Why The Slow Demise Of The Models S And X Is A Bigger Problem Than Model 3's Production Ramp,Tesla: 모델 S와 X의 느린 종말이 모델 3의 생산 증가보다 더 큰 문제인 이유
2018-01-12,0,0,,Aflac responds; shares remain sharply lower,Aflac이 응답합니다. 주가는 크게 하락세를 유지
2016-06-08,0,0,,Steel Tariffs Can't Slow Down AAON From Taking Share In HVAC,철강 관세로 인해 AAON이 HVAC 부문에서 점유율을 차지하는 것을 늦출 수는 없습니다.
2015-11-18,0,0,,Screening for Stocks Based on Price-to-Free Cash Flow Ratio,주가대비 현금흐름비율에 따른 주식선별
2012-11-13,0,0,,"Futures Lower amid Greece Jitters. Stocks to Watch: AKS, AAPL, CSCO, DKS, HOLX, HD, KORS, SKS, TJX","그리스 불안 속에 선물 가격 하락. 주목할만한 주식 : AKS, AAPL, CSCO, DKS, HOLX, HD, KORS, SKS, TJX"
2020-01-16,0,0,,"HBW Advisory Services LLC Buys SPDR Russell –……… Low Volatility ETF, Starbucks Corp, ...","HBW Advisory Services LLC, SPDR Russell 인수 –…… Low Volatility ETF, Starbucks Corp, ..."
2014-11-12,0,0,,Stocks Down At Midday; Citi Leads Bank Stocks Lower,"정오에 주식 하락; Citi, 은행주 하락 주도"
2016-08-09,0,0,,Acadia Realty edges lower after capital raise,Acadia Realty는 자본금 인상 후 하락
2019-03-26,0,0,,No analyst rates Abiomed a Sell but shares plunge to three month low,애널리스트 없음 Abiomed를 매도라고 평가했지만 주가는 3개월 최저치로 급락
2020-05-14,0,0,,Dow Jones Recovers Losses on Thursday,"다우존스, 목요일 손실 회복"
2016-07-06,0,0,,Aton Resources Inc. Announces Shares for Debt Transaction and Grant of Stock Options,"Aton Resources Inc., 부채 거래 및 스톡 옵션 부여를 위한 주식 발표"
2017-11-20,0,0,,"Salesforce, Analog Devices, Lowe's Lead 7 Earnings Reports Tuesday: Investing Action Plan","Salesforce, Analog Devices, Lowe's Lead 7 화요일 수익 보고서: 투자 실행 계획"
2016-08-30,0,0,,Conventional Oil Discovery Hits Multi-Decade Low - Oil Markets Daily,기존 석유 발견이 수십 년 동안 최저치를 기록했습니다 - 일일 석유 시장
2019-01-11,0,0,,Aehr Test Systems witnesses ~17% decline post Q2 results,Aehr Test Systems는 2분기 결과 이후 ~17% 감소를 목격했습니다.
2012-06-11,0,0,,"Stocks Slumping to 52-Week Lows: Diamond Foods, SuperValu","52주 최저치로 하락한 주식: Diamond Foods, SuperValu"
2018-10-27,0,0,,Stocks That Fell to '-Year Lows in the Week of Oct. —6,10월 —6주에 연중 최저치로 하락한 주식
2019-07-29,0,0,,Stock Returns After 1st Fed Cuts,1차 연준 인하 이후 주식 수익률
2015-12-15,0,0,,"Premarket Biotech Digest: Biogen Looks Stronger, Atara Plunges, Akebia Collaboration","시판 전 생명공학 다이제스트: Biogen이 더욱 강력해 보이고 Atara 급락, Akebia 협업"
2018-08-29,0,0,,Silver Producers Are Less Vulnerable To Lower Precious Metals Prices,[번역 실패]
2014-03-25,0,0,,Stocks On Pace To End Two-Session Slump,2회기 슬럼프를 끝내는 속도의 주식
2016-09-12,0,0,,"Applied Genetic beats by $0.08, misses on revenue","Applied Genetic은 $0.08 상회, 수익 손실"
2016-05-02,0,0,,Tech-Heavy QQQ ETF Halts Row Of Losses As Amazon Eyes $700,"기술 중심의 QQQ ETF, 아마존이 700달러를 주시하면서 연속 손실 중단"
2019-08-15,0,0,,"Aegon -7.2% as H1 hit by outflows, fair value losses",[번역 실패]
2019-05-07,0,0,,CEF Report May 2019: Distribution Cuts Subside,2019년 5월 CEF 보고서: 유통 삭감 감소
2016-07-27,0,0,,"Astoria Financial EPS in-line, misses on revenue","Astoria Financial EPS 인라인, 수익 손실"
2011-02-24,0,0,,Intrepid Potash Follows the Leaders,용감한 칼륨은 지도자를 따릅니다
2017-03-23,0,0,,This Is How Far Oil Prices Have To Fall To Trigger Junk Bond Chaos,[번역 실패]
2015-11-28,0,0,,10 Low P/E Stocks For The Enterprising Investor - November 2015,진취적인 투자자를 위한 10가지 낮은 P/E 주식 - 2015년 11월
2019-07-25,0,0,,Tesla (TSLA) Earnings and Revenues Miss Estimates in Q2,Tesla(TSLA) 2분기 수익 및 수익 예상치 미달
2014-09-03,0,0,,Select Income REIT (SIR) Crumbles: Stock Falls by 5.5% - Tale of the Tape,Select Income REIT (SIR) 붕괴: 주가 5.5% 하락 - 테이프 이야기
2013-10-19,0,0,,Sector Watch: Numerous Billionaires Hold Apparel on 52-week Low,섹터 워치: 수많은 억만장자 의류 52주 최저치 유지
2020-05-06,0,0,,"Who's In? Who's Out? Walmart & Twitter Dropped from the S&P 500 ESG Index, Among Other Major Changes",누구야? 누가 나갔나요? 월마트와 트위터가 S&P 500 ESG 지수에서 제외되는 등 주요 변화
2015-04-27,0,0,,"Barrick Gold misses by $0.04, misses on revenue","Barrick Gold는 $0.04 손실, 수익 손실"
2020-02-13,0,0,,Household Inflation Lower in January,1월 가계 인플레이션 하락
2015-11-25,0,0,,ObamaCare Enrollment Off To Slow Start For 2016,2016년 ObamaCare 등록이 슬로우 스타트로 종료됨
2015-03-17,0,0,,"Commodities Today: More Bearish Calls For Oil And Precious Metals, Airlines Rally On Lower Oil Prices","오늘의 원자재: 석유 및 귀금속에 대한 약세 요구 증가, 유가 하락에 따른 항공사 랠리"
2018-07-16,0,0,,CVS responds to Trump Administration's request for info on now to lower drug prices,CVS는 트럼프 행정부의 약가 인하 정보 요청에 응답했다.
2017-07-14,0,0,,AKG LOSS NOTICE: Rosen Law Firm Reminds Asanko Gold Inc. ...,AKG 손실 공지: Rosen 법률 사무소에서 Asanko Gold Inc.에게 상기시켜 드립니다.
2019-10-16,0,0,,"Alcoa EPS misses by $0.15, misses on revenue","Alcoa EPS는 0.15달러 손실, 수익 손실"
2018-02-16,0,0,,"Ameren beats by $0.03, misses on revenue",Ameren은 $0.03 앞섰고 수익은 감소했습니다.
2016-11-24,0,0,,Hustle And Flow,허슬 앤 플로우
2015-03-18,0,0,,Stock Market Stays Lower As Fed Statement Looms,연준 성명서 발표로 주식시장 하락세 유지
2016-07-15,0,0,,Generating 6% Yield In A 0% World - Building Exchange Traded Debt Ladders,0% 세계에서 6% 수익률 생성 - 거래소 부채 사다리 구축
2017-10-30,0,0,,Can Lower Revenues Affect Genworth's (GNW) Q3 Earnings?,수익 감소가 Genworth(GNW)의 3분기 수익에 영향을 미칠 수 있습니까?
2016-11-23,0,0,,"Health Care ETFs Fall As Eli Lilly, Juno Add To Troubled Sector's Woes","건강 관리 ETF는 Eli Lilly, Juno로 인해 문제가 있는 부문의 불황을 가중시킵니다."
2019-01-10,0,0,,Advaxis net loss for fiscal 2018 ($66.5M),"2018 회계연도 Advaxis 순손실(6,650만 달러)"
2014-07-16,0,0,,Market Losses Its Swagger In Afternoon Trade,시장은 오후 거래에서 허세를 잃습니다.
2013-01-31,0,0,,"Advanced Emissions Solutions Inc (ADES) COO C Jean Bustard sells 1,000 Shares","Advanced Emissions Solutions Inc(ADES) COO Jean Bustard, 1,000주 매각"
2018-12-30,0,0,,Stocks That Fell to '-Year Lows in the Week of Dec. —8,12월 —8주에 올해 최저치로 하락한 주식
2015-09-11,0,0,,Avery Dennison Targets 26% Cut in GHG Emissions by 2025,"에이버리데니슨, 2025년까지 온실가스 배출량 26% 절감 목표"
2017-09-18,0,0,,"Fall in August Retail Sales, Just Make Things Tough for Fed","8월 소매판매 하락, 연준에 상황을 어렵게 만들 뿐"
2017-11-01,0,0,,Dr. Reddy's (RDY) Q2 Earnings and Revenues Decline Y/Y,Dr. Reddy's (RDY) 2분기 수익 및 수익은 Y/Y 감소
2016-03-23,0,0,,Akers Biosciences Allowed US Patent for Heparin/PF4 Antibody Detection,"Akers Biosciences, 헤파린/PF4 항체 검출에 대한 미국 특허 승인"
2018-04-19,0,0,,Aaron's falls after Off Wall Street warns,Off Wall Street의 경고 이후 Aaron은 추락했습니다.
2017-03-03,0,0,,5 Undervalued Stocks Trading Below Graham Number,그레이엄 넘버 이하로 거래되는 저평가 주식 5개
2019-11-26,0,0,,"Analog Devices EPS misses by $0.03, misses on revenue","Analog Devices EPS는 0.03달러 손실, 수익 손실"
2016-07-13,0,0,,Aspen reports pre-tax loss in 2Q16,"Aspen, 2Q16 세전 손실 보고"
2020-03-10,0,0,,Altra Industrial (AIMC) Declines 40% YTD: What's Hurting it?,Altra Industrial(AIMC) YTD 40% 하락: 무엇이 문제인가?
2012-02-07,1,1,,"Growth & Income Stock Picks-Feb.8, 2012 - Zacks Rank Buys",성장 및 소득 주식 추천 - 2012년 2월 8일 - Zacks 순위 매수
2015-02-02,1,1,,Economy And ObamaCare Lift Walk-In Surgery At AmSurg,AmSurg의 경제 및 ObamaCare 리프트 워크인 수술
2019-09-30,1,1,,Arthur J. Gallagher to Acquire Michigan-Based LSG Insurance,"Arthur J. Gallagher, 미시간 기반 LSG 보험 인수"
2015-04-08,1,1,,"Stocks Open Higher, Trade Mixed; Noah Holdings Up","주식 상승, 거래 혼합; 노아 홀딩스 업"
2019-07-10,1,1,,"AAR EPS beats by $0.02, beats on revenue",AAR EPS가 0.02달러 앞섰고 수익도 앞섰습니다.
2020-02-13,1,1,,Acorda (ACOR) Beats Earnings & Revenues Estimates in Q4,Acorda(ACOR)가 4분기 수익 및 수익 추정치를 상회했습니다.
2018-03-21,1,1,,"AAR Corp (AIR) Beats Q3 Earnings Estimates, Revenues Lag","AAR Corp(AIR), 3분기 수익 추정치, 수익 지연률 상회"
2018-06-08,1,1,,Is American Eagle Flying A Little Too High Again?,아메리칸 이글이 다시 너무 높이 날고 있나요?
2019-07-22,1,1,,Advaxis down 13% on upsized capital raise,자본금 증액으로 Advaxis 13% 하락
2019-11-22,1,1,,"Class Actions Against Match Group, Inc. (MTCH), Vivint Solar, Inc. (VSLR) & ADTRAN, Inc. ...","Match Group, Inc.(MTCH), Vivint Solar, Inc.(VSLR) 및 ADTRAN, Inc.에 대한 집단 소송..."
2015-04-08,1,1,,Clovis Oncology (CLVS) in Focus: Stock Moves 8% Higher - Tale of the Tape,클로비스 종양학(CLVS)에 초점: 주가 8% 상승 - 테이프 이야기
2019-11-15,1,1,,Alliance Data Provides Card Services Performance Update For October —…–9,"Alliance Data, 10월 카드 서비스 성능 업데이트 제공 —…–9"
2015-01-06,1,1,,Cempra (CEMP) in Focus: Stock Rises 7.2% - Tale of the Tape,Cempra (CEMP) 초점: 주가 7.2% 상승 - 테이프 이야기
2014-11-12,1,1,,"Adept Technology (ADEP) Shares March Higher, Can It Continue? - Tale of the Tape",Adept Technology(ADEP) 주가가 3월 상승했는데 계속될 수 있을까요? - 테이프 이야기
2016-06-22,1,1,,Pioneer Investments' Largest Buys of the Last — Quarters,Pioneer Investments의 최근 최대 매수 — 분기
2018-05-28,1,1,,2 Free Stocks And M&A Updates,2가지 무료 주식 및 M&A 업데이트
2017-09-06,1,1,,IBD Rating Upgrades: First Industrial Realty Trust Shows Improved Price Strength,IBD 등급 업그레이드: 최초의 산업용 부동산 신탁은 향상된 가격 강점을 보여줍니다.
2018-09-27,1,1,,Acxiom & Thunder Team Up to Bring Precision in Targeting Ads,Acxiom과 Thunder가 협력하여 타겟팅 광고의 정확성을 높입니다.
2017-01-05,1,1,,6 Companies That Beat the S&P 5…… Index,S&P 5를 능가하는 6개 기업…
2019-10-31,1,1,,Akorn up 2% on preliminary Q3 results,Akorn은 3분기 예비 결과에서 2% 상승
2019-06-24,1,1,,Stock Upgrades: Acadia Healthcare Shows Rising Relative Strength,주식 업그레이드: Acadia Healthcare의 상대적 강세 상승
2015-05-28,1,1,,"Avalanche Biotechnologies (AAVL) Shares March Higher, Can It Continue? - Tale of the Tape",AAVL(Avalanche Biotechnologies) 주가가 3월 상승했는데 계속될 수 있을까요? - 테이프 이야기
2015-03-18,1,1,,Equity REITs higher across the board after Fed,Fed 이후 전반적으로 주식 REIT가 높아졌습니다.
2016-02-23,1,1,,How You Hunt For Stocks Matters In A New Market Uptrend,새로운 시장 상승 추세에서는 주식을 찾는 방법이 중요합니다
2016-07-15,1,1,,Dividend Champions and Contenders That Appear Enticingly Valued,매력적인 가치를 지닌 것으로 보이는 배당 챔피언 및 경쟁자
2018-10-22,1,1,,American Campus Communities (ACC) Q3 FFO and Revenues Surpass Estimates,ACC(American Campus Communities) 3분기 FFO 및 수익이 추정치를 초과했습니다.
2017-04-18,1,1,,The Vetr community has upgraded $AFL to 3.5-Stars.,Vetr 커뮤니티는 $AFL을 3.5성으로 업그레이드했습니다.
2019-09-01,1,1,,Dividend Challenger Highlights: Week Of September 1,배당금 도전자 하이라이트: 9월 1일 주
2020-05-15,1,1,,"Silvercrest Asset Management Group Llc Buys The Simply Good Foods Co, Envista Holdings Corp, ...","Silvercrest 자산 관리 그룹 Llc, Simply Good Foods Co, Envista Holdings Corp, ..."
2017-03-10,1,1,,Everest Re Group's (RE) Prospects Look Bright: Time to Buy?,Everest Re Group(RE)의 전망은 밝아 보입니다: 매수 시점인가?
2017-10-25,1,1,,MKS Instruments (MKSI) Beats on Q3 Earnings and Revenues,MKS Instruments(MKSI)가 3분기 수익 및 수익을 앞질렀습니다.
2018-04-16,1,1,,Healthcare - Top 5 Gainers / Losers as of 11:00 AM (04/16/2018),헬스케어 - 오전 11시 기준(2018년 4월 16일) 상위 5위 상승/패자
2019-04-30,1,1,,Oxbridge Re Holdings leads financial gainers; Greenhill and Kingstone Companies among losers,Oxbridge Re Holdings는 금전적 이득을 얻는 선두주자입니다. 패자 중 Greenhill 및 Kingstone Company
2018-09-22,1,1,,High Yield For Granny (Part 2): Savvy 'Widows & Orphans' Portfolio Re-Visited,할머니를 위한 높은 수확량(2부): 현명한 '과부와 고아' 포트폴리오 재방문
2019-06-26,1,1,,Should Value Investors Buy American Equity Investment (AEL) Stock?,가치 투자자는 AEL(American Equity Investment) 주식을 구매해야 합니까?
2019-11-12,1,1,,Uber Co-Founder Kalanick Sells 21% Stake as Lock-Up Expires,"Uber 공동 창업자 Kalanick, 락업 만료로 지분 21% 매각"
2018-10-10,1,1,,CVS and Aetna up premarket on looming DOJ signoff on merger,"CVS와 Aetna, 법무부의 합병 승인이 임박함에 따라 시판 전 가격 인상"
2019-02-21,1,1,,Agilent (A) Surpasses Earnings and Revenue Estimates in Q1,Agilent (A)가 1분기에 수익 및 수익 추정치를 능가했습니다.
2018-07-19,1,1,,5 Biotech Stocks Well Poised to Beat Q2 Earnings Estimates,2분기 수익 추정치를 상회할 준비가 되어 있는 5개 생명공학 주식
2018-07-09,1,1,,"Arthur J. Gallagher acquires Reassurance Holdings, Inc.","Arthur J. Gallagher가 Reassurance Holdings, Inc.를 인수했습니다."
2017-12-08,1,1,,"Philip Morris: Good High Dividend Income, Poor Total Return","필립 모리스: 좋은 고배당 소득, 낮은 총 수익률"
2012-05-02,1,1,,"American Eagle Outfitters, Lennar Corporation Among Stocks Hitting 52-Week Highs Wednesday","수요일 52주 최고치를 경신한 주식 중 American Eagle Outfitters, Lennar Corporation"
2012-03-16,1,1,,Three Ways to Play China's Hard Landing - Investment Ideas,중국의 경착륙을 위한 세 가지 방법 - 투자 아이디어
2020-03-17,1,1,,"Hyperthermia Treatment for Cancer Market to Grow with a High CAGR- Global Industry Analysis, ...",높은 CAGR- 글로벌 산업 분석을 통해 성장하는 암 시장을 위한 온열치료
2012-07-26,1,1,,"Sprint Nextel, Seagate Technology Among Stocks Gapping Up Thursday","Sprint Nextel, 목요일 주식 격차 중 Seagate 기술"
2020-04-30,1,1,,Abiomed (ABMD) Beats Q4 Earnings Estimates,Abiomed (ABMD)가 4분기 실적 추정치를 상회했습니다.
2015-08-17,1,1,,ChinaCord (CO) at 52-Week High on Fresh Takeover Proposal,"ChinaCord(CO), 새로운 인수 제안으로 52주 최고 기록"
2015-09-29,1,1,,Microsoft Changes Financial Segments Again; Effective FY16,Microsoft는 금융 부문을 다시 변경합니다. 2016년부터 시행
2012-04-19,1,1,,5 Big Stocks to Trade for Gains,이익을 위해 거래할 수 있는 5가지 대형주
2018-02-08,1,1,,"High Monthly Income In This Diversified, High Occupancy Rate, Retail REIT",다각화되고 점유율이 높은 소매 REIT로 높은 월 소득
2015-05-22,1,1,,"Autobytel Inc (ABTL) Boosts Guidance Significantly, Pershing Square Capital Sees Potential In Actavis plc (ACT)",Autobytel Inc(ABTL)가 지침을 대폭 강화하고 Pershing Square Capital은 Actavis plc(ACT)에서 잠재력을 확인합니다.
2016-09-27,1,1,,Real Estate Leader CXW Gains Upside As Price Sags,부동산 선두주자인 CXW는 가격 하락으로 상승세를 얻습니다.
2018-07-13,1,1,,Healthcare - Top 5 Gainers / Losers as of 11:00 am (7/13/2018),헬스케어 - 오전 11시 기준(2018년 7월 13일) 상위 5위 상승/패자
2019-05-14,1,1,,ABIOMED's Impella 5.0 and LD Receive Expanded FDA Approvals,"ABIOMED의 Impella 5.0 및 LD, FDA 승인 확대"
2018-11-14,1,1,,"Zacks.com featured highlights include: Papa Murphy's, Penumbra, Tesla, Ameren and Arbor Realty","Zacks.com 주요 하이라이트는 다음과 같습니다: Papa Murphy's, Penumbra, Tesla, Ameren 및 Arbor Realty"
2017-03-15,1,1,,Federal Agricultural Mortgage goes ex-dividend tomorrow,"연방 농업 모기지, 내일부터 배당락"
2017-09-07,1,1,,Arthur J. Gallagher's Buyout to Shore up Scandinavian Base,스칸디나비아 기지를 강화하기 위한 Arthur J. Gallagher의 인수
2019-11-26,1,1,,AK Steel Purchases Group Annuity Contract From MassMutual,"AK Steel, MassMutual로부터 그룹 연금 계약 구매"
2016-07-07,1,1,,Acorda Therapeutics Has Significant Upside From Its Current Stock Price,Acorda Therapeutics는 현재 주가 대비 상당한 상승 여력을 가지고 있습니다.
2014-11-17,1,1,,Strength Seen in Geron (GERN): Stock Surges 19.5% - Tale of the Tape,Geron(GERN)에서 볼 수 있는 강점: 주가 급등 19.5% - 테이프 이야기
2016-02-12,1,1,,High Yield: Opportunity Amid The Carnage?,높은 수확량: 대학살 속의 기회?
2020-05-05,1,1,,Agco (AGCO) Beats Q1 Earnings and Revenue Estimates,Agco(AGCO)가 1분기 수익 및 매출 추정치를 상회했습니다.
2015-04-15,1,1,,"Stock Futures Grapple Higher; Biogen, Akorn Lead IBD 50 List","주식 선물은 더 높아진다; Biogen, Akorn 리드 IBD 50 목록"
2019-08-08,1,1,,Aaron's declares $0.035 dividend,Aaron's는 0.035달러의 배당금을 선언합니다.
2013-03-11,1,1,,3 Highest Dividend Paying Mortgage Stocks,배당금이 가장 높은 모기지 주식 3개
2018-08-21,1,1,,Anthem Ties Up With Walmart to Better Serve Medicare Members,Anthem은 Walmart와 협력하여 Medicare 회원에게 더 나은 서비스를 제공합니다
2014-10-29,1,1,,Barrick Gold Announces Dividend,"Barrick Gold, 배당 발표"
2016-07-21,1,1,,E-Commerce Growth: Is This Rock-Solid Income REIT Still Flying Under Your Radar?,전자 상거래 성장: 이 견고한 소득 REIT가 여전히 귀하의 레이더를 피해가고 있습니까?
2019-09-25,1,1,,AAR declares $0.075 dividend,"AAR, $0.075 배당금 선언"
2015-09-16,1,1,,Maxwell to Supply Ultracapacitors for General Motors Cars,"Maxwell, General Motors 자동차용 울트라커패시터 공급"
2018-12-28,1,1,,Mining Stocks Could Be Next Big Thing: Massive Gains Likely In 2019 & Beyond,광업 주식은 차세대 큰 일이 될 수 있습니다: 2019년 및 그 이후에도 엄청난 이익을 얻을 가능성이 있습니다
2019-05-31,1,1,,IBD Rating Upgrades: Acadia Healthcare Flashes Improved Price Strength,IBD 등급 업그레이드: Acadia Healthcare는 가격 강세를 향상시켰습니다.
2018-08-10,1,1,,American Financial Group Inc (AFG) Co-CEO & Co-President Carl H Lindner Iii Sold $9 million ...,American Financial Group Inc(AFG) 공동 CEO 겸 공동 회장 Carl H Lindner Iii 900만 달러 매각...
2016-08-15,1,1,,Adcare Health Systems revenues up 60% in Q2,Adcare Health Systems 수익은 2분기에 60% 증가했습니다.
2018-11-21,1,1,,Tracking Carl Icahn's Portfolio - Q3 2018 Update,Carl Icahn의 포트폴리오 추적 - 2018년 3분기 업데이트
2019-01-25,1,1,,Why Analog Devices (ADI) is Poised to Beat Earnings Estimates Again,Analog Devices(ADI)가 다시 수익 추정치를 상회할 준비가 되어 있는 이유
2019-11-05,1,1,,10 High Momentum Dividend Aristocrats,10명의 높은 모멘텀 배당 귀족
2014-11-03,1,1,,"ServiceSource International, Inc. (SREV) in Focus: Stock Soars 14.4% - Tale of the Tape","ServiceSource International, Inc.(SREV)의 초점: 주가 14.4% 급등 - 테이프 이야기"
2012-05-17,1,1,,"Stocks to Watch: Wal-Mart, Sears (Update 1)","주목할 주식: 월마트, 시어스(업데이트 1)"
2017-02-02,1,1,,American Financial (AFG) Beats on Q4 Earnings & Revenues,아메리칸 파이낸셜(AFG)이 4분기 실적 및 수익을 앞질렀습니다.
2018-06-12,1,1,,Stock Futures Edge Higher Ahead Of Fed; AT&T Ruling Charges Late Trade,Fed보다 높은 주식 선물 가장자리; AT&T 판결 지연 거래 수수료
2016-09-14,1,1,,"InsiderInsights.com Daily Round Up 9/13/16: Monmouth Real Estate Investment Corp., La Jolla Pharmaceutical Co., Kadmon","InsiderInsights.com 일일 요약 2016년 9월 13일: Monmouth Real Estate Investment Corp., La Jolla Pharmaceutical Co., Kadmon"
2015-10-19,1,1,,Snakes On The Beach Are Signaling Higher Agricultural Commodity Prices,해변의 뱀은 농산물 가격 상승을 신호하고 있습니다
2019-09-07,1,1,,REITs And Housing Sector Climb To Record Highs,REIT와 주택 부문이 최고치를 기록하며 상승
2019-06-14,1,1,,Sidoti picks up Farmer Mac coverage again at neutral,Sidoti는 중립에서 다시 Farmer Mac 적용 범위를 선택합니다.
2017-02-17,1,1,,"Stock Indexes Quiet, But Apple Supplier Cognex Leaps 9%",주가지수는 조용했지만 Apple 공급업체 Cognex는 9% 급등했습니다.
2016-06-10,1,1,,"Silver Outpaces Gold, Miners Hold Ranking, Franco Nevada Nips Buy Point","은이 금을 능가하고 광부 순위 유지, 프랑코 네바다 Nips 구매 포인트"
2018-10-30,1,1,,"Arch Capital beats by $0.07, beats on net premiums earned",Arch Capital은 0.07달러 상회하고 순 보험료를 상회합니다.
2017-11-20,1,1,,Healthcare - Top 5 Gainers / Losers as of 11:00 am,헬스케어 - 오전 11시 기준 상승자/패자 상위 5위
2016-08-02,1,1,,ACCO Brands raised FY2016 guidance on earnings beat,"ACCO Brands, 실적 상회에 대한 FY2016 지침 상향"
2015-04-27,1,1,,A.H. Belo revenues gain 1.6%; production costs rise,A.H. Belo 수익은 1.6% 증가합니다. 생산 비용이 상승하다
2020-02-11,1,1,,"Variable Frequency Drive Market Insights By Revenue, Upcoming Trends And Top Players Forecast ...","수익, 향후 추세 및 상위 플레이어 예측별 가변 주파수 드라이브 시장 통찰력"
2017-06-23,1,1,,Republicans Present Healthcare Bill: Top 5 Gainers,"공화당, 의료 법안 발표: 상위 5개 상승세"
2020-01-09,1,1,,Why Aflac (AFL) is Poised to Beat Earnings Estimates Again,Aflac(AFL)이 다시 수익 추정치를 상회할 준비가 되어 있는 이유
2018-01-26,1,1,,High Expectations Remain The Theme For Rockwell Automation,높은 기대치는 여전히 로크웰 오토메이션의 주제입니다
2017-09-27,1,1,,"RLI Corp.'s Premium Growth Impresses, Rising Costs a Woe",RLI Corp.의 프리미엄 성장은 인상적이며 비용 상승은 비애입니다
2019-10-02,1,1,,Astrotech and U.S. Well Services in industrial gainers; Babcock & Wilcox among losers,산업 승자의 Astrotech 및 U.S. Well Services; 패자 중 Babcock & Wilcox
2016-03-03,1,1,,Buy Private Equity Sector For Yields Up To 10%,최대 10%의 수익률로 사모펀드 부문 구매
2019-01-08,1,1,,MiMedx Group and Axsome Therapeutics among healthcare gainers; Achaogen and Cidara Therapeutics among losers,의료 부문에서 MiMedx Group과 Axsome Therapeutics; 패자 중 Achaogen과 Cidara Therapeutics
2011-08-31,1,1,,15 Growth Stocks Outpacing The Market,시장을 앞지르는 15가지 성장주
2015-03-08,1,1,,Dividend Champion Portfolio: March Update,배당 챔피언 포트폴리오: 3월 업데이트
2019-01-03,1,1,,Adamis Files 2 NDAs And Upholds Pledge To Shareholders...Barely,Adamis는 2개의 NDA를 제출하고 주주들에 대한 서약을 유지합니다...간신히
2018-07-22,1,1,,9% Dividend Yield Positioned For Rising Rates And Upcoming Special Dividend,금리 인상 및 향후 특별 배당을 위한 9% 배당수익률
2019-03-08,1,1,,ResMed's New Brightree Suite to Boost Home Infusion Business,ResMed의 새로운 Brightree 제품군으로 가정용 주입 사업 강화
2015-08-06,1,1,,Concert Pharmaceuticals (CNCE) in Focus: Stock Rises 5.2% - Tale of the Tape,집중하고 있는 콘서트 파마슈티컬스(CNCCE): 주가 5.2% 상승 - 테이프 이야기
2020-05-05,1,1,,"3 Top Dividend Stocks to Maximize Your Retirement Income - May 05, 2020",퇴직 소득 극대화를 위한 3가지 최고 배당주 - 2020년 5월 5일
2016-03-11,1,1,,"S&P 500, Dow ETFs Hit 2016 High; IBB Offers Short Sale Opportunity","S&P 500, Dow ETF가 2016년 최고치를 기록했습니다. IBB는 공매 기회를 제공합니다"
2017-11-02,1,1,,"Geron (GERN) Q3 Loss Narrower Than Expected, Sales Miss","Geron (GERN) 3분기 손실 예상보다 작아, 매출 미스"
2019-05-01,1,1,,Ares Commercial Real Estate declares $0.33 dividend,Ares Commercial Real Estate는 0.33달러의 배당금을 선언합니다.
2013-09-12,1,1,,Twice As Nice: Small Cap and Dividend Growth,두 배나 좋은 것: 소형주와 배당 성장
2017-03-24,1,1,,"Pioneer Investments Exits Wells Fargo, Coca-Cola, Buys Walt Disney","Pioneer Investments, Wells Fargo, Coca-Cola 퇴출, Walt Disney 인수"
2016-07-22,1,1,,Defensive And Dividend ETFs Win Favor Amid Mixed Corporate Reports,엇갈린 기업 보고서 속에서 방어 및 배당 ETF가 선호를 얻습니다.
2018-08-02,1,1,,American Financial Group (AFG) Q2 Earnings and Revenues Surpass Estimates,American Financial Group(AFG) 2분기 수익 및 수익이 예상치를 상회했습니다.
2020-05-31,1,1,,Money Supply Up; Gold Price Unchanged,자금 공급 증가; 금 가격 변동 없음
2020-01-30,1,1,,Inphi (IPHI) Gears Up for Q4 Earnings: What's in the Cards?,"Inphi(IPHI), 4분기 실적 준비: 카드에는 무엇이 있나요?"
2015-01-16,1,1,,"Agenus (AGEN) Shares March Higher, Can It Continue? - Tale of the Tape","Agenus (AGEN) 주가가 3월 상승했는데, 계속될 수 있을까요? - 테이프 이야기"
2016-06-12,1,1,,REIT Wonder Gramercy Ranks High With Wall Street In June,"REIT Wonder Gramercy, 6월 월스트리트에서 최고 순위 기록"
2016-10-26,1,1,,The Soybean Crush May Tell Us When Grains Can Move Higher,대두 분쇄는 곡물이 언제 더 높이 올라갈 수 있는지 알려줄 수 있습니다
2019-08-28,1,1,,Insurance Dividend Champion - Q2 2019: Aflac Incorporated,보험 배당 챔피언 - 2019년 2분기: Aflac Incorporated
2017-12-04,1,1,,"Dow, S&P 500 Record Highs; Bank Stocks Surge, Tech Leaders Reverse Lower","다우, S&P 500 최고 기록; 은행주 급등, 기술 리더들은 하락 반전"
2016-08-11,1,1,,"Aerocentury EPS in-line, beats on revenue","Aerocentury EPS 인라인, 수익보다 뛰어남"
2018-10-10,1,1,,ADDvantage Technologies Group Appoints Joseph Hart as Permanent CEO; Names James McGill ...,"ADDvantage Technologies Group, Joseph Hart를 영구 CEO로 임명 이름은 제임스 맥길..."
2017-12-20,1,1,,"First Majestic files updated NI 4'-–…– technical reports on its Del Toro, La Parrilla ...","최초의 Majestic 파일이 NI 4'--...- Del Toro, La Parrilla에 대한 기술 보고서를 업데이트했습니다..."
2020-04-07,1,1,,"HCA Healthcare, Google Cloud Tie Up Amid Coronavirus Woes","HCA Healthcare, Google Cloud, 코로나바이러스 문제 속에서 제휴"
2017-05-19,1,1,,"Insiders Roundup: Facebook, General Electric, Aetna","내부자 정리: Facebook, General Electric, Aetna"
2018-09-28,1,1,,Aetna declares $0.50 dividend,"Aetna, 배당금 0.50달러 선언"
2019-02-14,1,1,,"Agios Pharmaceuticals beats by $0.07, beats on revenue",Agios Pharmaceuticals가 0.07달러 앞섰고 매출도 앞섰습니다.
2016-11-11,1,1,,"Aetna, Humana upgraded at Credit Suisse on brighter prospects under Trump","Aetna, Humana는 트럼프 하에서 더 밝은 전망으로 Credit Suisse에서 업그레이드되었습니다."
2020-05-06,1,1,,"Veritas Investment Management (UK) Ltd Buys Automatic Data Processing Inc, Tractor Supply Co, ...","Veritas Investment Management (UK) Ltd, 자동 데이터 프로세싱 Inc, Tractor Supply Co, ..."
2019-11-29,1,1,,Autodesk (ADSK) Surges: Stock Moves 5.5% Higher,Autodesk(ADSK) 급등: 주가 5.5% 상승
2015-03-17,1,1,,Top Setups for Feb 25,2월 25일 최고의 설정
2014-08-14,1,1,,Stocks Add To Gains; OmniVision Surges On Buyout News,주식은 이익에 추가됩니다. OmniVision 인수 소식 급증
2016-06-04,1,1,,"InsiderInsights.com Daily Round Up 6/3/16: OVAS, TICC, CNS, SHAK","InsiderInsights.com 일일 요약 6/3/16: OVAS, TICC, CNS, SHAK"
2018-08-22,1,1,,Analog Devices (ADI) Q3 Earnings and Revenues Surpass Estimates,Analog Devices(ADI) 3분기 수익 및 수익이 예상치를 상회했습니다.
2020-02-03,1,1,,What's in the Cards for Unum Group (UNM) in Q4 Earnings?,4분기 실적에 Unum Group(UNM) 카드에는 무엇이 포함되어 있나요?
2017-08-02,1,1,,"Tortoise Investment Management, LLC Buys Nuveen Build America Bond Opportunity Fund of Bene, ...","Tortoise Investment Management, LLC는 Bene의 Nuveen Build America Bond Opportunity Fund를 인수합니다."
2019-06-13,1,1,,"Zacks.com featured highlights include: ADTRAN, United States Cellular, Molina and Carlisle","Zacks.com 주요 하이라이트는 다음과 같습니다: ADTRAN, United States Cellular, Molina 및 Carlisle"
2012-02-28,1,1,,Gold Prices Gain as Investors Eye European Cash Infusion,투자자들이 유럽 현금 유입에 주목하면서 금 가격 상승
2017-12-04,1,1,,John And Jane - November Dividend Income Tracker,존과 제인 - 11월 배당 소득 추적기
2012-01-16,1,1,,7 Stocks Enticing Investors with Higher Dividends,더 높은 배당금으로 투자자를 유인하는 7가지 주식
2015-05-04,1,1,,Strong Dollar Impacting GDP Growth,강한 달러가 GDP 성장에 영향을 미침
2020-05-06,1,1,,"The Keys to Successfully Timing the Markets - May 06, 2020",시장 타이밍을 성공적으로 맞추는 열쇠 - 2020년 5월 6일
2018-10-22,1,1,,"American Campus Communities beats by $0.01, beats on revenue","American Campus Communities가 0.01달러 앞섰고, 수익도 앞섰습니다."
2017-02-14,1,1,,"P— Capital Partners, LLC Buys Stamps.com, ILG, NetScout Systems, Sells Asbury Automotive Group","P - Capital Partners, LLC는 Stamps.com, ILG, NetScout Systems를 매입하고 Asbury Automotive Group을 매각합니다."
2019-03-01,1,1,,China Internet Nationwide Financial Services leads financial gainers; Washington Prime Group and Ashford Hospitality Trust among losers,중국 인터넷 전국 금융 서비스(China Internet Nationwide Financial Services)가 금융 이득을 주도합니다. 패배자 중 Washington Prime Group과 Ashford Hospitality Trust
2016-09-08,1,1,,Voya Corporate Leaders Trust Fund: No Buys Since 1935 (But It Still Beats The Market),Voya Corporate Leaders Trust Fund: 1935년 이후 매수가 없습니다(하지만 여전히 시장을 이깁니다)
2018-01-26,1,1,,Tilly's: Soaring Alongside Other Teen Retailers,Tilly's: 다른 십대 소매업체들과 함께 급상승
2016-05-17,1,1,,"Akorn Rebounds Further As Q1 Meets Views, Big Investor Ups Stake",Akorn은 Q1이 견해를 충족함에 따라 더욱 반등하고 대규모 투자자가 지분을 늘립니다.
2016-11-14,1,1,,"Regional Banks Dominate New Highs; Argan, Airgain Break Out","지역 은행이 새로운 최고점을 장악했습니다. 아르간, 에어게인 브레이크 아웃"
2019-05-06,1,1,,"Weekly Closed-End Fund Roundup: DSU Tender Results, Some CEF High Fliers Lose Air","주간 폐쇄형 펀드 모집: DSU 입찰 결과, 일부 CEF 고액 전단지는 공기를 잃습니다."
2020-04-07,1,1,,"Gradient Investments LLC Buys Invesco BulletShares —…—– High Yield Corporate Bon, ...","Gradient Investments LLC, Invesco BulletShares 인수 —…—– 고수익 기업 Bon, ..."
2015-06-15,1,1,,Why You Shouldn't Bet Against Audience (ADNC) Stock - Tale of the Tape,ADNC(Audience) 주식에 대해 베팅하면 안되는 이유 - 테이프 이야기
2018-08-06,1,1,,5 Stocks to Buy on a Historic Job Growth Streak,역사적인 일자리 증가세에 매수해야 할 5가지 주식
2019-05-20,1,1,,"Dr. Reddy's (RDY) Q4 Earnings Up Y/Y, Revenues Top Estimates","Dr. Reddy's (RDY) 4분기 Y/Y 수익 증가, 수익 최고 추정치"
2013-11-12,1,1,,Stocks with Over 20% Upside Price Targets - Screen of the Week,상승 여력 목표가 20% 이상인 주식 - 금주의 화면
2019-10-31,1,1,,"Quanta Services' (PWR) Q3 Earnings Beat Estimates, View Up","Quanta Services'(PWR) 3분기 실적이 예상치를 상회, 조회수 증가"
2018-05-29,1,1,,CorSite (COR) Rewards Shareholders With 5.1% Dividend Hike,CorSite(COR)는 5.1%의 배당금 인상으로 주주들에게 보상합니다.
2015-09-02,1,1,,Thank oil as stress in junk market surges,정크 시장의 스트레스가 급증함에 따라 석유에 감사드립니다.
2016-02-02,1,1,,Performance Update On My Top REIT Ideas For 2016 - January Edition,2016년 1월판 내 최고의 REIT 아이디어에 대한 성과 업데이트
2019-09-13,1,1,,Duke Energy Acquires Canadian Solar's Rambler Solar Project,"Duke Energy, Canadian Solar의 Rambler 태양광 프로젝트 인수"
2013-01-04,1,1,,20 Most Recommended Technology Stock List | 11 Dividend Plays,가장 추천받는 기술 주식 목록 20개 | 11개의 배당 플레이
2015-03-17,1,1,,"REITs: Yield To 18.48%, Upside To 26.9%, Gains To 40.6% As Of 3/13/15","REITs: 수익률 18.48%, 상승 여력 26.9%, 2015년 3월 13일 현재 40.6% 상승"
2019-05-27,1,1,,Beat The Benchmark,벤치마크를 깨다
2014-05-08,1,1,,American Capital (ACAS) in Focus: Stock Moves 6.3% Higher - Tale of the Tape,초점을 맞춘 미국 자본(ACAS): 주가는 6.3% 상승 - 테이프 이야기
2019-09-05,1,1,,Duke Energy Arm Seeks for Rate Hike to Recover Investments,"Duke Energy Arm, 투자 회수를 위해 금리 인상 모색"
2016-05-17,1,1,,Barrick: Billionaire George Soros Scoops Up A $263.7M Stake,"배릭: 억만장자 조지 소로스, 2억 6370만 달러 지분 인수"
2018-11-15,1,1,,Tracking Bill Ackman's Pershing Square Portfolio - Q3 2018 Update,Bill Ackman의 Pershing Square 포트폴리오 추적 - 2018년 3분기 업데이트
2018-10-22,1,1,,FirstEnergy (FE) to Report Q3 Earnings: Is a Beat in Store?,"FirstEnergy(FE), 3분기 수익 보고: 비트가 매장에 있나요?"
2013-08-29,1,1,,Actavis Acquisition Of Warner Chilcott Moves Foward,Actavis의 Warner Chilcott 인수 추진
2016-08-03,1,1,,5%+ Dividend Yield Portfolio: July 2016 Review - The Goldilocks Conundrum,5%+ 배당수익률 포트폴리오: 2016년 7월 검토 - 골디락스 수수께끼
2017-12-06,1,1,,"Despite Q3 Misses, American Eagle Is a Strong Value Stock",3분기 부진에도 불구하고 American Eagle은 강력한 가치주입니다
2014-08-19,1,1,,"ACCO Brands (ACCO) Shares March Higher, Can It Continue? - Tale of the Tape","ACCO 브랜드(ACCO) 주가 3월 상승, 계속될 수 있을까? - 테이프 이야기"
2013-12-20,1,1,,IAC/InterActiveCorp (IACI) Worth Watching: Stock Surges 14% - Tale of the Tape,IAC/InterActiveCorp(IACI) 관찰할 가치: 주가 급등 14% - 테이프 이야기
2019-10-18,1,1,,"AC Drives Market Value, Production, Volume, Growth Predictions, and Forecast —…–9 to ...","AC는 시장 가치, 생산, 수량, 성장 예측 및 예측을 주도합니다 —…–9 ~ ..."
2019-01-09,1,1,,"Arthur J. Gallagher Expands in Canada, Boosts Portfolio","Arthur J. Gallagher, 캐나다 확장 및 포트폴리오 강화"
2019-04-16,1,1,,AllianceBernstein (AB) Upgraded to Buy: Here's What You Should Know,AllianceBernstein(AB) 구매로 업그레이드: 알아야 할 사항은 다음과 같습니다.
2017-09-22,1,1,,"Zacks.com featured highlights include JA Solar Holdings, BioTelemetry, Arista Networks, Owens Corning and Aaron's","Zacks.com 주요 하이라이트에는 JA Solar Holdings, BioTelemetry, Arista Networks, Owens Corning 및 Aaron's가 포함됩니다."
2016-12-16,1,1,,Why Barrick Gold Can Soar Higher,Barrick Gold가 더 높이 올라갈 수 있는 이유
2015-12-01,1,1,,"InsiderInsights.com Daily Round Up 11/30/15: SNTA, CAPL, AYR, CTXS","InsiderInsights.com 일일 요약 11/30/15: SNTA, CAPL, AYR, CTXS"
2017-08-22,1,1,,EQUITY ALERT: Rosen Law Firm Announces Filing of Securities Class Action Lawsuit Against The ...,"공평 경고: Rosen 법률 사무소, 증권 집단 소송 제기 발표 ..."
2019-03-25,1,1,,Here's Why You Should Hold on to CME Group (CME) Stock Now,지금 CME 그룹(CME) 주식을 보유해야 하는 이유는 다음과 같습니다.
2018-09-29,1,1,,"Mispriced Baby Bond, Bargain With A 7.6% Yield To Maturity","가격이 잘못 책정된 베이비 채권, 만기 수익률 7.6%로 할인"
2015-02-23,1,1,,"MiMedx Group, Inc. (MDXG) in Focus: Stock Jumps 5.1% - Tale of the Tape","MiMedx Group, Inc.(MDXG)의 초점: 주가 5.1% 상승 - 테이프 이야기"
2015-08-24,1,1,,Foot Locker (FL) Sustains Earnings Surprise Momentum in Q2,"Foot Locker (FL), 2분기 실적 깜짝 모멘텀 유지"
2018-08-23,1,1,,NiSource Gains on Long-Term Infrastructure Investment Plans,장기 인프라 투자 계획으로 NiSource 이익 획득
2017-08-21,1,1,,MGE Energy (MGEE) Rewards Shareholders with 5% Dividend Hike,"MGE 에너지(MGEE), 주주들에게 5% 배당금 인상으로 보상"
2017-12-21,1,1,,Silver Leads Again- The Precious Metals Barometer,은이 다시 선두를 달리고 있습니다 - 귀금속 기압계
2011-02-09,1,1,,"Aggressive Growth Stock Picks-Feb. 10, 2011 - Zacks Rank Buys",공격적인 성장주 추천-2월. 2011년 10월 10일 - Zacks 순위 구매
2016-01-14,1,1,,"ACE Limited wraps $29.5B acquisition of Chubb, changes name","ACE Limited, 295억 달러 규모의 Chubb 인수 마무리 및 사명 변경"
2012-06-15,1,1,,"Argo Group Is A Confounding, But Potentially Undervalued, Stock (AGII, WRB, XL, ACGL)","아르고 그룹은 혼란스럽기는 하지만 잠재적으로 저평가된 주식입니다(AGII, WRB, XL, ACGL)"
2018-03-21,1,1,,Adamis Pharmaceuticals: The Latest Update Still Keeps Us Waiting,Adamis Pharmaceuticals: 최신 업데이트로 인해 여전히 기다리게 됩니다.
2014-12-23,1,1,,Ocwen plots future moves after settlement shakeup,Ocwen은 합의 개편 후 향후 움직임을 계획합니다.
2016-10-27,1,1,,"ObamaCare Enrollment Sinks Again, Now Trails Worst-Case Scenario",ObamaCare 등록이 다시 감소하고 이제 최악의 시나리오가 이어집니다.
2019-09-27,1,1,,Adamas to Present at Upcoming Cantor Fitzgerald Investor Conference,"Adamas, 다가오는 Cantor Fitzgerald 투자자 컨퍼런스에서 발표"
2019-03-15,1,1,,"Oakmark International Fund Buys NAVER Corp, thyssenkrupp AG, Ferguson PLC, Sells Hennes & ...","Oakmark International Fund, NAVER Corp, thyssenkrupp AG, Ferguson PLC 매입, Hennes & ... 매각"
2020-05-13,1,1,,"Redwood Investment Management, LLC Buys iShares Core U.S. ...","Redwood Investment Management, LLC, 미국 iShares Core 인수"
2018-12-11,1,1,,Conatus Pharmaceuticals and Moleculin Biotech among healthcare gainers; Acorda Therapeutics leads the losers,의료 부문의 승자 중 Conatus Pharmaceuticals 및 Moleculin Biotech; Acorda Therapeutics가 패자를 이끌고 있습니다.
2019-10-31,1,1,,"Ashford EPS beats by $0.25, beats on revenue",Ashford EPS가 0.25달러 앞섰고 수익도 앞섰습니다.
2017-04-14,1,1,,"Insiders Roundup: NuStar Energy, Opko Health, Alphabet","내부자 정리: NuStar Energy, Opko Health, Alphabet"
2019-10-24,1,1,,"SHAREHOLDER ALERT: Rigrodsky & Long, P.A. Reminds Investors of Investigations of Acquisitions","주주 경고: Rigrodsky & Long, P.A. 투자자들에게 인수 조사에 대해 상기시킵니다."
2015-07-16,1,1,,"UnitedHealth Beats Views, Sits Pretty As Rivals Merge",UnitedHealth가 조회수를 능가하고 라이벌이 합병되면서 예뻐졌습니다.
2016-11-07,1,1,,"Ares Capital: Big Dividend, 3 Big Risks","Ares Capital: 큰 배당금, 3가지 큰 위험"
2015-04-15,1,1,,Why You Shouldn't Bet Against Avalanche Biotechnologies (AAVL) Stock - Tale of the Tape,AAVL(Avalanche Biotechnologies) 주식에 베팅하면 안 되는 이유 - 테이프 이야기
2019-06-16,1,1,,"AAC CLASS ACTION: Rosen, A Highly Ranked Law Firm, Announces Filing of Securities Class Action ...","AAC 집단 소송: 최고 수준의 법률 회사인 Rosen, 증권 집단 소송 제기 발표 ..."
2018-08-30,1,1,,Monthly Paid Dividends From 69 All Cap U.S. Equities And 80 Funds For September,9월 미국 전체 주식 69개와 80개 펀드의 월별 배당금
2020-01-24,1,1,,Repo Rate Volatility to Mar AGNC Investment (AGNC) Q4 Earnings?,3월 레포 금리 변동성 AGNC Investment (AGNC) 4분기 실적은?
2014-09-12,1,1,,Aixtron SE (AIXG) Worth Watching: Stock Rises 7.6% - Tale of the Tape,Aixtron SE (AIXG) 관찰할 가치: 주가 7.6% 상승 - 테이프 이야기
2018-05-23,1,1,,Financials - Top Gainers / Losers as of 1:00 PM (05/23/2018),금융 - 오후 1시 기준(2018년 5월 23일) 최고 상승자/패자
2013-12-20,1,1,,T-Mobile US (TMUS) Jumps: Stock Rises 8.7% - Tale of the Tape,T-Mobile US(TMUS) 점프: 주가 8.7% 상승 - 테이프 이야기
2018-08-20,1,1,,Global dividends soar to record high,글로벌 배당금 사상 최고치로 치솟아
2018-04-23,1,1,,Can Higher Revenues Boost CME Group's (CME) Q1 Earnings?,수익 증가가 CME 그룹(CME)의 1분기 수익을 높일 수 있습니까?
2018-10-02,1,1,,"Credit Suisse upgrades Paychex on earnings, payroll outperformance","Credit Suisse는 Paychex의 수입, 급여 초과 성과를 업그레이드합니다."
2019-12-12,1,1,,Top Stocks Breaking Out To New Highs Include Key Apple Supplier,최고치를 경신한 최고 주식에는 주요 Apple 공급업체도 포함됩니다
2018-05-03,1,1,,"Tetra Tech (TTEK) Beats on Q2 Earnings & Revenues, Ups View",Tetra Tech(TTEK)가 2분기 실적 및 수익을 제치고 상승 전망
2018-11-27,1,1,,"New Research: Key Drivers of Growth for CalAmp, Infinera, Ambev S. ...","새로운 연구: CalAmp, Infinera, Ambev S. ...의 주요 성장 동인"
2018-04-30,1,1,,WESCO's (WCC) Earnings and Revenues Beat Estimates in Q1,WESCO(WCC)의 1분기 수익 및 수익이 예상치를 상회했습니다.
2020-04-08,1,1,,"Mountain Pacific Investment Advisers Inc Buys Assurant Inc, Vanguard Short-Term Government Bond ...","Mountain Pacific Investment Advisers Inc, Assurant Inc, Vanguard 단기 정부 채권 인수"
2017-01-27,1,1,,American steel not likely to get Keystone boost despite Trump pledge,트럼프 약속에도 불구하고 미국 철강은 키스톤 강화를 얻지 못할 것 같습니다
2011-09-07,1,1,,Silence Isn't Golden: Aceto Needs to Disclose Upside of of Rising Pharmceuticals Deal,침묵은 황금이 아니다: Aceto는 떠오르는 제약 거래의 장점을 공개해야 합니다
2016-11-29,1,1,,"No Surprise Here, SWANs Outperform",놀랄 것도 없이 SWAN의 성능이 뛰어납니다.
2019-08-27,1,1,,A Force Impelling People To Buy - Precious Metals Supply And Demand,사람들의 구매를 촉진하는 힘 - 귀금속 수요와 공급
2017-05-09,1,1,,The Vetr community has upgraded $AKAO to 4.5-Stars.,Vetr 커뮤니티는 $AKAO를 4.5성으로 업그레이드했습니다.
2018-06-27,1,1,,Chart Of The Week: When High Yield Goes Boom,금주의 차트: 고수익률이 급등할 때
2015-08-04,1,1,,Is a Surprise Coming for Agrium (AGU) This Earnings Season? - Tale of the Tape,이번 실적 시즌에 Agrium(AGU)에 놀라운 소식이 찾아오나요? - 테이프 이야기
2016-11-03,1,1,,6 Ways To Profit From This Looming Disaster,다가오는 재난으로부터 이익을 얻는 6가지 방법
2015-06-11,1,1,,"Portola Pharma, NetGear, Target, J. C. Penney and American Eagle Outfitters highlighted as Zacks Bull and Bear of the Day - Press Releases","Zacks Bull and Bear of the Day로 선정된 Portola Pharma, NetGear, Target, J. C. Penney 및 American Eagle Outfitters - 보도 자료"
2015-01-13,1,1,,"First Majestic Produces Annual Silver Production Record, Strong 2015 Cash Cost Guidance","First Majestic, 연간 은 생산 기록 달성, 강력한 2015년 현금 비용 지침"
2016-08-02,1,1,,American Eagle Outfitters on watch after BAML upgrade,BAML 업그레이드 후 주목받는 American Eagle Outfitters
2012-02-16,1,1,,"2 Stocks Hit 52-Week Highs After Earnings: AAP, ASPS","2개 종목, 실적 후 52주 최고가 기록: AAP, ASPS"
2015-09-01,1,1,,Dividend Champions For September 2015,2015년 9월 배당 챔피언
2019-01-11,1,1,,"Zacks.com featured expert Kevin Matras highlights: First Majestic Silver, Mattel, U.S. Silica Holdings and KEYW","Zacks.com은 전문가 Kevin Matras의 하이라이트를 소개합니다: First Majestic Silver, Mattel, U.S. Silica Holdings 및 KEYW"
2015-12-07,1,1,,Donald Smith Increases Stakes in Citigroup and Alamos Gold,"Donald Smith, Citigroup 및 Alamos Gold 지분 증가"
2015-11-24,1,1,,AEterna Zentaris (AEZS) Continues Strong Upward Momentum,AEterna Zentaris (AEZS)는 강력한 상승 모멘텀을 유지합니다
2017-02-10,1,1,,Ameren declares $0.44 dividend,Ameren은 0.44달러의 배당금을 선언합니다.
2018-12-03,1,1,,"VIPS, BZUN among premarket gainers","시판 전 상승세 중 VIPS, BZUN"
2015-03-19,1,1,,"Intel, U.S. Chipmakers May See Upside From China M&A",인텔과 미국 칩 제조사들은 중국 M&A로 긍정적인 측면을 볼 수 있습니다
2018-06-20,1,1,,"Nan Shan Life Insurance Co., Ltd. Buys AGNC Investment Corp, Starwood Property Trust Inc, New ...","Nan Shan Life Insurance Co., Ltd., AGNC Investment Corp, Starwood Property Trust Inc, New ... 인수"
2018-04-02,1,1,,Why Is Analog Devices (ADI) Up 3.2% Since Its Last Earnings Report?,Analog Devices(ADI)가 지난 수익 보고서 이후 3.2% 상승한 이유는 무엇입니까?
2020-02-18,1,1,,Enterprise Agile Transformation Services Market —…—…: Key Trends for Agile ...,엔터프라이즈 민첩한 전환 서비스 시장 —…—…: Agile의 주요 동향
2016-12-16,1,1,,Steel Dynamics Is Second Steel Maker To Warn On Profit In 2 Days,Steel Dynamics는 2일 만에 이익을 경고한 두 번째 철강 제조업체입니다.
2020-03-23,1,1,,American Equity Investment Life Holding Enters Oversold Territory,"American Equity Investment Life Holding, 과매도 영역 진입"
2018-02-28,1,1,,ACADIA down 17% after Q4 Nuplazid sales disappoint,ACADIA는 4분기 Nuplazid 판매가 실망스러운 이후 17% 감소했습니다.
2019-09-18,1,1,,AptarGroup (ATR) Rises 24% YTD: What's Driving the Rally?,AptarGroup(ATR)은 YTD 24% 상승: 랠리를 주도하는 요인은 무엇입니까?
2019-09-27,1,1,,"50 Firms Going Ex-Dividend Next Week, Including Cardinal Health, JP Morgan Chase And Comcast","Cardinal Health, JP Morgan Chase 및 Comcast를 포함하여 다음 주에 50개 회사가 배당금을 종료합니다"
2015-01-22,1,1,,"Top World Stocks Close In On Buy Points, New Highs","세계 최고 주식은 매수 포인트, 신고점에 근접했습니다."
2015-12-20,1,1,,"InsiderInsights.com Daily Round Up 12/18/15: KBIO, PSEC, AZO","InsiderInsights.com 일일 요약 12/18/15: KBIO, PSEC, AZO"
2018-11-12,1,1,,Six Companies Growing Dividends for Shareholders,주주 배당금을 늘리는 6개 회사
2014-12-23,1,1,,"African Gold Group, Inc. Announces Filing of Preliminary Economic Assessment and Year-End ...","African Gold Group, Inc., 예비 경제 평가 및 연말 제출 발표"
2018-05-14,1,1,,After Hours Gainers / Losers (05/14/2018),시간 외 승자 / 패자 (2018/05/14)
2018-03-19,1,1,,Adobe (ADBE) Hits New 52-Week High on Strong Q1 Results,"Adobe(ADBE), 1분기 실적 호조로 52주 최고 기록 경신"
2018-08-10,1,1,,Adamis Pharma Q2 revenues up 3%; shares down 2%,Adamis Pharma 2분기 매출 3% 증가; 주가 2% 하락
2016-10-03,1,1,,"Metals names upped at Deutsche Bank: FCX, ABX, PAAS, AKS, CDE, TCK, GG","Deutsche Bank에서 금속 이름이 상승했습니다: FCX, ABX, PAAS, AKS, CDE, TCK, GG"
2014-10-30,1,1,,Adeptus Health (ADPT) Jumps: Stock Moves 16.5% Higher - Tale of the Tape,Adeptus Health(ADPT) 점프: 주가 16.5% 상승 - 테이프 이야기
2018-04-11,1,1,,Acadia Pharma up 6% on FDA OK on risk disclosures for Nuplazid,Nuplazid의 위험 공개에 대해 FDA 승인을 받은 Acadia Pharma가 6% 증가
2017-08-23,1,1,,Gabelli Analyst: Amazon vs. Auto Part Suppliers,Gabelli 분석가: Amazon과 자동차 부품 공급업체
2019-07-01,1,1,,IBM Garage Aids Enterprises to Devise & Deploy Business Ideas,IBM Garage는 기업이 비즈니스 아이디어를 고안하고 배포하도록 지원합니다.
2018-10-03,1,1,,Why Aren't These Closed-End Funds Getting More Love? Part 1: Aberdeen Total Dynamic Dividend Fund,왜 이 폐쇄형 펀드는 더 많은 사랑을 받지 못하는 걸까요? 1부: 애버딘 총 동적 배당금 펀드
2015-10-15,1,1,,AlarmForce Announces Declaration of Dividend of $0.045 per Share,"AlarmForce, 주당 0.045달러의 배당금 선언 발표"
2014-05-09,1,1,,Stocks Close Higher After Late Boost; Air Lease Gains,주식은 늦은 부양 이후 더 높게 마감됩니다. 항공리스 수익
2016-07-29,1,1,,"QQQ ETF Gains For The Fifth Week; S&P 500, Dow Snap Winning Streak","5주차 QQQ ETF 수익; S&P 500, Dow Snap 연속 우승"
2016-08-27,1,1,,Digging for value plays in the beat-up chain store sector,낙후된 체인점 부문에서 가치 플레이 모색
2018-07-31,1,1,,Duke Energy (DUK) to Report Q2 Earnings: Is a Beat in Store?,"Duke Energy(DUK), 2분기 실적 보고: 성공 가능성이 있나요?"
2019-02-18,1,1,,Brown & Brown's Unit Buyout to Expand Service Capabilities,Brown & Brown의 서비스 역량 확장을 위한 유닛 인수
2019-11-27,1,1,,5 Stocks That Pushed Russell 2000 ETF Higher,Russell 2000 ETF를 상승시킨 5가지 주식
2016-02-04,1,1,,Hydro66 Deploys Active Power Flywheel UPS at 100 Percent Hydroelectric Data Center,"Hydro66, 100% 수력 발전 데이터 센터에 유효 전력 플라이휠 UPS 배치"
2019-07-07,1,1,,Dividend Income Update: June 2019,배당 소득 업데이트: 2019년 6월
2015-04-20,1,1,,Top 4/17/15 REITs: Yield To 18.11%; Upside To 39.08%; Gains To 53.9%,상위 4/17/15 REIT: 수익률 18.11%; 상승 여력은 39.08%; 53.9% 증가
2020-01-17,1,1,,"Growth Of Exterior Car Accessories Market Forecast —…—…-—…—9 | Geography, ...","자동차 외장 액세서리 시장 전망의 성장 —…—…-—…—9 | 지리학, ..."
2017-07-13,1,1,,"With JPMorgan, BofA Earnings On Tap, ATM Software Stock Sets Up","JPMorgan, BofA Earnings On Tap, ATM 소프트웨어 주식 설정"
2018-08-03,1,1,,Pomerantz Law Firm Announces the Filing of a Class Action against ACADIA Pharmaceuticals Inc. ...,"Pomerantz 법률 사무소, ACADIA Pharmaceuticals Inc.를 상대로 집단 소송 제기 발표"
2019-10-07,1,1,,"Zacks.com featured highlights include: American Airlines, Beazer Homes USA, Asbury Automotive, AMC Entertainment and Beacon Roofing Supply","Zacks.com 주요 하이라이트는 다음과 같습니다: American Airlines, Beazer Homes USA, Asbury Automotive, AMC Entertainment 및 Beacon Roofing Supply"
2017-05-01,1,1,,"Schaper Benz & Wise Investment Counsel Inc Buys Enbridge Inc, Analog Devices Inc, Albany ...","Schaper Benz & Wise Investment Counsel Inc, Enbridge Inc, Analog Devices Inc, Albany 인수"
2015-08-25,1,1,,Tracking Wallace Weitz's Weitz Investment Management Portfolio - Q2 2015 Update,Wallace Weitz의 Weitz 투자 관리 포트폴리오 추적 - 2015년 2분기 업데이트
2019-12-04,1,1,,Dividends From The BDC Sector Driving Higher Returns,더 높은 수익을 창출하는 BDC 부문의 배당금
2015-09-30,1,1,,Stock Futures Track Higher; Western Digital Up On China Deal,"주식 선물은 더 높은 곳을 추적합니다. Western Digital, 중국 거래에 나서다"
2015-08-14,1,1,,JC Penney (JCP) Rises on Narrower-than-Expected Q2 Loss,JC Penney (JCP)는 예상보다 좁은 2분기 손실로 상승
2018-10-11,1,1,,Can This No. 1 Stock In The No. 2-Ranked Group Buck Market Sell-Off?,2위 그룹 벅시장에서 1위 주식이 매도세를 낼 수 있을까?
2019-07-15,1,1,,"Ashford and Power REIT among financial gainers, Jupai Holdings leads losers","금융 이득자 중 Ashford 및 Power REIT, 패자 선두 Jupai Holdings"
2019-04-26,1,1,,"The Zacks Industry Rank Highlights: Synopsis, Pegasystems and ACI Worldwide","Zacks 업계 순위 하이라이트: 개요, Pegasystems 및 ACI Worldwide"
2019-05-06,1,1,,"Kirby (KEX) Q1 Earnings & Revenues Top Estimates, Rise Y/Y","커비(KEX) 1분기 수익 및 수익 최고 추정치, Y/Y 상승"
2014-06-23,1,1,,Acasti Pharma Inc (ACST) Jumps: Stock Rises 7.2% in Session - Tale of the Tape,Acasti Pharma Inc(ACST) 점프: 세션에서 주가가 7.2% 상승 - 테이프 이야기
2016-07-19,1,1,,UnitedHealth Profits To Jump As It Exits ObamaCare,"UnitedHealth, ObamaCare 탈퇴로 이익 급증"
2018-05-03,1,1,,What Tesla Can Teach Us About The High-Yield Bond Market,Tesla가 고수익 채권 시장에 관해 우리에게 가르쳐 줄 수 있는 것
2019-11-15,1,1,,"AMAT, JCP among premarket gainers","시판 전 상승세 중 AMAT, JCP"
2018-10-01,1,1,,Expected Dividend Increases In October 2018,2018년 10월 배당금 인상 예상
2016-01-22,1,1,,"Notable tech gainers: FEYE, DDD, SWKS, CRUS, HDP, YNDX, OCLR, YGE","주목할만한 기술 상승세: FEYE, DDD, SWKS, CRUS, HDP, YNDX, OCLR, YGE"
2018-05-30,1,1,,Wild Speculation In Crude Oil - Precious Metals Supply And Demand,원유의 엄청난 투기 - 귀금속 수요와 공급
2017-12-08,1,1,,A. H. Belo Corporation Announces First Quarter —…–8 Dividend,"A. H. Belo Corporation, 1분기 —…–8배당 발표"
2018-10-22,1,1,,5 Reasons Why GDX Is Going Substantially Higher,GDX가 실질적으로 상승하는 5가지 이유
2020-02-12,1,1,,Agilent (A) Gears Up for Q1 Earnings: What's in the Cards?,"Agilent (A), 1분기 실적 준비: 카드에는 무엇이 있습니까?"
2016-09-30,1,1,,Altisource Residential more than doubles SFR portfolio with acquisition,Altisource Residential 인수로 SFR 포트폴리오가 두 배 이상 증가
2015-08-18,1,1,,"Weekly Insider Sells Highlights: FB, AET, REGN, TYC","주간 내부자 판매 하이라이트: FB, AET, REGN, TYC"
2020-02-17,1,1,,"Woven Shirt Market —…—… Global Share, Growth, Size, Opportunities, Trends, Regional ...","짠 셔츠 시장 —…—… 글로벌 점유율, 성장, 규모, 기회, 동향, 지역 ..."
2017-12-19,1,1,,Navigators Group to Broaden Base in Europe With Buyouts,"Navigators Group, 인수로 유럽 내 기반 확대"
2015-07-31,1,1,,"Premarket Biotech Digest: Amgen Beats, GlaxoSmithKline Corruption Charges, VTv Therapeutics Flops On Debut","시판 전 생명공학 다이제스트: Amgen Beats, GlaxoSmithKline 부패 혐의, VTv 치료제 출시 실패"
2011-04-01,1,1,,8 Ag Chem Stocks With Upside Up to 128%: Analysts,최대 128% 상승 여력이 있는 8개 Ag Chem 주식: 분석가
2015-12-18,1,1,,"InsiderInsights.com Daily Round Up 12/17/15: New Mountain Finance, Hemisphere Media, Accelerate Diagnostics, Aircastle","InsiderInsights.com 일일 요약 12/17/15: New Mountain Finance, Hemisphere Media, Accelerate Diagnostics, Aircastle"
2019-09-06,1,1,,Apparel sector in fashion again,의류 부문이 다시 패션계로 진출
2017-12-12,1,1,,Winning Stock Picks from the Top 4 Industries with the Biggest Job Growth,일자리 증가율이 가장 높은 4대 산업 종목 선정
2019-04-22,1,1,,Zynerba Pharmaceuticals and Akorn among healthcare gainers; InVivo Therapeutics and Sesen Bio among losers,헬스케어 이득자 중 Zynerba Pharmaceuticals 및 Akorn; 패자 중 InVivo Therapeutics와 Sesen Bio
2019-01-24,1,1,,"MGM Growth Properties, Alcoa, Arbor Realty Trust and Chatham Lodging Trust highlighted as Zacks Bull and Bear of the Day","MGM Growth Properties, Alcoa, Arbor Realty Trust 및 Chatham Lodging Trust가 Zacks Bull and Bear of the Day로 선정되었습니다."
2015-05-19,1,1,,Kafkaesque Activity In Grains - The Chinese Strike Again With Cofco,곡물에서의 카프카에스크 활동 - 중국이 Cofco를 통해 다시 파업
2020-02-11,1,1,,"Global Farm Tractors Market —…—… Global Future Growth, Leading Players, Industry ...","글로벌 농용 트랙터 시장 —…—… 글로벌 미래 성장, 주요 플레이어, 산업 ..."
2015-03-05,1,1,,American Eagle Outfitters (AEO) Takes Flight on Upgrade,"American Eagle Outfitters(AEO), 업그레이드를 시작하다"
2015-04-07,1,1,,5 Low P/E Value-Stocks Yielding 2% Or Higher,2% 이상의 수익률을 내는 낮은 P/E 가치주 5개
2019-05-23,1,1,,"Auto Stock Roundup: Ford to Axe Jobs, AZO & AAP Beat on Earnings","자동 재고 정리: Ford에서 Ax Jobs, AZO 및 AAP가 수익을 앞지릅니다."
2019-06-03,1,1,,Global tensions boost gold to nine-week highs; gold miners gain,글로벌 긴장으로 인해 금 가격이 9주 최고치로 상승했습니다. 금 광부 이득
2018-05-23,1,1,,Tracking David Einhorn's Portfolio - Q1 2018 Update,David Einhorn의 포트폴리오 추적 - 2018년 1분기 업데이트
2019-07-31,1,1,,"Saturna Capital CORP Buys Fastenal Co, Corteva Inc, Alcon Inc, Sells Alphabet Inc, DuPont de ...","Saturna Capital CORP는 Fastenal Co, Corteva Inc, Alcon Inc를 인수하고 Alphabet Inc, DuPont de ...를 매각합니다."
2020-02-18,1,1,,Telecom Analytics Market —…—…: Top impacting factors that could escalate markets growth ...,통신 분석 시장 —…—…: 시장 성장을 가속화할 수 있는 주요 영향 요인 ...
2020-02-11,1,1,,"—…—…-—…—6 Telehealth Market | Global Share, Growth, Industry Analysis, Emerging ...","—…—…-—…—6 원격의료 시장 | 글로벌 점유율, 성장, 산업 분석, 신흥..."
2017-05-12,1,1,,"Legal & General Group Plc Buys Enbridge Inc, Barrick Gold Corp, GGP Inc, Sells Spectra ...","Legal & General Group Plc, Enbridge Inc, Barrick Gold Corp, GGP Inc 인수, Spectra ... 판매"
2019-01-08,1,1,,Portfolios Making Up For Lost Time,잃어버린 시간을 보충하는 포트폴리오
2017-03-17,1,1,,Rising Inflation May Send Gold Prices Soaring,인플레이션 상승으로 인해 금 가격이 치솟을 수 있습니다
2015-06-16,1,1,,Top 30 REITs Post 17.5% Average Net Gains As Of June 12 Close,상위 30개 REIT는 6월 12일 기준 평균 순익 17.5%를 기록했습니다.
2019-09-10,1,1,,Stock Upgrades: Acadia Pharmaceuticals Shows Rising Relative Strength,주식 업그레이드: Acadia Pharmaceuticals의 상대적 강세 상승
2018-12-31,1,1,,Barrick Gold: Gold Is About To Shine Again,Barrick Gold: 금이 다시 빛날 것입니다.
2014-05-14,1,1,,AdCare Health Systems (ADK) in Focus: Stock Moves 5.1% Higher - Tale of the Tape,AdCare Health Systems(ADK)에 초점: 주가 5.1% 상승 - 테이프 이야기
2017-07-20,1,1,,Is a Beat in Store for Alexion (ALXN) this Earnings Season?,이번 실적 시즌에 Alexion(ALXN)에 비트가 출시되나요?
2018-11-30,1,1,,Hiccup in CVS-Aetna deal approval?,CVS-Aetna 거래 승인에 문제가 있나요?
2012-08-21,1,1,,12 Solidly Financed Dividend Aristocrats,12명의 탄탄한 재정을 갖춘 배당 귀족
2018-10-15,1,1,,Arthur J. Gallagher acquires Wellington Associates,"Arthur J. Gallagher, Wellington Associates 인수"
2018-05-24,1,1,,"Auto Stock Roundup: AZO, AAP, CPRT Earnings Beat, F Resumes F-150 Production","자동 재고 정리: AZO, AAP, CPRT 수익이 증가하고 F는 F-150 생산을 재개합니다."
2018-07-25,1,1,,"Biotech Stock Roundup: Biogen Gains on Q2 Results, Agios Gets FDA Nod For Leukemia Drug","생명공학 주식 정리: 2분기 실적에서 Biogen 상승, Agios가 백혈병 치료제에 대한 FDA 승인 획득"
2015-04-02,1,1,,LHC Group (LHCG) Looks Good: Stock Adds 6.5% in Session - Tale of the Tape,LHC 그룹(LHCG) 좋아 보인다: 주식이 세션에서 6.5% 추가 - 테이프 이야기
2018-06-27,1,1,,Financials - Top 5 Gainers / Losers as of 1:00 PM (06/27/2018),금융 - 오후 1시(2018년 6월 27일) 기준 상승자/패자 상위 5위
2018-05-23,1,1,,AGNC Investment hits capital raise button; shares down 1.15%,AGNC Investment가 자본 조달 버튼을 눌렀습니다. 주가는 1.15% 하락
2014-05-06,1,1,,Nautilus (NLS) Jumps: Stock Rises 6.1% - Tale of the Tape,노틸러스(NLS) 점프: 주가 6.1% 상승 - 테이프 이야기
2019-02-11,1,1,,ADT acquires LifeShield,"ADT, 라이프쉴드 인수"
2015-05-22,1,1,,Arthur J. Gallagher acquires Minnesota agency,"Arthur J. Gallagher, 미네소타 에이전시 인수"
2019-07-10,1,1,,"Market Peak Update: Watch Peak Profits, Not The Fed; Some Low P/E Stocks To Buy",시장 최고점 업데이트: 연준이 아니라 최고 이익을 지켜보십시오. 매수할 낮은 P/E 주식
2012-05-18,1,1,,"Chico's Growing Again, But Sustainability Always A Concern (CHS, ANF, AEO, BEBE, ANN)","Chico는 다시 성장하지만 지속 가능성은 항상 우려 사항입니다(CHS, ANF, AEO, BEBE, ANN)"
2020-03-01,1,1,,"Electrical Digital Twin Market Latest Trends, Revenue Growth Rate And Application Scope | ...","전기 디지털 트윈 시장 최신 동향, 수익 성장률 및 적용 범위 | ..."
2016-10-26,1,1,,Applied Industrial Technologies declares $0.28 dividend,Applied Industrial Technologies는 0.28달러의 배당금을 선언합니다.
2018-11-02,1,1,,"Arbor Realty Trust beats by $0.03, beats on revenue",Arbor Realty Trust가 0.03달러 앞섰고 수익도 앞섰습니다.
2020-01-14,1,1,,IHS Markit (INFO) Hits a New 52-Week High: What's Aiding It?,IHS Markit(INFO)이 52주 신고가를 경신했습니다: 무엇이 이를 뒷받침하고 있습니까?
2018-08-13,1,1,,Housing Heads South - Precious Metals Getting Ready To Soar,주택이 남쪽으로 향합니다 - 귀금속이 비상할 준비를 하고 있습니다
2011-12-07,1,1,,"Recreational Vehicles Unlikely Success (PII, ACAT, HMC, HOG)","레저용 차량의 성공 가능성이 낮음(PII, ACAT, HMC, HOG)"
2019-02-14,1,1,,"Aaron's EPS in-line, beats on revenue",Aaron의 EPS가 인라인으로 수익을 앞지릅니다.
2015-04-29,1,1,,"AAC Holdings beats by $0.05, beats on revenue",AAC Holdings가 0.05달러 앞섰고 수익도 앞섰습니다.
2017-07-22,1,1,,DEADLINE ALERT: Lundin Law PC Announces Securities Class Action Lawsuit against Asanko Gold Inc. ...,"마감일 알림: Lundin Law PC, Asanko Gold Inc.를 상대로 한 증권 집단 소송 발표 ..."
2019-06-18,1,1,,"AECOM (ACM) to Spin Off Government Services Unit, Shares Up","AECOM(ACM), 정부 서비스 부문 분사, 지분 확대"
2016-08-11,1,1,,Wunderlich sees American Eagle Outfitter running to multi-year high,Wunderlich는 American Eagle Outfitter가 다년 최고치를 기록할 것으로 보고 있습니다.
2016-10-26,1,1,,Stocks Going Ex-Dividend The First Week Of November,11월 첫째 주에 배당락되는 주식
2017-01-24,1,1,,Gold Trades Higher as US Dollar Weakens,미국 달러 약세로 금 거래가 더 높아졌습니다.
2018-10-15,1,1,,"Grannies Beat Geezers In Total Return, While Income Factory Cash Distribution Reaches 12%",Grannies는 총 수익에서 괴짜를 이겼고 소득 공장 현금 분배는 12%에 도달했습니다.
2020-05-05,1,1,,Dividend Stock Purchase Activity – April 2020,배당주 매입 활동 - 2020년 4월
2011-09-21,1,1,,ACI Worldwide - Aggressive Growth,ACI Worldwide - 공격적인 성장
2014-11-06,1,1,,3 Growing Hospitals for a Crazy Market - Investment Ideas,미친 시장을 위한 3개의 성장하는 병원 - 투자 아이디어
2015-06-24,1,1,,"InsiderInsights.com Daily Round Up 6/23/15: Actua, Mercer International, Metabolix And Flaherty & Crumrine Dynamic Preferred And Income Fund","InsiderInsights.com 일일 요약: Actua, Mercer International, Metabolix 및 Flaherty & Crumrine Dynamic 우선주 및 소득 펀드"
2016-11-01,1,1,,Silver: Expect Strong Gains In The Next Couple Of Years,은: 향후 몇 년간 큰 상승세를 보일 것으로 예상
2020-02-27,1,1,,Gilead Sciences (GILD) Surges: Stock Moves 6.6% Higher,길리어드 사이언스(GILD) 급등: 주가 6.6% 상승
2018-08-02,1,1,,"Agios Pharmaceuticals beats by $0.36, beats on revenue",Agios Pharmaceuticals가 0.36달러 앞섰고 매출도 앞섰습니다.
2019-09-07,1,1,,Dividend Challenger Highlights: Week Of September 8,배당금 도전자 하이라이트: 9월 8일 주
2019-10-07,1,1,,"Lgt Capital Partners Ltd. Buys UnitedHealth Group Inc, Alphabet Inc, Agilent Technologies Inc, ...","Lgt Capital Partners Ltd., UnitedHealth Group Inc, Alphabet Inc, Agilent Technologies Inc, ... 인수"
2019-08-22,1,1,,Alliance Data Systems (ADS) in Focus: Stock Moves 5.6% Higher,ADS(Alliance Data Systems)에 초점: 주가 5.6% 상승
2019-07-22,1,1,,AGNC Investment's Q2 2019 And 7/19/2019 BV Projection (Includes NLY BV Projection),AGNC Investment의 2019년 2분기 및 2019년 7월 19일 BV 예측(NLY BV 예측 포함)
2015-07-01,1,1,,"Stocks Rise And Shine, Eurozone Creditors Ponder Greek Deal","주식 상승과 빛나기, 유로존 채권단, 그리스 거래 고려"
2019-05-23,1,1,,"Arthur J. Gallagher Expands, Buys Stake in Edelweiss Insurance","Arthur J. Gallagher, 확장하고 Edelweiss Insurance 지분 매입"
2017-03-02,1,1,,Monster Beverage (MNST) Shares Gain on Q4 Earnings Beat,"Monster Beverage (MNST), 4분기 실적보다 주가 상승"
2019-03-12,1,1,,AGNC Investment estimates tangible NBV of $16.97 per share,AGNC Investment는 유형 NBV를 주당 16.97달러로 추정합니다.
2015-09-15,1,1,,Biotech Poised to Rebound: 5 Growth Picks,반등할 준비가 되어 있는 생명공학: 5가지 성장주
2018-01-05,1,1,,The Rose Portfolio Update With Double Digit Total Return For The 91 Holdings,91 Holdings의 두 자릿수 총 수익률로 Rose 포트폴리오 업데이트
2015-09-21,1,1,,Adept Technologies Acquired Two Months After Recommendation 87 Return for Shareholders,"Adept Technologies, 추천 87 이후 두 달 만에 인수 주주환원"
2011-10-21,1,1,,6 Dividend Stocks for Earnings Season,실적 시즌을 위한 6가지 배당주
2019-09-04,1,1,,Russell 2000 (Top Weights) Earnings Estimates Climb Higher,Russell 2000(최고 가중치) 수익 추정치 상승
2012-02-16,1,1,,"Stocks Pull Higher; NetApp, Advanced Auto Surge","주식이 상승합니다. NetApp, 고급 자동 서지"
2018-11-13,1,1,,The Acquirer's Portfolio - A Year In Review,인수자의 포트폴리오 - 1년 검토
2010-06-16,1,1,,Three Ways to Play the World Cup,월드컵을 즐기는 세 가지 방법
2019-03-15,1,1,,Sealed Air (SEE) Stock Up 29% YTD: What's Driving the Rally?,Sealed Air(SEE) 재고는 YTD 29% 증가: 랠리를 주도하는 요인은 무엇입니까?
2016-04-12,1,1,,Ameren: Acquisition Rumors Make This Solid Utility Look Less Attractive,Ameren: 인수 소문으로 인해 이 견고한 유틸리티가 덜 매력적으로 보입니다.
2019-08-08,1,1,,"ACI Worldwide EPS beats by $0.15, beats on revenue",ACI Worldwide EPS가 0.15달러 앞섰고 수익도 앞섰습니다.
2015-05-01,1,1,,Ivy Portfolio May Update,아이비 포트폴리오 5월 업데이트
2015-12-17,1,1,,8 Dividend Stocks Trading At 2007 Prices,2007년 가격으로 거래되는 8개 배당주
2020-02-19,1,1,,"Global Mass Spectrometer Market —…—… Global Size, Growth Insight, Share, Trends, ...","글로벌 질량 분석기 시장 —…—… 글로벌 규모, 성장 통찰력, 점유율, 동향, ..."
2014-06-10,1,1,,Why Almost Family (AFAM) Could Beat Earnings Estimates Again - Tale of the Tape,AFAM(Almost Family)이 다시 수익 추정치를 이길 수 있었던 이유 - 테이프 이야기
2015-02-26,1,1,,Neurotrope Moving Focus Upstream in Developing New Alzheimer's Disease Drug and Drugs for Orphan Diseases,"뉴로트로프, 새로운 알츠하이머병 치료제와 희귀병 치료제 개발에 초점을 상류로 이동"
2018-05-30,1,1,,"13 Dividend Increases: May 21-25, 2018",13 배당금 인상: 2018년 5월 21~25일
2018-02-01,1,1,,American Financial Group Inc. 2017 Q4 - Results - Earnings Call Slides,American Financial Group Inc. 2017년 4분기 - 결과 - 실적 발표 슬라이드
2019-05-09,1,1,,Agenus +7% on Q1 beat,Agenus 1분기 비트에서 +7%
2014-02-21,1,1,,XL Group's DDM Valuation: Is It Still a Buy?,XL그룹의 DDM 가치평가: 아직도 매수인가?
2019-06-22,1,1,,U.S. IPO Week Ahead: Tech And Big Biotech Fill Up A 9-IPO Week,미국 IPO 주간 앞두고: 기술 및 대형 생명공학이 9-IPO 주를 채운다
2018-04-23,1,1,,Bond Yields Get A Seasonal Boost,채권수익률은 계절에 따라 상승합니다
2020-01-31,1,1,,"Pipeline Safety Market (PDF) [Review: —…—…-—…—9] | Top Players – ABB Group, ...","파이프라인 안전 시장 (PDF) [검토: —…—…-—…—9] | 최고의 플레이어 – ABB 그룹, ..."
2019-07-19,1,1,,Midatech Pharma leads healthcare gainers; Neuralstem tops the losers,Midatech Pharma는 의료 부문 선두주자입니다. Neuralstem이 패자를 능가합니다.
2020-02-12,1,1,,"The Keys to Successfully Timing the Markets - February 12, 2020",시장 타이밍을 성공적으로 맞추는 열쇠 - 2020년 2월 12일
2016-02-11,1,1,,"Basic Materials Dividend Dogs Get Crazy Yield, Upside, And Gain In February","기본 재료 배당견은 2월에 미친 수익률, 상승세 및 이익을 얻습니다."
2015-06-01,1,1,,Strength Seen in Boot Barn Holdings (BOOT): Stock Up 7.5% - Tale of the Tape,Boot Barn Holdings(BOOT)의 강점: 주가 상승률 7.5% - 테이프 이야기
2016-02-14,1,1,,Dividend Challengers (And Near-Challengers): 82 Increases Expected By The End Of April,배당금 도전자(및 거의 도전자): 4월 말까지 82개 증가 예상
2018-06-20,1,1,,"Humana, Walgreens Team Up to Provide Better Senior Care","휴마나(Humana), 월그린스(Walgreens)와 협력하여 더 나은 노인 케어 제공"
2019-05-06,1,1,,Credit Markets Give Green Light To All-Time S&P 500 Highs,신용 시장은 S&P 500 사상 최고치를 기록했습니다.
2018-03-07,1,1,,Return Of The Market Criers - Precious Metals Supply And Demand,시장 복귀 - 귀금속 수요와 공급
2019-11-05,1,1,,Semis Riding October's High,10월의 최고점을 달리는 세미
2018-08-30,1,1,,Ambac reports plan support agreement for Cofina bond restructuring,"Ambac, Cofina 채권 구조 조정에 대한 계획 지원 계약 발표"
2015-01-08,1,1,,The Adams Express Company declares $0.05 dividend,Adams Express Company는 $0.05 배당금을 선언합니다.
2019-03-18,1,1,,Automatic Data Processing (ADP) Hits a New 52-Week High,자동 데이터 처리(ADP)가 52주 최고치를 경신했습니다.
2015-09-10,1,1,,"Aceto beats by $0.17, revenue in-line",Aceto가 $0.17 앞섰고 수익은 그대로 유지되었습니다.
2015-03-09,1,1,,Gerdau: Buy On Dips (Updated With 4Q 2014 Numbers),Gerdau: 하락 시 매수(2014년 4분기 수치로 업데이트됨)
2016-06-08,1,1,,Acura Pharmaceutical's LIMITX(TM) Technology Successfully Confirms Oral Abuse Deterrence ...,Acura Pharmaceutical의 LIMITX(TM) 기술로 구강 남용 억제 효과를 성공적으로 확인했습니다.
2015-01-01,1,1,,Update: The Chilean Supreme Court Rules Against Barrick On Pascua Lama,업데이트: 칠레 대법원은 Pascua Lama의 Barrick에 대해 판결을 내렸습니다.
2015-03-19,1,1,,Analyzing Jeff Ubben's Top Picks: Agrium (AGU),Jeff Ubben의 최고 추천 분석: Agrium(AGU)
2015-05-23,1,1,,Tracking Tweedy Browne Portfolio - Q1 2015 Update,Tweedy Browne 포트폴리오 추적 - 2015년 1분기 업데이트
2015-06-03,1,1,,Asanko Gold (AKG) gains on Ghana pact,Asanko Gold (AKG)가 가나 협정에서 이익을 얻습니다.
2019-04-03,1,1,,Zynerba Pharmaceuticals and Sorrento Therapeutics among healthcare gainers; Advaxis and AVEO Pharmaceuticals among losers,건강관리 부문에서 Zynerba Pharmaceuticals 및 Sorrento Therapeutics; 패자 중 Advaxis 및 AVEO Pharmaceuticals
2018-02-27,1,1,,ACNB goes ex-dividend tomorrow,ACNB는 내일 배당락을 실시합니다.
2016-06-13,1,1,,Agios' AG-348 successful in mid-stage study in rare congenital anemia; shares up 9% premarket,아기오스의 AG-348은 희귀 선천성 빈혈에 대한 중간 단계 연구에서 성공했습니다. 시판 전 점유율 9% 상승
2020-03-18,1,1,,"Improve Your Retirement Income with These 3 Top-Ranked Dividend Stocks - March 18, 2020",상위 3개 배당주로 퇴직 소득을 향상시키세요 - 2020년 3월 18일
2013-03-06,1,1,,This Week's Growth & Income Stocks (BIP) and (AJG) - Zacks Rank Buys,이번 주 성장 및 소득 주식(BIP) 및 (AJG) - Zacks 순위 매수
2020-04-03,1,1,,"Global AI in Fashion Market Report —…—… Potential Growth, Share, Demand And Forecast ...","패션 시장 보고서의 글로벌 AI —…—… 잠재적 성장, 점유율, 수요 및 예측 ..."
2017-05-18,1,1,,Iamgold Soars on Saramacca Drilling Results,"Iamgold, Saramacca 시추 결과로 급상승"
2017-02-10,1,1,,Agrium sees signs of uptick in demand for crop nutrients,Agrium은 작물 영양분에 대한 수요가 증가할 조짐을 보고 있습니다.
2019-11-15,1,1,,Market-Beating Sector ETFs Year to Date,시장을 선도하는 부문 ETF 연초 현재
2019-05-29,1,1,,Albany International Gets RS Rating Upgrade,"Albany International, RS 등급 업그레이드 획득"
2018-11-12,1,1,,"L Brands Posts Decent Comps in October, Updates Earnings View","L브랜드, 10월 괜찮은 광고 게재, 실적 전망 업데이트"
2019-08-13,1,1,,"Impax Asset Management Group plc Buys Pentair PLC, Agilent Technologies Inc, IQVIA Holdings ...","Impax Asset Management Group plc, Pentair PLC, Agilent Technologies Inc, IQVIA Holdings 인수"
2015-01-20,1,1,,Salix Pharma Reportedly Exploring Sale; Stock Up,Salix Pharma는 매각을 모색 중인 것으로 알려짐; 재고 확보
2015-10-15,1,1,,These Setups In The Chip Space Are The Most Compelling,칩 공간에서의 이러한 설정은 가장 매력적입니다.
2018-01-03,1,1,,Agree Realty updates on investment activity,투자 활동에 대한 부동산 업데이트에 동의
2019-07-25,1,1,,"Arizona State Retirement System Buys Dominion Energy Inc, DuPont de Nemours Inc, Duke Energy ...","Arizona State Retirement System은 Dominion Energy Inc, DuPont de Nemours Inc, Duke Energy를 인수합니다."
2019-04-30,1,1,,"ADTRAN Shares March Higher, Can It Continue?","ADTRAN 주가 3월 상승, 계속될 수 있을까?"
2018-09-11,1,1,,Technology And Telecom Dashboard - Update,기술 및 통신 대시보드 - 업데이트
2015-09-21,1,1,,"Atmel Soars As Dialog, An Apple Chipmaker, To Buy It",Atmel은 Apple 칩 제조업체인 Dialog를 인수하기 위해 급등합니다.
2019-06-14,1,1,,Aflac (AFL) Riding High on Strong U.S. and Japan Business,"Aflac(AFL), 강력한 미국과 일본 사업에 힘입어"
2019-10-11,1,1,,Steel names surge on trade hopes,무역 희망에 철강 이름 급등
2018-09-27,1,1,,"Report: Exploring Fundamental Drivers Behind Marvell Technology Group, Athene Holding, ABB, ...","보고서: Marvell Technology Group, Athene Holding, ABB 등의 기본 동인 탐색"
2016-10-18,1,1,,"Buckle Shareholders: Fasten Your Seat Belts, That 4.6% Dividend Yield Is In For A Bumpy Ride",버클 주주들: 안전벨트를 매십시오. 4.6%의 배당수익률이 험난할 것입니다.
2017-01-19,1,1,,Steel Stocks Erase Wednesday's Trump Trade Gains; Citi Says Upside Priced In,철강주는 수요일 트럼프 무역 이익을 지웠다; Citi는 가격이 상승했다고 말합니다
2020-03-20,1,1,,SAP and Accenture Launch Upstream Oil and Gas Solution to Help Streamline Processes and Costs,"SAP와 Accenture, 프로세스와 비용을 합리화하는 데 도움이 되는 업스트림 석유 및 가스 솔루션 출시"
2012-09-14,1,1,,ACE Booked a New High,"ACE, 신기록 경신"
2018-12-10,1,1,,AllianceBernstein Gets Technical Rating Upgrade,"AllianceBernstein, 기술 등급 업그레이드 획득"
2018-01-24,1,1,,"Your Daily Pharma Scoop: Progenics Gaining Momentum, Nymox Data, Ligand Outlicenses Platform","귀하의 일일 제약 특종: 추진력을 얻는 Progenics, Nymox 데이터, 리간드 아웃라이선스 플랫폼"
2018-06-21,1,1,,"Arthur J. Gallagher acquires Binney, Chase & Van Horne, Inc.","Arthur J. Gallagher가 Binney, Chase & Van Horne, Inc.를 인수했습니다."
2018-04-23,1,1,,Healthcare - Top 5 Gainers / Losers as of 11:00 AM (04/23/2018),헬스케어 - 오전 11시 기준(2018년 4월 23일) 상위 5위 상승/패자
2015-05-08,1,1,,Assured Guaranty up 4.5% as accretive buybacks continue,지속적인 환매로 인해 보장 보증이 4.5% 증가했습니다.
2018-03-08,1,1,,After Hours Gainers / Losers (3/8/2018),시간외 승자/패자(2018/3/8)
2018-05-08,1,1,,Value SuperScreen Vs. The S&P 500,가치 SuperScreen 대. S&P 500
2016-09-01,1,1,,If I Had To Build An Income Portfolio Today - Update 10,오늘 소득 포트폴리오를 구축해야 한다면 - 업데이트 10
2018-01-17,1,1,,After Hours Gainers / Losers (1/17/2018),시간외 승자/패자(2018/1/17)
2019-06-21,1,1,,Pawar Law Group Reminds Investors of July –5 Deadline in Securities Class Action Lawsuit ...,Pawar Law Group은 투자자들에게 증권 집단소송 마감일인 7월 –5일을 상기시킵니다.
2018-12-03,1,1,,Top 50 Real Estate WallStars By Yields And Net Gains For November 2019,2019년 11월 수익률 및 순이익 기준 상위 50개 부동산 월스타
2016-10-07,1,1,,Gold Loses Luster And Dividend Demand Dries Up Amid Rate-Hike Blues,금리 인상 블루스 속에서 금은 광택을 잃고 배당금 수요는 감소합니다
2019-05-06,1,1,,These 7 Companies' 13 Baby Bonds Are Among The Highest Yielding ETDs In The Marketplace,이들 7개 회사의 13개 베이비 채권은 시장에서 가장 높은 수익을 내는 ETD 중 하나입니다.
2019-08-22,1,1,,Accenture (ACN) Upgraded to Buy: What Does It Mean for the Stock?,Accenture(ACN) 매수로 상향: 주식에 어떤 의미가 있나요?
2019-12-13,1,1,,Cintas (CTAS) to Report Q2 Earnings: Beat in the Cards?,"Cintas(CTAS), 2분기 실적 보고: 카드를 이길 것인가?"
2018-01-30,1,1,,Healthcare - Top 5 Gainers / Losers as of 11:00 am (1/30/2018),헬스케어 - 오전 11시 기준(2018년 1월 30일) 상위 5위 상승/패자
2015-10-15,1,1,,ADT declares $0.21 dividend,"ADT, 0.21달러 배당 선언"
2018-04-28,1,1,,Rounds Report: Achaogen And Eleven To Clear Their Binaries For Substantial Gains,라운드 보고서: Achaogen과 Eleven은 상당한 이익을 위해 바이너리를 삭제합니다.
2012-08-15,1,1,,11 Dividend Challengers With Highest Dividend Payout Potential,배당금 지급 가능성이 가장 높은 11명의 배당 도전자
2013-02-20,1,1,,Trading the Setup In AK Steel,AK Steel의 설정 거래
2017-12-04,1,1,,"Dow, Small Caps Outperform As Nasdaq Diverges Again; Retailers Shine","다우, 나스닥이 다시 분기함에 따라 소형주가 실적을 능가함; 소매업체 샤인"
2020-03-10,1,1,,AGNC Investment (AGNC) Stock Sinks As Market Gains: What You Should Know,AGNC 투자(AGNC) 주식은 시장 상승으로 하락합니다: 알아야 할 사항
2011-07-01,1,1,,10 Buy-Rated Insurance Stocks with up to 40% Upside,최대 40% 상승여력이 있는 매수 등급 보험주 10개
2013-05-06,1,1,,"PepsiCo, IBM and 7 Other Dividend Stocks Raising Their Payouts","PepsiCo, IBM 및 기타 7개 배당주가 배당금 인상"
2020-02-24,1,1,,"Artal Group S.A. Buys BioNTech SE, Alnylam Pharmaceuticals Inc, Morphic Holding Inc, Sells The ...","Artal Group S.A.는 BioNTech SE, Alnylam Pharmaceuticals Inc, Morphic Holding Inc를 인수하고..."
2017-02-02,1,1,,"Scottrade Investment Management Buys iShares Core MSCI EAFE, iShares Core S&P Mid-Cap, ...","Scottrade Investment Management, iShares Core MSCI EAFE, iShares Core S&P Mid-Cap 인수"
2020-02-12,1,1,,"Robotic Process Automation (RPA) Market Segmentation, Research Methodology And Revenue Growth ...","로봇 프로세스 자동화(RPA) 시장 세분화, 연구 방법론 및 수익 성장 ..."
2020-03-17,1,1,,Brown & Brown's (BRO) Unit Acquires RLA Insurance's Assets,Brown & Brown(BRO) 사업부가 RLA Insurance 자산 인수
2019-12-02,1,1,,SAExploration and New Concept Energy among Energy/Materials gainers; Chaparral Energy among Paringa Resources losers,에너지/소재 강자들 사이의 SA탐사 및 신개념 에너지; Paringa Resources 패자 중 Chaparral 에너지
2016-01-28,1,1,,FormFactor's SOC Business Could Propel Results: 60%+ Potential Upside,FormFactor의 SOC 사업은 결과를 촉진할 수 있습니다: 60% 이상의 잠재적 상승 여력
2018-07-31,1,1,,Healthcare - Top 5 Gainers / Losers as of 11:00 AM (07/31/2018),헬스케어 - 오전 11시 기준(2018년 7월 31일) 상위 5위 상승/패자
2019-10-03,1,1,,Dividend Champions For October 2019,2019년 10월 배당 챔피언
2018-08-02,1,1,,Tetra Tech (TTEK) Beats Q3 Earnings & Revenue Estimates,Tetra Tech (TTEK)가 3분기 수익 및 매출 추정치를 상회했습니다.
2019-10-29,1,1,,"Kirby (KEX) Q3 Earnings Surpass Estimates, Increase Y/Y","커비(KEX) 3분기 실적, 예상치 상회, 전년 동기 대비 증가"
2017-06-29,1,1,,"Alibaba Expands Lazada Stake, Boosts Southeast Asia Presence","Alibaba, Lazada 지분 확장, 동남아시아 입지 강화"
2019-03-08,1,1,,Are You Looking for a High-Growth Dividend Stock? Aflac (AFL) Could Be a Great Choice,고성장 배당주를 찾고 계십니까? Aflac(AFL)이 좋은 선택이 될 수 있습니다
2015-05-20,1,1,,First Bancorp Is Worth More Than Its 5% Dividend,First Bancorp는 배당금 5% 이상의 가치가 있습니다
2019-07-17,1,1,,"ADTRAN EPS beats by $0.06, beats on revenue",ADTRAN EPS가 0.06달러 앞섰고 수익도 앞섰습니다.
2018-10-12,1,1,,Leveraged loans outperform other asset classes as interest rates rise,이자율이 상승함에 따라 레버리지 대출은 다른 자산 클래스를 능가합니다.
2016-06-06,1,1,,First Majestic Silver Soars On Strong Fundamentals,최초의 Majestic Silver는 강력한 기초 위에서 솟아오릅니다.
2019-08-12,1,1,,Why Top REIT Arbor Realty Shows A Dividend Yield That's 356% Higher Than S&P 500,Top REIT Arbor Realty가 S&P 500보다 356% 높은 배당수익률을 보이는 이유
2018-11-01,1,1,,Stocks Battle To Stay Up With Apple Earnings Due; This Hot IPO Stock Collapses,애플의 수익을 따라잡기 위한 주식 경쟁; 이 뜨거운 IPO 주식이 붕괴됩니다
2018-05-04,1,1,,Premarket Gainers as of 9:05 am (05/04/2018),오전 9시 5분 기준(2018년 5월 4일) 시판 전 상승자
2019-10-31,1,1,,Here is Why Growth Investors Should Buy Aaron's (AAN) Now,성장 투자자들이 지금 Aaron's(AAN)을 구매해야 하는 이유는 다음과 같습니다.
2018-08-17,1,1,,"Zacks.com featured highlights include: Dollar Tree, Agenus, Huntsman, ArcelorMittal and International Paper","Zacks.com 주요 하이라이트는 Dollar Tree, Agenus, Huntsman, ArcelorMittal 및 International Paper입니다."
2012-03-19,1,1,,10 Investors' Stocks Beating the Market (Update2),시장을 이기는 10가지 투자자 주식 (업데이트2)
2017-11-22,1,1,,"Biotech Stock Roundup: RARE drug Gets FDA Nod, Acorda, Cytokinetics Hit by Pipeline Setbacks","생명공학 주식 정리: 희귀 약물이 FDA Nod, Acorda, 파이프라인 차질로 인해 세포 동력학에 영향을 받음"
2013-01-31,1,1,,My 4 Favorites from Europe's Best Recommended Dividend Stocks,유럽 ​​최고의 추천 배당주 중에서 내가 가장 좋아하는 4가지 주식
2020-02-26,1,1,,"Biogas Market Revenue, Future Growth, Top Key Players, Trend Insights and Investment ...","바이오가스 시장 수익, 미래 성장, 주요 핵심 기업, 동향 통찰력 및 투자 ..."
2016-03-25,1,1,,Nasdaq Grants Acasti Cure Period to Regain Compliance with Audit Committee Membership Requirements,"나스닥, 감사 위원회 회원 자격 요건을 다시 준수하기 위해 Acasti Cure Period 부여"
2015-02-05,1,1,,Stocks Add To Gains; Prestige Brands Surges,주식은 이익에 추가됩니다. 프레스티지 브랜드 급증
2015-06-17,1,1,,Guidance Software (GUID) Rises: Stock Up 6.9% in Session - Tale of the Tape,GUID(Guidance Software) 상승: 세션에서 재고 6.9% 상승 - 테이프 이야기
2017-12-20,1,1,,Steel names on the move as Longbow upgrades to Buy,Longbow가 Buy로 업그레이드됨에 따라 철강 이름이 이동 중입니다.
2012-08-15,1,1,,More Upside for Agrium ?,Agrium에 대한 더 많은 장점?
2014-12-23,1,1,,High Yield + High Growth + Dividend Champion = Purchase Candidates,높은 수익률 + 높은 성장 + 배당 챔피언 = 후보자 구매
2016-02-11,1,1,,Gold and Silver stocks rise premarket,금과 은 주식은 시판 전 상승
2019-02-07,1,1,,"Applied Genetic beats by $0.45, beats on revenue",Applied Genetic이 $0.45 앞섰고 수익도 앞섰습니다.
2019-03-29,1,1,,AES (AES) Up 5.1% Since Last Earnings Report: Can It Continue?,AES(AES)는 지난 수익 보고서 이후 5.1% 상승: 계속될 수 있을까요?
2014-02-19,1,1,,Analog Devices: a Market Leader With Stagnant Growth,Analog Devices: 성장이 정체된 시장 리더
2019-10-31,1,1,,Axcelis Technologies (ACLS) Surpasses Q3 Earnings Estimates,Axcelis Technologies(ACLS)가 3분기 수익 추정치를 능가했습니다.
2018-06-15,1,1,,Midday Gainers / Losers (06/15/2018),정오 승자 / 패자 (2018/06/15)
2017-11-03,1,1,,"Parker-Hannifin (PH) Q1 Earnings & Sales Beat, View Raised",Parker-Hannifin (PH) 1분기 수익 및 판매가 상회하고 전망이 상승했습니다.
2020-02-19,1,1,,"Global Electrical Appliances Market Size, Share —…—… Global Industry Growth Analysis, ...","글로벌 전기제품 시장 규모, 점유율 —…—… 글로벌 산업 성장 분석, ..."
2018-04-27,1,1,,Aspen Insurance up 2% on buyout interest,아스펜 보험(Aspen Insurance) 인수이자 2% 인상
2016-11-28,1,1,,Emerging Markets: Investment Opportunities During Global Withdrawals,신흥 시장: 글로벌 철수 기간 동안의 투자 기회
2017-01-31,1,1,,Acxiom expands analytics deal with DataXu,"Acxiom, DataXu로 분석 거래 확대"
2015-06-04,1,1,,10 Reasons Why Growth Stocks Can Be Appropriate For Retired Investors,은퇴 투자자에게 성장주가 적합한 10가지 이유
2015-04-06,1,1,,First Majestic Silver (AG) gains on buying First Mining Finance,First Mining Finance 구매로 First Majestic Silver(AG) 이익 획득
2015-09-21,1,1,,Resource Sector Digest: Gold Is Gaining Ground After The Fed's Decision,자원 부문 다이제스트: 연준의 결정 이후 금 가격이 상승세를 보이고 있습니다.
2018-10-11,1,1,,American Financial enters into agreement to acquire ABA Insurance,"아메리칸 파이낸셜(American Financial), ABA 보험 인수 계약 체결"
2017-05-04,1,1,,ACETO Board of Directors Declares Quarterly Cash DividendÂ,"ACETO 이사회, 분기별 현금 배당 선언"
2017-02-02,1,1,,"Johnson Financial Group, Inc. Buys iShares Core U.S. ...","Johnson Financial Group, Inc., 미국 iShares Core 인수"
2018-06-01,1,1,,Assurant Braces Vehicle Protection With Warranty Group Buy,Assurant는 보증 그룹 구매를 통해 차량 보호를 강화합니다.
2017-02-06,1,1,,Is The Fed Setting Up A Nasty Surprise For Bonds?,연준이 채권에 대해 불쾌한 서프라이즈를 준비하고 있습니까?
2012-09-28,1,1,,Aflac (AFL) Dividend Stock Analysis,Aflac (AFL) 배당주 분석
2018-10-16,1,1,,Wall Street Rises on Strong Earnings,월스트리트는 강한 수익으로 상승
2016-08-15,1,1,,American Eagle Outfitters tracks higher after Deutsche Bank upgrade,American Eagle Outfitters는 Deutsche Bank 업그레이드 이후 상승세를 기록했습니다.
2017-11-02,1,1,,"Zoetis (ZTS) Beats on Q3 Earnings & Sales, Ups 2017 View",Zoetis (ZTS)가 3분기 수익 및 판매를 제치고 2017년 상승 전망
2018-11-05,1,1,,The Most Undervalued And Overvalued Dividend Champions - November 2018,가장 저평가되고 과대평가된 배당 챔피언 - 2018년 11월
2014-01-14,1,1,,Autobytel soars on purchase,"오토바이텔, 구매 급증"
2019-05-13,1,1,,ADP Rides on Strategic Acquisitions Amid Rising Expenses,비용 상승 속에서 전략적 인수에 나서는 ADP
2019-03-04,1,1,,Agile Therapeutics up 21% on $7.8M capital raise,Agile Therapeutics는 780만 달러의 자본 조달로 21% 상승
2020-03-17,1,1,,"Fibrinogen Deficiency Drug Market Trends, Share, Size, Growth, Supply and Manufacturers ...","피브리노겐 결핍 약물 시장 동향, 점유율, 규모, 성장, 공급 및 제조업체 ..."
2015-05-20,1,1,,Dycom Industries (DY) Surpasses Estimates; Achillion Pharmaceuticals (ACHN) Inks Mega-Deal with Janssen,"Dycom Industries(DY)가 추정치를 능가했습니다. Achillion Pharmaceuticals(ACHN), Janssen과 메가 딜 체결"
2018-12-09,1,1,,Weekly Closed-End Fund Roundup: NBB/NBD And EMO/CBA Mergers Complete,주간 폐쇄형 펀드 정리: NBB/NBD 및 EMO/CBA 합병 완료
2017-01-18,1,1,,"B&G Foods, Kohl's, Dave & Buster's Entertainment, AK Steel and Applied Materials highlighted as Zacks Bull and Bear of the Day","B&G Foods, Kohl's, Dave & Buster's Entertainment, AK Steel 및 Applied Materials가 오늘의 Zacks Bull and Bear로 선정되었습니다."
2015-04-02,1,1,,Why Affimed (AFMD) Could Be Positioned for a Surge? - Tale of the Tape,Affimed(AFMD)가 급증할 수 있는 이유는 무엇입니까? - 테이프 이야기
2020-01-07,1,1,,"Stock Market Edges Down As Iran Renews Retaliation Threats, But These Chipmakers Show Huge Gains",이란이 보복 위협을 재개함에 따라 주식 시장은 하락했지만 이들 칩 제조업체는 엄청난 이익을 얻었습니다.
2013-08-09,1,1,,Actavis Ups R&D While Selectively Developing Generics,Actavis는 선택적으로 제네릭을 개발하면서 R&D를 강화합니다.
2019-08-12,1,1,,Agilent (A) Gears Up for Q3 Earnings: What's in the Cards?,Agilent (A) 3분기 실적 준비: 카드에는 무엇이 있습니까?
2018-11-06,1,1,,Gold To Silver Ratio At Multi-Decade High,금은 비율은 수십 년 동안 최고치를 기록했습니다.
2016-04-04,1,1,,"Annaly Capital's BV, Dividend, And Valuation Compared To 19 mREIT Peers (Post Q4 2015 Earnings) - Part 2","Annaly Capital의 BV, 배당금 및 가치 평가를 19개 mREIT 동료와 비교(2015년 4분기 이후 수익) - 2부"
2019-05-09,1,1,,Weekly Review: High-Yield CEFs - AIF Offers 8.18% Current Yield And Positive Earning/Coverage Ratio,주간 검토: 고수익 CEF - AIF는 8.18%의 현재 수익률과 긍정적인 수익/보상 비율을 제공합니다.
2020-02-11,1,1,,"Automated Material Handling Equipment Market Comprehensive Insight by Growth Rate, Global ...","자동화 자재 취급 장비 시장은 성장률, 글로벌 성장에 따른 포괄적인 통찰력을 제공합니다."
2018-02-22,1,1,,Achillion Pharma reports Q4 results; updates guidance,Achillion Pharma는 4분기 결과를 보고합니다. 업데이트 안내
2019-06-25,1,1,,"Mmtec and Scully Royalty among financial gainers, Brighthouse Financial leads losers","금융 이득자 중 Mmtec과 Scully Royalty, 패자 선두 Brighthouse Financial"
2019-11-16,1,1,,Dividend Champion And Contender Highlights: Week Of November 17,배당금 챔피언 및 경쟁자 하이라이트: 11월 17일 주
2013-05-14,1,1,,Attractively valued dividend stocks to consider today,오늘 고려해야 할 매력적인 가치의 배당주
2016-12-08,1,1,,—' Questions With David Merkel of Aleph Investments,—' Aleph Investments의 David Merkel과의 질문
2019-02-22,1,1,,360 Finance leads financial gainers; eHealth and Diamond Hill Investment among losers,360 Finance는 금전적 이익을 얻는 사람을 선도합니다. 패자 중 eHealth와 Diamond Hill 투자
2020-02-06,1,1,,"Oakbrook Investments Llc Buys State Street Corporation, Pfizer Inc, Target Corp, Sells Apple ...","Oakbrook Investments Llc는 State Street Corporation, Pfizer Inc, Target Corp를 인수하고 Apple을 매각합니다."
2018-06-21,1,1,,48 DGI Stocks Selected For Earnings Growth And Fundamental Strength,실적 성장과 펀더멘털 강점을 위해 DGI 주식 48개 선정
2020-03-16,1,1,,"Cannabis Testing Market —…–9-—…—7 / Growth, Trends, Analysis, Segmentation and Forecast","대마초 테스트 시장 —…–9-—…—7 / 성장, 동향, 분석, 세분화 및 예측"
2014-11-07,1,1,,"Endocyte, Inc. (ECYT) in Focus: Stock Surges 18% - Tale of the Tape","Endocyte, Inc.(ECYT)의 초점: 주가 18% 급등 - 테이프 이야기"
2019-02-11,1,1,,Agile up 22% on positive Twirla data,긍정적인 Twirla 데이터로 민첩성이 22% 증가
2019-05-01,1,1,,American Equity Investment (AEL) Tops Q1 Earnings and Revenue Estimates,AEL(American Equity Investment)이 1분기 수익 및 수익 추정치를 능가했습니다.
2018-02-13,1,1,,Premarket Gainers as of 9:05 am (02/13/2018),오전 9시 5분 기준(2018년 2월 13일) 시판 전 상승자
2015-03-16,1,1,,ABB to power Johan Sverdrup offshore field,"ABB, 요한 스베르드럽(Johan Sverdrup) 해양 유전에 전력 공급"
2019-07-18,1,1,,Wall Street Breakfast: Stocks Hit Reverse On July's Gains,월스트리트 아침: 주식은 7월 상승세 반전
2015-08-31,1,1,,"CF Industries - A Long-Term Play For DGI'ers, Growth And Value Investors Alike","CF Industries - DGI 직원, 성장 및 가치 투자자 모두를 위한 장기적 플레이"
2020-02-17,1,1,,"Heat Meter Market Size, Industry Share and Total Revenue Growth Rate Till —…—6 | Fortune ...","열 미터 시장 규모, 업계 점유율 및 총 수익 성장률 —…—6 | 행운 ..."
2018-11-02,1,1,,"Report: Developing Opportunities within Markel, Blackbaud, American Financial Group, Public ...","보고서: Markel, Blackbaud, American Financial Group, Public ... 내에서 기회 개발"
2019-01-29,1,1,,"HCA Healthcare's (HCA) Q4 Earnings Top Estimates, Surge Y/Y","HCA 헬스케어(HCA) 4분기 실적 최고 추정치, Y/Y 급증"
2012-06-26,1,1,,"Value In Car Parts And Services (FDML, AZO, AAP, SUPY)","자동차 부품 및 서비스의 가치(FDML, AZO, AAP, SUPY)"
2016-07-17,1,1,,"'This Defies Reason': Wake Up, The Defaults Have Begun",'이것은 이유를 무시합니다': 깨어나면 기본값이 시작되었습니다
2020-02-26,1,1,,"Bearings Market Global Trends, Size, Segments And Growth Forecast To —…—6 | Fortune ...","베어링 시장 글로벌 동향, 규모, 부문 및 성장 예측 -...-6 | 행운 ..."
2020-01-23,1,1,,"Puplava Financial Services, Inc. Buys iShares J.P. ...","Puplava Financial Services, Inc., iShares J.P. 인수"
2019-04-01,1,1,,Advaxis up 5% premarket on positive ADXS-NEO data,Advaxis는 긍정적인 ADXS-NEO 데이터로 시판 전 5% 증가
2018-04-23,1,1,,"Miller Howard Investments Inc Buys Huntington Bancshares Inc, CenterPoint Energy Inc, Canon ...","Miller Howard Investments Inc, Huntington Bancshares Inc, CenterPoint Energy Inc, Canon 인수..."
2019-07-24,1,1,,Aegion (AEGN) Reports Next Week: Wall Street Expects Earnings Growth,Aegion (AEGN) 다음 주 보고서: 월스트리트는 수익 성장을 기대합니다
2019-02-16,1,1,,General Dynamics: Hold This Military Contractor For Long-Term Income Growth,일반 역학: 장기적인 소득 성장을 위해 이 군사 계약자를 보유하세요
2017-10-05,1,1,,3 Top Dividend Stocks in Insurance Space to Consider Now,지금 고려해야 할 보험 업계의 3대 배당주
2020-02-18,1,1,,Industrial Battery Chargers Market to Expand at 8. ...,산업용 배터리 충전기 시장 8년만에 확장…
2015-01-05,1,1,,Help Us Choose A Dividend Growth Stock For Our IRA,IRA에 대한 배당 성장 주식을 선택하도록 도와주세요
2014-10-01,1,1,,Stocks Sell Off On Europe Worries; Growth Names Slammed,유럽 ​​우려로 주식 매도세; 성장 이름이 꽝 닫혔다
2019-07-26,1,1,,"Group 1 Automotive (GPI) Q2 Earnings Beat Estimates, Up Y/Y","그룹 1 자동차(GPI) 2분기 수익, 예상치 상회, Y/Y 증가"
2020-03-05,1,1,,"Smart Railways Market: Growth Drivers, Research Methodology, Developing Trends, Comprehensive ...","스마트 철도 시장: 성장 동인, 연구 방법론, 개발 동향, 종합 ..."
2013-12-30,1,1,,Why The AES Corporation (AES) Could Beat Earnings Estimates Again? - Tale of the Tape,AES Corporation(AES)이 수익 추정치를 다시 이길 수 있는 이유는 무엇입니까? - 테이프 이야기
2018-08-03,1,1,,Argan: A Good Company At A Bargain Price,아르간: 저렴한 가격에 좋은 회사
2016-11-01,1,1,,"Argo Group beats by $0.34, beats on earned premium",Argo Group이 0.34달러 앞섰고 적립 프리미엄도 앞섰습니다.
2019-01-30,1,1,,"Anthem's (ANTM) Q4 Earnings Beat Estimates, Improve Y/Y",Anthem(ANTM)의 4분기 실적이 예상치를 상회하고 Y/Y 개선
2018-08-20,1,1,,Tracking Jeffrey Ubben's ValueAct Portfolio - Q2 2018 Update,Jeffrey Ubben의 ValueAct 포트폴리오 추적 - 2018년 2분기 업데이트
2020-04-24,1,1,,"Ledyard National Bank Buys Truist Financial Corp, iShares Core Dividend Growth, JPMorgan Chase, ...","Ledyard National Bank, Truist Financial Corp, iShares 핵심 배당 성장, JPMorgan Chase 등 인수"
2020-02-13,1,1,,"Surgical Navigation Systems Market —…—… Size, Trends, Growth, Share, Merger, Business ...","수술용 내비게이션 시스템 시장 —…—… 규모, 추세, 성장, 공유, 합병, 비즈니스…"
2019-10-23,1,1,,"Amphenol (APH) Q3 Earnings Beat Estimates, Revenues Down Y/Y","Am페놀(APH) 3분기 실적, 추정치를 상회하고 매출은 Y/Y 감소"
2015-10-16,1,1,,AES declares $0.10 dividend,"AES, 0.10달러 배당 선언"
2015-05-07,1,1,,"Aceto EPS in-line, beats on revenue","Aceto EPS 인라인, 수익 향상"
2019-01-11,1,1,,Acadia's Stock May Continue To Surge,아카디아의 주식은 계속 급등할 수 있습니다
2019-10-15,1,1,,"Jaffetilchin Investment Partners, LLC Buys SPDR S&P Dividend ETF, iShares U.S. ...","Jaffetilchin Investment Partners, LLC는 SPDR S&P 배당금 ETF, iShares U.S.를 매입합니다."
2017-12-27,1,1,,Healthcare Gainers / Losers as of 11:30 am,오전 11시 30분 기준 헬스케어 승자/패자
2015-12-31,1,1,,Saying Goodbye To 2015 With A Portfolio Checkup,포트폴리오 점검으로 2015년 작별 인사하기
2016-10-18,1,1,,"You Must Be Crazy! (YMBC) -A Small Cap Value, High Yield Portfolio - Q3 2016 Review","당신은 미쳤음에 틀림없다! (YMBC) - 소형주 가치, 고수익 포트폴리오 - 2016년 3분기 검토"
2015-06-18,1,1,,"Adamas Pharmaceuticals (ADMS) Shares March Higher, Can It Continue? - Tale of the Tape",Adamas Pharmaceuticals(ADMS) 주가가 3월 상승했는데 계속될 수 있을까요? - 테이프 이야기
2015-12-23,1,1,,Adamas Pharma's lead product candidate successful in late-stage LID study; shares up 43% premarket,Adamas Pharma의 주요 제품 후보가 후기 단계 LID 연구에 성공했습니다. 시판 전 점유율 43% 상승
2018-03-08,1,1,,Argo Group (AGII) Presents At Raymond James 39th Annual Institutional Investors Conference - Slideshow,"Argo Group(AGII), Raymond James 제39차 연례 기관 투자자 컨퍼런스에서 발표 - 슬라이드쇼"
2015-08-25,1,1,,Why You Shouldn't Bet Against Ashford Hospitality Trust (AHT) Stock,Ashford Hospitality Trust(AHT) 주식에 베팅하면 안 되는 이유
2018-04-09,1,1,,Healthcare - Top 5 Gainers / Losers as of 11:00 AM (04/09/2018),헬스케어 - 오전 11시 기준(2018년 4월 9일) 상위 5위 상승/패자
2017-01-04,1,1,,Only Inflation Can Move Gold Up,인플레이션만이 금을 상승시킬 수 있습니다
2015-02-06,1,1,,"Aaron's beats by $0.04, beats on revenue",Aaron이 $0.04 앞섰고 수익도 앞섰습니다.
2015-02-20,1,1,,"InsiderInsights.com Daily Round Up 2/18/15: Advanced Drainage Systems, Applied Industrial Technologies, Alico","InsiderInsights.com 일일 요약 2015년 2월 18일: 고급 배수 시스템, 응용 산업 기술, Alico"
2019-03-22,1,1,,Has Advaxis (ADXS) Outpaced Other Medical Stocks This Year?,Advaxis (ADXS)가 올해 다른 의료 주식을 능가했습니까?
2018-12-07,1,1,,"Arch Capital Closes McNeil Buyout, Boosts Underwriting Skill","Arch Capital, McNeil 인수 마감, 인수 기술 강화"
2016-06-01,1,1,,Ashford Prime gets more support in proxy fight,Ashford Prime은 대리전에서 더 많은 지원을 얻습니다.
2018-04-23,1,1,,Is a Beat in the Cards for Fortive (FTV) in Q1 Earnings?,1분기 실적에서 Fortive(FTV)의 카드에 비트가 있습니까?
2019-06-07,1,1,,XLF: Performance And Valuation Update - June 2019,XLF: 성과 및 가치 평가 업데이트 - 2019년 6월
2015-10-21,1,1,,ACE Q3 Earnings In Line; Posts Record Underwriting Income,ACE Q3 수익 인라인; 게시물 기록 인수 수입
2016-10-05,1,1,,Bert's September Dividend Income Summary,Bert의 9월 배당 소득 요약
2017-11-01,1,1,,"Agios (AGIO) Q3 Loss Narrower than Expected, Sales Beat","아기오스(AGIO) 3분기 손실 예상보다 축소, 매출 호조"
2019-10-16,1,1,,"Green Cement Market to Register High Revenue Growth of $'6,48– million During —…–7 ...",녹색 시멘트 시장은 —…–7년 동안 64억 8천만 달러의 높은 수익 성장을 기록할 것입니다.
2014-08-20,1,1,,"O'Reilly, Auto Parts Retail Get Ready For Growth","오라일리, 자동차 부품 소매업 성장 준비"
2018-11-20,1,1,,Top Holdings Of Dividend ETFs (Part 1: The Top 50),배당 ETF의 상위 보유 현황(1부: 상위 50개)
2017-12-03,1,1,,"Africa: Most Of The Global Population Growth, Little Economic Growth And Relatively Little Emigration","아프리카: 세계 인구 증가의 대부분, 경제 성장은 거의 없고 이민도 상대적으로 적음"
2018-01-30,1,1,,"ROTY Edition 1 Volume 74: A New Feature For Readers, Updates And Trades","ROTY Edition 1 Volume 74: 독자, 업데이트 및 거래를 위한 새로운 기능"
2015-03-16,1,1,,Insurers Hit New Highs On Reported ObamaCare Plan B,보험사들은 보고된 ObamaCare 플랜 B에서 새로운 최고치를 기록했습니다.
2015-10-06,1,1,,JC Penney (JCP) Hits 52-Week High: Are Investors Watching?,JC Penney (JCP)가 52주 최고치를 경신했습니다: 투자자들이 지켜보고 있습니까?
2020-05-11,1,1,,"Sather Financial Group Inc Buys Facebook Inc, Booking Holdings Inc, Brookfield Asset Management ...","Sather Financial Group Inc, Facebook Inc, Booking Holdings Inc, Brookfield Asset Management 인수"
2017-11-29,1,1,,The Acquirer's Portfolio - Large Cap,인수자의 포트폴리오 - 대형주
2019-02-01,1,1,,Soybeans rise after China deal but order won't ease record U.S. stockpiles,중국 협상 후 대두 가격 상승했지만 주문으로 미국의 기록적인 비축량은 줄어들지 않을 것
2020-05-15,1,1,,"Zurich Insurance Group Ltd Buys PayPal Holdings Inc, Salesforce. ...","취리히 보험 그룹(Zurich Insurance Group Ltd)은 PayPal Holdings Inc, Salesforce를 인수합니다. ..."
2019-02-14,1,1,,12 Upcoming Dividend Increases,12 다가오는 배당금 증가
2019-12-23,1,1,,Sell These 3 Dividend Stocks Paying 10% Before They Crash,이 3개의 배당주가 붕괴되기 전에 10%를 지급하는 배당주를 판매하세요
2020-01-06,1,1,,"JD.com, American Eagle Outfitters, Dick's Sporting Goods, Dollar General and Ross Stores highlighted as Zacks Bull and Bear of the Day","JD.com, American Eagle Outfitters, Dick's Sporting Goods, Dollar General 및 Ross Stores가 오늘의 Zacks Bull 및 Bear로 선정되었습니다."
2020-01-21,1,1,,"Mountain Pacific Investment Advisers Inc Buys Assurant Inc, Armstrong World Industries Inc, ...","Mountain Pacific Investment Advisers Inc, Assurant Inc, Armstrong World Industries Inc, ... 인수"
2014-12-18,1,1,,"Xencor, Inc. (XNCR) in Focus: Stock Soars 29.6% - Tale of the Tape","Xencor, Inc.(XNCR)의 초점: 주가 29.6% 급등 - 테이프 이야기"
2018-12-06,1,1,,ADTRAN acquires smart home platform,"ADTRAN, 스마트 홈 플랫폼 인수"
2019-10-10,1,1,,"Enough Already With China, Prepare For Earnings Starting Later This Month And IPO Lockups Expirations",이미 중국에서는 충분히 이번 달 말부터 시작되는 수익과 IPO 락업 만료에 대비하세요.
2016-04-26,1,1,,Massive Rises In Tier 1 Gold Stocks - Even Better Than The Juniors!,Tier 1 금 주식의 대규모 상승 - 주니어 주식보다 훨씬 좋습니다!
2019-03-20,1,1,,"Dividend Increases For The High-Yield BDC Sector, Part 5: BlackRock TCP Capital","고수익 BDC 부문의 배당금 증가, 5부: BlackRock TCP Capital"
2015-12-17,1,1,,Another Thesis Supporting A Bullish Case For Precious Metals Miners,귀금속 채굴자들의 낙관적 사례를 뒷받침하는 또 다른 논문
2018-12-28,1,1,,"Highlighted as Zacks Bull and Bear of the Day Lockheed Martin, Texas Roadhouse, Gaming and Leisure Properties, Americold Realty Trust and Arbor Realty Trust","오늘의 Zacks Bull and Bear of the Day Lockheed Martin, Texas Roadhouse, Gaming and Leisure Properties, Americold Realty Trust 및 Arbor Realty Trust로 강조"
2017-01-09,1,1,,"Getting MLP Exposure Into The High-Income, Sustainable-Capital Portfolio: AMZA","고소득, 지속 가능한 자본 포트폴리오에 MLP 노출: AMZA"
2019-10-14,1,1,,"Dividend Increases: October 7-11, 2019",배당금 인상: 2019년 10월 7~11일
2019-05-02,1,1,,Green Dot Portfolio: April 2019 Update,Green Dot 포트폴리오: 2019년 4월 업데이트
2018-07-26,1,1,,"Weekly CEF Roundup: NTG Rights Offering Expires, ECF Boosts Distribution","주간 CEF 정리: NTG 권리 제공 만료, ECF 유통 증대"
2017-04-04,1,1,,"Integrated Investment Consultants, LLC Buys First Majestic Silver, SBA Communications, Suncor ...","Integrated Investment Consultants, LLC는 First Majestic Silver, SBA Communications, Suncor ...를 인수합니다."
2016-04-03,1,1,,Drive On To Future Profits With Advance Auto Parts,고급 자동차 부품으로 미래 수익 창출
2015-07-21,1,1,,4th Annual Gateway Conference to Showcase More Than 80 Growth Companies in San Francisco on ...,샌프란시스코에서 80개 이상의 성장 기업을 선보이는 제4회 연례 게이트웨이 컨퍼런스...
2020-02-18,1,1,,"Electrical Relays Market —…—… Global Industry Size, Segments, Share and Growth Factor ...","전기 계전기 시장 —…—… 글로벌 산업 규모, 세그먼트, 점유율 및 성장 요인 ..."
2016-05-19,1,1,,"InsiderInsights.com Daily Round Up 5/19/16: ACTG, JAX, SQ, FLKS","InsiderInsights.com 일일 요약 5/19/16: ACTG, JAX, SQ, FLKS"
2019-07-23,1,1,,Advance Auto Parts (AAP) Upgraded to Buy: Here's Why,AAP(Advanced Auto Parts)를 구매로 업그레이드: 이유는 다음과 같습니다.
2018-04-05,1,1,,Silver Finally Starts To Catch Up With Gold,은이 마침내 금을 따라잡기 시작했습니다.
2018-08-21,1,1,,3 Dividend Diamonds In The Rough,거친 배당금 다이아몬드 3개
2018-05-31,1,1,,Enphase Energy Q2 Surprise?,Enphase Energy Q2 서프라이즈?
2019-04-18,1,1,,Adtran +12% to six-month high after Q1 beat,Adtran +12%로 1분기 돌파 후 6개월 최고치
2018-06-28,1,1,,Future Supply For Gold And Silver Is Horrendous,금과 은의 미래 공급량은 끔찍합니다
2012-04-30,1,1,,"Profit From Agriculture (BG, CF, ADM, AGU)","농업 수익(BG, CF, ADM, AGU)"
2019-08-06,1,1,,Weekly Review: High-Yield CEFs - The Trade War Is Again On Focus,주간 리뷰: 고수익 CEF - 무역 전쟁이 다시 주목받고 있습니다
2016-02-25,1,1,,"Ashford Hospitality Trust beats by $0.01, beats on revenue",Ashford Hospitality Trust가 0.01달러 앞섰고 수익도 앞섰습니다.
2017-12-12,1,1,,Ross Stores Surges 25% in 3 Months: What's Aiding the Stock?,"Ross Stores, 3개월 만에 25% 급등: 주식에 도움이 되는 것은 무엇입니까?"
2012-02-13,1,1,,"ADM, Deere, CF Industries Stocks Up On Corn Report","ADM, Deere, CF Industries, 옥수수 보고서 재고 확보"
2013-02-25,1,1,,Six Exciting Dividend Increases for Long-term income investors,장기 소득 투자자를 위한 6가지 흥미로운 배당금 인상
2020-02-18,1,1,,Alliance Data Provides Card Services Performance Update For January —…—…,"Alliance Data, 1월 카드 서비스 실적 업데이트 제공 —…"
2012-08-21,1,1,,"Arlington Asset Investment Corp. (AI) Chairman and CEO Eric F Billings sells 7,827 Shares","Arlington Asset Investment Corp.(AI) 회장 겸 CEO Eric F Billings, 7,827주 매각"
2020-02-21,1,1,,Enterprise AI Market Profound Analysis on Drivers and Restraints | Opportunities and Threatens ...,동인 및 제약 사항에 대한 엔터프라이즈 AI 시장 심층 분석 | 기회와 위협…
2018-04-12,1,1,,Upcoming Proxy Battle At Acacia Research,Acacia Research에서 다가오는 대리 전투
2015-08-06,1,1,,Insurance ETFs Gaining on Decent Q2 Results - ETF News And Commentary,괜찮은 2분기 실적로 이익을 얻고 있는 보험 ETF - ETF 뉴스 및 논평
2014-10-31,1,1,,Progressive Waste Solutions (BIN) Jumps: Stock Rises 7% - Tale of the Tape,프로그레시브 폐기물 솔루션(BIN) 점프: 주가 7% 상승 - 테이프 이야기
2018-10-05,1,1,,Daily Insider Ratings Round Up 10/2/18,일일 내부자 평가 요약 10/2/18
2020-02-21,1,1,,"Smart Factory Market —…—… Global Share, Growth, Size, Opportunities, Trends, Regional ...","스마트 팩토리 시장 —…—… 글로벌 점유율, 성장, 규모, 기회, 동향, 지역 ..."
2020-05-12,1,1,,"DRH Investments, Inc. Buys Salesforce.com Inc, Boeing Co, The Walt Disney Co, Sells Autodesk ...","DRH Investments, Inc.는 Salesforce.com Inc, Boeing Co, Walt Disney Co를 인수하고 Autodesk를 매각합니다."
2013-12-20,1,1,,Violin Memory (VMEM) Soars: Stock Adds 14.3% in Session - Tale of the Tape,바이올린 메모리(VMEM) 급등: 주가가 세션에서 14.3% 증가 - Tale of the Tape
2015-09-16,1,1,,Agilent declares $0.10 dividend,"애질런트, 배당금 0.10달러 선언"
2016-09-14,1,1,,ADTRAN acquires fiber access portfolio from CommScope,"ADTRAN, CommScope로부터 광섬유 액세스 포트폴리오 인수"
2012-09-24,1,1,,"Weekly CFO Sells Highlight: ASGN, COF, AKRX, MCRS, GILD, ROP, PLL","주간 CFO 판매 하이라이트: ASGN, COF, AKRX, MCRS, GILD, ROP, PLL"
2015-03-30,1,1,,Analog Devices Upgraded On Apple Design Win,Apple 디자인 승리로 업그레이드된 아날로그 장치
2018-11-05,1,1,,Why American Eagle (AEO) Could Beat Earnings Estimates Again,아메리칸 이글(AEO)이 수익 추정치를 다시 이길 수 있는 이유
2018-08-09,1,1,,94 Monthly Paid Dividends From All Cap U.S. Equities Plus 80 MoPay Funds For August,미국 전체 주식의 월별 배당금 94개와 8월의 MoPay 펀드 80개
2018-08-06,1,1,,"Market Volatility Bulletin: U.S. Stocks Digest Recent Gains, While VIX Hangs Near 11",시장 변동성 게시판: 미국 주식은 최근 상승세를 소화하고 VIX는 11 근처에 머물고 있습니다.
2011-08-16,1,1,,"ADTRAN, Inc. - Growth & Income","ADTRAN, Inc. - 성장 및 소득"
2013-02-25,1,1,,Two Better Investment Ideas Than WebMD Health (WBMD)? HSTM & ABCO,WebMD Health(WBMD)보다 두 가지 더 나은 투자 아이디어가 있습니까? HSTM & ABCO
2016-10-14,1,1,,Advantage Oil keeps rising after strong Q3 update; Credit Suisse upgrades,Advantage Oil은 강력한 3분기 업데이트 이후 계속 상승합니다. 크레디트 스위스 업그레이드
2020-04-24,1,1,,"FundX Investment Group, LLC Buys iShares –-' Year Treasury Bond ETF, iShares Core U.S. ...","FundX Investment Group, LLC는 iShares를 매입합니다 –' 연도 재무부 채권 ETF, iShares Core U.S."
2019-01-10,1,1,,Why the Earnings Surprise Streak Could Continue for Agco (AGCO),Agco(AGCO)의 연속 실적 서프라이즈가 계속될 수 있는 이유
2019-08-05,1,1,,Still Waiting For A Dividend Increase From Oaktree,여전히 오크트리의 배당금 증가를 기다리고 있습니다
2019-02-12,1,1,,Arch Capital beats by $0.08,Arch Capital이 $0.08 앞섰습니다.
2016-08-18,1,1,,Stocks Going Ex-Dividend The 4th Week Of August,8월 넷째 주에 주식이 배당락됩니다
2019-10-15,1,1,,Qorvo Acquires Cavendish Kinetics For RF MEMS Tech,"Qorvo, RF MEMS 기술을 위해 Cavendish Kinetics 인수"
2019-02-18,1,1,,"Challenging Q4 For The Dividend Growth TR Portfolio, But Well-Positioned For 2019",배당 성장 TR 포트폴리오에 대한 4분기는 도전적이지만 2019년에는 좋은 위치에 있습니다.
2019-02-05,1,1,,Amyris and Aceto among Energy/Materials gainers; MagneGas Applied Technology Solutions and Cabot among losers,에너지/재료 상승세 중 Amyris 및 Aceto; 패자 중 MagneGas 응용 기술 솔루션 및 Cabot
2018-12-03,1,1,,"Arthur J. Gallagher acquires IBS Re Singapore, and 40% equity stake in PT IBS Insurance Broking Service in Indonesia","Arthur J. Gallagher, IBS Re Singapore 인수 및 인도네시아 PT IBS Insurance Broking Service 지분 40% 인수"
2015-09-28,1,1,,Are MINTs A Better Investment Than BRICS Or CIVETS?,MINT가 BRICS나 CIVETS보다 더 나은 투자인가요?
2015-12-14,1,1,,Volatility Revisits High Yield Markets,변동성이 고수익 시장을 재방문합니다
2018-09-17,1,1,,Walt Disney: Content Is The Driver And Dividend Increase Expected In November,월트 디즈니: 콘텐츠가 11월에 예상되는 배당금 증가의 원동력입니다
2016-07-18,1,1,,AAR Corp. - Potential Recovery Within Expeditionary Services And Organic Growth Can Trigger Significant Upside,AAR Corp. - 원정 서비스 내 잠재적인 회복과 유기적 성장으로 상당한 상승세를 촉발할 수 있음
2019-12-07,1,1,,US Stock Market Weekly Update December 2 - 6,12월 2~6일 미국 주식 시장 주간 업데이트
2019-12-16,1,1,,All You Need to Know About Apartment Investment Management (AIV) Rating Upgrade to Buy,아파트 투자 관리(AIV) 등급 업그레이드에 대해 알아야 할 모든 것
2013-12-04,1,1,,"Autobytel Inc. (ABTL) Shares March Higher, Can It Continue? - Tale of the Tape",Autobytel Inc.(ABTL) 주가가 3월 상승했는데 계속될 수 있을까요? - 테이프 이야기
2014-09-12,1,1,,"Manhattan Associates, Inc. (MANH) Jumps: Stock Rises 5.8% - Tale of the Tape","Manhattan Associates, Inc. (MANH) 점프: 주가 5.8% 상승 - 테이프 이야기"
2018-05-23,1,1,,"TransUnion to Buy iovation, Boost Fraud Identity Services","TransUnion, iovation 구매, 사기 신원 확인 서비스 강화"
2018-08-10,1,1,,Here's Why Colfax (CFX) is a Solid Investment Option Now,Colfax(CFX)가 현재 견고한 투자 옵션인 이유는 다음과 같습니다.
2016-06-13,1,1,,Agios Upgraded As Anemia Drug Data Soothes Safety Concerns,빈혈 약물 데이터로 안전성 우려 완화된 Agios 업그레이드
2016-12-02,1,1,,Aetna declares $0.25 dividend,"Aetna, 0.25달러 배당금 선언"
2012-10-17,1,1,,Trading the Setup In AES,AES에서 설정 거래
2018-11-23,1,1,,Meritor Gains From Robust Demand Despite Rising Expenses,비용 상승에도 불구하고 탄탄한 수요로 Meritor 이익 획득
2016-05-17,1,1,,Celgene and Agios Pharma team up in immuno-oncology; Agios up 4% after hours,Celgene과 Agios Pharma가 면역종양학 분야에서 협력합니다. Agios는 시간 이후 4% 상승
2016-03-23,1,1,,Affymetrix (AFFX) Gains as Origin Ups Bid,Affymetrix(AFFX)는 Origin이 입찰가를 올리면서 이익을 얻습니다.
2015-07-28,1,1,,"Active Power beats by $0.08, beats on revenue","Active Power가 0.08달러 앞섰고, 수익도 앞섰습니다."
2016-04-22,1,1,,Junk bond surge continues; how long can it last?,정크본드 급증이 계속되고 있습니다. 얼마나 오래 지속될 수 있나요?
2019-06-09,1,1,,Tracking Al Gore's Generation Investment Management Portfolio - Q1 2019 Update,Al Gore의 세대 투자 관리 포트폴리오 추적 - 2019년 1분기 업데이트
2019-09-05,1,1,,"Bread And Baked Food Market Share, Size (edition:—…–9)- Trend, Competition, Growth ...","빵 및 구운 식품 시장 점유율, 규모(판:—…–9)- 추세, 경쟁, 성장 ..."
2015-01-05,1,1,,Agree Realty announces busy Q4 acquisition activity,"Agree Realty, 바쁜 4분기 인수 활동 발표"
2019-09-10,1,1,,AGNC Investment (AGNC) Presents At Barclays Global Financial Services Conference - Slideshow,"AGNC 투자(AGNC), Barclays 글로벌 금융 서비스 컨퍼런스에서 발표 - 슬라이드쇼"
2016-05-20,1,1,,Aixtron reportedly in sale talks with Chinese suitors; shares up sharply,Aixtron은 중국 구혼자들과 판매 협상을 진행 중인 것으로 알려졌습니다. 급격히 점유율이 상승하다
2015-05-30,1,1,,Advance Auto Parts Is Primed For Growth,고급 자동차 부품은 성장을 위한 준비가 되어 있습니다
2020-02-26,1,1,,Accenture Expands Presence With 3rd Innovation Hub in India,"Accenture, 인도에서 세 번째 혁신 허브로 입지 확대"
2015-07-13,1,1,,Anheuser-Busch InBev SA/NV (BUD) Catches Eye: Stock Up 5.2% - Tale of the Tape,Anheuser-Busch InBev SA/NV(BUD)가 눈길을 끕니다: 주가 5.2% 상승 - 테이프 이야기
2015-03-16,1,1,,"Valeant Ups Salix Bid, Drives Out 'Disciplined' Endo",Valeant는 Salix 입찰을 높이고 '훈련된' Endo를 몰아냅니다.
2010-03-31,1,1,,Citigroup: Financial Winners & Losers,씨티그룹: 재정적 승자와 패자
2017-03-14,1,1,,"The High-Income, Sustainable-Capital Portfolio: March Update","고소득, 지속 가능한 자본 포트폴리오: 3월 업데이트"
2016-05-17,1,1,,Agilent Hits 15-Year High As Q2 Earnings Point To Revived Growth,"애질런트, 2분기 수익이 성장 회복을 가리키며 15년 최고 기록 달성"
2013-10-01,1,1,,LKQ Stock Revs Up Amid Global Expansion Drive,글로벌 확장 드라이브 속에서 LKQ 주식 상승
2018-08-31,1,1,,Molina Healthcare Surges 80% YTD: Can the Rally Continue?,"Molina Healthcare, YTD 80% 급등: 상승세가 계속될 수 있을까요?"
2018-01-24,1,1,,UPDATE: Remote Monitoring and Control Provider OmniMetrix Adds Two New Fortune 5…… Energy ...,"업데이트: 원격 모니터링 및 제어 제공업체 OmniMetrix, 두 가지 새로운 Fortune 5… 에너지 ...를 추가"
2019-01-10,1,1,,Keep Your (High) Income On Track In 2019,2019년에 귀하의 (높은) 소득을 순조롭게 유지하세요
2019-10-28,1,1,,90 Monthly Paying Top Yield Dividend Dogs And 80 Funds For November,월별 최고 수익률 배당견 90개 및 11월 펀드 80개
2020-04-10,1,1,,"32 Firms Going Ex-Dividend Next Week, Including Accenture, PNC Financial And Abbott Labs","액센츄어(Accenture), PNC 파이낸셜(PNC Financial), 애보트 랩스(Abbott Labs) 등 32개 ​​기업이 다음 주에 배당금을 종료한다"
2019-04-02,1,1,,Atlantic American declares $0.02 dividend,Atlantic American은 0.02달러의 배당금을 선언합니다.
2017-02-14,1,1,,GM Breaking Up?,GM이 헤어지나요?
2020-05-13,1,1,,"Thornburg Investment Management Inc Buys Equitable Holdings Inc, Regions Financial Corp, ...","Thornburg Investment Management Inc, Equitable Holdings Inc, Regions Financial Corp, ... 인수"
2014-10-15,1,1,,ARGUS Enterprise Goes Global,ARGUS Enterprise가 글로벌화됩니다
2018-09-05,1,1,,IBD Rating Upgrades: Ameren Flashes Improved Price Strength,IBD 등급 업그레이드: Ameren은 가격 강세를 강화했습니다.
2012-05-25,1,1,,"More Hurry Up And Wait At Analog Devices (ADI, LLTC, TXN, ONNN)","서둘러서 Analog Devices(ADI, LLTC, TXN, ONNN)에서 기다리세요."
2017-10-09,1,1,,Gain Exposure to Gold Through Newcrest Mining,Newcrest Mining을 통해 금에 노출
2018-01-31,1,1,,Consumer Confidence Soars: 5 Retail Stocks Poised to Benefit,소비자 신뢰도 급등: 수혜를 입을 5개 소매주
2012-09-04,1,1,,The Best Dividend Paying Stocks from the S&P 500,S&P 500 중 최고의 배당금을 지급하는 주식
2018-11-01,1,1,,Jane's September Dividend Increases And Income Tracker - Retirement Accounts,Jane의 9월 배당금 증가 및 소득 추적기 - 퇴직 계좌
2016-12-02,1,1,,Why Rising Rates Are Good For High Yield Credit,금리 인상이 고수익 신용에 좋은 이유
2014-10-20,1,1,,AK Steel Holding Corporation (AKS) Jumps: Stock Rises 9.4% - Tale of the Tape,AK Steel Holding Corporation (AKS) 점프: 주가 9.4% 상승 - 테이프 이야기
2016-05-18,1,1,,"American Eagle +15%, beating on top, bottom lines","아메리칸 이글 +15%, 상위, 하위 라인 제치고"
2020-05-11,1,1,,"Strategic Point Investment Advisors, LLC Buys iShares Edge MSCI Min Vol USA, iShares Core U.S. ...","Strategic Point Investment Advisors, LLC는 iShares Edge MSCI Min Vol USA, iShares Core U.S.를 인수합니다."
2014-06-24,1,1,,China Cord Blood (CO) in Focus: Stock Rises 8.6% - Tale of the Tape,주목받는 중국 제대혈(CO): 주가 8.6% 상승 - 테이프 이야기
2019-11-07,1,1,,Daily Insider Ratings Round Up 11/4/19,일일 내부자 평가 요약 11/4/19
2015-04-22,1,1,,"Alliance Fiber up 6.5% on Q1 beat, strong Q2 guidance","Alliance Fiber는 1분기 대비 6.5% 상승, 강력한 2분기 지침"
2015-06-25,1,1,,"Assured Guaranty, Dillard's, Express, Target and Big 5 Sporting Goods highlighted as Zacks Bull and Bear of the Day - Press Releases","오늘의 Zacks Bull 및 Bear로 강조된 Assured Guaranty, Dillard's, Express, Target 및 Big 5 스포츠 용품 - 보도 자료"
2018-02-08,1,1,,Study data show that Parkinson's patients could switch to Adamas Pharma's Gocovri without interruption; shares up 3%,연구 데이터에 따르면 파킨슨병 환자는 중단 없이 Adamas Pharma의 Gocovri로 전환할 수 있었습니다. 점유율 3% 상승
2014-07-02,1,1,,Regeneron Pharmaceuticals (REGN) Jumps: Stock Gains 7.4% - Tale of the Tape,Regeneron Pharmaceuticals(REGN) 점프: 주가 7.4% 상승 - 테이프 이야기
2018-06-21,1,1,,AGNC Investment And Cherry Hill Mortgage Investment: MBS Pricing For Q2 2018,AGNC 투자 및 Cherry Hill 모기지 투자: 2018년 2분기 MBS 가격
2016-10-11,1,1,,AGNC Investment's Q3 2016 Income Statement And EPS Projection - Part 2,AGNC Investment의 2016년 3분기 손익계산서 및 EPS 전망 - 2부
2018-10-26,1,1,,5 Stocks to Buy Despite Moderate Rise in Durable Orders,내구주문의 완만한 증가에도 불구하고 매수해야 할 5개 주식
2018-05-03,1,1,,AES Corp (AES) to Post Q1 Earnings: Is a Beat in Store?,"AES Corp(AES), 1분기 실적 발표: 비트가 매장에 있나요?"
2013-05-05,1,1,,My 4 Favorite Stocks With Dividend Growth From Last Week,지난주 배당금 증가로 내가 가장 좋아하는 주식 4개
2018-08-10,1,1,,ADMA Biologics Q2 revenues up 38%,ADMA Biologics 2분기 매출 38% 증가
2016-01-16,1,1,,Dividend Contenders: 50 Increases Expected By The End Of March,배당 경쟁자: 3월 말까지 50배 증가 예상
2015-02-05,1,1,,Hot Growth Stocks: What Sectors Lead 2015 Now?,인기 성장주: 현재 2015년을 이끄는 업종은 무엇입니까?
2018-10-31,1,1,,"Public Storage (PSA) Q3 FFO Beats Estimates, Revenues Up Y/Y",공용 스토리지(PSA) 3분기 FFO가 추정치를 상회하고 매출이 Y/Y 증가했습니다.
2017-07-28,1,1,,"Dow Hits Another Record, NASDAQ Hits a Wall",다우가 또 다른 기록을 세웠고 나스닥은 벽에 부딪혔다
2018-08-03,1,1,,Heineken First Half Sales Up But Profits Down With Brazilian Integration,하이네켄 상반기 매출은 늘었지만 브라질 통합으로 이익은 감소
2015-09-29,1,1,,"Defense Stock Roundup: India, U.S. Strengthen Military Ties; Raytheon Nabs Big Deals; Lockheed Boosts Dividend","방산 재고 정리: 인도와 미국이 군사 관계를 강화합니다. Raytheon Nabs 빅 딜; 록히드, 배당금 증대"
2015-04-30,1,1,,Garmin: A Bargain for Patient Investors,Garmin: 인내심 있는 투자자를 위한 할인
2018-05-29,1,1,,17 'Safer' Dividend Real Estate WallStars From May,5월부터 '더 안전한' 배당 부동산 WallStar 17개
2020-05-11,1,1,,"IFG Advisory, LLC Buys First Trust Capital Strength ETF, First Trust VL Dividend, Invesco ...","IFG Advisory, LLC는 First Trust Capital Strength ETF, First Trust VL Dividend, Invesco를 인수합니다."
2019-01-15,1,1,,Nabriva Therapeutics (NBRV) Jumps: Stock Rises 6.7%,Nabriva Therapeutics(NBRV) 점프: 주가 6.7% 상승
2017-11-28,1,1,,Is American Eagle (AEO) Likely to Beat Again in Q3 Earnings?,아메리칸 이글(AEO)이 3분기 실적에서 다시 이길 가능성이 있습니까?
2019-08-23,1,1,,"Gold, metals stocks extend gains amid market volatility","시장 변동성 속에서 금, 금속 주식 상승세 확대"
2017-12-19,1,1,,AGNC Investment And Arlington Asset Investment: MBS Pricing For Q4 2017 (Includes Current BV Projections),AGNC 투자 및 알링턴 자산 투자: 2017년 4분기 MBS 가격(현재 BV 예측 포함)
2014-02-04,1,1,,First Profit - Screen of the Week,첫 번째 이익 - 금주의 스크린
2016-05-21,1,1,,"InsiderInsights.com Daily Round Up 5/20/16: SHAK, AMBC, TICC, ACTG","InsiderInsights.com 일일 요약: 2016년 5월 20일: SHAK, AMBC, TICC, ACTG"
2018-11-06,1,1,,American Equity Investment Life Holding Company 2018 Q3 - Results - Earnings Call Slides,American Equity Investment Life Holding Company 2018년 3분기 - 결과 - 실적 발표 슬라이드
2015-07-27,1,1,,"Re-Testing The Dividend Spectrum For Total Return Vs. SPY, DIA And Berkshire Hathaway","총 수익률과 배당금 스펙트럼을 다시 테스트합니다. 스파이, 다이아, 버크셔 해서웨이"
2016-09-30,1,1,,SPY ETF Trades Flat In September But Climbed 4% In Q3 To All-Time Highs,SPY ETF는 9월에 보합세를 기록했지만 3분기에는 4% 상승하여 사상 최고치를 기록했습니다.
2017-01-31,1,1,,"Acxiom beats by $0.09, beats on revenue","Acxiom이 0.09달러 앞섰고, 수익도 앞섰습니다."
2019-05-15,1,1,,"ADXS, CLRB among premarket gainers","시판 전 상승세 중 ADXS, CLRB"
2016-12-20,1,1,,AGNC Investment And Orchid Island Capital: MBS Pricing Update For Q4 2016 (Continued mREIT BV Decreases In December),AGNC Investment 및 Orchid Island Capital: 2016년 4분기 MBS 가격 업데이트(12월에도 mREIT BV 감소 지속)
2014-12-10,1,1,,"Energy Sector Drags On Stocks; Lakeland, Spirit, Akorn Rise","에너지 부문이 주식을 끌고 있다. 레이크랜드, 스피릿, 아콘 라이즈"
2014-11-18,1,1,,Sunesis Pharmaceuticals (SNSS) Jumps: Stock Surges 38.3% - Tale of the Tape,Sunesis Pharmaceuticals(SNSS) 점프: 주가 급등 38.3% - 테이프 이야기
2015-09-22,1,1,,Infinity Pharmaceuticals (INFI) Jumps: Stock Moves Up 8.6%,Infinity Pharmaceuticals(INFI) 점프: 주식은 8.6% 상승
2018-01-24,1,1,,"Amphenol (APH) Q4 Earnings Beat, Issues Bullish View for '18",Amphenol(APH) 4분기 실적이 저조하고 '18년 강세 전망 발표
2020-04-09,1,1,,"Argan, Inc. Declares Regular Quarterly Dividend of $….—5 Per Share","Argan, Inc.는 $….—주당 5달러의 정기 분기 배당금을 선언합니다."
2017-08-31,1,1,,Analog Devices (ADI) in Focus: Stock Moves 5.2% Higher,ADI(Analog Devices)에 초점: 주가 5.2% 상승
2019-04-19,1,1,,Global High Chrome Mill Internals Market Expected to witness a highest CAGR value of –'. ...,글로벌 높은 크롬 밀 내부 시장은 –'의 가장 높은 CAGR 값을 목격할 것으로 예상됩니다. ...
2016-12-09,1,1,,Value Investing Vs. Dividend Growth Investing: How About Both?,가치 투자 대. 배당 성장 투자: 둘 다 어떻습니까?
2012-05-19,1,1,,"Weekly CEO Buys Highlight: CLR, FCH, SFLY, AES, BECN","주간 CEO 매수 하이라이트: CLR, FCH, SFLY, AES, BECN"
2019-02-21,1,1,,Focus Financial Partners and Ares Commercial Real Estate among financial gainers; Uniti Group leads losers,"금융 이득자 중 금융 파트너 및 Ares Commercial Real Estate에 중점을 둡니다. 유니티그룹, 패자 선두"
2016-01-05,1,1,,AT&T Expands Digital Life To U.K. Market In O2 Deal,"AT&T, O2 거래로 디지털 라이프를 영국 시장으로 확장"
2019-07-25,1,1,,Aflac (AFL) Surpasses Q2 Earnings and Revenue Estimates,Aflac(AFL)이 2분기 수익 및 수익 추정치를 능가했습니다.
2018-02-27,1,1,,After Hours Gainers / Losers (2/27/2018),시간 외 승자 / 패자 (2018/2/27)
2016-09-20,1,1,,Barrick Gold Corporation: Update on Veladero and Kalgoorlie,Barrick Gold Corporation: Veladero 및 Kalgoorlie에 대한 업데이트
2019-04-08,1,1,,Automatic Data Processing (ADP) Is Up 3.86% in One Week: What You Should Know,자동 데이터 처리(ADP)가 일주일 만에 3.86% 증가했습니다: 알아야 할 사항
2016-06-01,1,1,,"Spending Is Up, But Faith (In The Economy) Is Down",지출은 증가했지만 (경제에 대한) 믿음은 감소했습니다
2018-11-02,1,1,,Consumer And Central Bank Buying Push Gold Demand Up In Q3,소비자와 중앙은행의 매수로 인해 3분기에 금 수요가 증가합니다
2016-06-03,1,1,,Precious metal stocks rise in premarket trade,시판 전 거래에서 귀금속 주가 상승
2017-08-30,1,1,,CME Group vs Intercontinental Exchange: Which Stock Allures?,CME 그룹 대 대륙간 거래소: 어떤 주식이 매력적입니까?
2015-04-30,1,1,,AllianceBernstein higher as inflows and margins turn upward,유입 및 마진이 상승함에 따라 AllianceBernstein이 더 높아졌습니다.
2018-01-16,1,1,,Weekly CEF Roundup: Alpine Sells CEF Management Contract To Aberdeen,"주간 CEF 요약: Alpine, Aberdeen에 CEF 관리 계약 판매"
2019-03-04,1,1,,AptarGroup Grows on Business Transformation Amid Inflation,AptarGroup은 인플레이션 속에서 비즈니스 혁신을 통해 성장합니다.
2019-06-14,1,1,,50 Highest Foreign Stock Dividend Yields - June 2019,외국 주식 배당수익률 상위 50개 - 2019년 6월
2020-05-13,1,1,,"Aaron's, Inc. Directors Declare Dividend","Aaron's, Inc. 이사, 배당 선언"
2019-11-07,1,1,,"ACI Worldwide EPS beats by $0.14, beats on revenue",ACI Worldwide EPS가 0.14달러 앞섰고 수익도 앞섰습니다.
2020-02-12,1,1,,"VAE Emulsion Market Share,Size —…—… &ndash; Global Growth, Trends, Industry ...","VAE 에멀젼 시장 점유율, 규모 —…—… &ndash; 글로벌 성장, 동향, 산업 ..."
2019-09-19,1,1,,Cintas (CTAS) Shares Rises 49% YTD: What's Driving the Rally?,Cintas(CTAS) 주가는 YTD 49% 상승: 랠리를 주도하는 요인은 무엇입니까?
2017-08-09,1,1,,Amerivest Investment Management LLC Buys iShares Core U.S. ...,"Amerivest Investment Management LLC, 미국 iShares Core 인수"
2019-02-12,1,1,,ADT Acquires LifeShield For DIY Home Security Tech,"ADT, DIY 홈 보안 기술을 위해 LifeShield 인수"
2017-11-21,1,1,,Acorda Stock Up Despite Phase III Trial on Tozadenant Stops,Tozadenant 중단에 대한 3상 시험에도 불구하고 Acorda 재고 증가
2018-03-08,1,1,,Agilent to acquire Advanced Analytical for $250M,"애질런트, Advanced Analytical을 2억 5천만 달러에 인수"
2019-11-06,1,1,,Arthur J. Gallagher acquires BonusDrive,"Arthur J. Gallagher, BonusDrive 인수"
2019-08-19,1,1,,"USD —56.8 Mn, Global High Pressure Grinding Rollers (HPGR) Market Growth Factors Details for ...","USD —5680만, 글로벌 고압 연삭 롤러(HPGR) 시장 성장 요인 세부 정보"
2011-12-15,1,1,,"American Campus Communities, Inc. - Growth & Income","American Campus Communities, Inc. - 성장 및 소득"
2019-05-22,1,1,,"Advance Auto Parts (AAP) Q1 Earnings Beat Estimates, Up Y/Y","AAP(Advanced Auto Parts) 1분기 실적, 예상치 상회, Y/Y 상승"
2019-08-12,1,1,,"The Keys to Successful Timing the Markets - August 12, 2019",시장 타이밍을 성공적으로 맞추는 열쇠 - 2019년 8월 12일
2015-01-26,1,1,,Ocwen soars after settling with California,Ocwen은 캘리포니아에 정착한 후 급상승합니다.
2017-08-30,1,1,,Analog Devices (ADI) Beat Earnings & Revenues in Q3,Analog Devices(ADI)가 3분기 실적 및 수익을 능가했습니다.
2017-01-09,1,1,,3 Incredible Charts Prove High Yield Is 'Priced To Perfection',3개의 놀라운 차트는 높은 수익률이 '완벽한 가격'임을 입증합니다
2018-02-21,1,1,,Barrick Gold: An Attractive Investment Option,Barrick Gold: 매력적인 투자 옵션
2019-12-08,1,1,,November 2019 Dividend Portfolio Update,2019년 11월 배당 포트폴리오 업데이트
2018-01-10,1,1,,"Hutchens Investment Management Inc Buys International Business Machines Corp, S&P Global ...","Hutchens Investment Management Inc, International Business Machines Corp, S&P Global ... 인수"
2020-03-12,1,1,,"AI Recruitment Market —…–9-—…—7 / Growth, Emerging Trends and Future Opportunities","AI 채용 시장 —…–9-—…—7 / 성장, 신흥 트렌드 및 미래 기회"
2019-09-27,1,1,,Preferring Preferreds Again,선호를 다시 선호
2019-04-25,1,1,,At 4.6…% CAGR : Global Voltage Regulators Market Size is Projected Robust Growth By —…—6,4.6…% CAGR: 글로벌 전압 조정기 시장 규모는 다음과 같이 견고한 성장이 예상됩니다.
2017-10-19,1,1,,"Mycio Wealth Partners, Llc Buys Eagle Point Credit Co Inc, Aon PLC, DowDuPont Inc, Sells Eagle ...","Mycio Wealth Partners, Llc는 Eagle Point Credit Co Inc, Aon PLC, DowDuPont Inc를 인수하고 Eagle ...을 판매합니다."
2015-06-11,1,1,,The Market For 'Lemons': A Lesson For Dividend Investors,'레몬' 시장: 배당 투자자를 위한 교훈
2019-11-27,1,1,,"Dow, Other Indexes At Record Highs; Plenty For Which To Be Thankful","다우, 사상 최고치의 기타 지수; 감사할 일이 많이 있습니다"
2018-03-07,1,1,,ADP Outperforms Again: 235K New Jobs,"ADP가 다시 한 번 뛰어난 성능을 발휘함: 235,000개의 신규 일자리"
2017-02-14,1,1,,"AllianceBernstein beats by $0.18, beats on revenue","AllianceBernstein이 0.18달러 앞섰고, 수익도 앞섰습니다."
2017-02-06,1,1,,Two Dividend Growth Stocks Looking At Projected Breakout Moves Of 8% And 36%,8%와 36%의 예상 돌파 움직임을 보고 있는 두 개의 배당 성장 주식
2020-03-18,1,1,,"Anaesthesia Monitoring Devices Market Size, Trends —…–8 - Global Industry Share, Growth ...","마취 모니터링 장치 시장 규모, 동향 —...–8 - 글로벌 산업 점유율, 성장 ..."
2015-02-03,1,1,,Finding Value In The Dividend Aristocrats List,배당 귀족 목록에서 가치 찾기
2019-08-28,1,1,,Weekly Review: Municipal Bond CEFs - A Slight Decline From The Record Highs,주간 검토: 지방채 CEF - 최고 기록에서 소폭 하락
2017-12-14,1,1,,Profitable Thursday - Last Week's Silver Play Beats BitCoin,수익성 있는 목요일 - 지난 주의 은화 플레이가 비트코인을 이겼습니다.
2014-04-28,1,1,,Pfizer and Lockheed Martin Top Dividend Growers of the Week,화이자 및 록히드 마틴 금주의 최고 배당 재배자
2019-01-31,1,1,,"Jobless Claims Shoot Up to 253K, Q4 Earnings Solid: GE, UPS, MA","실업수당 청구 건수 최대 253,000건, 4분기 순익: GE, UPS, MA"
2015-10-13,1,1,,Molina Healthcare Rises on Asset Acquisition Announcement,"Molina Healthcare, 자산 인수 발표로 상승"
2015-12-24,1,1,,"Pep Boys breakup is likely scenario, analyst says",분석가는 Pep Boys의 해체가 시나리오일 가능성이 높다고 말합니다.
2012-12-12,1,1,,Best Services Stock Picks for 2013 | A Selection of Growth Stocks,2013년 최고의 서비스 주식 추천 | 성장주 선택
2019-06-22,1,1,,Autodesk (ADSK) Up 0.8% Since Last Earnings Report: Can It Continue?,Autodesk(ADSK)는 지난 수익 보고서 이후 0.8% 상승: 계속될 수 있을까요?
2017-02-17,1,1,,Barrick Gold Has Massive Upside Potential,Barrick Gold는 엄청난 상승 잠재력을 가지고 있습니다
2019-02-11,1,1,,The Best Of The Best In Industrial Electrical Equipment: Dividends And Valuation,산업용 전기 장비 분야 최고 중의 최고: 배당금 및 가치 평가
2019-05-30,1,1,,AGCO Earns Relative Strength Rating Upgrade; Hits Key Threshold,"AGCO, 상대 강도 등급 업그레이드 획득; 적중 키 임계값"
2015-05-14,1,1,,AcelRx Pharmaceuticals (ACRX) soars on defense contract,"AcelRx Pharmaceuticals(ACRX), 방산 계약으로 급증"
2019-10-17,1,1,,"Leonard Rickey Investment Advisors P.L.L.C. Buys iShares Core U.S. Growth ETF, iShares U.S. ...","레너드 리키 투자 자문 P.L.L.C. iShares Core U.S. Growth ETF, iShares U.S.를 매입합니다."
2018-11-23,1,1,,44 Industrial 'Safer' Dividend WallStars Bagged In November By Dividend Dogcatcher,배당금 도그캐처(Dividend Dogcatcher)에 의해 11월에 44개의 산업 '안전한' 배당금 WallStars가 수거되었습니다.
2019-08-06,1,1,,"Edmonds Duncan Registered Investment Advisors, LLC Buys BlackRock Multi-Sector Income Trust, ...","Edmonds Duncan Registered Investment Advisors, LLC, BlackRock Multi-Sector Income Trust 인수"
2014-08-07,1,1,,Strength Seen in Almost Family (AFAM): Stock Up 6.0% - Tale of the Tape,AFAM(Almost Family)에서 볼 수 있는 강점: 재고 상승률 6.0% - Tale of the Tape
2019-05-03,1,1,,Fortinet's (FTNT) Q1 Earnings & Revenues Beat Estimates,Fortinet(FTNT)의 1분기 수익 및 수익이 예상치를 상회했습니다.
2016-09-16,1,1,,"InsiderInsights.com Daily Round Up 9/15/16: Proteostasis Therapeutics, Viewray, Spectrum Brands, Virtus Total Return Fund","InsiderInsights.com 일일 요약 2016년 9월 15일: Proteostatic Therapeutics, Viewray, Spectrum Brands, Virtus Total Return Fund"
2015-04-20,1,1,,Can the Uptrend Continue for Audience (ADNC)? - Tale of the Tape,ADNC(오디언스)의 상승 추세가 계속될 수 있습니까? - 테이프 이야기
2015-01-10,1,1,,M&A activity soars in online ad tech market,온라인 광고 기술 시장에서 M&A 활동 급증
2019-05-07,1,1,,Agilent Technologies (A) Reports Next Week: Wall Street Expects Earnings Growth,Agilent Technologies(A)는 다음 주 보고서를 발표합니다: 월스트리트는 수익 성장을 기대합니다
2019-09-11,1,1,,Alcoa upgraded at Credit Suisse as alumina prices on path to recovery,알루미나 가격이 회복세에 접어들면서 Credit Suisse에서 Alcoa가 업그레이드됨
2018-05-18,1,1,,"Resurgent Economy, Buyouts to Keep Health Insurers Buoyant","부활하는 경제, 건강보험사의 활력을 유지하기 위한 매수"
2018-09-26,1,1,,Healthcare - Top 5 Gainers / Losers as of 11:00 AM (09/26/2018),헬스케어 - 오전 11시 기준(2018년 9월 26일) 상위 5위 상승/패자
2015-01-14,1,1,,Update: First Majestic Silver Announces Record Production In Q4,"업데이트: First Majestic Silver, 4분기에 기록적인 생산 발표"
2016-02-01,1,1,,Doubling Your Dividend Aristocrat Yield,배당 귀족 수익률을 두 배로 늘리기
2019-06-26,1,1,,AECOM wins support services contract from DOS,"AECOM, DOS로부터 지원 서비스 계약 체결"
2019-10-19,1,1,,Excellent Growth of Automotive Adhesive Tapes Market —…–9: Top Key Players – 'M ...,자동차 접착 테이프 시장의 탁월한 성장 —…–9: 주요 핵심 플레이어 – 'M ...
2019-07-30,1,1,,"Albany EPS beats by $0.23, beats on revenue",Albany EPS가 0.23달러 앞섰고 수익도 앞섰습니다.
2018-10-17,1,1,,Achaogen files European application for plazomicin; shares up 5% premarket,Achaogen은 플라조마이신에 대한 유럽 신청을 제출했습니다. 시판 전 점유율 5% 상승
2016-05-27,1,1,,Stocks Going Ex-Dividend The First Week Of June,6월 첫째 주에 배당락되는 주식
2011-12-21,1,1,,4 Cheap Agriculture Stocks for 2012 - Investment Ideas,2012년 저렴한 농업 주식 4가지 - 투자 아이디어
2015-12-08,1,1,,Stocks Going Ex-Dividend The Third Week Of December,12월 셋째 주에 배당락되는 주식
2019-11-08,1,1,,"Ci Investments Inc. Buys SPDR Gold Trust, Exelon Corp, Cigna Corp, Sells Wells Fargo, ...","Ci Investments Inc., SPDR Gold Trust, Exelon Corp, Cigna Corp 인수, Wells Fargo 매각"
2016-05-03,1,1,,Market-Beating Vanguard Health Care Fund Adds Shares to 5 Positions,"시장을 선도하는 Vanguard Health Care Fund, 5개 포지션에 주식 추가"
2015-06-08,1,1,,The Vetr community has upgraded $AAVL to 4-Stars.,Vetr 커뮤니티는 $AAVL을 4성으로 업그레이드했습니다.
2017-01-12,1,1,,"ETF Investors Turn Defensive, Bid Up Bonds, Gold After Trump's Talk",ETF 투자자들은 트럼프의 발언 이후 방어적인 태도로 전환하고 채권과 금을 입찰했습니다.
2015-04-23,1,1,,What Björn Paffrath Is Advising Institutional And High Net-Worth Investors,Björn Paffrath가 기관 및 고액 순자산 투자자에게 조언하는 내용
2019-02-06,1,1,,Dividend Aristocrats for 2019 Revealed,2019년 배당 귀족 공개
2014-04-21,1,1,,Stocks Rise In Weak Volume; Pfizer Paces Drugmakers,"주식은 약한 거래량으로 상승합니다. 화이자, 제약회사에 앞장서다"
2016-11-30,1,1,,"Aon Hits 52-Week High on Strong Q3, Recent Acquisitions","Aon, 최근 인수로 3분기 호조로 52주 최고 기록 달성"
2017-09-26,1,1,,ABB Set to Expand Globally with GE Industrial Acquisition,"ABB, GE 산업 인수로 글로벌 확장 예정"
2016-06-22,1,1,,Of Supernovas And Deflation,초신성과 디플레이션
2018-07-23,1,1,,Energy/Materials - Top 5 Gainers / Losers as of 2:00 PM (07/23/2018),에너지/재료 - 오후 2시 기준(2018년 7월 23일) 상위 5위 상승/패자
2015-10-01,1,1,,"Auto Stock Roundup: Tesla Impresses, VW Depresses","자동차 재고 정리: Tesla는 인상적, VW는 침체"
2019-04-04,1,1,,Arthur J. Gallagher expands in western Canada,Arthur J. Gallagher가 캐나다 서부로 확장
2019-12-03,1,1,,Arlington Asset Investment Corp. Declares Fourth Quarter Dividends on Preferred Stock,"Arlington Asset Investment Corp., 우선주에 대한 4분기 배당금 발표"
2020-04-16,1,1,,"City Holding Co Buys Trane Technologies PLC, Truist Financial Corp, iShares iBoxx $ Investment ...","City Holding Co는 Trane Technologies PLC, Truist Financial Corp, iShares iBoxx $ 투자를 인수합니다."
2015-05-14,1,1,,"InsiderInsights.com Daily Round Up 5/13/15: LJPC, LIFE, HTGM, COLL","InsiderInsights.com 일일 요약 5/13/15: LJPC, LIFE, HTGM, COLL"
2016-05-02,1,1,,Industry Group Rankings Can Shed Light On Market Status,산업 그룹 순위를 통해 시장 현황을 밝힐 수 있음
2018-09-13,1,1,,"Chips, Internets Boost Nasdaq As Apple Continues Rise To $1.25 Trillion Market Cap",Apple이 시가총액 1조 2500억 달러로 계속 상승함에 따라 칩과 인터넷이 Nasdaq을 부양합니다.
2019-06-20,1,1,,Buy Two Harbors After The Dividend Reduction,배당금 감소 후 두 개의 항구 구매
2015-04-15,1,1,,"InsiderInsights.com Daily Round Up 4/14/15: BH, NXRT, AGCO, COSI","InsiderInsights.com 일일 요약 4/14/15: BH, NXRT, AGCO, COSI"
2018-01-18,1,1,,HudBay Minerals (HBM) and ArcelorMittal (MT) are Aggressive Growth Rank Buys,HudBay Minerals(HBM) 및 ArcelorMittal(MT)은 공격적인 성장 순위 매수입니다.
2015-03-08,1,1,,11 Canadian Dividend Stocks You Should Consider For Your Dividend Growth Portfolio,배당 성장 포트폴리오를 위해 고려해야 할 11가지 캐나다 배당주
2017-03-20,1,1,,Acme United declares $0.10 dividend,"Acme United, $0.10 배당금 선언"
2014-01-28,1,1,,An Eagle Soaring Against the Draft,바람을 거슬러 비상하는 독수리
2016-11-07,1,1,,"Acxiom beats profit, revenue expectations in fiscal Q2",Acxiom은 회계연도 2분기에 이익과 매출 기대치를 상회했습니다.
2018-08-10,1,1,,Ameren declares $0.4575 dividend,"Ameren, $0.4575 배당금 선언"
2018-11-27,1,1,,Steel stocks in the red as Steel Dynamics' new project to add to U.S. supply,미국 공급에 추가되는 Steel Dynamics의 새로운 프로젝트로 철강 재고가 적자
2018-08-17,1,1,,AGNC Investment Corp.: Is This 11.3%-Yielding Mortgage REIT A Buy Right Now?,AGNC Investment Corp.: 11.3% 수익률의 모기지 REIT가 지금 당장 매수인가요?
2020-05-15,1,1,,"Barrow, Hanley, Mewhinney & Strauss Buys Cognizant Technology Solutions Corp, MGM Growth ...","Barrow, Hanley, Mewhinney & Strauss, Cognizant Technology Solutions Corp, MGM Growth 인수"
2019-09-27,1,1,,Insurance Broker BRP Group Starts U.S. IPO Effort,"보험 중개인 BRP 그룹, 미국 IPO 노력 시작"
2018-07-26,1,1,,Achaogen Announces Strategic Update to Align Operations with Commercial and Clinical ...,"Achaogen, 상업 및 임상 사업에 맞춰 운영을 조정하기 위한 전략적 업데이트 발표"
2018-12-31,1,1,,Rite Aid (RAD) in Focus: Stock Moves 6.8% Higher,RAD(Rite Aid) 초점: 주가 6.8% 상승
2019-11-12,1,1,,Automatic Data Processing declares $0.91 dividend,자동 데이터 처리로 $0.91 배당 선언
2017-09-21,1,1,,Colfax Scores Relative Strength Rating Upgrade; Hits Key Benchmark,"Colfax, 상대 강도 등급 업그레이드 점수 획득; 조회수 주요 벤치마크"
2017-01-11,1,1,,The Vetr community has upgraded $ADI to 5-Stars.,Vetr 커뮤니티는 $ADI를 5성으로 업그레이드했습니다.
2019-05-02,1,1,,"UAA, ZNGA among premarket gainers","시판 전 상승세 중 UAA, ZNGA"
2016-10-09,1,1,,Barrick Gold Corp: Update on the Sale of ABX's 5…-Percent Stake in Kalgoorlie,Barrick Gold Corp: ABX의 Kalgoorlie 지분 5% 매각에 대한 업데이트
2015-05-21,1,1,,Goldman updates list of most-held hedge fund names,Goldman은 가장 많이 보유하는 헤지펀드 이름 목록을 업데이트합니다.
2019-12-09,1,1,,Merger Arbitrage Mondays - Thoma Bravo's Acquisition Of Instructure Includes A Go-Shop Provision,합병 재정 월요일 - Thoma Bravo의 인프라 인수에는 Go-Shop 조항이 포함됩니다
2015-04-02,1,1,,"Notable tech gainers: YOKU, VHC, CALL, COUP, NSR, VECO, AIXG","주목할만한 기술 상승세: YOKU, VHC, CALL, COUP, NSR, VECO, AIXG"
2019-10-17,1,1,,Atlas Financial surges 15% after Nasdaq panel grants appeal,Nasdaq 패널이 항소를 승인한 후 Atlas Financial이 15% 급등
2019-06-03,1,1,,Arthur J. Gallagher acquires The Protectors Insurance Group,"Arthur J. Gallagher, The Protectors Insurance Group 인수"
2018-11-29,1,1,,American Eagle Outfitters Gets RS Rating Upgrade,"American Eagle Outfitters, RS 등급 업그레이드 획득"
2020-02-10,1,1,,"Andra AP-fonden Buys ViacomCBS Inc, Truist Financial Corp, Match Group Inc, Sells Fiserv Inc, ...","Andra AP-fonden은 ViacomCBS Inc, Truist Financial Corp, Match Group Inc를 인수하고 Fiserv Inc를 매각합니다..."
2018-04-09,1,1,,David Morgan: Silver Market Set Up Is The 'Best I've Seen For A Very Long Time',데이비드 모건(David Morgan): 은 시장 설정은 '오랫동안 보아온 것 중 최고'입니다.
2014-01-15,1,1,,Drug Buyouts On The Rise -- But Buyers Changing,의약품 구매가 증가하고 있지만 구매자는 변화하고 있습니다.
2017-01-11,1,1,,The Vetr community has upgraded $ADHD to 3.5-Stars.,Vetr 커뮤니티는 $ADHD를 3.5성급으로 업그레이드했습니다.
2019-05-23,1,1,,"Annaly Capital's Dividend, BV, And Valuation Versus 19 mREIT Peers (Post Q1 2019 Earnings) - Part 1","Annaly Capital의 배당금, BV 및 가치 평가와 19개의 mREIT 동료(2019년 1분기 이후 수익) - 1부"
2017-08-30,1,1,,Agilent Technologies (A) Hits Fresh 52-Week High of $63.63,Agilent Technologies(A)는 $63.63의 52주 최고가를 기록했습니다.
2018-02-01,1,1,,Lincoln National (LNC) Beats on Q4 Earnings and Revenues,링컨 내셔널(LNC)이 4분기 수익 및 수익을 앞질렀습니다.
2019-07-26,1,1,,CarMax (KMX) Hits Fresh High: Is There Still Room to Run?,CarMax(KMX)가 최고치를 경신했습니다: 아직 달릴 여지가 있나요?
2019-12-02,1,1,,Accenture acquires Apis Group,"Accenture, Apis Group 인수"
2019-03-21,1,1,,Global X SuperDividend REIT ETF: A Solution In Search Of A Problem?,Global X SuperDividend REIT ETF: 문제를 찾는 해결책?
2014-09-29,1,1,,Janus Capital Group (JNS) Soars: Stock Adds 43% - Tale of the Tape,Janus Capital Group(JNS) 급상승: 주가 43% 증가 - 테이프 이야기
2016-08-05,1,1,,My Dividend Growth Portfolio - Q2 2016 Summary,나의 배당 성장 포트폴리오 - 2016년 2분기 요약
2013-07-02,1,1,,Trading Idea: Is Barrick Gold close to Support?,거래 아이디어: Barrick Gold가 지원에 가깝나요?
2017-01-05,1,1,,"2016 - A Great Year For Our Portfolios, Core Portfolio Was Up 56.20%","2016년 - 우리 포트폴리오에 있어 좋은 해, 핵심 포트폴리오는 56.20% 증가했습니다."
2018-01-18,1,1,,"Your Daily Pharma Scoop: Juno Surges On Takeover Rumors, AEterna Zentaris Achieves Another Milestone, Spark Granted ODD",귀하의 일일 제약 특종: Juno가 인수 소문에 급증하고 AEterna Zentaris가 또 다른 이정표를 달성하고 Spark에 ODD 부여
2015-02-03,1,1,,Aetna ups revenues 22% in FY2014,"Aetna, 2014 회계연도 매출 22% 증가"
2017-11-22,1,1,,American Eagle: Candid Update On A Stock I Bought Too High,아메리칸 이글: 내가 너무 높게 산 주식에 대한 솔직한 업데이트
2016-10-31,1,1,,"18 Dividend Increases: October 24-28, 2016",18 배당금 인상: 2016년 10월 24~28일
2018-02-08,1,1,,"iRobot (IRBT) Beats on Q4 Earnings, Issues 2020 Guidance","iRobot(IRBT), 4분기 실적 개선, 2020년 가이던스 발표"
2018-10-11,1,1,,"Auto Stock Roundup: GM, HMC Tie Up for Self-Driving Technology, TM to Form JV","자동차 재고 정리: GM, HMC, 자율주행 기술 제휴, TM, JV 설립"
2013-02-25,1,1,,20 of the Best Dividend-Paying Asset Management Stocks,최고의 배당금을 지급하는 자산운용주 20개
2016-11-30,1,1,,Is This Better Than A High Dividend Yield?,이것이 고배당 수익률보다 나은가요?
2018-06-14,1,1,,Redfin says May real estate market is fastest on record,Redfin은 5월 부동산 시장이 기록상 가장 빠르다고 말합니다.
2018-04-09,1,1,,2 Mines Supply Half Of U.S. Silver Production And The Real Cost To Produce Silver,2개의 광산은 미국 은 생산량의 절반과 은 생산에 필요한 실제 비용을 공급합니다.
2018-08-02,1,1,,McDonald's: Dividend Aristocrat For Total Return And Income,맥도날드: 총 수익과 소득에 대한 배당 귀족
2018-02-27,1,1,,"Welbilt to Acquire Crem for $224M, Provides Solid '18 View","Welbilt, Crem을 2억 2400만 달러에 인수, 견고한 '18 전망 제공"
2019-07-16,1,1,,Akamai Technologies (AKAM) Upgraded to Buy: Here's Why,Akamai Technologies(AKAM)가 구매로 업그레이드: 이유는 다음과 같습니다.
2020-05-06,1,1,,"Private Ocean, LLC Buys Apple Inc, SPDR Nuveen Bloomberg Barclays High Yield Municipa, Vanguard ...","Private Ocean, LLC는 Apple Inc, SPDR Nuveen Bloomberg Barclays High Yield Municipa, Vanguard ...를 인수합니다."
2019-11-08,1,1,,"Air Lease (AL) Beats on Earnings in Q3, Increases Dividend",AL(Air Lease)이 3분기 수익을 앞지르고 배당금을 늘립니다.
2015-01-11,1,1,,High-Yield Dividend Champion Portfolio: January Update,고수익 배당 챔피언 포트폴리오: 1월 업데이트
2018-08-10,1,1,,Credit Suisse initiates ADP at 16% upside,"Credit Suisse, 16% 상승여력으로 ADP 개시"
2018-12-18,1,1,,"RIOT, MRIN among premarket gainers","시판 전 상승세 중 RIOT, MRIN"
2015-06-26,1,1,,Today's Market: Healthcare Stocks In Focus As Acquisition Rumors Circulate,오늘의 시장: 인수 소문이 퍼지면서 헬스케어 주식에 주목
2019-09-05,1,1,,Why Is Aecom (ACM) Up 8% Since Last Earnings Report?,Aecom(ACM)이 지난 수익 보고서 이후 8% 상승한 이유는 무엇입니까?
2019-01-29,1,1,,AK Steel: Time For Upside,AK Steel: 상승세를 위한 시간
2015-04-09,1,1,,"AllianceBernstein , Royal Gold, Pretium Resources, Asanko Gold, Mitsubishi UFJ Financial Group and Kyocera highlighted as Zacks Bull and Bear of the Day - Press Releases","AllianceBernstein, Royal Gold, Pretium Resources, Asanko Gold, Mitsubishi UFJ Financial Group 및 Kyocera가 Zacks Bull and Bear of the Day로 선정 - 보도 자료"
2018-05-22,1,1,,"Nordson Corporation (NDSN) Beats on Q2 Earnings, Revenues","Nordson Corporation(NDSN)이 2분기 수익, 수익을 앞질렀습니다."
2016-10-25,1,1,,My Dividend Growth Portfolio - Q3 2016 Summary,나의 배당 성장 포트폴리오 - 2016년 3분기 요약
2019-05-03,1,1,,Idera Pharmaceuticals and ViewRay among healthcare gainers; ARCA biopharma and Precipio among losers,의료 부문의 승자 중 Idera Pharmaceuticals 및 ViewRay; 패자 중 ARCA 바이오제약과 Precipio
2019-11-08,1,1,,Assurant declares $0.63 dividend,"Assurant, 0.63달러의 배당금 선언"
2012-09-20,1,1,,"American Financial Group Inc. (AFG) Co-CEO & Co-President S Craig Lindner sells 13,914 Shares","American Financial Group Inc.(AFG) 공동 CEO 겸 공동 회장 S Craig Lindner, 13,914주 매각"
2019-05-02,1,1,,"Cirrus Logic (CRUS) Q4 Earnings Surpass Estimates, Down Y/Y","Cirrus Logic(CRUS) 4분기 실적이 예상치를 상회, Y/Y 감소"
2019-01-01,1,1,,Crescat Capital Up 40% In 2018 On Everything Bubble Short,Crescat Capital은 2018년 모든 버블 쇼트에서 40% 상승했습니다.
2019-05-15,1,1,,Weekly Review Of High-Yield CEFs: First Trust High Income Long/Short Fund Is 8.63%-Yielder Trading At A 12.99% Discount,고수익 CEF 주간 검토: First Trust 고소득 롱/숏 펀드는 12.99% 할인된 가격으로 8.63% 수익률 거래를 하고 있습니다.
2020-02-14,1,1,,American Equity Investment Life Joins Rank Of Stocks With 95-Plus Composite Rating,"American Equity Investment Life, 95+ 종합 등급으로 주식 순위에 합류"
2015-03-16,1,1,,Trevena Inc: Profitable To You And Disruptive To Everyone Else,Trevena Inc: 자신에게는 이익이 되고 다른 사람에게는 파괴적입니다.
2012-12-06,1,1,,"Using ETFs To Spice Up A Bond Portfolio (BND, AGG, AGZ, BAB, IBND)","ETF를 사용하여 채권 포트폴리오(BND, AGG, AGZ, BAB, IBND) 강화"
2017-08-03,1,1,,AIG Q2 Earnings Beat as Restructuring Initiatives Pay Off,AIG 2분기 실적은 구조조정 이니셔티브 성과로 인해 상회
2019-11-20,1,1,,Tracking Prem Watsa's Fairfax Financial Holdings Portfolio - Q3 2019 Update,Prem Watsa의 Fairfax Financial Holdings 포트폴리오 추적 - 2019년 3분기 업데이트
2018-06-25,1,1,,Honeywell International: Buy For Good Total Return And Steady Dividend Increases,하니웰 인터내셔널: 좋은 총 수익률과 꾸준한 배당 증가를 위해 매수하세요
2018-12-31,1,1,,Acasti up 4% premarket on advancement of CaPre studies,Acasti는 CaPre 연구 발전으로 시판 전 4% 증가
2019-04-23,1,1,,Coca-Cola (KO) Stock Rises on Q1 Earnings and Sales Beat,코카콜라(KO) 주가는 1분기 실적 및 매출 증가로 상승
2018-11-19,1,1,,"AKER, LEJU among premarket gainers","시판 전 상승세 중 AKER, LEJU"
2019-09-24,1,1,,Top Ranked Growth Stocks to Buy for September 24th,9월 24일 매수할 상위 성장주
2015-07-29,1,1,,"Atlantic Coast Federal beats by $0.09, beats on revenue","Atlantic Coast Federal이 0.09달러 앞섰고, 수익도 앞섰습니다."
2019-12-02,1,1,,Arch Capital (ACGL) Acquires United Kingdom-Based Barbican,"Arch Capital(ACGL), 영국 소재 Barbican 인수"
2016-09-17,1,1,,"InsiderInsights.com Daily Round Up 9/16/16: PNK, ADMS, EIGI, GPX","InsiderInsights.com 일일 요약 9/16/16: PNK, ADMS, EIGI, GPX"
2017-03-19,1,1,,The Vetr community has upgraded $ACOR to 4.5-Stars.,Vetr 커뮤니티는 $ACOR를 4.5성으로 업그레이드했습니다.
2020-02-24,1,1,,Engine Cooling System Market To Expand On The Back Of Increasing Automobile Production By A ...,자동차 생산량 증가로 엔진 냉각 시스템 시장 확대
2018-10-03,1,1,,AGNC Investment's Q3 2018 Income Statement And Earnings Projection - Part 1 (Including Net Spread Trend),AGNC Investment의 2018년 3분기 손익계산서 및 수익 예측 - 1부(순 스프레드 추세 포함)
2019-01-24,1,1,,Aflac (AFL) Reports Next Week: Wall Street Expects Earnings Growth,Aflac(AFL)은 다음 주에 보고서를 발표합니다: 월스트리트는 수익 성장을 기대합니다
2020-01-22,1,1,,"Convergence Investment Partners, LLC Buys Wyndham Destinations Inc, General Mills Inc, ...","Convergence Investment Partners, LLC는 Wyndham Destinations Inc, General Mills Inc, ...를 인수합니다."
2020-04-16,1,1,,Acorda Therapeutics (ACOR) Flat As Market Gains: What You Should Know,Acorda Therapeutics(ACOR) 시장 상승세: 알아야 할 사항
2015-03-03,1,1,,Why First Majestic Silver Corp (AG) Could Be Positioned for a Surge? - Tale of the Tape,First Majestic Silver Corp(AG)가 급증할 수 있는 이유는 무엇입니까? - 테이프 이야기
2018-08-01,1,1,,Is AllianceBernstein (AB) a Great Dividend Play?,AllianceBernstein(AB)은 훌륭한 배당 플레이인가요?
2018-05-23,1,1,,Premarket Gainers as of 9:05 am (05/23/2018),오전 9시 5분 기준(2018년 5월 23일) 시판 전 상승자
2018-11-02,1,1,,10 Nasdaq 'Safer' Dividend Dogs Chase 26.65-72.28% Net Gains Per Broker October 2019 Targets,10가지 Nasdaq '안전한' 배당견 추격 브로커당 순익 26.65-72.28% 2019년 10월 목표
2018-11-21,1,1,,Alcoa (AA) Outpaces Stock Market Gains: What You Should Know,Alcoa(AA)가 주식 시장 이익을 능가합니다: 알아야 할 사항
2012-12-19,1,1,,Dividend Stocks I Purchased Over the Past Two Months,지난 2개월간 내가 매입한 배당주
2014-05-12,1,1,,Universal Display (OLED) Soars: Stock Rises 15.2% in Session - Tale of the Tape,유니버설 디스플레이(OLED) 급등: 세션에서 주가 15.2% 상승 - 테이프 이야기
2012-02-08,1,1,,Advance Auto Parts Upside Looming?,고급 자동차 부품 업사이드가 다가오고 있습니까?
2017-01-18,1,1,,HCI Group (HCI) Rewards Investors with 17% Dividend Hike,"HCI그룹(HCI), 17% 배당금 인상으로 투자자들에게 보상"
2015-01-14,1,1,,Arian Silver Operations Update,Arian Silver 운영 업데이트
2018-11-21,1,1,,WTO to set up panels to rule on U.S. tariff disputes; steelmakers rise,WTO는 미국 관세 분쟁을 판결하기 위한 패널을 구성합니다. 철강업체 상승
2014-01-22,1,1,,Alcobra (ADHD) Jumps: Stock Rises 9.0% - Tale of the Tape,알코브라(ADHD) 점프: 주가 9.0% 상승 - 테이프 이야기
2018-06-12,1,1,,AllianceBernstein assets edge higher in April,AllianceBernstein 자산은 4월에 상승했습니다.
2017-06-20,1,1,,Reliance Steel (RS) Updates Earnings Guidance for Q2,"Reliance Steel (RS), 2분기 실적 가이던스 업데이트"
2017-10-19,1,1,,"SAP SE (SAP) Q3 Earnings Rise Y/Y, Revenues Top, View Up","SAP SE (SAP) 3분기 실적은 Y/Y 증가, 매출 상위, 조회수 증가"
2014-10-21,1,1,,Stocks Extend Gains At Midday; Akorn Clears Buy Point,"주식은 정오에 이익을 확장합니다. Akorn, 구매 포인트 삭제"
2018-11-02,1,1,,Treasury rout erases October's gains,재무부의 패배로 인해 10월의 이익이 지워졌습니다.
2012-06-12,1,1,,7 Cheapest Bank Takeout Target Stocks From KBW (Update 2),KBW의 가장 저렴한 은행 테이크아웃 대상 주식 7개(업데이트 2)
2016-11-18,1,1,,"Macom, Lumentum Lead Highflying Spotlight Stocks","Macom, Lumentum Lead 고공 스포트라이트 주식"
2016-11-30,1,1,,"S&P 500 ETFs Rise In November, But Small-Cap Peers Are The Real Stars","S&P 500 ETF는 11월에 상승했지만, 소형주가 진정한 스타입니다."
2019-11-27,1,1,,Arch Capital Group (ACGL) Chairman & CEO Arch Re Group Maamoun Rajeh Sold $– million of Shares,Arch Capital Group(ACGL) 회장 겸 CEO Arch Re Group Maamoun Rajeh 주식 100만 달러 매각
2019-01-30,1,1,,"Automatic Data Processing beats by $0.16, beats on revenue",자동 데이터 처리가 $0.16 앞섰고 수익도 앞섰습니다.
2020-04-17,1,1,,Is a Beat in the Cards for W.R. Berkley's (WRB) Q1 Earnings?,W.R. Berkley(WRB)의 1분기 실적에 좋은 소식이 있나요?
2018-05-04,1,1,,After Hours Gainers / Losers (05/04/2018),시간 외 승자 / 패자 (2018/05/04)
2011-05-17,1,1,,8 Stocks That Could Get Squeezed Higher,더 오를 수 있는 8가지 주식
2020-04-29,1,1,,Adamis (ADMP) Moves to Strong Buy: Rationale Behind the Upgrade,Adamis(ADMP)의 적극 매수 움직임: 업그레이드의 근거
2016-02-19,1,1,,13 Stocks Enticing Investors With Higher Dividends,더 높은 배당금으로 투자자를 유혹하는 13가지 주식
2016-11-21,1,1,,Dividend Contenders: 23 Increases Expected By The End Of January,배당 경쟁자: 1월 말까지 23개 증가 예상
2019-11-13,1,1,,Ron Baron's Baron Growth Fund Comments on Arch Capital,"Ron Baron의 Baron Growth Fund, Arch Capital에 대한 의견"
2019-04-05,1,1,,Stocks Are About To Break Out and Head Towards Their All-Time Highs,주식은 곧 돌파하여 사상 최고치를 향해 나아갈 것입니다
2019-04-17,1,1,,Stop Being Stubborn: Hunting For Dividends In AGNC's Preferred Share,고집을 부리지 마세요: AGNC 우선주 배당금 사냥
2012-03-16,1,1,,"Stocks to Watch: ReneSola, UPS, AIG (Update 1)","주목할 주식: ReneSola, UPS, AIG(업데이트 1)"
2018-02-08,1,1,,ADP: Not As Attractive As I Thought From A Dividend Perspective,ADP: 배당 관점에서 생각만큼 매력적이지는 않다
2019-05-01,2,2,,Arlington Asset Investment misses by $0.09,알링턴 자산 투자(Arlington Asset Investment)는 $0.09만큼 손실을 입었습니다.
2015-09-30,2,2,,Stock Movement Prior To Phase III Trial Releases: Penny Stocks Rise While Big Stocks Fall,3단계 시험 출시 전 주식 이동: 대형 주식이 하락하는 동안 페니 주식은 상승
2019-12-13,2,2,,Trade Deal Cut in Principle? Sector ETFs to Soar,원칙적으로 무역 협상이 중단되었나요? 급등할 섹터 ETF
2019-08-11,2,2,,"Precious Metals Soar On Falling Yields, Global Currency Turmoil","수익률 하락, 글로벌 통화 혼란에 귀금속 급등"
2018-08-30,2,2,,"American Eagle (AEO) Q2 Earnings Beat, Q3 View Hurts Stock","아메리칸 이글(AEO) 2분기 실적이 부진, 3분기 전망이 주가 하락"
2019-06-26,2,2,,SHAREHOLDER ALERT: Pomerantz Law Firm Reminds Shareholders with Losses on their Investment in ...,주주 경고: Pomerantz 법률 회사는 주주들에게 투자 손실을 상기시킵니다.
2017-12-01,2,2,,"Cummins downgraded, AGCO upgraded at Goldman in move to ag sector",Cummins는 강등되었고 AGCO는 Goldman에서 업그레이드되어 농업 부문으로 이동했습니다.
2017-10-12,2,2,,XL Group Provides Loss Estimates Stemming from Catastrophes,"XL 그룹, 재해로 인한 손실 추정 제공"
2017-01-17,2,2,,Follower Favorite Dividend Dogs Led By NextEra Into 2017,NextEra가 2017년에 주도하는 추종자들이 선호하는 배당금 개
2015-12-03,2,2,,Did Something Blow Up In Junk?,쓰레기에서 뭔가가 터졌나요?
2016-05-10,2,2,,Arlington Asset Investment misses by $0.12,알링턴 자산 투자(Arlington Asset Investment)는 $0.12만큼 손실을 입었습니다.
2016-10-27,2,2,,"Arthur J.Gallagher misses by $0.15, beats on revenue",Arthur J.Gallagher는 $0.15 차이로 수익을 앞섰습니다.
2013-12-30,2,2,,"Weekly 3-Year Lows Highlight: SEAS, AMTG, AHH, NCTY, CDXS","주간 3년 최저치 하이라이트: SEAS, AMTG, AHH, NCTY, CDXS"
2019-11-05,2,2,,"Expeditors' (EXPD) Q3 Earnings Beat, Revenues Miss Mark","Expeditors'(EXPD) 3분기 실적은 상회, 수익은 미스 마크"
2015-05-15,2,2,,"Einhorn buys into GM/M/IM, exits AET/DOX, ups CBI/AER, cuts MRVL/LRCX","Einhorn은 GM/M/IM 매입, AET/DOX 종료, CBI/AER 상승, MRVL/LRCX 삭감"
2016-01-04,2,2,,Platform Specialty Products: Transitory Factors & Overblown Concerns Create Incredible Upside,플랫폼 전문 제품: 일시적인 요인과 과장된 우려로 인해 놀라운 상승세가 창출됨
2016-05-18,2,2,,Analog Devices beats despite consumer market decline,"Analog Devices, 소비자 시장 하락에도 불구하고 승리"
2010-07-14,2,2,,Retail Sales Fall Again in June,6월 소매판매 다시 감소
2015-02-02,2,2,,"Stocks Blip Up, Reverse Lower; Airlines Down","주식 상승, 반전 하락; 항공사 다운"
2013-09-13,2,2,,Invest in Stocks with a Margin of Safety to Reduce Risk and Enhance Returns,위험을 줄이고 수익을 높이기 위해 안전마진이 있는 주식에 투자하세요.
2019-09-13,2,2,,"Advanced Auto upped to Buy, O'Reilly downgraded at Citi","Advanced Auto는 매수로 상향, O'Reilly는 Citi에서 등급 하향 조정"
2017-01-24,2,2,,"Ashford Prime hikes dividend, revises management agreement following review","Ashford Prime, 배당금 인상, 검토 후 경영 계약 수정"
2017-10-11,2,2,,"The Navigators Group Counts Cat Loss Estimates, Shares Slip",네비게이터 그룹(Navigators Group)은 Cat 손실 추정치를 계산하고 주식 전표를 계산합니다.
2017-06-13,2,2,,"Fujifilm (FUJIY) Beats on Earnings, Misses Revenues in Q4",후지필름(FUJIY)이 수익을 앞지르고 4분기 수익을 놓쳤습니다.
2017-08-09,2,2,,7 Low Price-to-Sales Stocks with Growth Potential,성장 잠재력이 있는 매출 대비 주가가 낮은 7가지 주식
2012-06-06,2,2,,AAR Lower With High Volume,높은 볼륨으로 AAR 감소
2016-08-08,2,2,,Major ETFs Nudge Lower As Biotech Decline Offsets Higher Oil Prices,생명공학 기술의 하락이 유가 상승을 상쇄함에 따라 주요 ETF가 하락세를 보이고 있습니다.
2017-07-20,2,2,,"ABB's Q2 Earnings Beat Estimates but Fall Y/Y, Shares Down","ABB의 2분기 수익은 예상치를 상회했지만 Y/Y 하락, 주가 하락"
2019-07-04,2,2,,First-Half 2019 ETF Asset Flow Roundup,2019년 상반기 ETF 자산 흐름 정리
2016-11-11,2,2,,Stock ETFs Fall But Eye Big Weekly Gains; Is Copper The New Gold?,주식 ETF는 하락하지만 큰 주간 이익을 기대합니다. 구리는 새로운 금인가?
2019-05-07,2,2,,"AES misses by $0.02, beats on revenue",AES는 0.02달러 차이로 수익을 앞지릅니다.
2018-04-23,2,2,,Can Universal Health (UHS) Q1 Earnings Beat on Admissions?,Universal Health(UHS) Q1 수입이 입학률을 능가할 수 있습니까?
2018-03-12,2,2,,"Rationalizing Those Peak-Cycle Numbers, Part 1: Investors 'Unconcerned' About Record Corporate Debt","피크 사이클 수치 합리화, 1부: 기록적인 기업 부채에 대해 '우려하지 않는' 투자자들"
2012-08-10,2,2,,Upgrades & Downgrades,업그레이드 및 다운그레이드
2013-06-04,2,2,,"Verint Systems Stock Dips On EPS Miss, Sales Beat","Verint Systems 주가 EPS 미스, 매출 하락으로 하락"
2019-02-12,2,2,,Fanuc Beaten Down On Sharp Order Declines,Fanuc는 급격한 주문 감소로 패배했습니다
2019-06-14,2,2,,Ashford Hospitality sinks 15% after cutting dividend,Ashford Hospitality는 배당금 삭감 후 15% 하락
2016-09-19,2,2,,"U.S. Steel, AK Steel upgraded at KeyBanc after getting cut just last month","U.S. Steel, AK Steel, 지난달 삭감 후 KeyBanc에서 업그레이드"
2017-11-17,2,2,,Near record outflows from junk bond funds,정크본드 펀드에서 거의 기록적인 유출액 기록
2018-01-16,2,2,,"Zacks.com highlights: Robert Half International, PetMed Express, Five Below, Patrick Industries and American Eagle Outfitters","Zacks.com 하이라이트: Robert Half International, PetMed Express, Five Below, Patrick Industries 및 American Eagle Outfitters"
2015-09-16,2,2,,"Newmont Mining price target cut at RBC, but gold shares soaring today",뉴몬트 마이닝(Newmont Mining) 목표 가격은 RBC에서 인하되었지만 금 주가는 오늘 급등했습니다.
2015-08-13,2,2,,Auto Stock Roundup: Tata Motors Earnings & Ford China Sales Fall,자동차 재고 정리: Tata Motors 수익 및 Ford China 판매 감소
2019-03-04,2,2,,Assured Guaranty (AGO) Q4 Earnings Up Y/Y on Lower Expenses,보장된 보증(AGO) Q4는 비용 절감으로 Y/Y 수익 증가
2017-01-25,2,2,,Super Investor Strategies For A Low Return World,수익률이 낮은 세상을 위한 슈퍼 투자자 전략
2016-02-25,2,2,,"Ashford Hospitality Prime misses by $0.09, beats on revenue",Ashford Hospitality Prime은 0.09달러 차이로 수익을 앞질렀습니다.
2015-05-26,2,2,,AutoZone Q1 Earnings Beat Views After Rivals Miss,AutoZone Q1 수익이 라이벌 패배 후 조회수를 앞질렀습니다.
2018-11-26,2,2,,"Fiserv (FISV) Rides on Strategic Business Moves, Debt High","Fiserv(FISV), 부채가 높은 전략적 사업 움직임에 나서다"
2016-11-04,2,2,,Fourth straight week of high-yield outflows,4주 연속 고수익 유출
2019-11-12,2,2,,Advanced Emissions Solutions declares $0.25 dividend,Advanced Emissions Solutions는 0.25달러의 배당금을 선언합니다.
2013-02-14,2,2,,Below Support: Barrick Gold,아래 지원: Barrick Gold
2018-02-22,2,2,,The Chemist's 'High-High-Low' CEF Report - January 2018,The Chemist의 '고-고-저' CEF 보고서 - 2018년 1월
2018-10-25,2,2,,Amerisafe's (AMSF) Q3 Earnings Surpass on Lower Expenses,Amerisafe(AMSF)의 3분기 수익은 비용 절감으로 초과 달성
2019-11-08,2,2,,"Magnus Financial Group LLC Buys Invesco S&P 5…… Low Volatility ETF, First Trust North ...","Magnus Financial Group LLC, Invesco S&P 5… Low Volatility ETF, First Trust North 인수…"
2016-01-09,2,2,,3 Ways New ObamaCare Sign-Up Data Are Really Bad News,새로운 ObamaCare 가입 데이터가 정말 나쁜 소식인 3가지 이유
2017-10-16,2,2,,Solid ETF Asset Inflows Boost BlackRock Earnings,견고한 ETF 자산 유입으로 BlackRock 수익 증대
2016-11-04,2,2,,Healthcare ratings roundup -upgrades/downgrades,의료 등급 요약 - 업그레이드/다운그레이드
2010-11-10,2,2,,"Advance Auto: Analysts' Upgrades, Downgrades","고급 자동: 분석가의 업그레이드, 다운그레이드"
2012-01-24,2,2,,"AK Steel Posts Beats In Q4 Loss, Delays Guidance","AK Steel Post, 4분기 손실을 제치고 지침 지연"
2016-10-26,2,2,,AK Steel pops 5% at the open following upgrade at BofA Merrill,"AK Steel, BofA Merrill 업그레이드 후 공개 시 5% 상승"
2015-10-21,2,2,,A Bond-Free Portfolio: Why Cash Should Replace Bonds To Reduce Risk And Improve Returns,채권 없는 포트폴리오: 위험을 줄이고 수익을 향상시키기 위해 현금이 채권을 대체해야 하는 이유
2015-02-26,2,2,,Assured Guaranty gains after miss as discounted buybacks roll on,할인된 환매가 시작됨에 따라 보장된 보증은 실패 후 이익을 얻습니다.
2017-01-31,2,2,,"AFLAC misses by $0.09, beats on revenue",AFLAC는 0.09달러 차이로 수익을 앞지릅니다.
2018-03-29,2,2,,"Auto Stock Roundup: Pickup Demand Up, TSLA to Lower Norway Delivery, F Inks MoU","자동 재고 정리: 픽업 수요 증가, TSLA로 노르웨이 배송 감소, F Inks MoU"
2017-12-24,2,2,,"Weekly CEF Roundup: More Cuts From Nuveen And BlackRock CEFs, Saba Targets AOD","주간 CEF 요약: Nuveen 및 BlackRock CEF에서 더 많은 삭감, Saba는 AOD를 목표로 함"
2016-11-14,2,2,,REITs falling again (but not all) as bond vigilantes return,채권 자경단의 복귀로 REIT가 다시 하락(전부는 아님)
2016-09-12,2,2,,Positive flows boost AllianceBernstein AUM,긍정적인 흐름으로 AllianceBernstein AUM 증가
2015-05-26,2,2,,"Barrick investors welcome Chinese tie-up, debt reduction moves",배릭 투자자들은 중국의 제휴와 부채 감소 움직임을 환영합니다.
2016-08-02,2,2,,Mining Funds Hammer Ahead As Gold Hits 3-Week High; Oil Sags Below $40,금이 3주 최고치를 기록하면서 채굴 자금이 앞당겨지고 있습니다. $40 미만의 유가 하락
2016-03-03,2,2,,"Avalanche Biotechnologies misses by $0.02, beats on revenue",Avalanche Biotechnologies는 0.02달러 차이로 수익을 앞섰습니다.
2016-09-23,2,2,,10 Of 30 Follower Fave Dogs Survive Dividend Safety Check,팔로워 인기견 30명 중 10명이 배당금 안전 점검에서 살아남습니다
2014-08-05,2,2,,Stock Futures Grope Lower; Gannett Surges On Plan To Split,"주식 선물 하락세; Gannett, 분할 계획 급증"
2019-10-09,2,2,,"Market Volatility Bulletin: Treasury Vol Tracking Lower, But The Trend Is Still Moving Up",시장 변동성 공지: 재무부 거래량은 하락세를 보이고 있지만 추세는 여전히 상승하고 있습니다.
2015-04-28,2,2,,"AK Steel misses by $0.03, beats on revenue",AK Steel은 0.03달러 차이로 수익을 앞지릅니다.
2015-02-17,2,2,,Celgene: A Follow-Up To My Bullish Article Of Last Spring,Celgene: 지난 봄의 낙관적인 기사에 대한 후속 조치
2018-10-24,2,2,,"Acadia Realty Trust misses by $0.01, beats on revenue",Acadia Realty Trust는 $0.01만큼 손실을 입었고 수익이 앞섰습니다.
2012-08-09,2,2,,The Best Dividend Contenders by Free Cash Flow,잉여현금흐름 기준 최고의 배당 경쟁자
2019-12-10,2,2,,"Argan EPS misses by $0.38, beats on revenue",Argan EPS는 0.38달러 하락하고 수익을 앞지릅니다.
2016-12-08,2,2,,Aflac: Investment Returns Under Serious Pressure,Aflac: 심각한 압박 속에서도 투자 수익
2017-09-15,2,2,,"Pharma Stock Roundup: Achillion Slumps on End of HCV Deal, Teva Gets a New CEO",제약 주식 정리: Achillion이 HCV 거래 종료로 폭락하고 Teva가 새로운 CEO를 맡음
2016-07-25,2,2,,"American Campus Communities beats by $0.02, misses on wholly owned properties revenue","American Campus Communities는 0.02달러 앞섰고, 전체 소유 부동산 수익은 감소했습니다."
2018-09-05,2,2,,NRG Energy (NRG) Scales a New 52-Week High on Debt Reduction,"NRG 에너지(NRG), 부채 감소로 52주 최고 기록 달성"
2020-03-06,2,2,,US Treasury Yields Slip to All-Time Lows: 5 Big Gainers,미국 국채 수익률이 사상 최저치로 하락: 5개의 큰 상승세
2018-04-04,2,2,,"Metals, miners plunge as U.S.-China trade tensions ratchet up","미-중 무역 긴장이 고조되면서 금속, 광산업체 급락"
2020-03-25,2,2,,"AAR Corp (AIR) Earnings Beat Estimates in Q3, Sales Miss",AAR Corp (AIR) 3분기 실적이 예상치를 상회하고 매출 하락
2019-04-04,2,2,,Aehr Receives Follow-on Order for FOX-XP™ Wafer Level Test and Burn-in System for High Volume ...,"Aehr, 대량 생산을 위한 FOX-XP™ 웨이퍼 레벨 테스트 및 번인 시스템에 대한 후속 주문을 받음"
2018-05-03,2,2,,"Aceto misses by $0.22, beats on revenue",Aceto는 $0.22 차이로 수익을 앞지릅니다.
2017-09-29,2,2,,"Aehr Test Systems Soars on Q1 Numbers, Follow-On Orders","Aehr 테스트 시스템, 1분기 실적 및 후속 주문 급증"
2018-11-12,2,2,,Illumina's Growth Shows No Signs of Slowing Down,Illumina의 성장은 둔화될 조짐을 보이지 않습니다
2016-11-09,2,2,,"Agilysys misses by $0.04, beats on revenue",Agilysys는 $0.04 차이로 수익을 앞지릅니다.
2016-08-22,2,2,,Cotton Drops To Critical Support,면화는 중요한 지원을 제공합니다
2019-09-05,2,2,,American Eagle (AEO) Slumps Despite Q2 Earnings & Sales Beat,"아메리칸 이글(AEO), 2분기 실적 및 매출 부진에도 불구하고 부진"
2020-02-07,2,2,,Advanced Emissions Solutions Announces First Quarter Cash Dividend,"Advanced Emissions Solutions, 1분기 현금 배당 발표"
2020-02-06,2,2,,"ABIOMED (ABMD) Earnings Beat Estimates in Q3, Revenues Miss",ABIOMED (ABMD) 3분기 실적이 예상치를 상회하고 수익이 감소했습니다.
2018-04-19,2,2,,"Auto Stock Roundup: China to Scrap Limit on Foreign Auto JVs, GM to Cut Jobs","자동차 재고 정리: 중국, 외국 자동차 합작회사에 대한 한도 폐지, GM은 인력 감축"
2015-03-31,2,2,,Strong Dollar Hurts Profit Forecasts In Long Term,강한 달러는 장기적으로 이익 예측을 해친다
2016-08-09,2,2,,S&P Fund Has Rallied 10% From Brexit Lows As It Pegs Fresh All-Time High,S&P 펀드는 사상 최고치를 경신하면서 브렉시트 저점에서 10% 상승했습니다.
2019-01-23,2,2,,The Chemist's 'High-High-Low' Closed-End Fund Report: December 2018,The Chemist의 '하이-하이-로우' 폐쇄형 펀드 보고서: 2018년 12월
2017-11-21,2,2,,"Agilent (A) Beats on Q4 Earnings & Revenues, Lowers Guidance",애질런트(A)가 4분기 수익 및 수익을 앞지르고 지침을 낮췄습니다.
2018-06-28,2,2,,"Auto Stock Roundup: HOG to Shift Production to Escape EU Tariff, F & TM in Focus","자동 재고 정리: HOG, EU 관세를 피하기 위해 생산 전환, F & TM에 초점"
2017-07-19,2,2,,Strong ETF Inflows Boost BlackRock Earnings,강력한 ETF 유입으로 BlackRock 수익 증대
2019-08-13,2,2,,"Green Dot (GDOT) Beats Q2 Earnings Estimates, Cuts '19 View",Green Dot(GDOT)이 2분기 실적 추정치를 상회하고 '19년 전망을 인하했습니다.
2016-01-14,2,2,,"ObamaCare Signups Are So Slow, There Must Be A Glitch",ObamaCare 가입 속도가 너무 느려서 결함이 있는 것 같습니다.
2015-08-28,2,2,,"Stock Futures Down, But Off Lows; Freeport, Activision, Ulta Soar","주식 선물은 하락했지만 최저 수준입니다. 프리포트, 액티비전, 울타소어"
2015-05-28,2,2,,"Agilysys misses by $0.03, beats on revenue",Agilysys는 0.03달러 차이로 수익을 앞지릅니다.
2019-08-01,2,2,,The Motte And Bailey Fallacy - Precious Metals Supply And Demand,모트와 베일리의 오류 - 귀금속 수요와 공급
2012-01-25,2,2,,5 Low-Leveraged High-Yield Stocks from the S&P 500,S&P 500의 저레버리지 고수익 주식 5개
2019-07-17,2,2,,The Chemist's 'High-High-Low' Closed-End Fund Report: June 2019,The Chemist의 '하이-하이-로우' 폐쇄형 펀드 보고서: 2019년 6월
2016-02-04,2,2,,"Dollar Plunges, Gold And Oil Soar, Stocks Utterly Confused - Bezek's Daily Briefing","달러 급락, 금과 석유 급등, 주식은 완전히 혼란스러워 - Bezek의 일일 브리핑"
2016-02-25,2,2,,"ACI Worldwide misses by $0.07, beats on revenue",ACI Worldwide는 0.07달러 차이로 수익을 앞지릅니다.
2016-09-15,2,2,,Bulls Take Control As Indexes End With Big Gains; Oracle Falls Late,지수가 큰 이익으로 끝나자 황소가 주도권을 잡습니다. 오라클은 늦었다
2019-01-18,2,2,,"Silver keeps sliding as haven demand declines, supplies are plentiful",피난처 수요가 감소하고 공급이 풍부함에 따라 은은 계속 하락하고 있습니다.
2018-02-15,2,2,,"Acorda Therapeutics misses by $0.44, beats on revenue",Acorda Therapeutics는 0.44달러 차이로 매출이 앞섰습니다.
2017-12-07,2,2,,American Eagle (AEO) Surges Despite Q3 Earnings & Sales Miss,3분기 실적 및 매출 부진에도 불구하고 아메리칸 이글(AEO) 급등
2016-05-16,2,2,,Alcobra (ADHD) Gains With Losses on Horizon,Alcobra (ADHD)는 지평선에서 손실을 입어 이익을 얻습니다.
2019-01-25,2,2,,Update: ETF Focus Ultra Low Cost Core Portfolio (Year-End Trades And Rebalancing),업데이트: ETF Focus 초저비용 핵심 포트폴리오(연말 거래 및 재조정)
2019-11-12,2,2,,"ADT EPS misses by $0.23, beats on revenue",ADT EPS는 0.23달러 하락하고 수익을 앞지릅니다.
2016-08-04,2,2,,"AAC Holdings misses by $0.05, beats on revenue",AAC Holdings가 0.05달러 손실을 입어 수익이 앞섰습니다.
2018-10-14,2,2,,IBM: Avoid This Poor-Total-Return And Low-Growth Company,IBM: 총수익률이 낮고 성장도 낮은 회사를 피하세요
2016-08-12,2,2,,"ADMA Biologics misses by $0.11, beats on revenue",ADMA Biologics는 0.11달러 차이로 수익을 앞지릅니다.
2018-01-29,2,2,,"Alliance Holdings misses by $0.05, beats on revenue",Alliance Holdings가 0.05달러 손실을 입어 수익이 앞섰습니다.
2018-08-07,2,2,,"AECOM Technology misses by $0.01, beats on revenue",AECOM Technology는 0.01달러 차이로 수익을 앞지릅니다.
2018-05-04,2,2,,"Arbor Realty Trust beats by $0.01, misses on net interest income",Arbor Realty Trust는 $0.01 상회하고 순이자 수입이 감소했습니다.
2019-04-25,2,2,,"UPS' Q1 Earnings and Revenues Miss Estimates, Stock Down","UPS의 1분기 수익 및 수익 예상치 미달, 재고 감소"
2016-07-28,2,2,,"InsiderInsights.com Daily Round Up 7/27/16: Blackrock Debt Strategies Fund, Bank Of Commerce, Nuveen Global Equity Income Fund","InsiderInsights.com 일일 요약: 2016년 7월 27일: Blackrock Debt Strategies Fund, Bank Of Commerce, Nuveen Global Equity Income Fund"
2017-11-03,2,2,,"AIG Misses on Q3 Earnings Due to Weather, to Puff Up Reserves",AIG는 날씨로 인해 3분기 수익을 놓쳐 보유고를 늘렸습니다.
2016-11-02,2,2,,Vanguard blows throw full-year inflow record,Vanguard가 타격을 입어 연간 유입 기록을 세웠습니다.
2020-06-03,2,2,,Zoom Stock Rises Then Falls After Blockbuster Earnings,Zoom 주식은 블록버스터 수익 이후 상승했다가 하락합니다.
2010-03-08,2,2,,"U.S. Steel: Analysts' Upgrades, Downgrades","미국 철강: 분석가들의 업그레이드, 다운그레이드"
2015-07-30,2,2,,"ACI Worldwide misses by $0.02, beats on revenue",ACI Worldwide는 0.02달러 차이로 수익이 앞섰습니다.
2015-01-03,2,2,,Bet On The House With These Low-Risk Asset Managers,저위험 자산 관리자와 함께 집에 베팅하세요
2015-08-12,2,2,,Barrick Was Right To Cut Its Dividend,Barrick은 배당금을 삭감한 것이 옳았습니다
2018-08-02,2,2,,"ACI Worldwide misses by $0.03, beats on revenue",ACI Worldwide는 0.03달러 차이로 수익이 앞섰습니다.
2010-07-15,2,2,,"Mechel Swings to Profit, Sees Fall Turnaround","Mechel은 흑자 전환, 가을 턴어라운드 확인"
2019-10-17,2,2,,Lower For Longer: Rising Vulnerabilities May Put Growth At Risk,더 낮을수록 더 길어질 수 있음: 취약점 증가로 인해 성장이 위험해질 수 있음
2016-11-29,2,2,,Stock ETFs Broadly Higher But Oil And Metal Stocks Crumble On Commodity Losses,주식 ETF는 전반적으로 높지만 석유 및 금속 주식은 원자재 손실로 붕괴됩니다.
2014-07-21,2,2,,"Genuine Parts Motors Past Forecast, Sales Growth Slow","순정부품모터 과거예측, 매출성장 둔화"
2018-03-27,2,2,,Advanced Emissions Solutions to Present at Sidoti Spring —…–8 Emerging Growth Convention,Sidoti Spring에서 발표할 고급 배출 솔루션 —…–8 신흥 성장 컨벤션
2015-11-25,2,2,,Insurance Stocks - Did We Miss The Boat? Or Is The Recent Run-Up An Overreaction To Expected Rate Increases?,보험주 - 우리가 배를 놓쳤나요? 아니면 최근 상승세가 예상 금리 인상에 대한 과잉 반응입니까?
2020-04-30,2,2,,"KBR's Q1 Earnings & Revenues Beat Estimates, Guidance Cut",KBR의 1분기 수익 및 수익이 예상치를 상회하고 가이던스 삭감
2019-05-01,2,2,,"ACADIA Pharma misses by $0.07, beats on revenue",ACADIA Pharma는 $0.07 차이로 매출이 앞섰습니다.
2018-09-07,2,2,,"AK Steel gets two-notch upgrade, Reliance Steel double downgrade at BAML","AK Steel은 BAML에서 2단계 업그레이드, Reliance Steel은 2단계 다운그레이드됨"
2017-09-14,2,2,,Don't Miss the Rally: 4 Retail Stocks Near Fresh Highs,랠리를 놓치지 마세요: 최고점에 근접한 4개 소매주
2019-08-01,2,2,,"Ashford EPS misses by $0.29, beats on revenue",Ashford EPS는 0.29달러 하락하고 수익을 앞지릅니다.
2017-05-31,2,2,,Stocks Reverse Lower As Oil Slides; Chipmaker Rockets On EPS Beat,유가 하락으로 주식 하락 반전; EPS 비트의 칩메이커 로켓
2015-12-09,2,2,,Something Did Blow Up In Junk,뭔가 쓰레기가 터졌어
2018-06-22,2,2,,The Chemist's 'High-High-Low' CEF Report - May 2018,The Chemist의 '고-고-저' CEF 보고서 - 2018년 5월
2015-04-26,2,2,,"Weekly 3-Year Low Highlights: ADTN, ASCMA, ASEI, BBOX","주간 3년 최저 하이라이트: ADTN, ASCMA, ASEI, BBOX"
2018-05-25,2,2,,The Chemist's 'High-High-Low' CEF Report - April 2018,The Chemist의 '고-고-저' CEF 보고서 - 2018년 4월
2020-04-14,2,2,,5 High-Yielding Stocks Trading at Low Price-Earnings Ratios,낮은 주가수익률로 거래되는 고수익 주식 5개
2019-08-28,2,2,,Autodesk Inc. Plummets Despite Earnings Beat,"Autodesk Inc., 수익 감소에도 불구하고 급락"
2012-02-07,2,2,,"Agco EPS beats, sales miss","Agco EPS는 상회, 매출은 부진"
2013-02-08,2,2,,Stocks Up As Trade Falls; Best Close For Nasdaq Since 2000,무역 하락으로 재고 증가; 2000년 이후 나스닥의 최고 마감
2017-02-06,2,2,,Advanced Emissions Solutions up 6% on buy rating,Advanced Emissions Solutions 구매 등급 6% 상승
2018-03-01,2,2,,"W.R. Berkley (WRB) Rides on Premium Growth, Suffers Cat Loss",W.R. Berkley(WRB)는 프리미엄 성장을 타고 고양이 손실을 입습니다.
2013-02-04,2,2,,10 Most Profitable Banks Trading Below Book Value,장부가치 이하로 거래되는 가장 수익성이 높은 10개 은행
2018-05-04,2,2,,"Flossbach Von Storch Ag Buys Worldpay Inc, Philip Morris International Inc, UBS Group AG, Sells ...","Flossbach Von Storch Ag, Worldpay Inc, Philip Morris International Inc, UBS Group AG 매입..."
2018-05-14,2,2,,"JF's Core Biotech Buys #15: Removal Of A Key Overhang, Buying Weakness In I-O, Updates And Adding To 2 Positions","JF의 핵심 생명공학, #15 매입: 주요 오버행 제거, I-O의 약점 매입, 업데이트 및 2개 포지션 추가"
2019-06-13,2,2,,Cattle And Hog Prices Move Lower - AFS Continues To Threaten Pork Supplies,소와 돼지 가격 하락 - AFS는 계속해서 돼지고기 공급을 위협하고 있습니다
2012-05-14,2,2,,"Downgrades Roundup: Marathon Oil, Dish","다운그레이드 요약: 마라톤 오일, 접시"
2016-07-27,2,2,,"Apple Chip Supplier NXP Earnings Fall, But Top Views",Apple 칩 공급업체 NXP 수익은 감소했지만 최고의 전망
2019-05-10,2,2,,"Agenus (AGEN) Q1 Earnings Beat Estimates, Revenues Miss",Agenus (AGEN) 1분기 실적이 예상치를 상회하고 수익이 감소했습니다.
2015-09-30,2,2,,Baidu Downgraded; Valeant Soars On Analyst Move,바이두 다운그레이드; Valeant는 분석가의 움직임에 급등합니다
2015-03-09,2,2,,Gold Is On Life Support: 5 Reasons Gold Is Going Lower,금은 생명 유지에 있습니다: 금이 하락하는 5가지 이유
2010-04-06,2,2,,"Clean Energy: Analysts' Upgrades, Downgrades","청정 에너지: 분석가의 업그레이드, 다운그레이드"
2017-01-10,2,2,,Industrial metals stocks surge after China cuts capacity,중국의 생산능력 감축으로 산업용 금속주 급등
2012-04-04,2,2,,"Up/Downgrades ( AGO, NRG, CIEN, JAG, NSC, TLAB, PII, NVO, THI, GPS )","업/다운그레이드(AGO, NRG, CIEN, JAG, NSC, TLAB, PII, NVO, THI, GPS)"
2012-12-04,2,2,,Aspen Insurance Lower With High Volume,아스펜 보험은 높은 거래량으로 하락
2018-01-30,2,2,,AK Steel moves higher following smaller than expected Q4 loss,AK Steel은 예상보다 작은 4분기 손실로 인해 상승했습니다.
2015-01-30,2,2,,"Many Leading Stocks Stumble But Biogen, Harman Soar","많은 주요 주식이 비틀 거리지만 바이오젠, 하만 급등"
2018-11-07,2,2,,"ADT misses by $0.28, beats on revenue",ADT는 0.28달러 차이로 수익을 앞지릅니다.
2017-07-31,2,2,,"Roper (ROP) Q2 Earnings Surpass Estimates, Revenues Miss",Roper (ROP) 2분기 수익이 예상치를 초과하고 수익이 감소했습니다.
2019-04-16,2,2,,"Argan misses by $0.02, beats on revenue",Argan은 0.02달러 차이로 수익을 앞지릅니다.
2015-09-23,2,2,,New Liquidity Risk Management Reforms Devised by SEC,SEC가 고안한 새로운 유동성 위험 관리 개혁
2020-05-18,2,2,,Yuan Slumps as US-Chinese Tensions Rise,미-중 긴장 고조로 위안화 약세
2019-07-25,2,2,,"AllianceBernstein EPS misses by $0.03, beats on revenue",AllianceBernstein EPS가 0.03달러 하락하고 수익이 앞섰습니다.
2019-09-19,2,2,,Fed Cuts Rate Again by 25 Basis Points: 4 Utilities to Buy,"연준, 금리를 다시 25베이시스 포인트 인하: 구매해야 할 유틸리티 4가지"
2017-08-10,2,2,,"Retail Earnings Roundup: Macy's, Kohl's, Dillard's Plummet","소매 수익 정리: Macy's, Kohl's, Dillard's Plummet"
2015-09-14,2,2,,Acadia Health upsizes debt offering to $275M,"Acadia Health, 부채 제공 규모를 2억 7,500만 달러로 늘림"
2017-01-18,2,2,,Argo Group (AGII) Comes Up with Cat Loss Estimates for Q4,"Argo Group(AGII), 4분기 고양이 손실 추정치 발표"
2016-07-07,2,2,,Affiliated Managers Group At Historically Low Valuation,역사적으로 낮은 가치를 지닌 계열 관리자 그룹
2018-04-02,2,2,,"Money Flows, Market Structure Project Major Turnings Points In SPX, NDX, 10Y Yield, Gold, U.S. Dollar, High Yield, And Bitcoin","자금 흐름, 시장 구조 프로젝트 SPX, NDX, 10년 수익률, 금, 미국 달러, 고수익 및 비트코인의 주요 전환점"
2019-05-21,2,2,,"Adecoagro misses by $0.08, beats on revenue",Adecoagro는 $0.08 차이로 수익을 앞지릅니다.
2015-10-02,2,2,,SHAREHOLDER ALERT: Pomerantz Law Firm Reminds Shareholders With Losses on Their Investment in ...,주주 경고: Pomerantz 법률 회사는 주주들에게 투자 손실을 상기시킵니다.
2018-11-28,2,2,,Global Debt Increase 2018 Vs. Gold Investment: Must See Charts,2018년 글로벌 부채 증가 대비 금 투자: 차트를 꼭 봐야 합니다
2019-03-21,2,2,,Transamerica launches EM managed risk ETF,"Transamerica, EM 관리 위험 ETF 출시"
2017-11-20,2,2,,"Agilent fiscal Q4 top line up 7%; earnings up 41%; cash flow ops up 23%; soft Q1 guidance sinks shares, down 5% after hours","애질런트 회계연도 4분기 상위 라인업 7% 증가; 수익 41% 증가; 현금 흐름은 23% 증가했습니다. 1분기 소프트 가이던스로 주가 하락, 영업시간 이후 5% 하락"
2016-08-16,2,2,,"Advance Auto Parts misses by $0.23, beats on revenue",Advance Auto Parts가 0.23달러 차이로 수익을 앞지릅니다.
2019-09-25,2,2,,The Chemist's 'High-High-Low' Closed-End Fund Report: August 2019,The Chemist의 '하이-하이-로우' 폐쇄형 펀드 보고서: 2019년 8월
2019-11-02,2,2,,The Chemist's 'High-High-Low' Closed-End Fund Report: September 2019,The Chemist의 '하이-하이-로우' 폐쇄형 펀드 보고서: 2019년 9월
2015-07-22,2,2,,"Astoria Financial beats by $0.02, misses on net interest income",Astoria Financial이 0.02달러 상회하고 순이자 수입이 감소했습니다.
2018-10-26,2,2,,"Lear (LEA) Beats Q3 Earnings Estimates, Lowers 2018 Guidance",Lear(LEA)가 3분기 수익 추정치를 상회하고 2018년 지침을 낮췄습니다.
2014-02-16,2,2,,"Weekly 3-Year Low Highlight: TEU, KIPO, GNI, PTNT, AHPI","주간 3년 최저 하이라이트: TEU, KIPO, GNI, PTNT, AHPI"
2018-11-06,2,2,,"Assurant misses by $0.04, beats on revenue",Assurant는 0.04달러 차이로 수익을 앞지릅니다.
2018-01-08,2,2,,Karen Schenone Positions For 2018: Not Enough Investors Are Thinking About Bonds As A Hedge To Equity Market Risk,Karen Schenone의 2018년 입장: 주식 시장 위험에 대한 헤지 수단으로 채권을 생각하는 투자자가 충분하지 않습니다.
2019-07-19,2,2,,"Even At All-Time Highs, The Economy Is Still Slowing - Here's Why It Matters",사상 최고치에도 불구하고 경제는 여전히 둔화되고 있습니다. 이것이 중요한 이유는 다음과 같습니다.
2015-02-27,2,2,,"Notable tech gainers/decliners: VHC, MXWL, WDAY, NOW, IPGP, SIMO","주목할만한 기술 상승/하락: VHC, MXWL, WDAY, NOW, IPGP, SIMO"
2019-08-09,2,2,,Agilent Technologies Hitting Lower Rail Of Upwardly Sloped Trend Channel Ahead Of Earnings,"애질런트 테크놀로지스, 실적에 앞서 상승 추세 채널의 낮은 레일 도달"
2019-02-28,2,2,,"AAON misses by $0.05, beats on revenue",AAON은 0.05달러 차이로 수익을 앞지릅니다.
2016-05-14,2,2,,Retail heavyweights on tap for earnings amid disruptive backdrop,파괴적인 상황 속에서도 수익을 노리는 소매업계 거물급 기업들
2016-12-20,2,2,,"Bernard Horn Gains — Holdings, Cuts ' Others","Bernard Horn 이익 — 보유, 삭감 '기타"
2019-10-24,2,2,,"Agilysys EPS misses by $0.03, beats on revenue",Agilysys EPS는 0.03달러 하락하고 수익을 앞지릅니다.
2018-09-10,2,2,,"Weekly Closed-End Fund Roundup: Cuts To First Trust And John Hancock CEFs, GCV Rights Offering","주간 폐쇄형 펀드 모집: First Trust 및 John Hancock CEF, GCV 권리 제공으로 삭감"
2019-03-21,2,2,,High Yield Energy Debt: The Writing Is On The Wall/Oil,고수익 에너지 부채: 벽에 쓰여진 글/석유
2019-02-20,2,2,,"Aceto misses by $0.23, beats on revenue",Aceto는 $0.23 차이로 수익을 앞지릅니다.
2018-07-03,2,2,,1H Asset Flow Roundup: What's Hot & What's Not,상반기 자산 흐름 요약: 인기 있는 것과 그렇지 않은 것
2017-12-28,2,2,,"Defense Stock Roundup: LMT, BA, GD Win Deals, AIR Misses on Q2 Earnings","국방 주식 정리: LMT, BA, GD 승리 거래, AIR가 2분기 실적에 실패"
2012-03-05,2,2,,"Up/Downgrades ( JBL, PRGO, SON, GEF, LMT, AIXG, WY, ATW, BBW, VNO )","업/다운그레이드(JBL, PRGO, SON, GEF, LMT, AIXG, WY, ATW, BBW, VNO)"
2019-08-06,2,2,,Fallen Angel High Yield Bonds In The Late Cycle,타락한 천사의 후기 사이클 고수익 채권
2019-03-26,2,2,,"Report: Exploring Fundamental Drivers Behind ABB, Sotheby's, Apollo Global Management, Verisk ...","보고서: ABB, Sotheby's, Apollo Global Management, Verrisk의 기본 동인 탐색"
2017-01-09,2,2,,"Latest SGE Withdrawals Lowest Since 2012, But What's The Significance For Gold Stock Investment?",최근 SGE 인출은 2012년 이후 최저 수준이지만 금 주식 투자에 어떤 의미가 있을까요?
2017-02-09,2,2,,Wholesales Follow The Trend: Growth Acceleration,도매업은 추세를 따릅니다: 성장 가속화
2015-10-19,2,2,,"Premarket Biotech Digest: Gilead's Upcoming Earnings, Setback For AstraZeneca, Zafgen Tumbles 50%","프리마켓 생명공학 다이제스트: Gilead의 향후 수익, AstraZeneca의 후퇴, Zafgen의 하락 50%"
2019-04-25,2,2,,The Chemist's 'High-High-Low' Closed-End Fund Report: March 2019,The Chemist의 '하이-하이-로우' 폐쇄형 펀드 보고서: 2019년 3월
2019-02-28,2,2,,"Greif (GEF) Earnings Beat, Sales Fall Shy Of Estimates in Q1","Greif (GEF) 실적은 상회, 매출은 1분기 추정치에 미치지 못함"
2016-10-03,2,2,,Oil ETF Continues To Bubble Up But Broad Market Slumps On Weak Data,석유 ETF는 계속해서 상승하지만 약한 데이터로 인해 광범위한 시장이 하락합니다
2018-02-27,2,2,,"Achaogen misses by $0.18, beats on revenue",Achaogen은 0.18달러 차이로 수익을 앞지릅니다.
2016-03-24,2,2,,"50/50 (BDC And MREIT) Q1-2016 Update, Chasing Yield; The Road Less Traveled Accelerates Income Cash Flow","50/50(BDC 및 MREIT) 2016년 1분기 업데이트, 수익률 추격; 사람이 적게 다니는 길은 소득 현금 흐름을 가속화합니다"
2013-10-29,2,2,,"Actavis Soars, Questcor Falls","액타비스 소어스(Actavis Soars), 퀘스트코 폭포(Questcor Falls)"
2016-07-28,2,2,,Oil ETF Drops Into Bear Market; Amazon Rises In After-Hours Trade,"석유 ETF가 약세장으로 하락; 아마존, 시간 외 거래에서 상승"
2015-02-11,2,2,,Apogee Enterprises Buffs Cutting Edge Of Glass Sector,"Apogee Enterprises, 유리 부문의 최첨단을 버프하다"
2018-04-04,2,2,,Gold a rare gainer after China tariff move,금은 중국 관세 조치 이후 드물게 상승세를 보임
2020-05-01,2,2,,"Fortive's (FTV) Q1 Earnings Beat Estimates, Revenues Miss",Fortive(FTV)의 1분기 실적이 예상치를 상회하고 매출이 감소했습니다.
2018-10-29,2,2,,"Energy shares trade low on high crude prices and pipeline constraints, while commodities provide some cushion to Energy/Materials sector",에너지 주가는 높은 원유 가격과 파이프라인 제약으로 인해 낮게 거래되는 반면 원자재는 에너지/재료 부문에 어느 정도 완충 효과를 제공합니다.
2017-12-06,2,2,,"U.S. Steel, AK Steel surge on tariff ruling; Axiom's Johnson pooh-poohs news","US스틸, AK스틸, 관세 판결로 급등; Axiom의 존슨 푸푸 소식"
2018-10-03,2,2,,5 Stocks With Amazingly Low EV/EBITDA Ratios to Scoop Up,EV/EBITDA 비율이 놀라울 정도로 낮은 5개 주식 확대
2020-03-11,2,2,,5% Surge Recovers More Than Half of Yesterday's Plunge,5% 급증으로 어제 폭락의 절반 이상 회복
2019-10-23,2,2,,"Caterpillar -5% after slashing profit forecast, missing estimates","Caterpillar는 이익 전망을 대폭 삭감한 후 -5%, 추정치 누락"
2018-07-06,2,2,,Chalco to cut Shanxi alumina production due to high bauxite cost,"Chalco, 높은 보크사이트 비용으로 인해 Shanxi 알루미나 생산 중단"
2015-01-12,2,2,,ETF Flows Set A Fresh Record In 2014,ETF 흐름은 2014년에 새로운 기록을 세웠습니다.
2019-12-16,2,2,,Dow Jones Futures: Tesla Leads 5 Stocks Reclaiming Buy Points As Market Rally Hits New Highs; Boeing Extends Losses,"다우존스 선물: Tesla는 시장 랠리가 신고점을 기록하면서 매수 포인트를 되찾으며 5개 주식을 선도합니다. 보잉, 손실 확대"
2019-04-17,2,2,,Ashford Hospitality Trust: Not A Bad 10% Dividend While Waiting For A Catalyst,Ashford Hospitality Trust: 촉매를 기다리는 동안 나쁘지 않은 10% 배당금
2018-03-15,2,2,,"Asanko Gold misses by $0.01, beats on revenue",Asanko Gold는 $0.01 차이로 수익을 앞지릅니다.
2019-08-15,2,2,,Gold Fields swings to H1 profit but headline EPS falls,Gold Fields는 상반기 이익으로 전환했지만 헤드라인 EPS는 하락했습니다.
2019-09-04,2,2,,"Adamis Updates Investors On SYMJEPI Launch And ZIMHI PK Study, While The Stock Hits A New 52-Week Low","Adamis는 SYMJEPI 출시 및 ZIMHI PK 연구에 대해 투자자들에게 업데이트했으며, 주가는 52주 최저치를 기록했습니다."
2019-04-25,2,2,,"Telecom Stock Roundup: AT&T, Verizon Miss Q1 Revenue Estimates & More","통신 주식 정리: AT&T, Verizon Miss Q1 수익 추정 등"
2017-10-11,2,2,,"Zacks.com featured highlights include article Thor Industries, Duluth Holdings, AllianceBernstein, Five Below and American Woodmark","Zacks.com 주요 하이라이트에는 Thor Industries, Duluth Holdings, AllianceBernstein, Five Below 및 American Woodmark 기사가 포함됩니다."
2016-07-07,2,2,,Smaller-Cap ETFs Cling To Gains As Oil Reversal Sends Indexes Lower,원유 반전으로 인해 지수가 하락함에 따라 소형주 ETF는 이익을 유지하고 있습니다.
2017-08-29,2,2,,"Centene (CNC) Poised to Grow on Buyouts, High Debt Bothers",Centene (CNC)은 매수로 성장할 준비가되어 있으며 부채가 높습니다.
2015-12-14,2,2,,A Follow-Up On Chipotle: Food With Integrity Hits A Titanic Iceberg Of Indigestion,Chipotle에 대한 후속 조치: 정직한 음식이 소화 불량의 거대한 빙산에 부딪칩니다.
2016-05-10,2,2,,Advanced Emissions Solutions beats by $0.08,Advanced Emissions Solutions가 0.08달러 앞섰습니다.
2014-05-06,2,2,,Stocks Finish Down; Twitter Drops As Lockup Expires,주식은 하락세를 보이고 있습니다. 잠금이 만료됨에 따라 Twitter가 삭제됩니다.
2017-08-08,2,2,,"Envision Healthcare (EVHC) Q2 Earnings Beat, '17 View Cut",EVHC(Envision Healthcare) 2분기 실적이 2017년보다 앞섰습니다. 보기 컷
2019-02-08,2,2,,"Junk bond funds attract flows, bond sales at 2-year high","정크본드 펀드 유입 유입, 채권 매도 2년래 최고치"
2019-07-26,2,2,,"ABB Q2 Earnings Top Estimates & Revenues Miss, Orders Up Y/Y","ABB 2분기 실적 최고 추정치 및 수익 누락, Y/Y 주문 증가"
2015-03-31,2,2,,U.S. Steel cuts capacity again,"US스틸, 또다시 생산능력 축소"
2020-03-09,2,2,,5 Stocks With Falling Prices and High Yields,가격이 하락하고 수익률이 높은 5개 주식
2015-06-29,2,2,,Calgon Carbon -8% after Supreme Court ruling on mercury emissions,Calgon Carbon -수은 배출에 대한 대법원 판결 이후 -8%
2018-01-25,2,2,,The Chemist's 'High-High-Low' CEF Report - December 2017,The Chemist의 '고-고-저' CEF 보고서 - 2017년 12월
2017-01-05,2,2,,American Eagle Outfitters lower after guidance update,American Eagle Outfitters는 지침 업데이트 후 하락
2019-02-27,2,2,,"AES Corp (AES) Q4 Earnings Beat Estimates, Revenues Miss",AES Corp (AES) 4분기 실적이 예상치를 상회하고 수익이 감소했습니다.
2018-03-29,2,2,,Belo Media Group Hires Former Corporate Social Responsibility Executive to Launch Community Impact Initiative for North Texas,"Belo Media Group, 전직 기업의 사회적 책임 임원을 고용하여 북텍사스 지역사회 영향 이니셔티브 시작"
2012-02-24,2,2,,"Research Analyst's Up/Downgrades ( ACC, FST, STN, WMGI, AVB, PPS, CPT, DECK, ASNA, NIHD )","연구 분석가의 상향/하향 등급( ACC, FST, STN, WMGI, AVB, PPS, CPT, DECK, ASNA, NIHD )"
2016-10-25,2,2,,Why Barrick Gold's Cash Flow Is Set To Rise Further,Barrick Gold의 현금 흐름이 더욱 상승할 예정인 이유
2015-07-06,2,2,,"Stocks Lower As Rebound Gives Way; China Issues Slide, Bassett Rises","반등이 무너지면서 주식 하락; 중국 이슈 슬라이드, Bassett 상승"
2017-08-03,2,2,,"Auto Stock Roundup: U.S. Sales Decline, Tesla's Loss Wider, Penske Automotive & Honda Beat","자동차 재고 정리: 미국 판매 감소, Tesla의 손실 확대, Penske Automotive 및 Honda Beat"
2017-11-27,2,2,,Can Robert Half's Growth Drivers Offset Protiviti Weakness?,Robert Half의 성장 동인이 Protiviti 약점을 상쇄할 수 있습니까?
2019-06-19,2,2,,Mortgage REITs gain as Fed tips path to rate cut,연준이 금리 인하 경로를 제시함에 따라 모기지 REIT 상승
2018-03-20,2,2,,AAR -3.6% as revenues miss despite growth,성장에도 불구하고 수익이 부족하여 AAR -3.6%
2014-03-24,2,2,,"Selling Pressure Builds In Leading Growth Stocks, Nasdaq",나스닥의 주요 성장주에 매도 압력이 가중됨
2015-10-20,2,2,,"ACE beats by $0.37, misses on net premium written",ACE가 $0.37 상회하고 순 프리미엄이 누락되었습니다.
2019-05-22,2,2,,"Stock Futures Slump On Trade, Antitrust News; Target Surges","주식 선물 거래 폭락, 독점금지 뉴스; 타겟 급증"
2018-02-06,2,2,,"AGCO misses by $0.03, beats on revenue",AGCO는 0.03달러 차이로 수익을 앞지릅니다.
2017-10-26,2,2,,"Celgene (CELG) Tops Q3 Earnings, Sales Miss, Updates View","Celgene(CELG)이 3분기 실적, 매출 부진, 업데이트 보기에서 1위를 차지했습니다."
2018-11-27,2,2,,The Chemist's 'High-High-Low' Closed-End Fund Report - October 2018: A Quick Look At Top-Ranked DSU,The Chemist의 '하이-하이-로우' 폐쇄형 펀드 보고서 - 2018년 10월: 최상위 DSU에 대한 간략한 살펴보기
2014-01-27,2,2,,"Polaris Earnings Growth Seen Faster, Harley To Slow",Polaris 수익 성장은 더 빨라지고 Harley는 느려집니다.
2018-05-29,2,2,,Bond prices melt up on EU shudders,EU 전율로 채권 가격 폭락
2016-05-05,2,2,,"Achaogen misses by $0.06, beats on revenue",Achaogen은 $0.06 차이로 수익을 앞지릅니다.
2015-08-07,2,2,,Barrick Gold: Commentary On The Second-Quarter Results And 60% Dividend Cut,Barrick Gold: 2분기 결과 및 배당금 60% 삭감에 대한 해설
2018-04-20,2,2,,"Acme United misses by $0.01, beats on revenue",Acme United가 0.01달러 차이로 수익을 앞지릅니다.
2016-03-04,2,2,,"""Monster"" inflows into high-yield bond funds",'몬스터' 고수익채권펀드로 유입
2019-11-02,2,2,,Retire Rich: Buy Low And Sell High Consistently,부자 은퇴: 지속적으로 낮은 가격에 구매하고 높은 가격에 판매
2019-08-06,2,2,,"Arlington Asset Investment EPS misses by $0.01, misses on net interest income","Arlington Asset Investment EPS는 0.01달러 손실, 순이자 소득 손실"
2019-05-02,2,2,,Slow GDP Growth Is Very Bullish For Stocks At This Stage Of The Business Cycle,느린 GDP 성장은 경기주기의 현 단계에서 주식에 ​​매우 낙관적입니다
2017-03-02,2,2,,Dividend Raises & Cuts For February 2017,2017년 2월 배당금 인상 및 삭감
2018-12-26,2,2,,Adamas Knife Continues To Fall As Value Continues To Rise,가치가 계속 상승함에 따라 Adamas Knife는 계속 하락하고 있습니다.
2016-01-25,2,2,,Potash Corp. -7% on speculation over dividend cut,배당금 삭감에 대한 추측으로 Potash Corp. -7%
2018-11-08,2,2,,"Aceto misses by $0.15, beats on revenue",[번역 실패]
2020-03-18,2,2,,Vertical High Pressure Processing Market Report Examines Latest Trends and Key Drivers ...,수직 고압 가공 시장 보고서는 최신 동향과 주요 동인을 조사합니다.
2018-06-08,2,2,,"Tech sector under pressure from Apple suppliers, semi equipment stocks","Apple 공급업체, 반도체 장비 주식의 압력을 받고 있는 기술 부문"
2018-05-07,2,2,,"Wayfair (W) Q1 Loss Wider Than Anticipated, Revenues Beat",Wayfair (W) 1분기 손실이 예상보다 커졌고 매출도 상회했습니다
2019-09-18,2,2,,Mortgage REITs gain amid financial stock slump,[번역 실패]
2018-09-25,2,2,,"Vanda Pharma gains, Aceto drops amid S&P index changes",[번역 실패]
2016-10-05,2,2,,High-yield defaults to head lower next year - Moody's,[번역 실패]
2019-05-03,2,2,,"Hubbell Outperforms On Margins, But Growth Is Going To Slow",[번역 실패]
2011-01-19,2,2,,"Google: Analysts' Upgrades, Downgrades","Google: 분석가의 업그레이드, 다운그레이드"
2016-03-01,2,2,,Hard-hit potash miners eye potash demand pick-up after supply cuts,큰 타격을 입은 칼륨 광부들은 공급 삭감 후 칼륨 수요 회복에 주목
2019-12-11,2,2,,Mid-America Apartment Hikes Dividend for 10th Consecutive Year,[번역 실패]
2017-08-10,2,2,,"Middleby (MIDD) Q2 Earnings Beat by a Penny, Revenues Miss",[번역 실패]
2016-08-09,2,2,,"Aegerion Pharmaceuticals misses by $0.12, beats on revenue",Aegerion Pharmaceuticals는 0.12달러 손실을 입어 매출이 앞섰습니다.
2016-02-03,2,2,,ABB profit margin widens after cost cuts,[번역 실패]
2015-05-01,2,2,,4 Impressive Stocks Blowing Away Expectations - Investment Ideas,기대를 저버리는 인상적인 주식 4가지 - 투자 아이디어
2015-03-09,2,2,,10 relics of the dot-com era trading well below their old highs,[번역 실패]
2015-04-29,2,2,,Humana Warns On Surprising Hospital Admissions Rise,[번역 실패]
2017-03-15,2,2,,ABB ReliaGearÂ® product family expanded to include full range of low-voltage solutions,모든 범위의 저전압 솔루션을 포함하도록 확장된 ABB ReliaGear® 제품군
2012-03-13,2,2,,"Upgrades & Downgrades ( HSFT, NWY, VNDA, MANT, BAH, SOMX, BXS, ACE, SNI, CVC )","업그레이드 및 다운그레이드(HSFT, NWY, VNDA, MANT, BAH, SOMX, BXS, ACE, SNI, CVC)"
2013-04-15,2,2,,Indexes Crumble In Heavy Trade; Growth Stocks Hit Hard,대규모 거래로 지수 붕괴; Growth Stocks Hit Hard
2019-05-07,2,2,,What's in the Cards for Zillow Group (ZG) in Q1 Earnings?,Zillow Group(ZG)의 1분기 수익 카드에는 무엇이 포함되어 있나요?
2017-10-30,2,2,,Altra Industrial Motion Corp. to Present at Stephens —…–7 Fall Investment Conference,[번역 실패]
2018-07-12,2,2,,"Auto Stock Roundup: TSLA Hikes Prices in China, F to Absorb Tariffs, GM in Focus","자동차 재고 정리: TSLA, 중국 가격 인상, F는 관세 흡수, GM은 초점"
2015-07-01,2,2,,Preferred Stock Market Q2 2015: Investment Grade Preferred Stocks Available Below $25,2015년 2분기 우선주 시장: 25달러 미만에서 투자 등급 우선주 이용 가능
2017-11-07,2,2,,ADP Increases Cash Dividend; Marks 4'rd Consecutive Year of Dividend Increases,ADP Increases Cash Dividend; 4년 연속 배당금 증가 기록
2018-08-10,2,2,,USDA forecasts record soybean crop; China tariffs mean big surplus,USDA는 기록적인 대두 수확을 예측합니다. 중국 관세는 큰 흑자를 의미
2012-11-08,2,2,,"Advance Auto Parts Up On Sale Rumor, Q4 Weakness Seen",[번역 실패]
2020-04-15,2,2,,Dollar Rises as Equities Slump,[번역 실패]
2019-12-20,2,2,,"Steel Stocks Shaken After US Steel Gives Concerning Guidance, Cuts Dividend",[번역 실패]
2019-10-09,2,2,,"AllianceBernstein September AUM rises on inflows, market action","AllianceBernstein 9월 AUM은 유입, 시장 활동으로 증가"
2017-10-11,2,2,,Monolithic Power (MPWR) Hits 52-Week High on Solid Execution,MPWR(Monolithic Power)이 탄탄한 실행력으로 52주 최고치를 경신했습니다.
2018-01-16,2,2,,Danger Zone Highlights And Lowlights From 2017,[번역 실패]
2017-12-05,2,2,,CVS Drops The Acquisition Bombshell,[번역 실패]
2020-03-18,2,2,,"—…–8 Low Dosage Hydrate Inhibitors Market Size to Set Phenomenal Growth Top Companies, ...",[번역 실패]
2016-07-21,2,2,,"Adeptus Health misses by $0.03, beats on revenue",[번역 실패]
2019-02-21,2,2,,"Altra Holdings misses by $0.06, beats on revenue",[번역 실패]
2015-12-10,2,2,,Barclays: Energy dividend shoe yet to drop,[번역 실패]
2015-03-02,2,2,,Chip stocks surge following NXP/Freescale deal,[번역 실패]
2020-04-28,2,2,,"Roper (ROP) Earnings Surpass Estimates in Q1, Decline Y/Y",[번역 실패]
2013-09-19,2,2,,"Stock Futures Trim Gains; Agilent Jumps, Pier One Tumbles","주식 선물 트림 이익; 애질런트 점프, 피어 원 텀블러"
2016-11-07,2,2,,Gold Under Pressure As FBI Clears Clinton Again,FBI가 클린턴을 다시 청산함에 따라 금은 압력을 받고 있습니다.
2017-07-05,2,2,,Geron Stock Up Almost 40% So Far This Year After '16 Decline,[번역 실패]
2015-10-12,2,2,,Infosys (INFY) Cuts 2016 Guidance Despite Q2 Earnings Beat,[번역 실패]
2018-10-23,2,2,,The Chemist's 'High-High-Low' Closed-End Fund Report - September 2018,The Chemist의 '하이-하이-로우' 폐쇄형 펀드 보고서 - 2018년 9월
2015-03-25,2,2,,Francesca's Falls On Light Guidance Despite Q4 Beat,[번역 실패]
2017-02-07,2,2,,Arlington Asset Investment misses by $0.01,[번역 실패]
2019-09-18,2,2,,Utilities maintain modest gains after Fed rate cut,연준의 금리 인하 이후 유틸리티 부문은 완만한 상승세를 유지했습니다.
2016-08-03,2,2,,"Almost Family misses by $0.03, beats on revenue",[번역 실패]
2019-01-14,2,2,,Mondelez: Good Income But Slow Growth For This Food Company,[번역 실패]
2017-02-28,2,2,,"AngloGold Ashanti Tumbles After Dividend Reinstatement Announcement, Insider Trade",[번역 실패]
2017-02-14,2,2,,Stocks Open Slightly Lower; Mattel Up On Alibaba Partnership; Mnuchin Confirmed,주식은 소폭 하락했습니다. Mattel Up On Alibaba 파트너십; Mnuchin Confirmed
2012-08-21,2,2,,Dividends and Buybacks: These Firms Make the Cut,배당금과 자사주 매입: 이 회사들은 삭감합니다
2018-10-23,2,2,,"Arlington Asset Investment -1.6% after Q3 miss, may consider REIT structure",[번역 실패]
2019-02-15,2,2,,"Annaly (NLY) Beats Q4 Earnings Estimates, Slips on Lower NII",[번역 실패]
2019-02-28,2,2,,4 Semis Stocks Holding Up In The Current Weakness,[번역 실패]
2018-01-12,2,2,,2 Gold Stocks With High Discretionary Cash And Greater Debt Capacity,[번역 실패]
2018-08-21,2,2,,Reading The Signs: Investment Grade Bonds Present Warning And Opportunity,[번역 실패]
2016-10-26,2,2,,Barrick Gold's Q3 earnings rise as production and costs fall,[번역 실패]
2012-12-26,2,2,,Stocks Turn Firmly Lower; Nasdaq Breaks Support Levels,"주가는 확실히 하락세를 보이고 있습니다. 나스닥, 지원 수준 깨뜨려"
2017-03-18,2,2,,Low Volatility And High Beta Stocks Prior To Last Downturn,[번역 실패]
2016-12-25,2,2,,Barrick Gold: Don't Miss The 72% Upside,Barrick Gold: 72% 상승여력을 놓치지 마세요
2018-04-11,2,2,,Kenya: Money Flows And Investment Markets Weakening,[번역 실패]
2016-02-19,2,2,,Low Risk Apollo Acquisition Of ADT Presents Attractive Opportunity,[번역 실패]
2017-08-08,2,2,,"Manitowoc (MTW) Tops Q2 Earnings, Misses Sales, Updates View",[번역 실패]
2014-04-21,2,2,,"Stocks Up, But Slow Trade Points To Lack Of Big Money",[번역 실패]
2018-06-11,2,2,,"Argan misses by $0.03, beats on revenue",Argan은 0.03달러 차이로 수익을 앞지릅니다.
2017-04-11,2,2,,"Stocks Pare Losses As Apple Suppliers Sink, But Homebuilders Rally",Apple 공급업체가 침몰함에 따라 주식 손실은 줄어들었지만 주택 건설업체는 반등했습니다.
2018-11-12,2,2,,47 'Safer' Of 119 Russell 3000 Dividend Dogs For November By Cash Flow,[번역 실패]
2015-02-12,2,2,,Non-Agency RMBS May Save 14% Dividend American Capital Mortgage's Performance In This Low Rate Environment,[번역 실패]
2017-02-10,2,2,,"Agrium misses by $0.07, beats on revenue",[번역 실패]
2019-03-20,2,2,,The Chemist's 'High-High-Low' Closed-End Fund Report: February 2019,[번역 실패]
2017-02-27,2,2,,"Tesla Cut To Sell; Apple Gets Price-Target Hike, Buffett Boost",[번역 실패]
2015-06-16,2,2,,Healthcare ratings roundup - upgrades/downgrades,[번역 실패]
2018-08-26,2,2,,ADT: Slowly Firming Up The Story,[번역 실패]
2020-01-31,2,2,,"Jabodon Pt Co Buys Alibaba Group Holding, Zillow Group Inc, Amazon. ...","Jabodon Pt Co Buys Alibaba Group Holding, Zillow Group Inc, Amazon. ..."
2018-03-06,2,2,,"Trump Tariff Update: Stocks Swing, GOP & Industry Speak Out","트럼프 관세 업데이트: 주식 변동, 공화당 및 업계 목소리"
2014-10-23,2,2,,AES Corporation Reduces Its Risk,[번역 실패]
2019-04-30,2,2,,Low Yield Vs. High Yield Preferred Stocks. Is The Spread Wider Than You Thought?,[번역 실패]
2016-12-28,2,2,,Oil ETF Rises As OPEC Deal To Cut Production Is Set To Take Effect,[번역 실패]
2019-07-19,2,2,,Market Volatility Bulletin: Stocks Start High And Bleed Lower As Week Closes Out,[번역 실패]
2010-07-02,2,2,,"Chalco's Loss, Rio Tinto's Gain?","Chalco의 손실, Rio Tinto의 이익?"
2019-08-20,2,2,,"Advance Auto Parts (AAP) Rides on Expansion, High Costs Hurt",AAP(Advanced Auto Parts) 확장에 따른 높은 비용 부담
2018-03-23,2,2,,"Market Volatility Bulletin: VIX Up 30%, But VX Futures Follow With Hesitation",시장 변동성 게시판: VIX가 30% 상승했지만 VX 선물은 주저함을 나타냄
2012-03-12,2,2,,"Downgrades Roundup: FE, MDVN, SPB, SEM, CDE, ACTG, KR",[번역 실패]
2018-03-21,2,2,,The Chemist's 'High-High-Low' CEF Report - February 2018,[번역 실패]
2017-08-31,2,2,,"Auto Stock Roundup: Harvey Hits Badly, Honda to Launch Electric-Vehicles in 2018","자동차 재고 정리: Harvey의 타격, Honda는 2018년에 전기 자동차를 출시할 예정입니다."
2019-07-26,2,2,,"Arthur J. Gallagher (AJG) Q2 Earnings Beat, Revenues Miss",[번역 실패]
2015-05-06,2,2,,"American Capital misses by $0.14, beats on revenue",[번역 실패]
2015-05-15,2,2,,"Russell 2000 Sees 13.32% Edge For 5 Highest Yield, Lowest Price May Dogs",[번역 실패]
2016-08-09,2,2,,Apple Pressuring iPhone Component Suppliers For Price Cuts,[번역 실패]
2010-06-09,2,2,,Stocks That Rise When Broader Market Falls,[번역 실패]
2020-05-07,2,2,,"China Reports an Unexpected Jump in Exports, While Norway Surprises with a Rate Cut",[번역 실패]
2012-11-07,2,2,,Stocks Plunge As Volume Surges,거래량 급증으로 주가 폭락
2012-04-26,2,2,,The Best Yielding S&P 500 Dividend Stocks Below Book Value,[번역 실패]
2018-06-09,2,2,,"Retirement: The Future-Proof Portfolio For Young Investors, Bought At A Market High, Is Reducing Its Losses",[번역 실패]
2017-03-01,2,2,,The Gold-Silver Ratio Curiously Failed To Fall - Precious Metals Supply And Demand,금-은 비율은 이상하게도 하락하지 못했습니다 - 귀금속 수요와 공급
2015-05-15,2,2,,Razor-Thin Profits Cut Into Newspapers' Chances At Innovation,[번역 실패]
2016-07-13,2,2,,Argan Follow-Up: Fires Still Burning,[번역 실패]
2018-12-28,2,2,,Is Green Growth Harshing APHA's Mellow?,[번역 실패]
2010-08-04,2,2,,"Steel Stocks: Analysts' Upgrades, Downgrades",[번역 실패]
2019-10-09,2,2,,F5 Networks: A Low Risk-High Reward Play Currently Trading At An Inexpensive 10% FCF Yield,[번역 실패]
2019-05-07,2,2,,"Jackson, Grant Investment Advisers, Inc. Buys Invesco S&P 5…… Low Volatility, Procter ...",[번역 실패]
2018-07-31,2,2,,"ACCO Brands misses by $0.02, beats on revenue",[번역 실패]
2019-03-03,2,2,,Lower-Risk ETFs With High Risk-Adjusted Returns,[번역 실패]
2018-12-24,2,2,,The Chemist's 'High-High-Low' Closed-End Fund Report - November 2018,[번역 실패]
2015-04-20,2,2,,"Weekly 3-Year Low Highlight: VSI, UTIW, AIXG, VRA",[번역 실패]
2010-03-11,2,2,,"Yahoo!: Analysts' Upgrades, Downgrades","Yahoo!: 분석가의 업그레이드, 다운그레이드"
2016-06-30,2,2,,SPY ETF Brushes Off Sharp Post-Brexit Losses To Post A Gain In June,[번역 실패]
2015-03-12,2,2,,"Stocks Post Nice Gains, But Volume Is Missing",주식은 좋은 상승세를 보였으나 거래량이 부족함
2015-08-27,2,2,,Apple Supplier Avago Gets PT Cut; Amazon Sees Upgrade,[번역 실패]
2018-03-13,2,2,,"Your Daily Pharma Scoop: Portola's New Interim Data, Lantheus Announces Promising Data For LMI 1195, Kura Tumbles On Update",[번역 실패]
2018-02-08,2,2,,ABB -4% as net profit falls,[번역 실패]
2013-02-15,2,2,,Aflac Is Dipping Below Support,[번역 실패]
2017-03-20,2,2,,"Analysts Upgrade Barrick, Goldcorp, Downgrade Newmont Mining","분석가들은 Barrick, Goldcorp를 업그레이드하고 Newmont Mining을 다운그레이드합니다."
2018-11-27,2,2,,Cancer Research Highlight: AbbVie And Pfizer Blitz Acute Myeloid Leukemia,[번역 실패]
2018-08-28,2,2,,The Chemist's 'High-High-Low' CEF Report - July 2018,[번역 실패]
2015-04-10,2,2,,"Argan misses by $0.19, beats on revenue",[번역 실패]
2019-12-11,2,2,,"AllianceBernstein November AUM rises 1.7% on market action, inflows",[번역 실패]
2016-10-27,2,2,,"Acorda Therapeutics misses by $0.15, beats on revenue",Acorda Therapeutics는 0.15달러 차이로 매출이 앞섰습니다.
2019-09-10,2,2,,"Some Stocks Plunge, Some Stocks Rise, Whats Going On?",[번역 실패]
2019-09-26,2,2,,Accenture Trades Lower Despite 4th-Quarter Earnings Beat,[번역 실패]
2016-12-06,2,2,,Stock ETFs Rise; November Was Big-League Month For Fund Flows,[번역 실패]
2019-09-12,2,2,,"Greif Rides on Caraustar Buyout & Restructuring, Debt High",[번역 실패]
2018-11-09,2,2,,Low Risk 7% Yielding Preferred Share Goes Up To A Hold,[번역 실패]
2016-12-13,2,2,,Cincinnati Financial Poised for Growth Despite Cat Loss,Cat 손실에도 불구하고 성장할 준비가 된 Cincinnati Financial
2018-04-25,2,2,,"Gold Now Set To Make New Highs, But Comes Under Pressure By Late April-H1 May, When USD Bottoms",금은 이제 새로운 최고치를 기록할 예정이지만 USD가 바닥을 찍는 4월 말~5월 상반기에는 압력을 받게 됩니다.
2018-03-02,2,2,,"Your Daily Pharma Scoop: Portola Drops On AndexXa Update, NovaVax Top-Line Results, Idera Commences Late-Stage Study With IMO-2125",[번역 실패]
2015-10-13,2,2,,10 Strategic Dividend Dogs Average 4% Yields For Fall,[번역 실패]
2019-11-06,2,2,,Agile Therapeutics: Stock Hits 52-Week Low And A Near 52-Week High Around Twirla's AdCom,[번역 실패]
2016-11-03,2,2,,"Aegerion Pharmaceuticals misses by $0.06, beats on revenue",[번역 실패]
2019-06-20,2,2,,Advanced Emissions Solutions (ADES) Gains But Lags Market: What You Should Know,[번역 실패]
2018-02-25,2,2,,Adamis Arrests Its Fall With An Update On Partner Negotiations,[번역 실패]
2013-12-13,2,2,,Industry Signals Mixed As Uptrend Feels Some Pressure,[번역 실패]
2016-10-24,2,2,,AAC Holdings (AAC) Gains as Charges Dismissed,AAC 홀딩스(AAC) 청구 기각으로 인한 이익
2017-08-11,2,2,,"COPEL (ELP) Q2 Earnings Down Y/Y on Lower Sales, High Costs","COPEL (ELP) Q2 수익은 낮은 매출, 높은 비용으로 Y/Y 감소"
2018-12-12,2,2,,"American Eagle (AEO) Q3 Earnings Beat, Q4 View Hurt Stock",[번역 실패]
2019-03-19,2,2,,Manitowoc Up 18% YTD After 63% Drop in 2018: What's Next?,[번역 실패]
2019-07-05,2,2,,Bausch Gains 38.9% YTD on Product Launches & Debt Reduction,"Bausch, 제품 출시 및 부채 감소로 YTD 38.9% 증가"
2017-03-24,2,2,,Barrick Gold's Record Free Cash Flow,[번역 실패]
2014-11-25,2,2,,"African Gold Group, Inc.: Updated Preliminary Economic Assessment Establishes Low Capex and ...",[번역 실패]
2017-11-26,2,2,,Introducing The Chemist's 'High-High-Low' CEF Report - October 2017,[번역 실패]
2016-02-02,2,2,,"American Financial misses by $0.06, beats on revenue",[번역 실패]
2018-04-27,2,2,,FEMSA (FMX) Stock Rises Despite Q1 Earnings & Sales Miss,1분기 실적 및 매출 부진에도 불구하고 FEMSA(FMX) 주가 상승
2018-02-07,2,2,,"Colfax (CFX) Q4 Earnings Beat, Fall Y/Y, '18 View Intact","Colfax (CFX) 4분기 실적은 전년 동기 대비 하락, '18년 가을 그대로 보기"
2016-02-03,2,2,,"African Gold Group, Inc. Definitive Feasibility Study for Kobada Gold Project Generates Robust ...",[번역 실패]
2015-02-17,2,2,,"Agios Pharmaceuticals misses by $0.18, beats on revenue",[번역 실패]
2018-11-05,2,2,,"Alibaba Beats on Earnings, Lowers Guidance: ETFs in Focus",[번역 실패]
2017-07-05,2,2,,"Biotech Stock Roundup: Cara Plunges on Study Data, Regulatory Updates & More",[번역 실패]
2018-11-05,2,2,,Flowserve (FLS) to Post Q3 Earnings: Is a Beat in the Cards?,[번역 실패]
2017-10-23,2,2,,Can Admissions Rise Fuel Universal Health (UHS) Q3 Earnings?,[번역 실패]
2019-09-06,2,2,,"NRG upgraded, Entergy downgraded at Morgan Stanley",[번역 실패]
2019-01-23,2,2,,"ADTRAN misses by $0.08, beats on revenue",[번역 실패]
2011-01-24,2,2,,"Electronic Arts: Analysts' Upgrades, Downgrades","Electronic Arts: 분석가의 업그레이드, 다운그레이드"
2012-09-19,2,2,,10 Quality Dividend Stocks Trading Below Their Fair Value,공정 가치 이하로 거래되는 10가지 우수한 배당주
2018-10-18,2,2,,Connecticut Insurance Commish backs CVS-Aetna tie-up,"코네티컷 보험 위원회(Connecticut Insurance Commish), CVS-Aetna 제휴 지원"
2016-11-21,2,2,,High-yield warning from Xerox spinoff bond deal,[번역 실패]
2017-02-13,2,2,,"Nucor upgraded, AK Steel downgraded at Morgan Stanley","Nucor 업그레이드, Morgan Stanley에서 AK Steel 다운그레이드"
2012-07-02,2,2,,"Storms, Power Cuts Spur A Run On Supplies, Not Stocks",[번역 실패]
2013-11-07,2,2,,GDP Data Boosts Stock Futures; NationStar Mortgage Crumbles,GDP 데이터는 주식 선물을 향상시킵니다. NationStar 모기지 붕괴
2018-05-04,2,2,,"Achaogen misses by $0.17, beats on revenue",[번역 실패]
2012-07-30,2,2,,Agree Realty: An Outsized Yield With Risk Controls,[번역 실패]
2018-08-07,2,2,,Barrick Gold Is Downgraded Again,Barrick Gold가 다시 다운그레이드되었습니다.
2015-02-20,2,2,,Acacia -8.8% on EPS miss; legal fees up sharply,[번역 실패]
2011-01-12,2,2,,"Verizon: Analysts' Upgrades, Downgrades",[번역 실패]
2017-08-31,2,2,,"Ensign Group's Inorganic Growth Impresses, Debt Level Hurts",[번역 실패]
2018-02-09,2,2,,Market Volatility Bulletin: Record Weekly Outflows Just After Record Monthly Inflows For U.S. Stocks,[번역 실패]
2017-01-31,2,2,,Pentair (PNR) Beats on Q4 Earnings; Sales Miss Estimates,Pentair(PNR)가 4분기 실적을 앞질렀습니다. Sales Miss Estimates
2018-05-18,2,2,,Advanced Emissions Solutions goes ex-dividend on Monday,[번역 실패]
2015-02-24,2,2,,"Aixtron Aktiengesellschaft misses by €0.09, beats on revenue",[번역 실패]
2018-08-13,2,2,,"Eaton upgraded, AGCO downgraded at J.P. Morgan in machinery stocks review",[번역 실패]
2016-02-06,2,2,,Use Covered Calls To Mitigate Downside Risk,[번역 실패]
2019-08-06,2,2,,"ADT EPS misses by $0.18, beats on revenue",ADT EPS는 0.18달러 하락하고 수익을 앞지릅니다.
2010-07-15,2,2,,Copper Pares Losses on China Growth Data,[번역 실패]
2019-04-23,2,2,,"Winter Is Coming: The Case For A Low-Growth, Low-Rates Future",[번역 실패]
2018-09-04,2,2,,"Analog Devices, Seagate Technology Downgraded; KLA-Tencor Upgraded",[번역 실패]
2015-05-19,2,2,,"Advance Auto Q1: Tougher Comparisons, Slower Growth",Advance Auto Q1: 비교가 어려워지고 성장이 느려집니다.
2016-07-31,2,2,,"Reader Requests High-Yield, Low-Price, Safe Dog Stocks. Here They Are.","Reader Requests High-Yield, Low-Price, Safe Dog Stocks. 여기 있습니다."
2019-08-02,2,2,,Building A High-Yield Portfolio In A Low-Rate Era,[번역 실패]
2016-07-28,2,2,,Agenus revenues up 3%; net loss improves in Q2,Agenus 수익 3% 증가; 2분기 순손실 개선
2017-01-30,2,2,,Gold ETF Rises As Trump Rattles Markets; Most S&P Sectors Decline,트럼프가 시장을 뒤흔들면서 금 ETF 상승; 대부분의 S&P 업종 하락
2019-02-05,2,2,,"Report: Exploring Fundamental Drivers Behind Wix, Zillow Group, AllianceBernstein Holding, ...",[번역 실패]
2015-02-09,2,2,,"Notable tech gainers/decliners: XONE, ANET, BOX, VMEM, MXWL, SNCR",[번역 실패]
2015-07-30,2,2,,"AllianceBernstein misses by $0.01, beats on revenue",[번역 실패]
2019-09-11,2,2,,"Agco and Oshkosh upgraded, Actuant downgraded at J.P. Morgan",[번역 실패]
2018-05-01,2,2,,"Aetna (AET) Q1 Earnings Beat Estimates, Enrollment Declines",Aetna (AET) 1분기 실적이 추정치를 상회하고 등록이 감소했습니다.
2019-09-13,2,2,,"100 Over 10% Yield, Under $10 Priced Dividend Dogs For Fall","100개 수익률 10% 이상, 가을에 10달러 미만 배당금 개"
2019-02-20,2,2,,"Verisk Analytics (VRSK) Misses on Q4 Earnings, Beats Revenues",[번역 실패]
2018-04-12,2,2,,AK Steel Chief Executive Officer Roger Newport Testifies in Support of the Administration's ...,[번역 실패]
2015-06-15,2,2,,Follow up on Micron MU and Avalanch AAVL,Micron MU 및 Avalanch AAVL에 대한 후속 조치
2015-10-07,2,2,,"Premarket Biotech Digest: Anavex Uplisting, Discount On PCSK9 Inhibitors, Exact Sciences Plunges",[번역 실패]
2012-11-19,2,2,,"Stocks to Watch: Lowe's, Cisco (Update 1)",[번역 실패]
2019-08-09,2,2,,"Artal Group S.A. Buys Zillow Group Inc, Gossamer Bio Inc, Cyclerion Therapeutics Inc, Sells ...",[번역 실패]
2016-12-21,2,2,,"Goldcorp upgraded, Barrick Gold downgraded at TD Securities",Goldcorp가 업그레이드되고 Barrick Gold가 TD Securities에서 다운그레이드되었습니다.
2017-05-30,2,2,,"3 Top Chip Stocks Defy Market Weakness, Boost These Funds",[번역 실패]
2019-02-28,2,2,,ABB -3% after Q4 net profit drops 19%,ABB -4분기 순이익 19% 감소 후 -3%
2018-10-26,2,2,,"Fortune (FBHS) Q3 Earnings & Revenues Miss Estimates, Up Y/Y",[번역 실패]
2015-06-15,2,2,,Avalanche Bio plummets 40% after hours on less-than-expected AVA-101 data; chances dim for pick up by Regeneron,Avalanche Bio는 예상보다 적은 AVA-101 데이터로 인해 몇 시간 후 40% 급락했습니다. Regeneron이 인수할 가능성은 희박합니다
2018-12-06,2,2,,"H&R Block (HRB) Q2 Loss Widens Y/Y, Revenues Beat Estimates",[번역 실패]
2018-07-17,2,2,,Gold slumps to lowest in a year after upbeat Powell testimony,[번역 실패]
2013-01-29,2,2,,Lower prices steal Q4 profits,[번역 실패]
2012-11-08,2,2,,AES Is Dipping Below Support,[번역 실패]
2015-01-07,2,2,,Advaxis up as money continues to flow into cancer immunotherapy firms,암 면역치료 회사로 돈이 계속 유입되면서 Advaxis가 상승했습니다.
2018-08-01,2,2,,"AAC Holdings misses by $0.09, beats on revenue",[번역 실패]
2016-02-29,2,2,,Abengoa reports €1.2B 2015 loss as bankruptcy deadline nears,Abengoa는 파산 마감일이 다가옴에 따라 2015년 12억 유로의 손실을 보고했습니다.
2019-06-15,2,2,,The Rise Of Silver And Major Economic Decline,[번역 실패]
2019-03-04,2,2,,5%+ Dividend Yield Portfolio: Avoiding The Dividend Cuts (Feb 2019 Review),[번역 실패]
2018-11-15,2,2,,"Advanced Emissions to buy ADA Carbon Solutions, provides coal update",[번역 실패]
2018-03-22,2,2,,Steel stocks slide as U.S. tariff waivers pile up,미국의 관세 면제가 쌓이면서 철강주 하락세
2016-05-04,2,2,,Oregon Insurers Want 27% ObamaCare Rate Hike As Bad News Piles Up,나쁜 소식이 쌓이면서 오레곤 보험사들은 ObamaCare 요율 27% 인상을 원합니다.
2018-04-25,2,2,,"AGNC Investment EPS in-line, misses on net interest income",[번역 실패]
2019-07-10,2,2,,"Jacobs Wins Commissioning Services Deal, Boosts Backlog",[번역 실패]
2015-08-11,2,2,,U.S. steelmakers again demand tariffs on imports,[번역 실패]
2016-03-01,2,2,,Dividend Raises And Cuts For February 2016,2016년 2월 배당금 인상 및 삭감
2017-10-27,2,2,,"Alkermes (ALKS) Beats Q3 Earnings Estimates, Cuts Sales View",Alkermes(ALKS)가 3분기 실적 추정치를 상회하고 매출을 삭감했습니다.
2016-07-07,2,2,,Record inflows at Vanguard in H1,상반기 Vanguard에서 유입 기록
2019-02-22,2,2,,The Chemist's 'High-High-Low' Closed-End Fund Report: January 2019,The Chemist의 '하이-하이-로우' 폐쇄형 펀드 보고서: 2019년 1월
2017-07-25,2,2,,5 Retail Stocks with Lower Earnings Beat Predictability,수익이 낮은 5가지 소매 주식이 예측 가능성을 능가합니다.
2015-02-25,2,2,,"Assured Guaranty misses by $0.12, beats on revenue",[번역 실패]
2016-06-09,2,2,,"Agrium cut to Sell at CLSA, which says retail needs dramatic upturn",Agrium은 소매업에 극적인 회복이 필요하다고 말하는 CLSA에서 판매를 중단했습니다.
2016-12-17,2,2,,"Bond Market Fears Are Overblown, Particularly Concerns About High Yield Credits","채권 시장에 대한 두려움은 과장되었으며, 특히 고수익 채권에 대한 우려가 컸습니다."
2020-05-01,2,2,,"Altra Industrial (AIMC) Beats on Q1 Earnings, Lowers View",[번역 실패]
2018-04-12,2,2,,"Auto Stock Roundup: Xi Jinping to Slash Auto Tariffs, VLKAY to Replace CEO",[번역 실패]
2017-02-28,2,2,,"Air Methods misses by $0.04, beats on revenue",Air Methods가 0.04달러 손실을 입어 수익이 앞섰습니다.
2015-09-09,2,2,,AlarmForce Releases Updated AlarmForce Connect and Partners With Emerson to Launch Cutting-Edge ...,AlarmForce는 업데이트된 AlarmForce Connect를 출시하고 Emerson과 협력하여 최첨단 기술을 출시합니다.
2019-11-25,2,2,,"Dow Jones Futures: Stock Market Fear Gauge Hits New Low; Palo Alto Networks, Nutanix, Ambarella, Hewlett Packard Enterprise, ChemoCentryx Are Big Movers Late","다우존스 선물: 주식시장 공포지수가 신저점을 기록했습니다. Palo Alto Networks, Nutanix, Ambarella, Hewlett Packard Enterprise, ChemoCentryx는 뒤늦게 큰 움직임을 보이고 있습니다."
2018-06-12,2,2,,"Newmont Mining upgraded, Barrick Gold downgraded at Morgan Stanley",Newmont Mining은 업그레이드되고 Barrick Gold는 Morgan Stanley에서 다운그레이드되었습니다.
2020-04-22,2,2,,"Carlisle (CSL) Q1 Earnings Beat Estimates, Revenues Miss",Carlisle (CSL) 1분기 실적이 예상치를 상회하고 수익이 미달되었습니다.
2019-04-09,2,2,,Advanced Emissions Solutions (ADES) Gains As Market Dips: What You Should Know,ADES(Advanced Emissions Solutions)는 시장 하락으로 이익을 얻습니다: 알아야 할 사항
2015-04-06,2,2,,"Notable tech gainers/decliners: VJET, SFUN, SIGM, QUNR, ALTR, NPTN","주목할만한 기술 상승/감소: VJET, SFUN, SIGM, QUNR, ALTR, NPTN"
2018-03-21,2,2,,Ad Com May 2 for Achaogen's plazomicin for certain cUTI; shares up 6% premarket,특정 cUTI에 대한 Achaogen의 플라조마이신에 대한 광고 Com 5월 2일; 시판 전 점유율 6% 상승
2016-08-29,2,2,,What Is Behind The Surge In The Corporate Debt,기업 부채 급증의 배경은 무엇인가
2015-12-11,2,2,,How Robo Advisors And Low Expected Returns Forced Me To Reboot My Investment Process,Robo Advisor와 낮은 기대 수익률로 인해 투자 프로세스를 다시 시작하게 된 방법
2018-01-02,2,2,,Gold hits three-month high as dollar drop continues,달러 하락이 계속되면서 금값은 3개월 최고치 기록
2017-06-30,2,2,,"American Outdoor Brands (AOBC) Q4 Earnings Beat, Decline Y/Y","American Outdoor Brands (AOBC) 4분기 실적은 Y/Y를 상회, 하락"
2013-03-04,2,2,,"Weekly Three-Year Low Highlights: ABX, ECA, TI, NFX","주간 3년 최저 하이라이트: ABX, ECA, TI, NFX"
2018-11-19,2,2,,Slowing Growth And Interest Rate Fears Weigh On Fund And ETF Investors In October,[번역 실패]
2018-03-26,2,2,,7 Low Price-to-Sales Stocks That Can Be Profitable Bets,수익성 있는 베팅이 가능한 7가지 낮은 가격 대비 판매 주식
2016-02-23,2,2,,"AAC Holdings misses by $0.01, beats on revenue",AAC Holdings가 0.01달러 손실을 입어 수익이 앞섰습니다.
2017-11-07,2,2,,"Atlas Financial (AFH) Earnings Beat, Revenues Miss in Q3",Atlas Financial(AFH) 3분기 실적은 앞섰고 수익은 적었습니다.
2019-08-08,2,2,,Ambev lower amid corruption scandal developments,부패 스캔들로 인해 Ambev 가격 하락
2019-08-29,2,2,,"U.S. Steel Imports Shoot Up in July, Down YTD on Tariffs",[번역 실패]
2016-10-25,2,2,,Arlington Asset Investment misses by $0.02,알링턴 자산 투자(Arlington Asset Investment)는 $0.02만큼 손실을 입었습니다.
2019-02-20,2,2,,"Entergy Corp (ETR) Q4 Earnings Beat, Revenues Decline Y/Y","Entergy Corp (ETR) 4분기 실적은 전년 동기 대비 증가, 수익은 감소"
2015-01-13,2,2,,"9 High Rated, Lower Debt Dividend Stocks With A Reasonable Payout",[번역 실패]
2015-05-06,2,2,,"Notable tech gainers/decliners: CREE, XONE, AIXG, ZEN, WILN, TSRA","주목할 만한 기술 상승/하락 기업: CREE, XONE, AIXG, ZEN, WILN, TSRA"
2014-10-07,2,2,,Stocks Hold Near Session Lows; GoPro Fades From High,주식은 장중 최저치 근처에 머물고 있습니다. GoPro는 높은 곳에서 사라집니다.
2018-05-24,2,2,,TELUS to Boost Network Services in Quebec's Lower North Shore,"TELUS, 퀘벡주 Lower North Shore의 네트워크 서비스 강화"
2010-12-14,2,2,,"BP: Analysts' Upgrades, Downgrades","BP: 분석가의 업그레이드, 다운그레이드"
2018-08-02,2,2,,"Aetna (AET) Q2 Earnings Beat Estimates, Membership Declines",Aetna (AET) 2분기 수익이 예상치를 상회하고 회원 수가 감소했습니다.
2020-03-06,2,2,,"Pharma Stock Roundup: Trump, Pharma Executives Meeting on Coronavirus, FDA Updates","제약 재고 정리: 트럼프, 코로나바이러스에 대한 제약 경영진 회의, FDA 업데이트"
2016-07-12,2,2,,"AAR misses by $0.15, beats on revenue",AAR이 0.15달러 차이로 수익을 앞지릅니다.
2016-11-02,2,2,,"Ashford Hospitality Prime misses by $0.03, beats on revenue",Ashford Hospitality Prime은 0.03달러 차이로 수익을 앞질렀습니다.
2018-05-11,2,2,,"Flowserve (FLS) Q1 Earnings In Line, Sales Beat Estimates","Flowserve(FLS) 1분기 실적은 그대로, 매출은 추정치를 상회했습니다."
2015-08-20,2,2,,American Eagle Falls Despite Q2 Earnings and Sales Beat,American Eagle은 2분기 실적 및 판매 부진에도 불구하고 하락
2016-11-30,2,2,,"Goldcorp outshines Barrick and Newmont amid lower gold prices, analyst says",Goldcorp는 금 가격 하락 속에서 Barrick과 Newmont를 능가한다고 분석가는 말합니다.
2013-12-06,2,2,,"A Modest Blow Against Patent Trolls (ACTG, VRNG, IDCC)","특허괴물(ACTG, VRNG, IDCC)에 대한 적당한 타격"
2019-05-17,2,2,,Has Advanced Emissions Solutions (ADES) Outpaced Other Industrial Products Stocks This Year?,ADES(Advanced Emissions Solutions)가 올해 다른 산업용 제품 주식을 능가했습니까?
2019-12-30,2,2,,Applied Industrial Prospects Bright Despite High Debt Level,높은 부채 수준에도 불구하고 응용 산업 전망은 밝음
2015-08-14,2,2,,DSW to Expand Further with Launch of 22 Stores in Fall 2015,"DSW, 2015년 가을 22개 매장 오픈으로 더욱 확장"
2016-07-12,2,2,,High Yield Bonds - About To Plunge Or Relax?,"고수익 채권 – 폭락할 것인가, 아니면 완화될 것인가?"
2019-03-08,2,2,,"Yield Hunter CEF Report March 2019: Distribution Cuts Pick Up, But So Do Increases",Yield Hunter CEF 보고서 2019년 3월: 배포 삭감이 증가했지만 증가폭도 증가함
2019-03-05,2,2,,Stericycle (SRCL) Rides on Acquisitions as Debt Woes Linger,"스테리싸이클(SRCL), 부채 문제가 지속되면서 인수에 나섰습니다."
2019-02-20,2,2,,"Agilent FQ1 non-GAAP earnings up 13%; soft guidance pressures shares, down 4% after hours","애질런트 FQ1 비GAAP 수익 13% 증가; 부드러운 지침 압력 점유율, 시간 후 4% 감소"
2015-03-25,2,2,,U.S. Steel plant closure seen boosting case for tariffs,미국 철강공장 폐쇄로 관세 부과 가능성 커져
2015-09-22,2,2,,Abengoa extends loss after HSBC reportedly withdraws support,"Abengoa, HSBC 지원 철회 소식에 손실 확대"
2018-08-03,2,2,,"Aimco's (AIV) Q2 FFO Misses by a Whisker, Revenues Beat",Aimco(AIV)의 2분기 FFO가 수염을 놓치고 수익이 앞섰습니다.
2020-03-11,2,2,,Pressure Infusion Cuffs Market to Witness an Outstanding Growth During —…–8-—…—8 | ...,압력 주입 커프 시장은 —…–8-—…—8 동안 뛰어난 성장을 목격합니다 | ...
2019-09-10,2,2,,Record-High Debt And Record-Low Yields Are A Boon For Gold,기록적으로 높은 부채와 기록적으로 낮은 수익률은 금에 도움이 됩니다
2014-11-17,2,2,,"Weekly 3-Year Low Highlights: RYN, ATW, PGH, AIXG","주간 3년 최저 하이라이트: RYN, ATW, PGH, AIXG"
2016-10-26,2,2,,"Atlantic Coast Federal misses by $0.01, beats on revenue",Atlantic Coast Federal은 0.01달러 차이로 수익이 앞섰습니다.
2015-02-06,2,2,,Wall Street Breakfast: RadioShack Declares Bankruptcy After Years Of Losses,"월스트리트 아침 식사: RadioShack, 수년간의 손실 끝에 파산 선언"
2018-12-28,2,2,,"Paychex Rides on Tax Cut, Acquisitions, Strong Cash Position","세금 감면, 인수, 강력한 현금 지위에 대한 Paychex의 승부"
2016-06-03,2,2,,"Stock Indexes Head Lower, But AT&T Now Up 14% Year To Date",주가 지수는 하락했지만 AT&T는 현재까지 14% 상승했습니다.
2017-11-30,2,2,,"Your Daily Pharma Scoop: Valeant's B+L In India, TXMD's NDA Resubmission, Melinta Makes An Acquisition","귀하의 일일 제약 특종: Valeant의 인도 B+L, TXMD의 NDA 재제출, Melinta의 인수"
2013-07-01,2,2,,"Weekly 3-Year Low Highlight: HBM, BCC, AGRO, CENTA","주간 3년 최저 하이라이트: HBM, BCC, AGRO, CENTA"
2019-01-30,2,2,,AGNC Investment misses by $0.01,AGNC 투자는 0.01달러 손실
2012-11-13,2,2,,Below Support: AES,아래 지원: AES
2014-07-09,2,2,,"Stocks Rise In Lower Volume; Goldcorp, Miners Rise","주식은 낮은 거래량으로 상승합니다. 골드코프, 마이너스 라이즈"
2015-02-19,2,2,,Wall Street Breakfast: Crude Drops As Inventories Rise,월스트리트 아침 식사: 재고 증가로 원유 하락
2016-11-25,2,2,,Stocks End Thanksgiving Week With Modest Gains; Oil Slumps 3%,주식은 소폭의 이익으로 추수감사절 주간을 마감합니다. 오일 슬럼프 3%
2019-05-02,2,2,,"Ashford misses by $0.10, beats on revenue",Ashford는 $0.10 차이로 수익을 앞지릅니다.
2019-09-03,2,2,,"Fang Holdings (SFUN) Reports Q2 Loss, Marketing Services Growth","Fang Holdings(SFUN), 2분기 손실 및 마케팅 서비스 성장 보고"
2019-05-24,2,2,,Cumulative Dividend Cuts At The Midpoint Of Q2 2019,2019년 2분기 중간지점의 누적 배당금 삭감
2017-10-26,2,2,,"Aflac (AFL) Earnings Beat Estimates in Q3, Revenues Miss",Aflac(AFL) 수익이 3분기 예상치를 상회하고 수익이 감소했습니다.
2019-01-14,2,2,,Dow Stocks Keep Losses Small; Citigroup Stages Bullish Reversal,"다우 주식은 손실을 작게 유지합니다. 씨티그룹, 강세 반전 단계"
2011-05-06,2,2,,Dish Network - Upgrades & Downgrades,Dish Network - 업그레이드 및 다운그레이드
2019-02-20,2,2,,Stock Futures Slump As Dow Jones Eyes This 24-Year Record,다우 존스가 24년 기록을 주목하면서 주식 선물이 급락했습니다.
2015-03-11,2,2,,"Noranda, consumer groups reach deal on Missouri electricity rates","노란다(Noranda)와 소비자 단체, 미주리주 전기 요금에 대한 합의에 도달"
2019-04-19,2,2,,"New Research: Key Drivers of Growth for Gulfport Energy, Frontdoor, Advanced Emissions ...","새로운 연구: Gulfport Energy, Frontdoor, Advanced Emissions 성장의 주요 동인"
2015-09-30,2,2,,"Stocks Surge, But End September With Big Losses","주가 급등, 그러나 큰 손실로 9월 마감"
2015-02-25,2,2,,"Ameren (AEE) Beats on Earnings, Misses Revenues Estimate - Tale of the Tape",Ameren(AEE)이 수익을 앞지르고 수익 추정치를 놓쳤습니다 - 테이프 이야기
2018-08-10,2,2,,Weight Of Debt Supports Wait On Gold,부채의 무게는 금을 기다리도록 지원합니다
2019-09-17,2,2,,Advanced Emissions Solutions: A Growth Stock In A Dying Industry,첨단 배기가스 배출 솔루션: 죽어가는 산업의 성장 주식
2015-02-14,2,2,,"Barrick Gold - Buy High, Sell Low?","배릭 골드 - 고가 매수, 저가 매도?"
2018-03-15,2,2,,"ADT misses by $0.16, beats on revenue",ADT는 0.16달러 차이로 수익을 앞지릅니다.
2015-09-08,2,2,,Anthem Sees Synergies from Cigna Buyout; Debt Still High,Anthem은 Cigna 인수로 시너지 효과를 봅니다. 여전히 높은 부채
2016-06-10,2,2,,SPY ETF Suffers Mild Weekly Loss As Stocks Retreat From 2016 Highs,SPY ETF는 주식이 2016년 최고치에서 후퇴함에 따라 약간의 주간 손실을 입었습니다.
2019-03-12,2,2,,Source: UnitedHealth Group Ruling And New Documents Establish Acadia Healthcare's Liability In The Case Of Missing Mom/Teacher,출처: UnitedHealth 그룹 판결 및 새로운 문서에 따르면 엄마/선생님이 실종된 경우 Acadia Healthcare의 책임이 명시되어 있습니다.
2018-06-15,2,2,,"Gold futures tumble to 2018 low on trade worries, higher dollar",금 선물은 무역 우려와 달러 상승으로 인해 2018년 최저치로 하락했습니다.
2010-11-09,2,2,,"RIM: Analysts' Upgrades, Downgrades","RIM: 분석가의 업그레이드, 다운그레이드"
2016-04-28,2,2,,"Agenus misses by $0.14, beats on revenue",Agenus는 $0.14 차이로 수익을 앞지릅니다.
2019-11-10,2,2,,Dispelling Myths About Emerging Market Debt Growth,신흥 시장 부채 증가에 대한 오해 해소
2015-09-01,2,2,,Goldman (GS) Lowers China Economic Growth Forecast,"골드만(GS), 중국 경제성장 전망 하향"
2015-05-26,2,2,,Healthcare ratings roundup - Upgrades/Downgrades,의료 등급 요약 - 업그레이드/다운그레이드
2016-02-04,2,2,,"UPDATE: African Gold Group, Inc. Feasibility Study for Kobada Gold Project Generates a Robust ...","업데이트: African Gold Group, Inc. Kobada Gold 프로젝트에 대한 타당성 조사로 강력한 ..."
2018-05-11,2,2,,Leveraged loans' popularity may lead to increased risks for money managers,레버리지론의 인기는 자금 관리자의 위험 증가로 이어질 수 있습니다.
2016-04-01,2,2,,Cumulative Preferred Investing Combines High Yields With Relatively Low Risk,누적 우선 투자는 높은 수익률과 상대적으로 낮은 위험을 결합합니다.
2018-11-06,2,2,,"Agenus misses by $0.04, beats on revenue",Agenus는 $0.04 차이로 수익을 앞지릅니다.
2015-04-24,2,2,,Canada's CPPIB to vote against Barrick Gold executive pay,"캐나다 CPPIB, Barrick Gold 임원 급여 반대 투표"
2016-12-16,2,2,,Agios Pharmaceuticals (AGIO) Slumps on PKR Update,Agios Pharmaceuticals (AGIO)가 PKR 업데이트로 인해 부진함
2018-07-24,2,2,,Soybeans surge as U.S. readies aid for farmers hurt in trade disputes,미국이 무역 분쟁으로 피해를 입은 농민들을 위한 지원을 준비하면서 대두 가격이 급등했습니다.
2015-10-12,2,2,,"REITs Poised for Growth on Low Yields, Rates","낮은 수익률, 금리로 성장할 준비가 된 REIT"
2016-05-09,2,2,,The Good (And Bad) News For High Yield Bonds,고수익 채권에 대한 좋은(그리고 나쁜) 뉴스
2015-07-16,2,2,,Fastenal Caught Up In The Distributor Slowdown,Fastenal이 유통업체 침체에 휩싸였습니다.
2017-12-06,2,2,,Steel Stocks Rise As U.S. Foils China's Tariff Dodge,미국이 중국의 관세 회피를 저지하면서 철강 주가 상승
2013-02-11,2,2,,American Capital profits fall,미국 자본 이익 하락
2016-09-27,2,2,,The Mosaic Company: Waiting For The Dividend Cut,모자이크 컴퍼니: 배당금 삭감을 기다리는 중
2015-03-11,2,2,,"I've Fallen In Love, With Dividends",나는 배당금과 사랑에 빠졌습니다
2017-02-23,2,2,,"Agree Realty misses by $0.01, beats on revenue",Realty가 0.01달러 차이로 수익을 앞지르는 것에 동의
2017-02-03,2,2,,A Mid-Cap Growth Stock With No Debt,부채가 없는 중형 성장주
2017-01-19,2,2,,Danger Zone: Highlights & Lowlights Of 2016,위험 지대: 2016년의 하이라이트 및 로우라이트
2016-02-17,2,2,,"Affymetrix misses by $0.02, beats on revenue",Affymetrix는 0.02달러 차이로 수익을 앞지릅니다.
2011-07-01,2,2,,LED Revenue Growth Slowing: IMS Research,LED 매출 성장 둔화: IMS 연구
2016-07-12,2,2,,Bargain Stocks With Low P/E,P/E가 낮은 저렴한 주식
2015-07-23,2,2,,"Agenus misses by $0.38, beats on revenue",Agenus는 $0.38 차이로 수익을 앞지릅니다.
2019-08-06,2,2,,"AES EPS misses by $0.02, beats on revenue",AES EPS는 0.02달러 차이로 수익을 앞지릅니다.
2018-03-12,2,2,,"Barrick Gold upgraded, Newmont Mining downgraded at RBC","Barrick Gold 업그레이드, Newmont Mining은 RBC에서 다운그레이드됨"
2019-06-02,2,2,,"Apple's WWDC, DuPont's Return And Tariff Anxiety (Stocks To Watch Podcast)","애플의 WWDC, 듀폰의 복귀 그리고 관세 불안 (주목 팟캐스트 시청)"
2017-02-21,2,2,,"Advance Auto Parts misses by $0.09, beats on revenue",Advance Auto Parts가 0.09달러 차이로 수익을 앞지릅니다.
2018-11-06,2,2,,The Chemist's CEF Report - October 2018: Fixed Income CEFs Under Renewed Pressure As LIBOR Rises,The Chemist의 CEF 보고서 - 2018년 10월: LIBOR 상승으로 인해 채권 CEF가 다시 압력을 받고 있습니다.
2019-12-10,2,2,,"Palladium roars to record $1,900/oz. on South Africa power cuts","팔라듐 가격은 온스당 1,900달러를 기록했습니다. 남아프리카공화국의 정전에 대해"
2016-08-04,2,2,,Why This Europe ETF Is Beating Rivals By A Mile As U.K. Cuts Rates,영국의 금리 인하로 이 유럽 ETF가 경쟁자들을 1마일 앞지르는 이유
2018-11-09,2,2,,"Magna (MGA) Beats Q3 Earnings Estimates, Lowers Guidance",마그나(MGA)가 3분기 수익 추정치를 상회하고 지침을 낮췄습니다.
2018-04-12,2,2,,"ADP Pleases Investors With 10% Dividend Hike, Tax Cut A Boon",ADP는 10%의 배당금 인상과 세금 감면으로 투자자들을 기쁘게 합니다.
2012-11-07,2,2,,"AT&T Sets U-verse, 4G LTE Upgrades; Stock Falls","AT&T는 U-verse, 4G LTE 업그레이드를 설정합니다. 주식폭락"
2016-10-26,2,2,,Advanced Emissions Solutions Thesis Update: Uncertainty About Potential Upside,고급 배기가스 배출 솔루션 논문 업데이트: 잠재적 상승 여력에 대한 불확실성
2016-08-09,2,2,,RiverNorth Opportunities CEF: A Follow-Up On This Fund Of Funds,RiverNorth 기회 CEF: 이 기금에 대한 후속 조치
2012-11-28,2,2,,"Stocks Turn Mixed As Volume Rises, But DaVita Drops",거래량이 증가함에 따라 주식은 혼합되었지만 DaVita는 하락했습니다.
2015-12-14,2,2,,"Premarket Biotech Digest: Gilead's Upside, Shire-Baxalta Deal, ARIAD Lowers Guidance","시판 전 생명공학 다이제스트: Gilead의 상승세, Shire-Baxalta 거래, ARIAD가 지침을 낮춤"
2012-03-21,2,2,,"Up/Downgrades ( STI, RF, COF, SAI, ACN, BLK, NI, AGU, AIZ, MDRX )","업/다운그레이드(STI, RF, COF, SAI, ACN, BLK, NI, AGU, AIZ, MDRX)"
2018-01-24,2,2,,Winds Of Change Are Blowing In The Resource Investment Space,자원투자 분야에 변화의 바람이 불고 있다
2018-08-01,2,2,,"American Financial beats by $0.08, misses on P&C insurance net earned premiums",American Financial이 0.08달러 상회하고 P&C 보험 순 보험료가 손실되었습니다.
2019-11-28,2,2,,Real Corporate Profits Are Now The Lowest Since The Financial Crisis,기업의 실질 이익은 금융 위기 이후 최저 수준입니다
2020-05-18,2,2,,"Pin Oak Investment Advisors Inc Buys The Walt Disney Co, Magellan Midstream Partners LP, Lowe's ...","Pin Oak Investment Advisors Inc는 Walt Disney Co, Magellan Midstream Partners LP, Lowe's를 인수합니다."
2018-06-17,2,2,,"Garbage Dividend Spotted, Warnings From Colorado","쓰레기 배당금 발견, 콜로라도의 경고"
2020-05-13,2,2,,"Maryland Capital Management Buys Verisk Analytics Inc, The Trade Desk Inc, Adobe Inc, Sells VF ...","Maryland Capital Management는 Verrisk Analytics Inc, The Trade Desk Inc, Adobe Inc를 인수하고 VF를 판매합니다."
2019-05-22,2,2,,The Chemist's 'High-High-Low' Closed-End Fund Report: April 2019,The Chemist의 '하이-하이-로우' 폐쇄형 펀드 보고서: 2019년 4월
2016-11-01,2,2,,"AcelRx Pharmaceuticals misses by $0.02, beats on revenue",AcelRx Pharmaceuticals는 0.02달러 차이로 수익을 앞지릅니다.
2018-12-12,2,2,,Weekly Review: High-Yield CEFs - 9% Yield Accompanied By One Of The Lowest Z-Scores,주간 검토: 고수익 CEF - 가장 낮은 Z 점수 중 하나와 함께 9% 수익률
2019-01-25,2,2,,"Colgate (CL) Q4 Earnings Beat, Soft 2019 View Hurts Stock","Colgate (CL) 4분기 실적, 2019년 Soft, 주가 하락 전망"
2019-08-15,2,2,,Agios Rides High on Tibsovo Sales Amid Acute Competition,Agios는 치열한 경쟁 속에서 Tibsovo 판매를 높이 평가합니다.
2018-07-23,2,2,,"American Campus Communities misses by $0.06, beats on revenue",American Campus Communities는 0.06달러 손실을 입어 수익이 앞섰습니다.
2016-01-11,2,2,,Apple Upgraded To Buy; Under Armour Downgraded,Apple은 구매로 업그레이드했습니다. 언더아머 다운그레이드
2018-08-13,2,2,,"Cambium Learning misses by $0.01, beats on revenue",Cambium Learning은 0.01달러 차이로 수익이 앞섰습니다.
2010-11-08,2,2,,"Avon: Analysts' Upgrades, Downgrades","Avon: 분석가의 업그레이드, 다운그레이드"
2018-07-31,2,2,,"Armada Hoffler Properties beats by $0.02, misses on rental revenue",Armada Hoffler Properties가 $0.02 앞섰고 임대 수익이 감소했습니다.
2018-02-11,2,2,,Weekly CEF Roundup: CEFs Rebound While Distribution Cuts Opening Opportunities,주간 CEF 요약: 유통이 기회를 줄이는 동안 CEF 반등
2016-08-03,2,2,,"Agilysys misses by $0.02, beats on revenue",Agilysys는 0.02달러 차이로 수익을 앞지릅니다.
2018-06-05,2,2,,"American Financial's Premium Growth Solid, Cat Loss a Woe",American Financial의 프리미엄 성장은 견고하고 고양이는 비애를 잃었습니다.
2015-12-10,2,2,,U.S. Steel surges 30% in three days as metal rout cuts imports,미국 철강은 금속 대패로 수입이 줄어들면서 사흘 만에 30% 급등했다.
2015-05-19,2,2,,"Stocks End Mostly Unchanged; Red Robin Soars, Oil Plunges","주식은 대부분 변동 없이 마감됩니다. 레드 로빈 급상승, 석유 급락"
2017-02-15,2,2,,"Amazon, P&G, Humana Get Price-Target Hikes; Under Armour Cut Again","Amazon, P&G, Humana, 목표 가격 인상 획득; 언더아머 컷 어게인"
2016-10-17,2,2,,Rethinking Agrium Investment Following Announcement Of Mega-Merger With Potash Corp.,Potash Corp.과의 대규모 합병 발표 후 Agrium 투자 재고
2018-08-10,2,2,,"Kaman's (KAMN) Q2 Earnings & Revenues Miss Estimates, Up Y/Y",Kaman(KAMN)의 2분기 수익 및 수익은 Y/Y 증가 예상치를 벗어났습니다.
2019-04-25,2,2,,"AllianceBernstein misses by $0.05, beats on revenue",AllianceBernstein이 $0.05 차이로 수익을 앞지릅니다.
2019-06-10,2,2,,"Advaxis EPS misses by $0.02, beats on revenue",Advaxis EPS는 0.02달러 하락하고 수익을 앞지릅니다.
2018-06-28,2,2,,Achaogen: Falling Knife Or Major Bargain?,아카오겐: 떨어지는 칼인가 아니면 큰 거래인가?
2018-08-06,2,2,,"Achaogen misses by $0.28, beats on revenue",Achaogen은 0.28달러 차이로 수익을 앞지릅니다.
2019-01-30,2,2,,"AK Steel (AKS) Beats Q4 Earnings, Misses Sales Estimates",AK Steel(AKS)이 4분기 실적을 상회하고 매출 추정치를 하회했습니다.
2016-02-19,2,2,,"IAMGOLD, Barrick Gold downgraded at Mackie Research after run-up","IAMGOLD, Barrick Gold는 상승 후 Mackie Research에서 다운그레이드됨"
2018-05-09,2,2,,"Advanced Emissions Solutions misses by $0.05, beats on revenue",Advanced Emissions Solutions는 0.05달러 차이로 수익을 앞지릅니다.
2020-01-03,2,2,,"Waste Management (WM) Solid Waste Business Strong, Debt High","폐기물 관리(WM) 고형 폐기물 사업은 강세, 부채는 높음"
2015-06-30,2,2,,MBIA plunges further as Puerto Rico mulls bankruptcy,푸에르토리코가 파산을 고민함에 따라 MBIA는 더욱 급락했습니다.
2015-03-02,2,2,,"The Dividend House DGI Portfolio: The Good, The Bad, And The Ugly","배당금 DGI 포트폴리오: 좋은 것, 나쁜 것, 추한 것"
2019-03-11,2,2,,"AllianceBernstein February AUM gains 1.7% on inflows, market appreciation","AllianceBernstein 2월 AUM은 유입, 시장 평가로 1.7% 증가"
2017-06-20,2,2,,Argan and Sturm Ruger Show High Profit and Low Debt,Argan과 Sturm Ruger는 높은 이익과 낮은 부채를 보여줍니다.
2017-06-02,2,2,,SHAREHOLDER ALERT:Â Pomerantz Law Firm Reminds Shareholders with Losses on their Investment ...,주주 경고: Pomerantz 법률 회사는 주주들에게 투자 손실을 상기시킵니다 ...
2017-08-02,2,2,,"Aegion (AEGN) Misses on Q2 Earnings, Beats Revenue Estimates",Aegion(AEGN)이 2분기 실적을 밑돌고 수익 추정치를 상회했습니다.
2015-04-16,2,2,,"Notable tech gainers/decliners: YY, SOHU, ANGI, ACTG, IGT, VSLR, CSLT","주목할만한 기술 상승/감소: YY, SOHU, ANGI, ACTG, IGT, VSLR, CSLT"
2013-09-19,2,2,,Report: Roche Lines up $15B in Debt to Buy BioMarin,보고서: Roche는 BioMarin 인수를 위해 150억 달러의 부채를 추가했습니다.
2018-12-29,2,2,,"Axcelis Technologies: High Performance, Low Power And Outsized Returns On The Horizon","Axcelis Technologies: 지평선 너머의 고성능, 저전력 및 대규모 수익"
2016-08-01,2,2,,QQQ ETF Posts 52-Week High; Energy Stocks Sag As Oil Drops To $40,"QQQ ETF, 52주 최고 기록 달성; 유가가 40달러로 떨어지면서 에너지 주식은 하락했습니다."
2013-04-02,2,2,,"Weekly 3-Year Low Highlights: EXPD, ACH, SLT, JCP, MTL","주간 3년 최저 하이라이트: EXPD, ACH, SLT, JCP, MTL"
2018-07-13,2,2,,"Gold continues to drift lower, failing to find safe-haven support",금은 계속해서 하락세를 보이고 있으며 안전한 피난처 지원을 찾지 못하고 있습니다.
2017-11-10,2,2,,Nordstrom (JWN) Stock Falls Despite Q3 Earnings & Sales Beat,노드스트롬(JWN) 3분기 실적 및 판매 실적 부진에도 불구하고 주가 하락
2018-10-30,2,2,,"GE Misses on Q3 Earnings, Announces Growth Initiatives","GE, 3분기 실적 부진, 성장 계획 발표"
2019-08-01,2,2,,Apartment Investment Management (AIV) Misses Q2 FFO and Revenue Estimates,"아파트 투자 관리(AIV), 2분기 FFO 및 수익 추정 누락"
2016-03-01,2,2,,Sampling Dividend Cuts In February 2016,2016년 2월 배당금 삭감 예시
2018-11-12,2,2,,Middbely (MIDD) Grows on Acquisitions Amid Margin Pressure,"Middbely (MIDD), 마진 압박 속에서 인수 성장"
2014-10-28,2,2,,Video: Aetna Falls On Costs; Centene Up On Medicaid,비디오: Aetna의 비용 절감; Centene Up On Medicaid
2020-05-01,2,2,,"Honeywell (HON) Q1 Earnings Beat Estimates, Revenues Miss",Honeywell (HON) 1분기 실적이 예상치를 상회하고 매출이 감소했습니다.
2010-04-09,2,2,,"Retail Upgrades & Downgrades: TJX, BJ's","소매 업그레이드 및 다운그레이드: TJX, BJ's"
2015-10-07,2,2,,"American Financial's Acquisitions Impress, Low Yield a Drag",American Financial의 인수는 인상적이지만 수익률은 낮습니다.
2019-03-28,2,2,,CorePoint Lodging: Pack Your Bags For 50% Upside As Low Expectations Are Trounced,CorePoint Lodging: 낮은 기대치가 무너지므로 가방을 싸서 50% 상승 여력을 확보하세요
2019-01-18,2,2,,The Architecture Of Modern Risk Management,현대적 위험 관리의 아키텍처
2010-06-15,2,2,,"Tenet: Analysts' Upgrades, Downgrades","신조: 분석가의 업그레이드, 다운그레이드"
2018-07-24,2,2,,Commodities Weekly: Copper Hovers Near One-Year Low On Global Growth Uncertainty,Commodities Weekly: 구리는 글로벌 성장 불확실성으로 인해 1년래 최저 수준에 근접
2019-10-29,2,2,,"U.S. junk bond yields hit new lows, returns soar",미국 정크본드 수익률이 최저치를 경신하고 수익률은 치솟았습니다.
2016-01-08,2,2,,"Adtran, Calix jump following Stifel upgrades","Stifel 업그레이드 후 Adtran, Calix 점프"
2019-02-08,2,2,,Cocoa Moves From The High To The Low End Of Its Trading Range,코코아는 거래 범위의 고점에서 저점으로 이동합니다.
2017-12-22,2,2,,Actuant Braves Margin Loss Risks With Robust Growth Drivers,Actuant는 강력한 성장 동력으로 마진 손실 위험을 극복합니다.
2019-02-13,2,2,,"Acadia Realty Trust misses by $0.02, beats on revenue",Acadia Realty Trust는 $0.02만큼 손실을 입었고 수익이 앞섰습니다.
2020-05-06,2,2,,"Airline Stock Roundup: AAL, UAL & Others Post Q1 Loss Under Coronavirus Curse","항공사 주식 정리: AAL, UAL 및 기타 코로나바이러스 저주로 인해 1분기 손실 발생"
2019-04-28,2,2,,"Knight-Swift (KNX) Q1 Earnings Beat, Revenues Miss Mark","Knight-Swift (KNX) 1분기 수익은 상회, 수익은 미스 마크"
2016-12-20,2,2,,"Hawaiian Electric to Gain on Base Rate Hike, Regulations Hurt","Hawaiian Electric, 기본 요금 인상으로 이득을 얻고 규제가 손상됨"
2020-05-30,2,2,,"A Confused Goldman No Longer Expects S&P To Drop To 2,400 But Sees No Market Upside Either","혼란스러운 골드만삭스는 더 이상 S&P가 2,400까지 하락할 것으로 예상하지 않지만 시장 상승세도 보이지 않습니다."
2015-02-18,2,2,,Advantage Oil cuts 2015 capex to $160M as production rises,Advantage Oil은 생산량 증가에 따라 2015년 자본 지출을 1억 6천만 달러로 줄였습니다.
2017-02-08,2,2,,"Albany misses by $0.08, beats on revenue",Albany는 $0.08 차이로 수익이 앞섰습니다.
2015-05-05,2,2,,"Which Rx Drug Plans Show Enrollment Growth, Losses?","어떤 Rx 의약품 플랜에 등록 증가, 손실이 나타나나요?"
2019-11-07,2,2,,Arlington Asset Investment EPS misses by $0.02,Arlington Asset Investment EPS는 0.02달러 하락했습니다.
2015-02-24,2,2,,"American Capital misses by $0.05, beats on revenue",American Capital은 0.05달러 차이로 수익을 앞지릅니다.
2015-12-10,2,2,,2 Screens To Avoid Bad Investments,잘못된 투자를 피하기 위한 2가지 화면
2010-11-29,2,2,,"AEO: Analysts' Upgrades, Downgrades","AEO: 분석가의 업그레이드, 다운그레이드"
2017-02-14,2,2,,"Acorda Therapeutics misses by $0.06, beats on revenue",Acorda Therapeutics는 0.06달러 차이로 매출이 앞섰습니다.
2015-02-17,2,2,,"Acadia Realty Trust misses by $0.03, beats on rental income",Acadia Realty Trust는 0.03달러 하락하고 임대 수입을 능가했습니다.
2019-07-30,2,2,,"AK Steel's (AKS) Q2 Earnings Beat, Sales Miss Estimates","AK Steel(AKS)의 2분기 실적은 상회, 매출은 예상치 미달"
2019-05-06,2,2,,"Advanced Emissions Solutions beats by $0.14, beats on revenue","Advanced Emissions Solutions가 0.14달러 앞섰고, 수익도 앞섰습니다."
2018-12-20,2,2,,"AAR Corp (AIR) Earnings Beat, Sales Miss Estimates in Q2","AAR Corp (AIR) 2분기 실적은 상회, 매출은 예상치 미달"
2016-04-22,2,2,,"Acme United misses by $0.07, beats on revenue",Acme United가 $0.07 차이로 수익을 앞지릅니다.
2019-01-25,2,2,,"Syndicated bank loan risk declines, leveraged loan risk rises","신디케이트 은행 대출 위험 감소, 레버리지 대출 위험 증가"
2016-11-21,2,2,,U.S. dividend growth slumps to post-crisis low,미국 배당 증가율은 위기 이후 최저치로 떨어졌습니다.
2015-05-12,2,2,,Stocks Move Off Session Lows; GoDaddy Up Ahead Of Earnings,주식은 세션 최저치에서 벗어났습니다. GoDaddy는 수익보다 앞서 있습니다
2014-10-15,2,2,,Stocks Slump Again Heading Into Close,주가가 다시 급락하며 마감을 향하고 있습니다.
2018-03-01,2,2,,"Ares Commercial Real Estate beats by $0.02, misses on net interest income",Ares Commercial Real Estate는 $0.02 상회하고 순이자 수입은 감소했습니다.
2018-03-19,2,2,,U.S. retailers urge Trump against tariffs,"미국 소매업체들, 트럼프 대통령에게 관세 부과 반대 촉구"
2015-08-31,2,2,,Active Power up 11.9% following bullish coverage,강세 커버리지 이후 활성 전력 증가 11.9%
2018-10-18,2,2,,Nucor leads steel names lower amid market oversupply worries,Nucor는 시장 공급 과잉 우려로 인해 철강 이름을 하락시켰습니다.
2019-08-01,2,2,,9.4% Yield Driven By 14 Consecutive Dividend Hikes And Still Growing: Capital Southwest,14회 연속 배당금 인상으로 9.4%의 수익률을 기록했으며 여전히 성장하고 있습니다: Capital Southwest
2019-09-11,2,2,,"Cohen & Steers August AUM Up on Market Appreciation, Inflows",Cohen & Steers 8월 AUM 시장 평가 및 유입 증가
2019-10-21,2,2,,"American Campus Communities FFO misses by $0.01, beats on revenue",American Campus Communities FFO는 $0.01 차이로 수익을 앞지릅니다.
2015-08-14,2,2,,"Ameren: Growth Projects Impress, Emission Standards Worry",Ameren: 성장 프로젝트는 인상적이지만 배출 기준은 걱정스럽습니다.
2015-03-16,2,2,,"6.94% Merit For 5 Highest Yield, Lowest Price, Russell Combo Index March Dogs","5개의 최고 수익률, 최저 가격, Russell Combo Index March Dogs에 대한 6.94% 메리트"
2019-05-19,2,2,,Don't Miss Out On This 6.85% Dividend Yield From AGNC Preferred Share,AGNC 우선주 배당수익률 6.85%를 놓치지 마세요
2018-05-03,2,2,,"Ashford misses by $0.20, beats on revenue",Ashford는 $0.20 차이로 수익을 앞지릅니다.
2018-04-19,2,2,,Adecoagro Continues To Invest In Growth Amid Brutal Commodity Pressures,Adecoagro는 잔인한 원자재 압력 속에서 계속해서 성장에 투자하고 있습니다.
2019-03-06,2,2,,Crown Holdings to Hurt From Currency Impact & High Costs,Crown Holdings는 환율 영향 및 높은 비용으로 인해 타격을 입을 것입니다
2015-04-07,2,2,,American Campus Communities updates on fall 2015 leasing,2015년 가을 임대에 관한 미국 캠퍼스 커뮤니티 업데이트
2018-06-25,2,2,,Semiconductor stocks drop on reported investment restrictions on China,중국 투자 제한 소식에 반도체주 하락세
2018-04-22,2,2,,The Chemist's 'High-High-Low' CEF Report - March 2018,The Chemist의 '고-고-저' CEF 보고서 - 2018년 3월
2020-04-02,2,2,,These U.S. Companies Have The Highest Debt-To-Equity Ratios Right Now,현재 미국 기업의 부채비율이 가장 높습니다
2019-08-22,2,2,,The Chemist's 'High-High-Low' Closed-End Fund Report: July 2019,The Chemist의 '하이-하이-로우' 폐쇄형 펀드 보고서: 2019년 7월
2018-02-19,2,2,,China to retaliate against U.S. metal tariffs,"중국, 미국의 금속 관세에 보복"
2019-11-13,2,2,,"Alcoa downgraded, Freeport McMoRan upgraded at BAML",Alcoa는 다운그레이드되었고 Freeport McMoRan은 BAML로 업그레이드되었습니다.
2016-06-24,2,2,,"Gold soars, oil tumbles post-Brexit",브렉시트 이후 금은 급등하고 석유는 하락
2016-01-04,2,2,,Agree Realty: Acquisitions to slow a hair in 2016,부동산 동의: 2016년에 머리카락을 늦추기 위한 인수
2017-11-14,2,2,,"Advance Auto Parts (AAP) Beats on Q3 Earnings, Revenues Miss",AAP(Advanced Auto Parts)가 3분기 실적을 제치고 매출은 감소했습니다.
2015-10-07,2,2,,Insiders Are Swallowing Up This Farming Stock,내부자들이 이 농업 재고를 삼키고 있습니다.
2016-08-17,2,2,,Why Investors Need To Get Comfortable With Low Interest Rates And Dividend Stocks,투자자들이 저금리와 배당주에 편안함을 느껴야 하는 이유
2020-03-18,2,2,,"Intelligent Flow Meter Market Future Scope, Demands and Projected Industry Growths to —…—7","지능형 유량계 시장 미래 범위, 수요 및 예상 산업 성장 —…—7"
2018-11-09,2,2,,"Copper price slides, sign of lingering worries about slowing global growth","구리 가격 하락, 글로벌 성장 둔화에 대한 우려가 지속되고 있다는 신호"
2015-11-19,2,2,,"Stocks Open Up, Turn Mixed; UnitedHealth Drags Insurers Lower","주식 상승, 혼조세 전환; UnitedHealth는 보험사를 하락시킵니다"
2018-07-20,2,2,,Achaogen launches ZEMDRI for use in cUTI; shares up 3% premarket,Achaogen은 cUTI에 사용하기 위해 ZEMDRI를 출시합니다. 시판 전 점유율 3% 상승
2018-08-01,2,2,,AGNC Investment lower 2.9% on pricing of common stock,AGNC Investment는 보통주 가격을 2.9% 낮췄습니다.
2013-09-18,2,2,,"Do Not Expect Gold and Silver to Fall Again after Bernanke Announcement (GLD, SLV, ABC, WISHY)","버냉키 발표 이후 금과 은이 다시 하락할 것이라고 기대하지 마십시오(GLD, SLV, ABC, WISHY)"
2015-03-05,2,2,,"Is A Dividend Cut The End Of The World? Total Return And Final Thoughts, Part V","배당금 삭감은 세상의 종말인가? 총 수익률과 최종 생각, 5부"
2015-01-20,2,2,,Money flow into Alcobra picks up,Alcobra로의 자금 흐름이 증가합니다.
2018-05-24,2,2,,"AGNC Investment leads mortgage REIT decline, prices 30M-share offering","AGNC 투자, 모기지 REIT 하락 주도, 3천만주 공모 가격"
2012-05-21,2,2,,"Downgrades Roundup: Wendy's, Sotheby's","다운그레이드 정리: Wendy's, Sotheby's"
2018-10-25,2,2,,"Aaron's misses by $0.07, beats on revenue",Aaron은 0.07달러 차이로 수익을 앞지릅니다.
2017-03-22,2,2,,Russell Index Recap I: 'Safer' Russell 3000 All-Cap Dogs Fetch More Dividend At Low Price,Russell Index 요약 I: '더 안전한' Russell 3000 All-Cap Dogs는 저렴한 가격으로 더 많은 배당금을 얻습니다.
2015-01-08,2,2,,Low Gas Prices Drive A Holiday Retail Sales Surprise,낮은 가스 가격으로 인해 휴일 소매 판매가 깜짝 놀라게 됩니다.
2017-06-15,2,2,,Bet on 4 High-Flying Stocks With Increasing Cash Flows,현금 흐름이 증가하는 고공행진 주식 4개에 베팅하세요
2019-05-08,2,2,,"IShares Mortgage Real Estate ETF Has The Highest REIT Yield, But The Lowest Performance",IShares 모기지 부동산 ETF는 REIT 수익률이 가장 높지만 성과는 가장 낮습니다.
2018-03-20,2,2,,"Luxfer (LXFR) Misses on Q4 Earnings, Up Y/Y on Solid Sales","Luxfer(LXFR), 4분기 실적 하락, 견고한 판매로 Y/Y 증가"
2013-10-09,2,2,,"Is Yellen at The Fed What The Yellow Metal Needs to Soar? (GLD,SLV, ABX, WISHY)","연준의 Yellen은 Yellow Metal이 급상승하는 데 필요한 것입니까? (GLD,SLV,ABX,위시)"
2019-08-15,2,2,,"Castle Hook Partners LP Buys Edison International, Zillow Group Inc, Autodesk Inc, Sells ...","Castle Hook Partners LP가 Edison International, Zillow Group Inc, Autodesk Inc를 인수하고 ..."
2015-03-19,2,2,,"24.79% Dominance For 5 Contender Highest Yield, Lowest Price, March Dogs","최고 수확량, 최저 가격, 3월의 개 5개 경쟁자에 대한 24.79%의 지배력"
2017-08-18,2,2,,"Deere (DE) Beats on Q3 Earnings, Misses Sales, Raises View","Deere(DE)는 3분기 실적을 제치고 매출 부진, 전망 상승"
2015-10-21,2,2,,"Biogen Tops Q3 Earnings, Announces Job Cuts, Ups View","바이오젠, 3분기 실적 1위 달성, 감원 발표, 전망 상승"
2016-07-27,2,2,,"Aspen Insurance Holdings misses by $0.29, beats on revenue",Aspen Insurance Holdings가 0.29달러 손실을 입어 수익이 앞섰습니다.
2019-06-06,2,2,,Fear A Stock Market Decline? How Investors Are Protecting Gains,주식 시장 하락을 두려워하시나요? 투자자가 이익을 보호하는 방법
2011-01-19,2,2,,Arctic Cat Recall: Loss of Control at Risk,북극 고양이 리콜: 통제력 상실 위험
2016-01-06,2,2,,Vanguard saw record inflows last year,Vanguard는 작년에 기록적인 유입을 기록했습니다.
2017-08-23,2,2,,Hartford Financial's Growth Potential Hurt by Weak Segments,하트포드 파이낸셜(Hartford Financial)의 성장 잠재력은 취약한 부문으로 인해 타격을 받고 있습니다.
2016-05-19,2,2,,"Stocks Hit Lows On 'Live' Dudley; Cisco, Wal-Mart, Salesforce Rise","주식은 '라이브' Dudley에서 최저치를 기록했습니다; 시스코, 월마트, 세일즈포스 라이즈"
2018-11-06,2,2,,"AES Corp (AES) Q3 Earnings Beat Estimates, Revenues Miss",AES Corp (AES) 3분기 실적이 예상치를 상회하고 수익이 감소했습니다.
2019-05-11,2,2,,Stocks Rise Along with the Tariffs. Go Figure!,주가는 관세와 함께 상승한다. 그림을 그리세요!
2013-09-09,2,2,,Five Below Earnings Soar On Cash-Strapped Teens,현금이 부족한 10대들의 수입이 5개 이하로 급등
2010-09-03,2,2,,"The Buckle: Analysts' Upgrades, Downgrades","버클: 분석가의 업그레이드, 다운그레이드"
2015-01-22,2,2,,Agrium raises target dividend payout ratio to 40-50% of free cash flow,Agrium은 목표 배당금 지급 비율을 잉여현금흐름의 40~50%로 높입니다.
2014-03-03,2,2,,Stocks Down Hard But Up Slightly From Session Lows,주식은 크게 하락했지만 세션 최저치에서 약간 상승했습니다.
2019-11-07,2,2,,"Telecom Stock Roundup: Sprint, ADTRAN Incur Wider Quarterly Loss & More","통신 주식 정리: Sprint, ADTRAN의 분기별 손실이 더 커집니다."
2020-02-21,2,2,,"Aerie's (AERI) Q4 Loss Wider Than Expected, Revenues Beat",Aerie(AERI)의 4분기 손실이 예상보다 크고 수익이 상회함
2018-11-17,2,2,,EP. 86 Major Market Disruptions And What Everyone Is Missing,EP. 86가지 주요 시장 혼란과 모두가 놓치고 있는 것
2018-04-26,2,2,,"Aaron's misses by $0.14, beats on revenue",Aaron의 손실은 $0.14로 수익이 앞섰습니다.
2017-12-24,2,2,,"Industrials Gains Paced By Advanced Emissions, Atento, And Dynagas Per December Broker Targets","12월 브로커 목표당 Advanced Emissions, Atento 및 Dynagas에 따른 산업 부문 이익 증가"
2015-05-07,2,2,,"Advent Software misses by $0.03, beats on revenue",Advent Software는 0.03달러 차이로 수익을 앞지릅니다.
2020-04-14,2,2,,"Gofen & Glossberg Llc Buys Truist Financial Corp, iShares Core S&P Mid-Cap, DuPont de ...","Gofen & Glossberg Llc, Truist Financial Corp, iShares Core S&P Mid-Cap, DuPont de ... 인수"
2020-04-07,2,2,,Stocks Soar Over 7% on Hopes that the Spread is Slowing,스프레드 둔화 기대감에 주가 7% 이상 급등
2014-03-13,2,2,,"Abercrombie & Fitch: No Profits, Just Losses",Abercrombie & Fitch: 이익은 없고 손실만 있을 뿐이다
2018-05-10,2,2,,First Majestic Silver +4% despite Q1 loss; gains Mexican OK for Primero deal,1분기 손실에도 불구하고 First Majestic Silver +4%; 프리메로 거래로 멕시코 OK 획득
2015-03-04,2,2,,"Abercrombie falls, Eagle soars",애버크롬비가 쓰러지고 독수리가 솟아오른다
2018-09-27,2,2,,"Gold Drops, Inflation Rises: Can Miners Rally?","금 하락, 인플레이션 상승: 광부들이 반등할 수 있습니까?"
2016-10-27,2,2,,Aetna Tops Profit Views Amid Wider ObamaCare Loss,"Aetna, ObamaCare 손실 확대 속에서 이익 전망 1위 달성"
2018-12-10,2,2,,"Stock Losses Increase, But Qualcomm Up On Apple Patent Case",주식 손실은 증가하지만 Qualcomm은 Apple 특허 소송에서
2018-03-20,2,2,,JF's Core Biotech Buys Edition 1 Volume 7: Updates And Taking Advantage Of Current Weakness,"JF의 Core Biotech, Edition 1 Volume 7 구매: 업데이트 및 현재 약점 활용"
2015-04-20,2,2,,Aeropostale Inc.: Powerful Supplier Base Causing Low Margins,Aeropostale Inc.: 낮은 마진을 초래하는 강력한 공급업체 기반
2019-08-27,2,2,,Autodesk -8.5% after beat-and-lower,Autodesk -8.5% 하락 후
2018-10-26,2,2,,"Sonic Automotive (SAH) Q3 Earnings Beat, Revenues Miss","Sonic Automotive (SAH) 3분기 실적은 상회, 매출은 감소"
2019-04-30,2,2,,"Weekly Closed-End Fund Roundup: FAX Cuts Big, NHF Rights Offering Announced",주간 폐쇄형 펀드 모집: FAX가 크게 삭감하고 NHF 권리 제공 발표
2010-05-25,2,2,,"AK Steel: Analysts' Upgrades, Downgrades","AK Steel: 분석가의 업그레이드, 다운그레이드"
2019-09-25,2,2,,How High Yield May Reduce Portfolio Risk,높은 수익률이 포트폴리오 위험을 줄이는 방법
2019-06-06,2,2,,5 REITs to Buy for Gains From a Near-Term Rate Cut,단기 금리 인하로 인한 이익을 위해 구매할 REIT 5개
2018-05-14,2,2,,Agilent FQ2 top line up 9%; earnings up 25%; cash flow up 18%; shares down 7% after hours,애질런트 FQ2 상위 라인업 9% 증가; 수익 25% 증가; 현금흐름 18% 증가; 영업시간 이후 주가 7% 하락
2020-02-05,2,2,,"Premier Fund Managers Ltd Buys Lowe's Inc, Facebook Inc, Sells UnitedHealth Group Inc, Cisco ...","Premier Fund Managers Ltd는 Lowe's Inc, Facebook Inc를 인수하고 UnitedHealth Group Inc, Cisco를 매각합니다."
2015-09-01,2,2,,"Can 10 Top Utility Dogs Get 35.35% Bigger Returns From 5 Highest Yield, Lowest Priced By August 28, 2016?","10개의 최고 유틸리티견이 2016년 8월 28일까지 가장 높은 수익률, 최저 가격의 5개에서 35.35% 더 큰 수익을 얻을 수 있습니까?"
2019-05-08,2,2,,What Blows Up First? Part 8: Leveraged Corporate Loans,무엇이 먼저 터지나요? 8부: 레버리지 기업 대출
2019-11-28,2,2,,ABB-Vattenfall Set Up Charging Network for Electric Vehicles,"ABB-Vattenfall, 전기 자동차용 충전 네트워크 구축"
2017-02-28,2,2,,Silver Always In Supply Deficit But Market Never Cares,은은 항상 공급 부족 상태이지만 시장은 전혀 신경 쓰지 않습니다.
2016-02-23,2,2,,"Aixtron Aktiengesellschaft misses by €0.01, beats on revenue",Aixtron Aktiengesellschaft가 €0.01 차이로 수익을 앞지릅니다.
2018-05-03,2,2,,"AAON misses by $0.17, beats on revenue",AAON은 0.17달러 차이로 수익을 앞지릅니다.
2020-04-07,2,2,,Signs of Coronavirus Slowdown Pep Up Wall Street: 5 Winners,코로나바이러스 둔화의 징후로 월스트리트에 활기를 불어넣다: 5명의 승자
2020-05-08,2,2,,"Aimco (AIV) FFO Surpasses Estimates in Q1, Revenues Miss","Aimco (AIV) FFO, 1분기 예상치 초과, 매출 미달"
2015-02-16,2,2,,"5.79% Advantage For 5 Russell 2000, Highest Yield, Lowest Price, February Stocks","5 Russell 2000, 최고 수익률, 최저 가격, 2월 주식에 대한 5.79% 이점"
2014-10-17,2,2,,"Stocks Up Big Friday, Recover Early Week Losses","빅 프라이데이 주가 상승, 주초 손실 회복"
2019-02-01,2,2,,"Aon (AON) Stock's Earnings Beat Estimates in Q4, Fall Y/Y",Aon (AON) 주식의 4분기 실적은 Y/Y년 가을에 예상치를 상회했습니다.
2018-03-05,2,2,,From Bling To Plonk - An Update On The Debt Mountain,Bling에서 Plonk까지 - 부채 산에 대한 업데이트
2017-01-18,2,2,,Uranium ETF Dives After Massive Surge As Top Holding Issues Warning,Uranium ETF는 주요 보유 이슈 경고로 대규모 급등 후 급락합니다
2015-05-05,2,2,,HCA Earnings Beat Amid Strong Admissions Increase,강력한 입학 증가 속에 HCA 수입이 앞섰습니다.
2019-03-01,2,2,,"ABB Earnings & Revenues Miss Estimates in Q4, Orders Up Y/Y","ABB 수익 및 수익, 4분기 예상치 미달, Y/Y 주문 증가"
2017-04-11,2,2,,"Stock Indexes Trim Losses; Barrick Gold, Toll Brothers Up","주가지수 손질 손실; 배릭 골드, 톨 브라더스 업"
2017-02-08,2,2,,ABB lower 2.5% despite earnings beat,ABB는 실적 상회에도 불구하고 2.5% 하락
2014-02-20,2,2,,Genuine Parts: Between Growing Debt and Profits,순정 부품: 늘어나는 부채와 이익 사이
2019-04-03,2,2,,"Alcoa downgraded to Neutral, Chalco upgraded to Buy at BAML",Alcoa는 중립으로 하향 조정되었고 Chalco는 BAML에서 구매로 상향 조정되었습니다.
2016-08-15,2,2,,"Asanko Gold misses by $0.07, beats on revenue",Asanko Gold는 $0.07 차이로 수익을 앞지릅니다.
2019-02-19,2,2,,Weekly Review: High-Yield CEFs - CIK Is 9.09% Yielder With A Relatively Low Z-Score And Duration,주간 검토: 고수익 CEF - CIK는 상대적으로 낮은 Z-점수 및 기간으로 9.09%의 수익률을 나타냅니다.
2018-10-26,2,2,,"Colfax's (CFX) Q3 Earnings Beat, Revenues Miss Estimates",Colfax(CFX)의 3분기 실적은 상회하고 매출은 예상치를 하회했습니다.
2016-11-06,2,2,,MLPs Fall Back (Again),MLP 폴백(다시)
2018-04-24,2,2,,6 Short-Term Baby Bonds To Protect You From Interest Rate Risk - Part 1,이자율 위험으로부터 당신을 보호하기 위한 6가지 단기 유아 채권 - 1부
2015-02-19,2,2,,"Acacia Research misses by $0.03, beats on revenue",Acacia Research는 0.03달러 차이로 수익을 앞지릅니다.
2015-02-19,2,2,,Barrick moves higher on debt cut pledge,Barrick은 부채 삭감 약속으로 더 높이 올라갑니다.
2014-01-10,2,2,,Utility Stocks Rally After Dec. Job Gains Miss Views,12월 Job 이후 유틸리티 주식 반등
2018-06-29,2,2,,Snapshot Of Cumulative Dividends Cuts Through The End Of Q2 2018,2018년 2분기 말까지 누적 배당금 삭감 스냅샷
2018-09-18,2,2,,Copper surges most since April as tariffs seen softer than expected,구리는 관세가 예상보다 완화되면서 4월 이후 가장 많이 급등했습니다.
2018-04-26,2,2,,Hospital group may be under pressure after UHS Q1 report - Bloomberg,병원 그룹은 UHS 1분기 보고서 이후 압박을 받을 수 있습니다 - Bloomberg
2018-12-04,2,2,,Italy And Greece: Unreal Forecasts + Unsustainable Debt = Unattractive Investments,이탈리아와 그리스: 비현실적인 예측 + 지속 불가능한 부채 = 매력적이지 않은 투자
2015-05-20,2,2,,"Contenders Boast 36.09% Edge For 5 Highest-Yield, Lowest-Priced May Dogs","컨텐더스는 최고 수익률, 최저 가격의 5월 개 5마리에 대해 36.09%의 우위를 자랑합니다."
2015-03-10,2,2,,End Of Commodity Supercycle Puts Pressure On U.S. Agriculture,원자재의 종말 슈퍼사이클이 미국 농업에 압력을 가하다
2019-01-07,2,2,,ADMA Bio up 7% on submission of responses to Bivigam CRL,Bivigam CRL에 대한 응답 제출로 ADMA Bio 7% 상승
2015-09-10,2,2,,"Applied Genetic misses by $0.07, beats on revenue",Applied Genetic은 $0.07 차이로 수익을 앞섰습니다.
2016-09-30,2,2,,"Biotech Forum Daily Digest: A Volatile Few Days, Some Small Caps Blow Up, Spotlight On Otonomy","생명공학 포럼 데일리 다이제스트: 변동성이 심한 며칠, 일부 소형 주가 폭등, Otonomy에 주목"
2019-06-01,2,2,,"Stocks To Watch: Apple's WWDC, DuPont's Return And Tariff Anxiety","주목할 주식: Apple의 WWDC, DuPont의 복귀 및 관세 불안"
2017-07-20,2,2,,"Avangrid (AGR) Q2 Earnings Beat, Revenues Miss Estimates",Avangrid (AGR) 2분기 실적은 상회하고 수익은 예상치를 벗어났습니다.
2016-12-15,2,2,,Bankruptcy judge OKs Abengoa debt restructuring plan,파산 판사가 Abengoa 부채 구조 조정 계획을 승인했습니다.
2015-09-15,2,2,,Chip Stocks Up Despite Falling Semiconductor Billings,반도체 매출 하락에도 불구하고 칩 재고는 증가
2015-08-27,2,2,,"ACE Ltd to Gain from Chubb Deal, Low Interest Rates a Drag","ACE Ltd, Chubb 거래로 이득을 얻다, 낮은 금리는 걸림돌"
2019-09-26,2,2,,Pot stocks up on House passage of bill allowing bank involvement,은행 개입을 허용하는 법안이 하원에서 통과되면서 팟 재고가 증가했습니다.
2017-05-25,2,2,,"Auto Stock Roundup: AZO, AAP Miss Quarterly Estimates, Ford Replaces CEO, GM Restructures","자동차 재고 정리: AZO, AAP 분기별 추정치 누락, Ford가 CEO 교체, GM 구조 조정"
2019-08-27,2,2,,Buy 5 High-Yielding Stocks Below $15 Amid Extreme Volatility,극심한 변동성 속에서 15달러 미만의 고수익 주식 5개를 매수하세요
2014-12-15,2,2,,Stocks Wipe Out Early Gains; Habit Shares Tumble,주식은 조기 이익을 휩쓸어 버립니다. 습관 점유율 하락
2017-01-29,2,2,,'Why Take That Risk?' How One Change Could Plunge High Yield Into Recession,'왜 그런 위험을 감수해야 하는가?' 한 가지 변화로 인해 높은 수익률이 경기 침체에 빠질 수 있는 방법
2017-01-31,2,2,,Aetna Q4 revenues up 5%; net earnings off 57%; 2016 cash flow off 4%,Aetna 4분기 매출 5% 증가; 순이익 57% 감소; 2016년 현금 흐름 4% 감소
2017-02-28,2,2,,Arctic Cat wins patent case against Bombadier,Arctic Cat이 Bombadier를 상대로 특허 소송에서 승소했습니다.
2017-10-05,2,2,,"Auto Stock Roundup: September Sales Rebound, EV Race Continues, Tesla Misses Production Goals","자동차 재고 정리: 9월 판매 반등, EV 경주 계속, Tesla는 생산 목표 달성"
2017-01-25,2,2,,Investor Confidence in Cigna and Anthem Rises as Health Care Mergers Dealt Blows,헬스케어 합병으로 인한 타격으로 Cigna와 Anthem에 대한 투자자 신뢰도 상승
2016-02-17,2,2,,"American Capital misses by $0.07, beats on revenue",American Capital은 0.07달러 차이로 수익을 앞지릅니다.
2016-07-05,2,2,,"Apple Chip Suppliers, Netflix Downgraded; Mobileye, CyberArk Buys","애플 칩 공급업체, 넷플릭스 다운그레이드; 모빌아이, 사이버아크 인수"
2017-08-09,2,2,,"Agios (AGIO) Q2 Loss Wider than Expected, Revenues Up Y/Y",아기오스(AGIO) 2분기 손실이 예상보다 넓어지고 전년 동기 대비 수익 증가
2014-09-17,2,2,,"Stock Futures Post Mild Advance; Sony Crumbles, U.S. Steel Soars","주식 선물은 가벼운 상승 이후; 소니 크럼블스, 미국 철강 급등"
2016-11-22,2,2,,"AllianceBernstein downgraded, Schwab upped at Citi",AllianceBernstein은 강등되었고 Schwab은 Citi에서 상승했습니다.
2015-12-17,2,2,,Pick Up These Biotech Stocks In Case Of Tax Loss Selling,세금 손실이 발생하는 경우 이러한 생명 공학 주식을 선택하십시오.
2016-11-03,2,2,,"Agios Pharmaceuticals misses by $0.11, beats on revenue",Agios Pharmaceuticals는 0.11달러 차이로 수익을 앞섰습니다.
2019-09-26,2,2,,"Telecom Stock Roundup: BlackBerry Q2 Loss Wider, Ericsson's Smart Factory & More","통신 주식 정리: BlackBerry Q2 손실 확대, Ericsson의 스마트 팩토리 등"
2015-11-30,2,2,,"Microsoft Rises, Lululemon Falls As Stocks End Month On Down Note","Microsoft 상승, Lululemon 하락으로 월말 주가 하락"
2018-02-06,2,2,,Top Dividend Raises And Cuts For January 2018,2018년 1월 최고 배당금 인상 및 삭감
2017-02-27,2,2,,"Trump Prioritizes ObamaCare Repeal Before Tax Cuts, Vows 'Big' Infrastructure Boost","트럼프, 세금 감면보다 오바마케어 폐지 우선시, '대규모' 인프라 강화 약속"
2015-03-17,2,2,,"Weekly 3-Year Low Highlights: IBM, ABEV, ITUB, OXY","주간 3년 최저 하이라이트: IBM, ABEV, ITUB, OXY"
2020-02-13,2,2,,"Modern Manufacturing Execution System Market Share,Size —…—… &ndash; Global Growth, ...","현대 제조 실행 시스템 시장 점유율, 규모 —…—… &ndash; 글로벌 성장, ..."
2015-07-22,2,2,,"Arctic Cat misses by $0.08, beats on revenue",Arctic Cat은 $0.08 차이로 수익을 앞지릅니다.
2015-05-17,2,2,,"18.73% Juice For 5 Highest Yield, Lowest Price Russell 1000 And 2000 Combo May Dogs","최고 수율, 최저 가격 5개 러셀 1000 및 2000 콤보 메이 도그용 18.73% 주스"
2018-04-23,2,2,,Global Supply/Demand Deficit And Falling Gold:Silver Ratio To Boost Silver Price And Selected Silver Stocks,글로벌 공급/수요 적자와 하락하는 금:은 가격과 선별된 은 주식을 높이는 은 비율
2016-02-11,2,2,,"Advance Auto Beats On EPS, But Lower Sales Hit Stock",Advance Auto는 EPS를 능가하지만 매출 감소로 인해 주가가 하락합니다.
2017-05-22,2,2,,Indexes Extend Gains; Momo Reverses Lower Ahead Of Earnings,"지수는 이익을 확장합니다. Momo, 수익보다 하락 반전"
2011-08-15,2,2,,SAC Upped Dendreon Exposure Before Blowup,SAC는 폭발 전 Dendreon 노출을 증가시켰습니다.
2013-10-16,2,2,,"Stocks End With Big Gains; IBM, Ebay Slump In After Hours","주식은 큰 이익으로 끝났습니다. IBM, Ebay, 영업시간 외 부진"
2019-06-23,2,2,,The Chemist's 'High-High-Low' Closed-End Fund Report: May 2019,The Chemist의 '하이-하이-로우' 폐쇄형 펀드 보고서: 2019년 5월
2016-07-09,2,2,,"Direct Line Of Funding Warnings Show Up In Corporate Credit, Particularly IG","기업 신용, 특히 IG에 직접 자금 조달 경고가 표시됨"
2015-03-20,2,2,,Steel companies hurt by import surge but conditions should improve,철강사들은 수입 급증으로 타격을 입었지만 여건은 개선될 전망
2015-09-23,2,2,,"Weekly Three-Year Low Highlights: BHP Billiton, Qualcomm, Monsanto, ABB","주간 3년 최저치: BHP Billiton, Qualcomm, Monsanto, ABB"
2011-12-22,2,2,,Stocks Up Moderately In Lower Trade; Mead Johnson Dives,낮은 거래에서 주식은 적당히 상승합니다. 미드 존슨 다이빙
2018-08-14,2,2,,Agilent FQ3 top line up 8%; earnings up 35%; cash flow down 14%,애질런트 FQ3 상위 라인업 8% 증가; 수익 35% 증가; 현금흐름 14% 감소
2017-10-05,2,2,,"Catawba Capital Management Buys DowDuPont Inc, ONEOK Inc, PowerShares S&P 5…… Low ...","Catawba Capital Management, DowDuPont Inc, ONEOK Inc, PowerShares S&P 5… 저가 매입 ..."
2018-05-02,2,2,,AGNC Investment Corp. - Wait For A Drop Before Buying This 11.4%-Yielding Mortgage REIT,AGNC Investment Corp. - 11.4% 수익률 모기지 REIT를 구매하기 전에 하락을 기다리세요
2015-10-19,2,2,,"General Partners, Part 3: When Crude Gets Bad, Does Being In The High Splits Make It Worse?","무한책임 파트너, 3부: 원유 상황이 나빠질 때 높은 분할 상태에 있으면 상황이 더 나빠지나요?"
2018-02-06,2,2,,"Armada Hoffler Properties misses by $0.01, beats on rental revenue",Armada Hoffler Properties가 $0.01만큼 손실을 입었고 임대 수익이 앞섰습니다.
2020-04-14,2,2,,"J&J (JNJ) Beats on Q1 Earnings, Cuts View on Coronavirus Impact","J&J (JNJ) 1분기 실적 개선, 코로나바이러스 영향에 대한 전망 축소"
2016-12-20,2,2,,"Chip ETF Sizzles Amid Nvidia, AMD Upgrades; Gold Resumes Its Plunge","Nvidia, AMD 업그레이드로 인해 칩 ETF가 지글지글 끓고 있습니다. 금은 폭락을 재개한다"
2016-08-24,2,2,,"InsiderInsights.com Daily Round Up 8/23/16: Advance Auto Parts, Flowers Foods, AC Convertible & Inc.","InsiderInsights.com 일일 요약 2016년 8월 23일: 고급 자동차 부품, 꽃 식품, AC 컨버터블 및 Inc."
2019-04-23,2,2,,"Zacks.com featured expert Kevin Matras highlights: Advanced Emissions Solutions, Verint Systems, Great Lakes Dredge & Dock, ANI Pharmaceuticals and ACI Worldwide","Zacks.com 특집 전문가 Kevin Matras 하이라이트: Advanced Emissions Solutions, Verint Systems, Great Lakes Dredge & Dock, ANI Pharmaceuticals 및 ACI Worldwide"
2015-08-18,2,2,,"Urban Outfitters Q2 Earnings Beat, Revenues Miss Estimates","Urban Outfitters 2분기 실적은 상회, 수익은 예상치 미달"
2018-09-27,2,2,,The Chemist's 'High-High-Low' CEF Report - August 2018,The Chemist의 '고-고-저' CEF 보고서 - 2018년 8월
2019-06-24,2,2,,Arlington Asset cuts quarterly dividend by 40%,"Arlington Asset, 분기별 배당금을 40% 삭감"
2016-06-24,2,2,,Retirement Security Amid Global Crises: The Problem Of Cutting Risk And Maintaining Yield,글로벌 위기 속에서의 은퇴 보장: 위험을 줄이고 수익률을 유지하는 문제
2019-11-07,2,2,,"Slow Capital, Inc. Buys Invesco BulletShares —…—— Corporate Bond ETF, Blackstone Group ...","Slow Capital, Inc., Invesco BulletShares 인수 —…—— 회사채 ETF, Blackstone Group ..."
2018-04-12,2,2,,Paycom Downgraded As Results Don't Keep Pace With Stock Gains,결과적으로 Paycom은 주가 상승을 따라가지 못하여 다운그레이드되었습니다.
2010-08-11,2,2,,"FDO: Analysts' Upgrades, Downgrades","FDO: 분석가의 업그레이드, 다운그레이드"
2012-03-08,2,2,,"Up/Downgrades ( AXS, KTOS, AEO, CTAS, DAC, SSW )","업/다운그레이드(AXS, KTOS, AEO, CTAS, DAC, SSW)"
2018-05-23,2,2,,Ameren's Arm Set to Acquire 400 MW Wind Farm in Missouri,"Ameren's Arm, 미주리주에 400MW 풍력 발전소 인수 예정"
2013-10-09,2,2,,3 Top Yielding Dividend Aristocrats with Low Dividend Payouts,배당금이 낮은 상위 배당 귀족 3인
2010-05-17,2,2,,"Amgen: Analysts' Upgrades, Downgrades","Amgen: 분석가의 업그레이드, 다운그레이드"
2016-11-18,2,2,,Trump's America: MLPs Gain Following Election,트럼프의 미국: 선거 이후 MLP 이득
2018-03-02,2,2,,Ashford Hospitality shares up following Q4 earnings announcement,Ashford Hospitality는 4분기 실적 발표 후 주가를 올렸습니다.
2018-12-12,2,2,,"Everest Re Looking A Little Better, But Reinsurance Rates And Loss Trends Still Up For Debate",에베레스트는 조금 더 나은 모습을 보이고 있지만 재보험률과 손실 추세는 여전히 논쟁의 여지가 있습니다.
2018-12-10,2,2,,Generics under pressure on expanded price-fixing investigation,약가 담합 조사 확대로 제네릭 제약 압박
2015-12-16,2,2,,Apple Supplier Qualcomm PT Cut; Northrop Upgraded,Apple 공급업체 Qualcomm PT Cut; 노스롭 업그레이드
2015-01-12,2,2,,Equity REITs working again as rates tumble,금리 하락으로 주식 REIT가 다시 작동
2018-01-18,2,2,,BlackRock Results Boosted by Strong ETF Inflows,강력한 ETF 유입으로 인해 BlackRock 결과가 향상되었습니다.
2017-02-27,2,2,,Integer Investments: An Update On Our Portfolio (And How We Protect Against Market Risks),정수 투자: 포트폴리오 업데이트(및 시장 위험으로부터 보호하는 방법)
2018-07-19,2,2,,"Auto Stock Roundup: Tariff Woes Rampant, Ford to Settle Takata Lawsuit","자동차 재고 정리: 관세 문제 만연, 포드, 다카타 소송 해결"
2014-09-23,2,2,,Indexes Pare Losses As Salix Soars On Buyout Talk,Salix가 인수 협상에 나서면서 지수 손실이 최소화되었습니다.
2018-04-15,2,2,,Acacia Research: Guarding Against Shareholder Pressure,Acacia Research: 주주의 압력으로부터 보호하기
2018-02-14,2,2,,Agilent FQ1 top line up 14%; non-GAAP earnings up 26%; cash flow up 85%; guidance raised; shares up 2% after hours,애질런트 FQ1 상위 라인업 14% 증가; 비GAAP 수익 26% 증가; 현금흐름 85% 증가; 지침 상향; 영업시간 이후에는 2% 상승
2016-03-02,2,2,,"Money flows into Advaxis, shares up 24%","Advaxis로 자금 유입, 점유율 24% 상승"
2017-12-26,2,2,,"Your Daily Pharma Scoop: Amgen Plans To Bring Back Cash, Roche Acquires Ignyta, Agile Tumbles On CRL","일일 제약 특종: Amgen은 현금 회수 계획, Roche는 Ignyta 인수, Agile은 CRL에서 하락"
2018-11-30,2,2,,"iRobot Gains From Solid Robotic Sales, Tariff Woes Ail","견고한 로봇 판매로 인한 iRobot의 이익, 관세 문제"
2018-02-05,2,2,,Cotton Prospects Looking Good Again At The Lower Level,면화 전망은 낮은 수준에서 다시 좋아 보인다
2019-03-17,2,2,,Should High Yield Investors Be Concerned About 'Fallen Angels'?,고수익 투자자들은 '타락한 천사'에 대해 우려해야 할까요?
2019-10-29,2,2,,"AvalonBay's (AVB) Q3 FFO Misses, Revenues Beat Estimates","AvalonBay(AVB)의 3분기 FFO 누락, 수익이 추정치를 상회함"
2016-11-17,2,2,,"After Trump Win, Muni Investors Rack Up Losses",트럼프 승리 후 Muni 투자자들은 손실을 입었습니다.
2019-11-05,2,2,,Apollo Investment fiscal Q3 NAV falls with the price of oil,Apollo Investment 회계연도 3분기 NAV는 유가와 함께 하락합니다.
2016-06-14,2,2,,China Dealt A Blow As Its Stocks Fail To Get Key Index Nod Again,중국 주식이 주요 지수를 다시 끄덕이지 못하면서 타격을 입었습니다.
2013-01-22,2,2,,Assured Guaranty Fights Back After Moody's Downgrade (Update1),Moody's 다운그레이드 이후 Assured Guaranty의 반격(업데이트 1)
2015-08-27,2,2,,"Auto Stock Roundup: Tesla Issues Shares, GM Rejects 91% Claims, Stocks Plunge",자동차 재고 정리: Tesla가 주식을 발행하고 GM이 91%의 청구를 거부하고 주식이 폭락했습니다.
2015-07-15,2,2,,"Contenders Leverage 41.12% From 5 Highest-Yield, Lowest-Priced Issues As Of July 10, 2016","경쟁자들은 2016년 7월 10일 현재 최고 수익률, 최저 가격 5개 종목에서 41.12%를 활용합니다."
2016-01-27,2,2,,Apple suppliers slide following Apple's results/guidance,Apple 공급업체는 Apple의 결과/지침에 따라 하락
2018-12-06,2,2,,The Rise And Fall Of 'Great Expectations','큰 기대'의 흥망성쇠
2015-08-07,2,2,,Barrick Gold upgraded at Barclays on ability to reduce debt,Barrick Gold는 Barclays의 부채 감소 능력을 업그레이드했습니다.
2019-04-29,2,2,,Advanced Emissions Solutions (ADES) Reports Next Week: Wall Street Expects Earnings Growth,ADES(Advanced Emissions Solutions) 다음 주 보고서: 월스트리트는 수익 성장을 기대합니다.
2015-10-07,2,2,,"Biotech Stock Roundup: PBM Lists Both Amgen & Regeneron PCSK9 Inhibitors, FOLD Plunges on NDA Delay",생명 공학 주식 정리: PBM은 Amgen 및 Regeneron PCSK9 억제제를 모두 나열하고 FOLD는 NDA 지연에 급락
2012-10-26,2,2,,Up/Downgrades,업/다운그레이드
2019-03-04,2,2,,Waste Connections (WCN) Rides on Acquisitions Amid Debt Woes,부채 문제 속에서 인수에 폐기물 연결 (WCN) 타기
2015-12-08,2,2,,"Premarket Biotech Digest: Arrowhead's ARC-520 Data, Bluebird Tumbles, Gilead Looking For Acquisitions","시판 전 생명공학 다이제스트: Arrowhead의 ARC-520 데이터, Bluebird 하락, Gilead 인수 모색"
2015-05-20,2,2,,Achillion Pharmaceuticals (ACHN) falls on J&J hookup,Achillion Pharmaceuticals (ACHN)가 J&J 연결에 실패했습니다
2019-05-02,2,2,,"AAON misses by $0.02, beats on revenue",AAON은 0.02달러 차이로 수익을 앞지릅니다.
2019-10-07,2,2,,Supreme Court declines to hear Acorda appeal of adverse Ampyra patent ruling,대법원은 Ampyra 특허 판결에 대한 Acorda의 항소를 기각했습니다.
2017-02-10,2,2,,"Acorda settles Ampyra patent suit against Apotex, generic allowed in 2025","Acorda, 2025년에 허용되는 제네릭인 Apotex에 대한 Ampyra 특허 소송 합의"
2013-07-05,2,2,,"Earnings Growth Seen Tepid In Q2, With Techs Falling",기술주 하락으로 2분기 실적 성장 둔화
2020-05-13,2,2,,"Valiant Capital Management, L.P. Buys Zillow Group Inc, Facebook Inc, Amazon. ...","Valiant Capital Management, L.P.가 Zillow Group Inc, Facebook Inc, Amazon을 인수합니다. ..."
2019-11-05,2,2,,"Alcentra NII misses by $0.05, misses on total investment income","Alcentra NII는 0.05달러 손실, 총 투자 수입 손실"
2019-08-01,2,2,,"Apartment Investment FFO misses by $0.01, revenue in-line","아파트 투자 FFO가 0.01달러 손실, 수익 인라인"
2016-06-15,2,2,,Warren Buffett's Favorite Valuation Tool Shows Stocks Are Even Less Attractive Than Record-Low Yielding Bonds Right Now,워렌 버핏이 가장 선호하는 가치 평가 도구는 현재 주식이 기록적으로 낮은 수익률을 내는 채권보다 훨씬 덜 매력적이라는 것을 보여줍니다
2015-09-02,2,2,,"Puerto Rico banks, monolines surge as PREPA and creditors cut deal","PREPA와 채권자가 거래를 중단함에 따라 푸에르토리코 은행, 모노라인 급증"
2016-02-03,2,2,,"Miners surge as metals rally, dollar drops","금속 가격 상승, 달러 하락으로 광부 급증"
2015-03-26,2,2,,Chip stocks slump again after SanDisk warns; TSMC remarks in focus,SanDisk의 경고 이후 칩 주식이 다시 폭락했습니다. TSMC 발언에 초점이 맞춰져 있음
2016-03-23,2,2,,Pimco cuts global growth forecast,"Pimco, 글로벌 성장 전망 하향"
2017-12-12,2,2,,Top Dividend Raises And Cuts For November 2017,2017년 11월 최고 배당금 인상 및 삭감
2016-01-04,2,2,,"5 Dividend Paying Companies With No, Or Very Little Debt (Part 1)",부채가 없거나 매우 적은 배당금 지급 기업 5개(1부)
2014-10-19,2,2,,"Weekly 3-Year Low Highlights: TNH, ASNA, TDW, AAN","주간 3년 최저 하이라이트: TNH, ASNA, TDW, AAN"
2016-10-11,2,2,,Rent-A-Center profit warning impacts CONN and AAN,Rent-A-Center 이익 경고가 CONN 및 AAN에 영향을 미침
2015-09-09,2,2,,Switzerland's ABB cuts growth goals,"스위스 ABB, 성장 목표 하향"
2019-07-29,2,2,,"Ameren, EDF cancel Missouri wind project due to high costs","Ameren, EDF는 높은 비용으로 인해 미주리 풍력 프로젝트를 취소했습니다."
2019-10-23,2,2,,"Don't Gamble This Halloween, Go With AGNC Investment Corp.'s Preferred Shares",이번 할로윈에는 도박하지 말고 AGNC 투자회사의 우선주를 선택하세요
2016-05-18,2,2,,Alarming drop in high-yield recovery rates,높은 수율 복구율의 놀라운 감소
2012-02-19,2,2,,CRA International (CRAI) Surges: Can Small Cap Consulting Stocks Advisory Board Company (ABCO) & Navigant Consulting (NCI) Follow?,CRA International(CRAI) 급등: Small Cap Consulting Stocks Advisory Board Company(ABCO) 및 Navigant Consulting(NCI)이 따라갈 수 있습니까?
2016-12-08,2,2,,Why Europe ETFs Stumbled Today While Japan ETFs Continue To Surge,왜 유럽 ETF는 오늘 부진한 반면 일본 ETF는 계속해서 급증하고 있습니까?
2016-08-11,2,2,,"Apple, CyberArk PTs Hiked; Kors PT Cut; Shake Shack Upgraded","Apple, CyberArk PT 하이킹; Kors PT 컷; 쉐이크쉑 업그레이드"
2013-01-23,2,2,,Hedging Against the Decline of the Blue Social Model,블루 소셜 모델의 쇠퇴에 대한 대비
2015-10-20,2,2,,3 Utilities Rally Off Lows; Are More Gains In Store?,3 유틸리티 랠리가 저점에서 벗어났습니다. 더 많은 이익을 얻을 수 있습니까?
2019-07-24,2,2,,AGNC Investment EPS misses by $0.01,AGNC 투자 EPS는 0.01달러 하락
2019-10-30,2,2,,Unum Group (UNM) Q3 Earnings and Revenues Miss Estimates,Unum Group (UNM) 3분기 수익 및 수익 예상치 미스
2015-04-29,2,2,,"ADT misses by $0.03, beats on revenue",ADT는 0.03달러 차이로 수익을 앞지릅니다.
2014-05-15,2,2,,Stocks Trim Losses; Applied Materials Up After Hours,주식 손실 손실; 근무 시간 이후 적용 재료 업로드
2015-01-14,2,2,,"9 High-Rated, Lower-Debt Dividend Stocks With A Reasonable Payout","합리적인 배당금을 제공하는 고등급, 저부채 배당주 9개"
2015-02-13,2,2,,"Arbor Realty Trust misses by $0.01, beats on revenue",Arbor Realty Trust는 $0.01만큼 손실을 입었고 수익이 앞섰습니다.
2014-07-23,2,2,,6 Dividend Stocks With A Low P/B Ratio,P/B 비율이 낮은 배당주 6종
2016-01-31,2,2,,Celebrating The Falling Market With A January Portfolio Update,1월 포트폴리오 업데이트로 하락세를 기념하세요
2015-03-28,2,2,,"Automakers Vs. Parts Retailers: Low Road, High Road","자동차 제조업체 대. 부품 판매점: Low Road, High Road"
2020-04-16,2,2,,Dividend Cuts At The Midpoint of April 2020,2020년 4월 중순 배당금 삭감
2017-02-27,2,2,,Grains Move Lower From Recent Highs - Another Buying Opportunity,곡물은 최근 고점에서 하락 - 또 다른 매수 기회
2016-02-26,2,2,,"Weakness In High Yield Bonds Is Broad, And NOT Just Due To The Energy Sector",고수익 채권의 약점은 에너지 부문에만 국한되지 않고 광범위합니다.
2016-02-09,2,2,,"Acadia Realty Trust misses by $0.01, beats on rental income",Acadia Realty Trust는 0.01달러 하락하고 임대 수입을 능가했습니다.
2018-03-07,2,2,,House Republicans' letter to Trump highlights 'deep concern' over tariffs,하원 공화당 의원들이 트럼프에게 보낸 서한은 관세에 대한 '깊은 우려'를 강조했다.
2011-03-10,2,2,,Ashford Hospitality Trust - Upgrades & Downgrades,Ashford Hospitality Trust - 업그레이드 및 다운그레이드
2018-07-27,2,2,,"Aflac (AFL) Q2 Earnings Surpass Estimates, Revenues Miss",Aflac (AFL) 2분기 수익이 예상치를 초과하고 수익이 미달되었습니다.
2016-08-20,2,2,,"Despite The Gold Pullback, Investors Need To Prepare For This Upcoming Catalyst That May Drop Gold Further",금 하락에도 불구하고 투자자들은 금을 더 떨어뜨릴 수 있는 다가오는 촉매제에 대비해야 합니다.
2017-11-27,2,2,,Macro Fiscal Flows And Investment Markets In Kenya,케냐의 거시 재정 흐름과 투자 시장
2011-10-24,2,2,,"After Production Shortfall, First Majestic Eyes Return to Growth","생산 부족 이후 퍼스트 마제스틱 아이즈, 성장세로 복귀"
2020-04-24,2,2,,"IDEX (IEX) Q1 Earnings & Revenues Beat Estimates, Decline Y/Y","IDEX(IEX) 1분기 수익 및 수익, 예상치 상회, Y/Y 감소"
2010-09-13,2,2,,Aceto - Upgrades & Downgrades,Aceto - 업그레이드 및 다운그레이드
2017-02-13,2,2,,"Arch Capital beats by $0.16, misses on net premiums written",Arch Capital이 0.16달러 상회하고 순 보험료가 누락되었습니다.
2010-08-13,2,2,,"Microsoft: Analysts' Upgrades, Downgrades","Microsoft: 분석가의 업그레이드, 다운그레이드"
2013-10-09,2,2,,"Telecom, Other High-Yielding Stocks Benefit From Debt-Ceiling Worries","통신, 기타 고수익 주식은 부채 한도 걱정으로 이익을 얻습니다."
2017-03-16,2,2,,"Barrick Gold, Goldcorp upgraded while Newmont cut at RBC","Barrick Gold, Goldcorp는 업그레이드되었고 Newmont는 RBC에서 삭감되었습니다."
2018-10-19,2,2,,6 Bargain Stocks Trading Below the Peter Lynch Value,피터 린치 가치 이하로 거래되는 6가지 저가 주식
2016-06-15,2,2,,"S&P, Dow ETFs Post 5-Day Chain Of Losses After Fed, But Gold Gains","S&P, 다우 ETF는 연준 이후 5일간 연속 손실을 보였지만 금은 상승했습니다."
2017-12-14,2,2,,Steelmaker Blames Profit Warning On Rising Imports Under Trump,철강 제조업체는 트럼프 하에서 수입 증가에 대한 이익 경고를 비난합니다.
2018-02-12,2,2,,"FDA accepts Adamis Pharma's application for low-dose Symjepi, action date September 3; shares up 1% premarket",FDA는 Adamis Pharma의 저용량 심제피(Symjepi)에 대한 신청을 수락했습니다. 조치 날짜는 9월 3일입니다. 시판 전 점유율 1% 상승
2015-10-07,2,2,,Low Rates = High Returns for These 4 REITs,낮은 금리 = 이 4개의 REIT에 대한 높은 수익
2018-10-25,2,2,,"Marsh & McLennan's (MMC) Earnings Beat in Q3, Decline Y/Y",Marsh & McLennan(MMC)의 3분기 실적은 전년 동기 대비 감소했습니다.
2019-08-06,2,2,,"AECOM's (ACM) Q3 Earnings Beat, Revenues Miss Estimates",AECOM(ACM)의 3분기 실적은 상회하고 매출은 예상치를 하회했습니다.
2016-02-10,2,2,,"American Equity misses by $0.02, beats on revenue",American Equity는 $0.02만큼 하락했고 수익은 앞섰습니다.
2013-02-14,3,3,,Agilent Unit & Pfizer Collaborate - Analyst Blog,애질런트 사업부와 화이자 협업 - 분석가 블로그
2012-10-09,3,3,,Aspen Insurance Bulls in Charge,아스펜 보험 황소 담당
2019-03-01,3,3,,Real estate skids the most since Jan. 2,부동산은 1월 2일 이후 가장 많이 하락했다
2020-01-03,3,3,,Top Ranked Momentum Stocks to Buy for January 3rd,1월 3일 매수할 상위 모멘텀 주식
2011-09-30,3,3,,"Insiders Trading AZO, ADPT, REN, CMLS","내부자 거래 AZO, ADPT, REN, CMLS"
2013-02-13,3,3,,ABB Wins Automation Contract - Analyst Blog,"ABB, 자동화 계약 체결 - 애널리스트 블로그"
2019-11-22,3,3,,Agios Presents New Pharmacodynamic and Response Data from Both Cohorts of the Perioperative ...,Agios는 수술 전후 두 코호트의 새로운 약력학 및 반응 데이터를 제시합니다.
2013-10-11,3,3,,Navigators Group: A Strong Buy - Analyst Blog,네비게이터 그룹: 강력한 매수 - 분석가 블로그
2012-05-16,3,3,,Earnings Scorecard: JDS Uniphase - Analyst Blog,수익 스코어카드: JDS Uniphase - 애널리스트 블로그
2014-07-02,3,3,,Why Acadia Healthcare Company (ACHC) Isn't Done Growing Earnings Yet - Tale of the Tape,Acadia Healthcare Company(ACHC)가 아직 수익 성장을 이루지 못한 이유 - 테이프 이야기
2020-04-20,3,3,,"SHAREHOLDER ALERT: CLAIMSFILER REMINDS AAN, BDX, FLR, MGPI INVESTORS of Lead Plaintiff Deadline ...","주주 알림: 클레임 파일러는 AAN, BDX, FLR, MGPI 투자자에게 수석 원고 마감일을 상기시킵니다."
2015-09-28,3,3,,Resource Sector Digest: Eat All You Can At The Denver Gold Mining Buffet,자원 부문 다이제스트: 덴버 금광 뷔페에서 마음껏 먹어보세요
2013-05-24,3,3,,KIM Vends Mexican Assets Again - Analyst Blog,"KIM, 멕시코 자산 다시 매각 - 애널리스트 블로그"
2010-07-12,3,3,,Earnings Smackdown: TheStreet vs. MarketWatch,수입 스맥다운: TheStreet 대 MarketWatch
2017-07-25,3,3,,Will American Electric (AEP) Disappoint This Earning Season?,American Electric(AEP)이 이번 수익 시즌을 실망시킬까요?
2018-07-02,3,3,,PAYX or BR: Which of These is a Better Outsourcing Stock?,PAYX 또는 BR: 다음 중 어느 것이 더 나은 아웃소싱 주식입니까?
2019-05-07,3,3,,"MYL, GLUU, SEDG and CRAY among midday movers","정오 이동자 중 MYL, GLUU, SEDG 및 CRAY"
2017-02-02,3,3,,The Advisory Board +5% on report of strategic review,자문위원회는 전략 검토 보고서에 대해 +5%
2020-05-12,3,3,,"Geller Family Office Services, LLC Buys iShares Russell '………, Vanguard FTSE Developed ...","Geller Family Office Services, LLC는 iShares Russell '……, Vanguard FTSE 개발 ...을 인수합니다."
2014-11-10,3,3,,"Great Plains Energy Misses on Q3 Earnings, Lowers Outlook - Analyst Blog",Great Plains Energy가 3분기 실적을 놓치고 전망이 낮아졌습니다 - 분석가 블로그
2015-05-05,3,3,,Mutual Fund Manager Columbia Wanger Adds 4 Stocks in Q1,"뮤추얼 펀드 매니저 Columbia Wanger, 1분기에 4개 주식 추가"
2019-08-08,3,3,,"Axcelis Technologies, Inc. 2019 Q2 - Results - Earnings Call Slides","Axcelis Technologies, Inc. 2019년 2분기 - 결과 - 실적 발표 슬라이드"
2015-05-11,3,3,,Game Plan For The Coming Week - Cramer's Mad Money (5/8/15),다가오는 주 게임 계획 - Cramer's Mad Money(5/8/15)
2015-05-04,3,3,,Will Assurant (AIZ) See Another Earnings Miss this Season? - Analyst Blog,Assurant(AIZ)가 이번 시즌에 또 다른 수익을 놓칠 수 있을까요? - 분석가 블로그
2012-06-04,3,3,,Top Funds Still Buying Stocks Like Advisory Board,자문위원회처럼 여전히 주식을 구매하는 상위 펀드
2019-03-02,3,3,,"Stocks To Watch: Big Pharma, Green Trucks And Jobs Report","주목해야 할 주식: 대형 제약회사, 친환경 트럭 및 채용 보고서"
2012-06-12,3,3,,TI Narrows 2Q Guidance Range - Analyst Blog,"TI, 2분기 가이던스 범위 축소 - 애널리스트 블로그"
2015-07-14,3,3,,AAR Corp.: Cheap Valuation Heading Into Earnings,AAR Corp.: 저렴한 가치 평가가 수익으로 향함
2018-12-21,3,3,,Arbor Realty Trust (ABR) Stock Moves -1.39%: What You Should Know,Arbor Realty Trust(ABR) 주식 변동 -1.39%: 알아야 할 사항
2015-09-30,3,3,,More Carnage In Junior Biotechs: General Comments With Focus On Opko And Acceleron,주니어 바이오테크의 더 많은 대학살: Opko와 Acceleron에 초점을 맞춘 일반 논평
2019-12-13,3,3,,"DEADLINE ALERT - ADTRAN, Inc. (ADTN) - Bronstein, Gewirtz & Grossman, LLC Notifies ...","마감일 알림 - ADTRAN, Inc.(ADTN) - Bronstein, Gewirtz & Grossman, LLC가 ...에 알립니다."
2018-07-15,3,3,,Amazon Hastens Retail Pharma's Last Stand,Amazon은 Retail Pharma의 최후의 저항을 가속화합니다.
2019-04-01,3,3,,Grains Q1 2019 Review And The Outlook For Q2 2019,곡물 2019년 1분기 검토 및 2019년 2분기 전망
2016-06-28,3,3,,Advaxis's (ADXS) CEO Daniel O'Connor Hosts Investor & Analyst Day 2016 (Transcript),Advaxis(ADXS)의 CEO Daniel O'Connor가 2016년 투자자 및 분석가의 날 주최(대본)
2019-05-03,3,3,,Federal Agricultural Mortgage Corporation 2019 Q1 - Results - Earnings Call Slides,연방농업모기지공사 2019년 1분기 - 결과 - 수익 발표 슬라이드
2015-07-27,3,3,,Arthur J. Gallagher & Co: The Price Is About Right,Arthur J. Gallagher & Co: 가격이 적당합니다
2013-01-07,3,3,,Wet Seal's Sales Fall Again - Analyst Blog,Wet Seal의 매출이 다시 하락했습니다 - 분석가 블로그
2018-08-07,3,3,,The AES Corporation (AES) CEO Andrés Gluski on Q2 2018 Results - Earnings Call Transcript,AES Corporation(AES) CEO Andrés Gluski의 2018년 2분기 실적 - 실적 통화 기록
2016-08-16,3,3,,If I Was A Hawk For Just One Day - Another Data Point Benefiting Gold And Silver,내가 단 하루 동안 매였다면 - 금과 은에 도움이 되는 또 다른 데이터 포인트
2015-03-03,3,3,,Nielsen Holdings (NLSN) Prices 8 Million Secondary Offering - Analyst Blog,Nielsen Holdings (NLSN) 800만 개의 2차 공모 가격 - 분석가 블로그
2015-02-18,3,3,,Teva to Commercialize Eagle's Cancer Drug in the U.S. - Analyst Blog,"테바, 이글의 항암제 미국 상용화 - 애널리스트 블로그"
2020-05-29,3,3,,Protalix Submits BLA for Fabry Disease Candidate PRX-102,"Protalix, 파브리병 후보 PRX-102에 대한 BLA 제출"
2018-06-15,3,3,,Armada Hoffler raises $49.9M gross proceeds from equity offering,"Armada Hoffler, 주식 공모로 총 수익 4,990만 달러 조달"
2018-11-12,3,3,,Bullish Swing-Trading Watch-List Should This Market Stop Feeling So Blue,강세 스윙 트레이딩 감시 목록 이 시장이 우울한 느낌을 멈추면 좋을까요?
2013-12-06,3,3,,Access Midstream Prices Unit Issue - Analyst Blog,중류 가격 단가 문제에 액세스 - 분석가 블로그
2015-02-03,3,3,,American Financial Beats on Q4 Earnings & Revenues - Analyst Blog,미국 금융이 4분기 실적 및 수익을 앞질렀습니다 - 애널리스트 블로그
2014-08-05,3,3,,"Ironwood Pharmaceuticals Narrows Q2 Loss, Revenues Down - Analyst Blog","Ironwood Pharmaceuticals, 2분기 손실 축소, 매출 감소 - 분석가 블로그"
2020-01-30,3,3,,Ambient Assisted Living Market (PDF) [Review: —…—…-—…—9] | Top Players – ...,주변 보조 생활 시장 (PDF) [검토: —…—…-—…—9] | 최고의 플레이어 – ...
2018-12-08,3,3,,Worries About China And Energy Have Pushed Emerson To A More Interesting Level,중국과 에너지에 대한 우려로 인해 에머슨은 더욱 흥미로운 수준으로 올라갔습니다.
2018-02-09,3,3,,Arbor Realty Trust Schedules Fourth Quarter —…–7 Earnings Conference Call,Arbor Realty Trust 일정 4분기 —…–7개 실적 전화 회의
2019-11-29,3,3,,"X, NVAX, PIR and SVRA among midday movers","정오 무버 중 X, NVAX, PIR 및 SVRA"
2015-03-10,3,3,,Aegion (AEGN) Launches a New $20M Share Buyback Program - Analyst Blog,"Aegion(AEGN), 새로운 2천만 달러 규모의 자사주 매입 프로그램 출시 - 분석가 블로그"
2018-04-23,3,3,,Is the Options Market Predicting a Spike in Akorn (AKRX) Stock?,옵션 시장은 Akorn(AKRX) 주식의 급등을 예측하고 있습니까?
2016-01-12,3,3,,Anthropologie Leads The Mall In Transitioning Inventories While Gap And Abercrombie Lag Behind,Anthropologie는 격차와 Abercrombie가 뒤처지는 동안 재고 전환에서 쇼핑몰을 선도합니다.
2012-01-24,3,3,,Agree Realty Issues Public Offering - Analyst Blog,부동산 문제 공모에 동의 - 분석가 블로그
2017-11-28,3,3,,3 Retail Stocks to Buy After Strong Black Friday Weekend,강력한 블랙 프라이데이 주말 이후 매수할 소매주 3종
2019-10-24,3,3,,AllianceBernstein Q3 reflects rebound in fixed income,AllianceBernstein Q3는 고정 수입의 반등을 반영합니다.
2020-03-20,3,3,,"Acadia Pharmaceuticals Clears Technical Benchmark, Hitting 90-Plus RS Rating","Acadia Pharmaceuticals, 기술 벤치마크를 통과하여 90+ RS 등급 달성"
2016-02-18,3,3,,Aaron's (AAN) John W. Robinson on Q4 2015 Results - Earnings Call Transcript,Aaron(AAN) John W. Robinson의 2015년 4분기 결과 - 수익 통화 기록
2010-03-30,3,3,,'Fast Money' Recap: Crowded Trades,'빠른 돈' 요약: 혼잡한 거래
2017-01-29,3,3,,Barrick Gold: What To Do Now,배릭 골드: 지금 해야 할 일
2015-08-09,3,3,,The 8 Best Stocks For Value Investors This Week,이번 주 가치 투자자를 위한 8가지 최고의 주식
2015-08-18,3,3,,"Corporate Bubble Pricing Revised, Effect Is The Same","기업 버블 가격 조정, 효과는 동일"
2018-05-30,3,3,,Applied Genetic Tech files for $125M mixed shelf offering,$125M 혼합 선반 제품에 대한 유전 기술 파일 적용
2013-12-04,3,3,,Will Kroger (KR) Beat Earnings? - Analyst Blog,Kroger (KR)가 수익을 능가할까요? - 분석가 블로그
2015-01-29,3,3,,Astoria Financial (AF) Q4 2014 Results - Earnings Call Transcript,Astoria Financial (AF) 2014년 4분기 결과 - 수익 통화 기록
2019-04-09,3,3,,Road To One Million - Our REIT Money-Making Machine,백만 달러로 가는 길 - REIT 수익 창출 기계
2019-11-06,3,3,,"Palisade Capital Management Llc Buys Easterly Government Properties Inc, Acadia Healthcare Co ...","Palisade Capital Management Llc, Easterly Government Properties Inc, Acadia Healthcare Co.를 인수"
2019-06-17,3,3,,4 Reasons to Add Universal Forest Stock to Your Portfolio Now,지금 귀하의 포트폴리오에 Universal Forest 주식을 추가해야 하는 4가지 이유
2016-06-07,3,3,,Arctic Cat: FY17 Outlook And Analyst Day Confirm High Risk/High Reward,Arctic Cat: FY17 전망 및 분석가의 날에 고위험/고보상 확인
2014-11-06,3,3,,"Aaron's Enhances Shareholder Wealth, Ups Dividend by 9.5% - Analyst Blog",Aaron's는 주주의 부를 강화하고 배당금을 9.5% 높입니다 - 분석가 블로그
2020-03-15,3,3,,Air Lease (AL) Down 47.6% Since Last Earnings Report: Can It Rebound?,항공리스(AL)는 지난 수익 보고 이후 47.6% 하락: 반등할 수 있을까?
2018-08-30,3,3,,"Gold Miners Still Have Risk, But The Rewards May Be Extraordinary",금 채굴자들은 여전히 ​​위험을 안고 있지만 보상은 엄청날 수 있습니다
2016-11-29,3,3,,American Eagle: Lone Winner Among Struggling Retail Stocks,American Eagle: 부진한 소매주 가운데 유일한 승자
2018-04-17,3,3,,Evelo Biosciences Files For U.S. IPO,미국 IPO를 위한 Evelo Biosciences 파일
2012-03-20,3,3,,Are the Bears Taking Control over Applied Industrial?,곰이 응용 산업을 장악하고 있습니까?
2015-06-04,3,3,,U.S. Steelmakers Take Steps to Stem 'Deluge' of Imports - Analyst Blog,"미국 철강업체, 수입 '대홍수'를 막기 위한 조치 취하다 - 애널리스트 블로그"
2019-05-09,3,3,,Air Lease Corporation's (AL) CEO John Plueger on Q1 2019 Results - Earnings Call Transcript,Air Lease Corporation(AL)의 CEO인 John Plueger의 2019년 1분기 실적 - 실적 통화 기록
2019-02-22,3,3,,"Stock Market News For Feb 22, 2019",2019년 2월 22일 주식시장 뉴스
2019-01-31,3,3,,ClearBridge Small Cap Growth Strategy Portfolio Manager Commentary Q4 2018,ClearBridge 소형주 성장 전략 포트폴리오 관리자 해설 2018년 4분기
2019-09-12,3,3,,Student Housing REITs: Spoiled By The Millennials,학생 숙소 REIT: 밀레니얼 세대의 망신
2017-11-29,3,3,,Mauldin: The Alarming Pension Crisis Math,Mauldin: 놀라운 연금 위기 수학
2017-06-19,3,3,,Top Stock Picks for the Week of June 19th,6월 19일 주간 최고 주식 추천
2013-02-25,3,3,,4 Stocks Rising on Unusual Volume,4가지 주식이 비정상적인 거래량으로 상승
2018-05-01,3,3,,AGCO (AGCO) Q1 2018 Results - Earnings Call Transcript,AGCO(AGCO) 2018년 1분기 결과 - 수익 통화 기록
2018-07-24,3,3,,Market Volatility Bulletin: Stock Market's Google Earnings Celebration Fizzles,시장 변동성 게시판: 주식 시장의 Google 실적 축하 행사가 흐지부지됨
2020-04-15,3,3,,"ROSEN, A RANKED AND LEADING LAW FIRM, Reminds Aaron's, Inc. ...","순위가 높고 선도적인 법률 회사인 ROSEN은 Aaron's, Inc.를 상기시킵니다..."
2019-11-11,3,3,,The Momentum Has Shifted Away From Defensives Back Toward Cyclicals,모멘텀은 방어에서 다시 경기 순환으로 이동했습니다.
2018-02-27,3,3,,Is American Eagle Outfitters (AEO) a Great Stock for Value Investors?,American Eagle Outfitters(AEO)는 가치 투자자에게 훌륭한 주식입니까?
2012-10-17,3,3,,5 Stocks With Big Insider Buying,내부자 매수가 큰 5개 주식
2018-02-15,3,3,,Acorda Therapeutics' (ACOR) CEO Ron Cohen on Q4 2017 Results - Earnings Call Transcript,Acorda Therapeutics(ACOR) CEO Ron Cohen의 2017년 4분기 실적 - 실적 통화 기록
2015-07-28,3,3,,CVS Health's PBM Business Could Be Under Threat,CVS Health의 PBM 사업이 위협을 받을 수 있음
2019-10-30,3,3,,"Automatic Data Processing, Inc. 2020 Q1 - Results - Earnings Call Presentation","자동 데이터 처리, Inc. 2020년 1분기 - 결과 - 수익 보고 프레젠테이션"
2019-01-16,3,3,,"Muni Fortnightly - January 14, 2019",Muni Fortnightly - 2019년 1월 14일
2016-06-14,3,3,,Stocks Manning & Napier Continues Buying,매닝 & 네이피어 주식 계속 매수
2018-08-14,3,3,,BBBs: Beyond The Headlines,BBB: 헤드라인 너머
2014-05-06,3,3,,Can Unum (UNM) Keep Earnings Surprise Streak Alive? - Analyst Blog,Unum (UNM)이 놀라운 연속 수익을 유지할 수 있습니까? - 분석가 블로그
2015-04-06,3,3,,Goldcorp to sell 40% stake in Nevada project to Premier Gold,"Goldcorp, 네바다 프로젝트 지분 40%를 Premier Gold에 매각"
2016-02-02,3,3,,AGCO (AGCO) Q4 2015 Results - Earnings Call Webcast,AGCO(AGCO) 2015년 4분기 결과 - 수익콜 웹캐스트
2016-07-27,3,3,,The Art And Science Of Trading Preferreds,우선 거래의 예술과 과학
2012-08-22,3,3,,Wet Seal Suffers Loss on Lower Sales - Analyst Blog,Wet Seal은 매출 감소로 인해 손실을 입었습니다 - 분석가 블로그
2015-04-07,3,3,,Gold - The BOJ Presents An Important Test This Week,금 - BOJ는 이번 주에 중요한 테스트를 제시합니다
2018-05-11,3,3,,Asanko Gold' (AKG) CEO Peter Breese on Q1 2018 Results - Earnings Call Transcript,Asanko Gold'(AKG) CEO Peter Breese의 2018년 1분기 결과 - 실적 통화 기록
2020-02-19,3,3,,Stocks With Rising Relative Strength: Acadia Healthcare,상대적 강도가 상승하는 주식: 아카디아 헬스케어
2015-12-16,3,3,,Comparative Valuation Of 15 Yieldcos,15 Yieldcos의 비교 평가
2018-05-11,3,3,,AllianceBernstein reports April AUM,"AllianceBernstein, 4월 AUM 보고"
2013-06-26,3,3,,Can Gold Stage a Comeback? - Analyst Blog,골드 스테이지의 복귀가 가능할까요? - 분석가 블로그
2015-04-22,3,3,,"Stocks Take A Quiet Step Back; McDonald's, Visa, Tesla Climb","주식은 조용히 후퇴합니다. 맥도날드, 비자, 테슬라 클라임"
2014-03-27,3,3,,Federated Investors Hits 52-Week High - Analyst Blog,"Federated Investors, 52주 최고 기록 달성 - 애널리스트 블로그"
2017-12-21,3,3,,"Your Daily Pharma Scoop: AEterna Zentaris Gets FDA Nod, Valeant Finalizes Sprout Sale, Roche Gets EC Approval",일일 의약품 특종: AEterna Zentaris가 FDA 승인을 받고 Valeant가 Sprout 판매를 마무리하고 Roche가 EC 승인을 받음
2011-04-13,3,3,,10 Top-Ranked Financial Stocks to Watch,주목해야 할 상위 10개 금융주
2016-10-26,3,3,,AllianceBernstein Holding L.P. 2016 Q3 - Results - Earnings Call Slides,AllianceBernstein Holding L.P. 2016 Q3 - 결과 - 실적 발표 슬라이드
2017-05-31,3,3,,"Analog Devices Rallies On Big Q2 Earnings Beat, Raised Outlook","Analog Devices, 큰 2분기 실적에 반등, 전망 상승"
2019-02-06,3,3,,Argan: Vindication For The Bull Case Is Just Around The Corner,아르간: 황소 사건에 대한 입증이 코앞에 다가왔습니다
2019-07-24,3,3,,New Strong Sell Stocks for July 24th,7월 24일 신규 강한 매도 주식
2020-04-14,3,3,,Bill Ackman on Agilent Technologies,Agilent Technologies의 Bill Ackman
2016-10-05,3,3,,The Big Risk To Gold And Silver - The European Banking Crisis,금과 은에 대한 큰 위험 - 유럽 은행 위기
2016-01-15,3,3,,"Ken Fisher Sells Shares of PMC Sierra, Alphabet During 4th Quarter","Ken Fisher, 4분기 동안 PMC Sierra, Alphabet 주식 매각"
2020-02-06,3,3,,Location Analytics Market to Reach USD —6. ...,USD에 도달하는 위치 분석 시장 —6. ...
2020-04-22,3,3,,Ron Baron's Baron Partners Fund –st-Quarter Shareholder Commentary,Ron Baron의 Baron Partners Fund – 1분기 주주 해설
2019-09-04,3,3,,"SHAREHOLDER ALERT: Levi & Korsinsky, LLP Notifies Investors of an Investigation Involving ...","주주 경고: Levi & Korsinsky, LLP는 투자자들에게 다음과 관련된 조사를 알립니다."
2019-08-19,3,3,,Best REITs To Own In The Late Stage Of The Cycle - Part 1: EPR Properties,주기의 후반 단계에서 소유할 수 있는 최고의 REIT - 1부: EPR 속성
2020-03-18,3,3,,Global Renewable Energy Market: Rising Impressive Business Opportunities Analysis Forecast By ...,글로벌 재생 에너지 시장: 떠오르는 인상적인 비즈니스 기회 분석 예측
2015-12-22,3,3,,Healthcare Intelligence: Aetna-Humana M&A Deal,헬스케어 인텔리전스: Aetna-Humana M&A 거래
2012-05-30,3,3,,Neutral on AES Corp. - Analyst Blog,AES Corp.에 중립 - 애널리스트 블로그
2020-04-06,3,3,,"Know These 3 Facts to Avoid Paying Half Your Retirement Income to the IRS - April 06, 2020",IRS에 퇴직 소득의 절반을 지불하지 않으려면 다음 3가지 사실을 알아두세요 - 2020년 4월 6일
2014-10-21,3,3,,Office Depot One of the First to Accept Apple Pay - Analyst Blog,Apple Pay를 최초로 수용한 Office Depot 중 하나 - 분석가 블로그
2015-10-01,3,3,,Precious Metals Q3 Review And Q4 Outlook,귀금속 3분기 검토 및 4분기 전망
2014-02-06,3,3,,"Pernix Appoints New CEO, Shares Up - Analyst Blog","Pernix, 새 CEO 임명, 주가 상승 - 분석가 블로그"
2015-02-23,3,3,,Nielsen's Subsidiaries Set $750M Senior Notes Price Tag - Analyst Blog,"Nielsen 자회사, 7억 5천만 달러 선순위 채권 가격표 설정 - 분석가 블로그"
2019-08-01,3,3,,"How To Be A Great Investor, Part 2: Understand Value",훌륭한 투자자가 되는 방법 2부: 가치 이해
2018-02-22,3,3,,"3 Things In Biotech You Should Learn Today: February 21, 2018",오늘 당신이 배워야 할 생명공학 분야의 3가지: 2018년 2월 21일
2015-04-02,3,3,,Barrick Gold Will Continue To Trend Higher,Barrick Gold는 계속해서 상승 추세를 보일 것입니다
2017-02-08,3,3,,ABB LTD. 2016 Q4 - Results - Earnings Call Slides,ABB LTD. 2016년 4분기 - 실적 - 실적 발표 슬라이드
2019-08-28,3,3,,Goehring & Rozencwajg Natural Resource Market Commentary Q2 2019: The Gold Bull Market Is Here,Goehring & Rozencwajg 천연자원 시장 논평 2019년 2분기: 금강세장이 도래했습니다
2018-05-31,3,3,,Medical Properties (MPT) to Divest Stake in Ernest Health,"의료 자산(MPT), Ernest Health 지분 매각"
2019-03-08,3,3,,ADTRAN (ADTN) Chosen by Zzoomm for 10G FTTH Network Buildout,10G FTTH 네트워크 구축을 위해 Zzoomm이 선택한 ADTRAN(ADTN)
2016-09-08,3,3,,Acadia Realty Trust hits fundraising target for new fund,"Acadia Realty Trust, 신규 펀드 모금 목표 달성"
2016-01-25,3,3,,"ETF Trends For 2016: Part 1, Currency-Hedged Products","2016년 ETF 동향: 1부, 환헤지 상품"
2015-05-27,3,3,,Health Care REIT (HCN) Closes $750M Senior Note Offering - Analyst Blog,"헬스케어 REIT(HCN), 7억 5천만 달러 규모의 선순위 채권 발행 마감 - 분석가 블로그"
2015-09-25,3,3,,Pacific Sunwear (PSUN) May Not be a Good Pick: Here's Why,Pacific Sunwear(PSUN)가 좋은 선택이 아닐 수도 있음: 이유는 다음과 같습니다.
2014-09-10,3,3,,Can the Rally in Achillion (ACHN) Shares Continue? - Tale of the Tape,Achillion (ACHN) 주식의 랠리가 계속될 수 있습니까? - 테이프 이야기
2016-09-12,3,3,,Applied Genetic Technologies (AGTC) Hikes Ahead of Earnings,"AGTC(Applied Genetic Technologies), 수익보다 먼저 인상"
2019-06-25,3,3,,Do Not Sell In May (June) And Go Away; Look At These Buy Candidates,5월(6월)에는 팔지 말고 떠나세요. 이 구매 후보자를 살펴보십시오.
2019-05-22,3,3,,"Advance Auto Parts, Inc. (AAP) CEO Tom Greco on Q1 2019 Results - Earnings Call Transcript","Advance Auto Parts, Inc.(AAP) CEO Tom Greco의 2019년 1분기 실적 - 실적 통화 기록"
2016-05-27,3,3,,"Still Bullish On Acme United - But Cautious, Too",Acme United는 여전히 낙관적이지만 조심스럽습니다.
2013-10-01,3,3,,Newmont Eyeing Glencore's Copper Mine - Analyst Blog,Newmont Eyeing Glencore의 구리 광산 - 분석가 블로그
2013-04-09,3,3,,Assurant Hits New 52-Week High - Analyst Blog,"Assurant, 52주 최고가 경신 - 애널리스트 블로그"
2015-08-31,3,3,,"Premarket Biotech Digest: Pump-And-Dumps, MannKind DTC Campaign, Opdivo ODD","시판 전 생명공학 다이제스트: 펌프 앤 덤프(Pump-And-Dumps), MannKind DTC 캠페인, Opdivo ODD"
2017-02-27,3,3,,A New Buffett-Inspired Screening Model,버핏에서 영감을 받은 새로운 스크리닝 모델
2010-09-13,3,3,,Strong Industrial Data Lifted Steel Stocks,강력한 산업 데이터 상승 철강 주식
2014-11-18,3,3,,Pharma ETFs in Focus on Allergan Takeover Deal - ETF News And Commentary,Allergan 인수 거래에 초점을 맞춘 제약 ETF - ETF 뉴스 및 논평
2015-06-22,3,3,,L Brands Sanctions Share Repurchase Program Worth $250M - Analyst Blog,"L 브랜드 제재, 2억 5천만 달러 상당의 자사주 매입 프로그램 - 애널리스트 블로그"
2016-08-02,3,3,,"Gold: Rally Continues, Which Stocks To Buy?","금: 계속되는 랠리, 어떤 주식을 사야 할까요?"
2014-02-04,3,3,,"Top-Performing Funds Add To Questcor, Facebook, Under Armour","Questcor, Facebook, Under Armour에 최고 실적 펀드 추가"
2015-03-04,3,3,,"Alibaba Accused of Fake Orders to Pad Sales, Shares Bear the Brunt - Analyst Blog","알리바바, 판매를 위한 가짜 주문 혐의로 비난, 주가 부담 - 애널리스트 블로그"
2016-06-02,3,3,,Cash in on Robot Stocks (Before They Take Over a Restaurant Near You),로봇 주식에 대한 현금 인출(근처 레스토랑을 인수하기 전)
2019-07-29,3,3,,"Lear (LEA) Lags Q2 Earnings & Revenue Estimates, Down Y/Y","Lear(LEA), Q2 수익 및 수익 추정치보다 뒤처져 Y/Y 감소"
2016-12-11,3,3,,Why Is The Market Still Rallying? Is There Anything Still Worth Buying?,시장이 여전히 반등하는 이유는 무엇입니까? 아직도 구매할 가치가 있는 것이 있나요?
2015-05-15,3,3,,"Eli Lilly, Sanford-Burnham Ink Deal for Immunotherapies - Analyst Blog","Eli Lilly, 면역치료 분야 샌포드-번햄 잉크 거래 - 분석가 블로그"
2017-07-17,3,3,,Duke Energy Plans to Build Solar Power Plants in Kentucky,"Duke Energy, 켄터키에 태양광 발전소 건설 계획"
2019-09-16,3,3,,Why Hold Strategy is Apt for Silgan (SLGN) Stock Right Now,지금 Silgan(SLGN) 주식에 홀드 전략이 적합한 이유
2018-04-03,3,3,,Gold Mining Bull: Top News And Month In Review,금 채굴 황소: 주요 뉴스 및 검토 달
2015-08-14,3,3,,"The New Paradigm For ETF, Mutual Fund, Bond Fund And mREITs Part 2","ETF, 뮤추얼 펀드, 채권 펀드 및 mREIT의 새로운 패러다임 2부"
2015-07-31,3,3,,Will HCP's (HCP) Q2 Earnings Surprise on Consistent NOI? - Analyst Blog,HCP(HCP)의 2분기 실적은 지속적인 NOI를 통해 놀라운 성과를 거둘 수 있을까요? - 분석가 블로그
2016-07-26,3,3,,Wall Street Breakfast: Futures Silent Ahead Of Fed Meeting,월스트리트 아침 식사: 연준 회의를 앞두고 침묵하는 선물
2016-07-31,3,3,,Adams Diversified Equity Fund's (ADX) CEO Mark Stoeckle on First Half 2016 Results - Earnings Call Transcript,Adams Diversified Equity Fund(ADX) CEO Mark Stoeckle의 2016년 상반기 실적 - 실적 통화 기록
2017-01-06,3,3,,Adamis Pharmaceuticals: Beneficiary Of Mylan's EpiPen Fiasco?,Adamis Pharmaceuticals: Mylan의 EpiPen 실패의 수혜자?
2014-03-26,3,3,,Analysts Bearish On Retail Q1 EPS Outlook,분석가들은 소매업 Q1 EPS 전망에 대해 약세를 보이고 있습니다.
2016-02-08,3,3,,Sector Leader Dog NRF Sports 26.95% January Yield,섹터 리더 개 NRF 스포츠 26.95% 1월 수익률
2016-03-17,3,3,,Q1 could have been worst quarter even for some fixed-income hedge funds,1분기는 일부 고정수입 헤지펀드에게도 최악의 분기였을 수 있음
2019-05-09,3,3,,"HYG And U.S. High-Yield Market Outlook: Week Ending May 03, 2019",HYG 및 미국 고수익 시장 전망: 2019년 5월 3일로 끝나는 주
2020-03-06,3,3,,Allergan's (AGN) Glaucoma Implant Durysta Gets FDA Approval,Allergan(AGN)의 녹내장 임플란트 Durysta가 FDA 승인을 받았습니다.
2017-03-17,3,3,,Achillion Pharmaceuticals (ACHN) Presents At Barclays Global Healthcare Conference 2017,"Achillion Pharmaceuticals(ACHN), Barclays 글로벌 헬스케어 컨퍼런스 2017에서 발표"
2012-12-05,3,3,,"Will Pep Boys Ever Show Real Growth Again? (PBY, AAP, AZO, MNRO)","Pep Boys가 다시 진정한 성장을 보여줄 수 있을까요? (PBY, AAP, AZO, MNRO)"
2020-04-13,3,3,,AstraZeneca's Koselugo Gets FDA Nod for Rare Genetic Disorder,"아스트라제네카 코셀루고, 희귀 유전질환에 대해 FDA 승인 획득"
2014-12-08,3,3,,Arthur J. Gallagher Acquires Australia-based Blue Holdings - Analyst Blog,"Arthur J. Gallagher, 호주 기반 Blue Holdings 인수 - 분석가 블로그"
2018-01-31,3,3,,Time To Prefer Preferreds,선호하는 것을 선호하는 시간
2015-03-11,3,3,,Duke Energy to Settle Lawsuit with Shareholders for $146M - Analyst Blog,"Duke Energy, 1억 4600만 달러에 주주들과 소송 해결 - 애널리스트 블로그"
2015-09-22,3,3,,RLJ Lodging Trust Opens Courtyard Union Square Hotel,"RLJ Lodging Trust, 코트야드 유니온 스퀘어 호텔(Courtyard Union Square Hotel) 개장"
2017-02-16,3,3,,"RFID Chipmaker Impinj Tops Q4 Estimates, Undershoots Q1 Forecasts","RFID 칩 제조업체 Impinj, 4분기 추정치를 상회하고 1분기 예측치를 미달"
2019-12-11,3,3,,Markdown madness in retail?,소매업에서의 마크다운 광기?
2013-10-29,3,3,,"Stocks Mixed In Firm Trade; Cummins, CommVault Systems Dive","확고한 거래에 혼합된 주식; Cummins, CommVault 시스템 다이브"
2016-04-12,3,3,,Preferred Equities Delivering Reasonable Yields For The Conservative Investor,보수적인 투자자에게 합리적인 수익률을 제공하는 우선주
2017-12-21,3,3,,Thus Spoke Markethustra,Markethustra는 이렇게 말했습니다.
2018-02-05,3,3,,Nordstrom (JWN) to Open Relocated Kansas City Store in 2021,"노드스트롬(JWN), 2021년에 이전한 캔자스시티 매장 오픈"
2014-01-15,3,3,,Neutral Stance on Crown Castle - Analyst Blog,크라운 캐슬에 대한 중립 입장 - 분석가 블로그
2013-03-19,3,3,,Another Contract for ABB - Analyst Blog,ABB의 또 다른 계약 - 분석가 블로그
2018-10-19,3,3,,"Xact Kapitalforvaltning AB Buys Broadcom Inc, SPDR S&P 5……, Qurate Retail Inc, Sells ...","Xact Kapitalforvaltning AB, Broadcom Inc, SPDR S&P 5……, Qurate Retail Inc 인수…"
2016-02-03,3,3,,Mortgage REITs rally,모기지 REIT 랠리
2013-04-08,3,3,,ABB's Gearless Conveyor for Copper Mine - Analyst Blog,ABB의 구리 광산용 기어리스 컨베이어 - 분석가 블로그
2018-06-12,3,3,,7% Bonds Significantly Better Than 7% Preferred Share,7% 채권이 7% 우선주보다 훨씬 더 좋습니다.
2019-11-07,3,3,,Agricultural Markets Pre-November WASDE,11월 이전 농산물 시장 WASDE
2019-07-25,3,3,,ABB Ltd 2019 Q2 - Results - Earnings Call Slides,ABB Ltd 2019년 2분기 - 결과 - 실적 발표 슬라이드
2014-09-09,3,3,,"Machinery Industry: Global Perspective, Bright Outlook - Industry Outlook","기계산업: 글로벌 관점, 밝은 전망 - 산업 전망"
2017-03-01,3,3,,ABB completes divestment of cable business,"ABB, 케이블 사업 매각 완료"
2016-09-29,3,3,,Buy Cisco - Cramer's Lightning Round (9/29/16),Cisco 구매 - Cramer의 라이트닝 라운드(9/29/16)
2015-10-07,3,3,,Gold Will Break Out As Rate Hike Myth Dies (Video),금리 인상 신화가 사라지면 금이 나올 것입니다 (비디오)
2015-02-10,3,3,,The Chubb Corporation - My Analysis For This Great Company,Chubb Corporation - 이 위대한 회사에 대한 나의 분석
2014-11-12,3,3,,Lincoln National Hits 52-Week High Post Solid Q3 Earnings - Analyst Blog,"링컨 내셔널, 52주 최고 기록 경신한 3분기 실적 달성 - 애널리스트 블로그"
2015-08-21,3,3,,"The Zacks Analyst Blog Highlights: Tesla Motors, General Motors, Ford Motor, Lear and Advance Auto Parts","Zacks 분석가 블로그 하이라이트: Tesla Motors, General Motors, Ford Motor, Lear 및 Advance Auto Parts"
2012-12-18,3,3,,American Eagle Outfitters Bullish Engulfing Formed,아메리칸 이글 아웃피터스 Bullish Engulfing Formed
2019-08-02,3,3,,"GenTrust, LLC Buys iShares Core MSCI Europe ETF, iShares Core U.S. ...","GenTrust, LLC는 iShares Core MSCI Europe ETF, iShares Core U.S.를 인수합니다."
2019-06-05,3,3,,Aecom Technology Shows Rising Relative Strength; Still Shy Of Key Benchmark,Aecom Technology는 상대적인 강점을 보여줍니다. 여전히 주요 벤치마크에 부끄러움
2016-02-23,3,3,,Advance Auto Parts: The Worst House In The Best Neighborhood,고급 자동차 부품: 최고의 동네에 있는 최악의 집
2018-11-29,3,3,,Braemar Hotels & Resorts: This 8.25% Preferred Stock Has Begun Trading On The NYSE,Braemar Hotels & Resorts: 8.25% 우선주가 NYSE에서 거래를 시작했습니다.
2017-10-11,3,3,,"Schneider Downs Wealth Management Advisors, LP Buys iShares Core MSCI EAFE, PowerShares S&P ...","Schneider는 Wealth Management Advisors, LP를 인수하여 iShares Core MSCI EAFE, PowerShares S&P를 인수했습니다."
2018-03-05,3,3,,New finance chief at Aeterna Zentaris,Aeterna Zentaris의 새로운 재무 책임자
2012-06-19,3,3,,Adobe Upgrades e-Learning Software - Analyst Blog,"Adobe, e러닝 소프트웨어 업그레이드 - 분석가 블로그"
2015-07-07,3,3,,ACE Puts Its Excess Capital To Work In A Big Way,ACE는 초과 자본을 큰 방식으로 활용합니다
2015-06-08,3,3,,The Dollar Dips And So Do Precious Metals,달러 하락과 귀금속 가격 하락
2015-10-21,3,3,,Vornado to Sell Leasehold Interest in Broad Street Building,"Vornado, Broad Street Building에 대한 임대 지분 매각"
2017-05-30,3,3,,"Pivot Point Capital Partners, LLC Buys Carter's Inc, Shutterfly Inc, Sells Monro Muffler Brake ...","Pivot Point Capital Partners, LLC는 Carter's Inc, Shutterfly Inc를 인수하고 Monro 머플러 브레이크를 판매합니다."
2017-11-07,3,3,,Steven Cohen Takes Stake in Karyopharm Therapeutics,"스티븐 코헨(Steven Cohen), Karyopharm Therapeutics 지분 인수"
2020-06-01,3,3,,June 2020 Monthly,2020년 6월 월간
2015-05-15,3,3,,"Will Wage Hike, Health Costs Mar Wal-Mart (WMT) Earnings? - Analyst Blog","임금 인상, 건강 비용 Mar Wal-Mart(WMT) 수익? - 분석가 블로그"
2015-10-12,3,3,,"Humana Awaits Buyout by Aetna, ACO Deals Raise Optimism",Humana는 Aetna의 인수를 기다리고 있으며 ACO 거래는 낙관론을 높입니다.
2020-04-02,3,3,,Is the Options Market Predicting a Spike in Akebia Therapeutics (AKBA) Stock?,옵션 시장은 Akebia Therapeutics(AKBA) 주식의 급등을 예측하고 있습니까?
2017-12-10,3,3,,US ETFs And ETPs Have Gathered $424B In Net New Assets In The First 11 Months Of 2017,"미국 ETF와 ETP는 2017년 첫 11개월 동안 4,240억 달러의 순 신규 자산을 모았습니다."
2015-08-18,3,3,,"Strategic Hotels Exploring Sale Options, JPMorgan to Advise","판매 옵션을 탐색하는 전략적 호텔, JPMorgan에 조언"
2016-12-16,3,3,,Strong outlook boosts AGCO higher,강한 전망으로 AGCO 상승
2018-01-11,3,3,,Barrick to Report Fourth Quarter —…–7 Results on February –4 and Will Hold —…–8 ...,"Barrick, 4분기 보고 —…–7 2월 결과 –4 및 보류 예정 —…–8 ..."
2013-10-23,3,3,,"Alcoa, VSMPO-AVISMA to Form Aerospace JV - Analyst Blog","Alcoa, VSMPO-AVISMA, 항공우주 JV 설립 - 애널리스트 블로그"
2015-03-17,3,3,,Actavis completes Allergan takeover,"Actavis, Allergan 인수 완료"
2018-11-20,3,3,,The Future-Proof Portfolio For Young Investors: Stability In A Volatile Period,젊은 투자자를 위한 미래 보장형 포트폴리오: 변동성이 큰 시기의 안정성
2017-01-26,3,3,,Barrick Gold Reports Preliminary Operating Results for —…–6,"Barrick Gold, —…–6에 대한 예비 운영 결과 보고"
2019-11-01,3,3,,Assurant (AIZ) to Report Q3 Earnings: What's in the Cards?,"Assurant(AIZ), 3분기 수익 보고: 카드에는 무엇이 들어있나요?"
2020-02-10,3,3,,"Food Robotics Market Size, share —…—… Industry Growing Rapidly with Recent Demand, ...","식품 로봇 시장 규모, 점유율 —…"
2015-05-01,3,3,,Stocks Tank Into Month End,주식은 월말까지 급락
2015-06-29,3,3,,Farm Prices index +3.9% in May (M/M),5월 농산물 가격지수 +3.9% (M/M)
2014-07-22,3,3,,AK Steel to Acquire Severstal's Dearborn Plant for $700M - Analyst Blog,"AK Steel, Severstal의 Dearborn Plant를 7억 달러에 인수 - 애널리스트 블로그"
2018-01-23,3,3,,"Focused Investors LLC Buys Bank of America Corporation, CBS Corp, Sells Time Warner Inc, ...","Focused Investors LLC는 Bank of America Corporation, CBS Corp를 인수하고 Time Warner Inc를 매각합니다."
2015-06-30,3,3,,ADMA Biologics Shares Possibly Worth A Triple On FDA Approval Of RI-002,ADMA Biologics의 RI-002에 대한 FDA 승인으로 인해 가치가 3배가 될 가능성이 있음
2019-11-21,3,3,,The Chemist's Quality Closed-End Fund Report: October 2019,The Chemist의 품질 폐쇄형 펀드 보고서: 2019년 10월
2012-06-05,3,3,,"(ACCO) CFO Neal V Fenwick buys 18,000 Shares","(ACCO) CFO Neal V Fenwick이 18,000주를 매입합니다."
2020-02-04,3,3,,MetLife (MET) to Post Q4 Earnings: What's in the Offing?,MetLife(MET)의 4분기 실적 게시: 앞으로 무슨 일이 일어날까요?
2015-07-14,3,3,,"Agrium: More Than A Fertilizer Producer, More Interesting Than Potash Corp?","Agrium: 비료 생산자 이상, Potash Corp보다 더 흥미로운가?"
2018-09-13,3,3,,Alibaba: Shopping At Firesale Prices,Alibaba: 할인 가격으로 쇼핑하기
2011-12-19,3,3,,AK Steel Issues 4Q Guidance - Analyst Blog,"AK Steel, 4분기 가이던스 발표 - 애널리스트 블로그"
2017-01-18,3,3,,Barrick Gold Investors Look Out: A Bear Market Is Coming,Barrick Gold 투자자들이 주목하는 점: 약세장이 다가오고 있음
2020-05-15,3,3,,Fairfax Financial Sells Johnson & Johnson,"Fairfax Financial, Johnson & Johnson 매각"
2018-11-13,3,3,,Advance Auto Parts' (AAP) CEO Tom Greco on Q3 2018 Results - Earnings Call Transcript,Advance Auto Parts(AAP) CEO Tom Greco의 2018년 3분기 실적 - 실적 통화 기록
2016-12-06,3,3,,It's The End Of The World As We Know It (And Stocks Feel Fine),우리가 알고 있는 세상의 종말이다(그리고 주식은 괜찮다고 느낀다)
2020-05-15,3,3,,"Blue Pool Management Ltd. Buys Adobe Inc, Facebook Inc, Thermo Fisher Scientific Inc, Sells ...","Blue Pool Management Ltd.는 Adobe Inc, Facebook Inc, Thermo Fisher Scientific Inc를 인수하고 ..."
2018-04-04,3,3,,Adamas Pharmaceuticals Shows Improved Relative Price Performance; Still Shy Of Benchmark,Adamas Pharmaceuticals는 향상된 상대 가격 성과를 보여줍니다. 아직 벤치마크가 부족함
2015-04-30,3,3,,Acorda Therapeutics reiterates 2015 guidance after Q1 results,Accorda Therapeutics는 1분기 결과 이후 2015년 지침을 반복합니다.
2019-12-05,3,3,,Alliance Data To Participate At The Goldman Sachs U.S. Financial Services Conference —…–9,Goldman Sachs 미국 금융 서비스 컨퍼런스에 참가할 얼라이언스 데이터 —…–9
2020-04-24,3,3,,"Davis R M Inc Buys Palo Alto Networks Inc, Akamai Technologies Inc, SPDR S&P 5……, Sells ...","Davis RM Inc, Palo Alto Networks Inc, Akamai Technologies Inc, SPDR S&P 5… 매입, 매각..."
2017-01-25,3,3,,"Asset Matters: A ""New"" World For Bonds","자산 문제: 채권의 ""새로운"" 세계"
2016-12-05,3,3,,It Will Not Be Long Before The New Agricultural Commodity Trades On The Futures Market,새로운 농산물이 선물 시장에서 거래되기까지는 그리 오래 걸리지 않을 것입니다
2018-04-19,3,3,,ABB LTD. 2018 Q1 - Results - Earnings Call Slides,ABB LTD. 2018년 1분기 - 결과 - 실적 발표 슬라이드
2020-04-28,3,3,,Cboe Global (CBOE) to Report Q1 Earnings: What's in Store?,"Cboe Global(CBOE), 1분기 실적 보고: 무엇이 준비되어 있나요?"
2020-04-29,3,3,,"Qp Wealth Management, Llc Buys First Trust North American Energy Infrastructure F, Gilead ...","Qp Wealth Management, Llc, First Trust 북미 에너지 인프라 F, Gilead 인수"
2019-07-05,3,3,,Apollo Tactical Income Fund Inc. Declares July —…–9 Monthly Distribution of $…. ...,Apollo Tactical Income Fund Inc.는 7월 —…–9달러의 월별 분배를 선언합니다… ...
2018-06-05,3,3,,Barrick's Annual Sustainability Report Now Available,Barrick의 연간 지속 가능성 보고서를 지금 만나보세요
2013-11-13,3,3,,Prudential Raises Dividend - Analyst Blog,"푸르덴셜, 배당금 인상 - 애널리스트 블로그"
2017-02-17,3,3,,Aaron's (AAN) Q4 2016 Results - Earnings Call Transcript,Aaron's (AAN) 2016년 4분기 결과 - 수익 보고 기록
2017-08-07,3,3,,"Strategy Asset Managers Llc Buys International Paper Co, Emerson Electric Co, Baker Hughes Inc, ...","전략 자산 관리자 Llc, International Paper Co, Emerson Electric Co, Baker Hughes Inc 등 인수"
2019-10-22,3,3,,"Trudeau Will Lead A Coalition Government In Canada, While The U.K.'s Johnson Fights Another Day","트뤼도는 캐나다에서 연정을 이끌게 되고, 영국의 존슨은 또 다른 싸움을 벌이게 됩니다."
2011-03-21,3,3,,Alcoa Raises Product Prices - Analyst Blog,"Alcoa, 제품 가격 인상 - 분석가 블로그"
2013-12-13,3,3,,Manulife Stays Neutral - Analyst Blog,Manulife는 중립을 유지합니다 - 분석가 블로그
2019-06-26,3,3,,Global Adaptive Cruise Control (ACC) and Blind Spot Detection (BSD) Market: Key companies ...,글로벌 적응형 크루즈 컨트롤(ACC) 및 사각지대 탐지(BSD) 시장: 주요 기업 ...
2016-09-01,3,3,,The Great Bond Shift Rolls On,채권의 대전환이 시작되다
2020-02-13,3,3,,"Artificial Intelligence (AI) Chipset Market Share,Size —…—… Global Gross Margin ...","인공 지능(AI) 칩셋 시장 점유율, 규모 —…—… 글로벌 총이익 ..."
2017-12-29,3,3,,Scale Conundrum Makes Agree The Small Fish In The Big Sea,규모의 수수께끼는 큰 바다의 작은 물고기에 동의하게 만듭니다
2018-04-30,3,3,,Cash poured into bond funds in April,4월 채권펀드에 현금 쏟아져
2019-08-20,3,3,,"Kerrisdale Advisers, LLC Buys Yandex NV, Nutanix Inc, Marriott Vacations Worldwide Corp, Sells ...","Kerrisdale Advisers, LLC는 Yandex NV, Nutanix Inc, Marriott Vacations Worldwide Corp를 인수하고 ..."
2015-12-03,3,3,,"Barrick Gold wins $4B credit extension, covenant change","Barrick Gold, 40억 달러 신용 연장 및 약정 변경 획득"
2015-10-06,3,3,,"CBOE Holdings Well Poised on Business Model, Cost Control","CBOE Holdings는 비즈니스 모델, 비용 통제에 대해 잘 알고 있습니다."
2017-12-06,3,3,,Munis: A Path To Bridge The Wealth Gap,Munis: 부의 격차를 해소하는 길
2012-06-14,3,3,,Exelon Unit Issues $775M Notes - Analyst Blog,"Exelon 단위는 7억 7,500만 달러 규모의 노트를 발행합니다 - 분석가 블로그"
2020-03-05,3,3,,"AARON'S, INC. INVESTOR ALERT: Bronstein, Gewirtz & Grossman, LLC Alerts of Class Action ...","AARON'S, INC. 투자자 경고: Bronstein, Gewirtz & Grossman, LLC 집단 소송 경고..."
2016-08-07,3,3,,Ashford Hospitality Prime's (AHP) CEO Montgomery Bennett on Q2 2016 Results - Earnings Call Transcript,Ashford Hospitality Prime(AHP) CEO Montgomery Bennett의 2016년 2분기 실적 - 실적 통화 기록
2014-02-26,3,3,,Enter Biosimilars: 3 Stock Picks - Analyst Blog,바이오시밀러 진입: 3가지 주식 추천 - 분석가 블로그
2017-12-01,3,3,,ACOR SHAREHOLDER ALERT: The Law Offices of Vincent Wong Notifies Investors of Commencement of a ...,ACOR 주주 알림: Vincent Wong의 법률 사무소에서 투자자들에게 ...
2019-12-12,3,3,,"Powerful Proof Anyone Can Invest for an Early Retirement - December 12, 2019",누구나 조기 퇴직을 위해 투자할 수 있다는 강력한 증거 - 2019년 12월 12일
2012-02-15,3,3,,Top Holdings from David Williams,David Williams의 최고 보유 주식
2015-04-30,3,3,,Surging Earnings Estimates Signal Good News for Adeptus Health (ADPT) - Tale of the Tape,급증하는 수익 추정치는 ADPT(Adeptus Health)에 좋은 소식을 신호합니다 - 테이프 이야기
2014-12-23,3,3,,Feds' Expected Rule Changes Fuel $810 Mil Deal,Feds의 예상되는 규칙 변경으로 8억 1천만 달러 규모의 거래 촉진
2016-12-12,3,3,,Nothing Precious About Them,그들에 대해 소중한 것은 없습니다
2014-11-10,3,3,,Agrium (AGU) Unit to Acquire Equity Stake in CH Biotech - Analyst Blog,"Agrium(AGU) 유닛, CH Biotech 지분 인수 - 애널리스트 블로그"
2020-04-23,3,3,,3 Blue-Chip Tech Stocks to Buy Right Now Not Named Apple or Microsoft,지금 당장 매수할 블루칩 기술주 3개(Apple 또는 Microsoft 제외)
2015-01-21,3,3,,Aaron's (AAN) Reshuffles Progressive Leasing Management - Analyst Blog,"Aaron's(AAN), 점진적 임대 관리 개편 - 분석가 블로그"
2019-06-19,3,3,,"HollySys Undervalued (Maybe Significantly), But Confounding",HollySys는 (어쩌면 상당히) 저평가되었지만 혼란스럽습니다.
2013-02-20,3,3,,Rating Action on Torchmark - Analyst Blog,Torchmark의 평가 조치 - 분석가 블로그
2011-05-16,3,3,,Gap Forays into Serbia and Ukraine - Analyst Blog,세르비아와 우크라이나로의 격차 진출 - 분석가 블로그
2018-02-01,3,3,,New Strong Buy Stocks for February 1st,2월 1일 신규 적극 매수 주식
2015-01-27,3,3,,Waters Beats on Q4 Estimates on Surging Pharma Demand - Analyst Blog,"Waters, 급증하는 제약 수요에 대한 4분기 추정치 상회 - 애널리스트 블로그"
2012-08-01,3,3,,"A 52 Week High for Ameren, will it Hold?","Ameren 52주 최고치, 유지될까?"
2012-01-13,3,3,,"Acacia Research Corp. (ACTG) President & Chairman Paul R Ryan sells 30,000 Shares","Acacia Research Corp.(ACTG) 사장 겸 회장 Paul R Ryan, 30,000주 매각"
2016-01-07,3,3,,"Broadcom 'Story Played Out,' NXP To Lead Apple Sphere","Broadcom의 '스토리 전개', NXP가 Apple 분야를 이끌다"
2018-01-14,3,3,,Is This The Long Awaited Gold Breakout - Or Just Another Paper Market Head Fake?,이것은 오랫동안 기다려온 금의 돌파인가? 아니면 또 다른 종이 시장의 가짜인가?
2018-02-02,3,3,,"Mn Services Vermogensbeheer B.V. Buys Canadian Pacific Railway, Aptiv PLC, Eversource Energy, ...","Mn Services Vermogensbeheer B.V., Canadian Pacific Railway, Aptiv PLC, Eversource Energy 등을 인수"
2014-07-28,3,3,,"Aaron's (AAN) Slumps on Weak Q2 Earnings, Cost Savings Ahead - Analyst Blog","Aaron's(AAN), 2분기 실적 부진으로 부진, 앞으로 비용 절감 - 애널리스트 블로그"
2014-04-09,3,3,,Let's Take a Closer Look at Macerich,Macerich를 자세히 살펴 보겠습니다.
2020-01-10,3,3,,"The Zacks Analyst Blog Highlights: Agile Therapeutics, Air Industries, Dermira, Microbot Medical and Cassava Sciences","Zacks 분석가 블로그 하이라이트: Agile Therapeutics, Air Industries, Dermira, Microbot Medical 및 Cassava Sciences"
2010-03-22,3,3,,Bond Insurers Seek $10 Billion From Banks,채권 보험사들은 은행으로부터 100억 달러를 요구합니다
2015-04-23,3,3,,Adeptus Health's (ADPT) CEO Tom Hall on Q1 2015 Results - Earnings Call Transcript,Adeptus Health(ADPT)의 CEO인 Tom Hall의 2015년 1분기 실적 - 실적 보고서
2020-05-12,3,3,,"Adaptive Biotechnologies Corp (ADPT) CFO Chad M Cohen Sold $7–8,4…… of Shares","Adaptive Biotechnologies Corp(ADPT) CFO Chad M Cohen 주식 7~8,4달러… 매각"
2017-12-14,3,3,,Argan Inc.: An Undervalued Company Of Exceptional Quality,아르간(Argan Inc.): 탁월한 품질을 자랑하는 저평가된 기업
2013-06-27,3,3,,Agilent Software Adopted by Millitech - Analyst Blog,Millitech가 채택한 애질런트 소프트웨어 - 분석가 블로그
2012-12-21,3,3,,DiamondRock Closes Financing - Analyst Blog,"DiamondRock, 자금 조달 종료 - 분석가 블로그"
2019-10-10,3,3,,Coffee - Consolidation Around The $1 Level,커피 - 1달러 수준의 통합
2019-09-20,3,3,,"Factory Automation Market Projected to Generate $'68.'7 Billion by —…—5, at 8.8% CAGR",공장 자동화 시장은 연평균 성장률 8.8%로 —…—5억 달러를 창출할 것으로 예상됩니다.
2013-02-21,3,3,,"Associated Estates Realty Corp. (AEC) CFO Lou Fatica sells 69,164 Shares","Associated Estates Realty Corp.(AEC) CFO Lou Fatica가 69,164주 매각"
2019-06-09,3,3,,6 Monster Stock Market Predictions For The Week Of June 10,6월 10일 주간 괴물 주식 시장 예측 6가지
2014-02-07,3,3,,Positive Surprises & Negative Guidance - Earnings Preview,긍정적인 놀라움과 부정적인 지침 - 수익 미리보기
2015-01-02,3,3,,"Seeking Alpha's Biotech Weekly: 2014's Approval-Palooza, Ebola In Scotland, And More","Alpha's Biotech Weekly 검색: 2014년 승인-Palooza, 스코틀랜드의 에볼라 등"
2016-02-17,3,3,,Analog Devices (ADI) Q1 2016 Results - Earnings Call Webcast,Analog Devices(ADI) 2016년 1분기 결과 - 실적 발표 웹캐스트
2015-04-24,3,3,,Stocks Finish Solid Week; Akorn Restates 2014 Revenue,주식은 견고한 주를 마무리합니다. Akorn은 2014년 수익을 재확인합니다.
2019-08-17,3,3,,Why Is Alliance Data (ADS) Down 12.2% Since Last Earnings Report?,지난 수익 보고서 이후 얼라이언스 데이터(ADS)가 12.2% 감소한 이유는 무엇입니까?
2015-12-09,3,3,,Guess What Happened The Last Time Junk Bonds Started Crashing Like This? Hint: Think 2008,마지막으로 정크본드가 이렇게 무너지기 시작했을 때 무슨 일이 일어났는지 추측해 보세요. 힌트: 2008년을 생각해보세요
2019-01-28,3,3,,New Hope For Acorda Therapeutics In 2019,2019년 Acorda Therapeutics의 새로운 희망
2015-03-13,3,3,,Shares Of Guess Appear Fairly Valued But This Doesn't Mean Buy?,추측의 주식은 상당히 가치 있는 것처럼 보이지만 이것이 매수를 의미하지는 않습니까?
2016-08-28,3,3,,Resource Sector Digest: Another One Bites The Dust,자원 부문 다이제스트: 또 하나의 문제
2015-09-29,3,3,,Acadia Healthcare: A Case For The Importance Of Qualitative Due Diligence,Acadia Healthcare: 질적 실사의 중요성에 대한 사례
2019-01-27,3,3,,2018 Reviewed In 8 Insurance Stocks,2018년 8개 보험주 검토
2014-12-19,3,3,,Integra Lifesciences Up on Launch of Bilayer Skin Product - Analyst Blog,"인테그라 라이프사이언스, 이중층 스킨 제품 출시 - 애널리스트 블로그"
2014-08-19,3,3,,Sealed Air Hikes Prices to Combat Growing Raw Material Costs - Analyst Blog,"Sealed Air, 증가하는 원자재 비용에 맞서기 위해 가격 인상 - 분석가 블로그"
2016-02-07,3,3,,"Top Silver Mining CEO: Don't Laugh, We Could See $100+ Silver",최고의 은 채굴 CEO: 웃지 마세요. 100달러 이상의 은을 볼 수 있습니다.
2017-03-01,3,3,,Trump promises better healthcare plan than ACA in joint session speech,"트럼프, 합동회의 연설에서 ACA보다 더 나은 의료 계획 약속"
2016-04-15,3,3,,Commodities Cycle: Collapse In The Price Of Silver,상품 순환: 은 가격의 붕괴
2015-12-02,3,3,,How Late ObamaCare Enrollees Whacked UnitedHealth,얼마나 늦게 ObamaCare 등록자가 UnitedHealth를 압도했나요?
2018-10-26,3,3,,Analog/Mixed Signal Semiconductor Outlook: Growth Remains Steady,아날로그/혼성신호 반도체 전망: 꾸준한 성장세 유지
2012-11-07,3,3,,Agco Corp. Reports Operating Results (10-Q),"Agco Corp., 영업실적 보고(10분기)"
2017-10-30,3,3,,What's in the Cards for Immune Design (IMDZ) in Q3 Earnings?,3분기 수익에 포함된 IMDZ(면역 디자인) 카드에는 무엇이 포함되어 있나요?
2011-12-07,3,3,,Don't Join Stock Market Exodus,주식시장 대탈출에 동참하지 마세요
2018-11-07,3,3,,Affimed Therapeutics (AFMD) CEO Adi Hoess on Q3 2018 Results - Earnings Call Transcript,"Affimed Therapeutics(AFMD) CEO Adi Hoess, 2018년 3분기 실적 발표 - 실적 통화 기록"
2018-11-14,3,3,,Macro Speculations: The Winter Is Coming... Or Is It Already Here?,거시적 추측: 겨울이 다가오고 있습니다... 아니면 이미 겨울이 다가온 걸까요?
2018-01-17,3,3,,4 Apparel Stocks Worth Buying on Healthy Holiday After-Math,건강한 휴가를 위해 매수할 가치가 있는 의류 주식 4가지
2016-04-13,3,3,,Active Power Sets First Quarter 2016 Conference Call for April 26 at 8:30 a.m. ET,활성 전력 세트 2016년 1분기 컨퍼런스 콜(동부 표준시 기준 4월 26일 오전 8시 30분)
2017-03-03,3,3,,"First Pacific Advisors Buys Alcoa, Baidu,Yahoo","First Pacific Advisors, Alcoa, Baidu, Yahoo 인수"
2020-03-20,3,3,,Spend Analytics Market Study Navigating the Future Growth Outlook | Advanced; Efficio Limited ...,"지출 분석 시장 조사, 미래 성장 전망 탐색 | 고급의; 효율성 제한 ..."
2018-07-19,3,3,,David R. Rahn & Associates Inc. Buys Schwab U.S. ...,"David R. Rahn & Associates Inc., 미국 Schwab 인수"
2019-10-30,3,3,,"Growing Pains, With Irwin Simon, CEO, Aphria","성장통(Growing Pains), Aphria CEO Irwin Simon과 함께"
2014-04-21,3,3,,Vintage Capital Reacts to Aaron's Rejection - Analyst Blog,Vintage Capital은 Aaron의 거부에 반응합니다 - 분석가 블로그
2018-10-31,3,3,,A.H. Belo Corporation's (AHC) CEO Robert Decherd on Q3 2018 Results - Earnings Call Transcript,A.H. Belo Corporation(AHC)의 CEO인 Robert Decherd의 2018년 3분기 실적 - 실적 통화 기록
2018-05-09,3,3,,AK Steel's Middletown Works and Mountain State Carbon Coke Plants Recognized for Outstanding ...,AK Steel의 Middletown Works와 Mountain State Carbon Coke Plants가 뛰어난 성과를 인정받았습니다.
2014-05-16,3,3,,ACE Ltd Raises Dividend by 3% - Analyst Blog,"ACE Ltd, 배당금 3% 인상 - 애널리스트 블로그"
2020-04-03,3,3,,"Market Talk – Friday, April 3",마켓 토크 - 4월 3일 금요일
2018-08-24,3,3,,"The Zacks Analyst Blog Highlights: Medtronic, EOG Resources, CSX, Analog Devices and Autodesk","Zacks 분석가 블로그 하이라이트: Medtronic, EOG Resources, CSX, Analog Devices 및 Autodesk"
2014-07-02,3,3,,Aetna Hits 52-Week High on Sound Fundamentals - Analyst Blog,"Aetna, 사운드 기초 분야에서 52주 최고 기록 달성 - 분석가 블로그"
2012-07-03,3,3,,Fitch Maintains Outlook on Invesco - Analyst Blog,"Fitch, Invesco에 대한 전망 유지 - 분석가 블로그"
2018-06-21,3,3,,"Factors of Influence in —…–8, Key Indicators and Opportunity within Camden National, Cara ...","—…–8, Camden National, Cara 내 주요 지표 및 기회에 영향을 미치는 요소"
2018-12-21,3,3,,"Commodities Recap For The Week Of December 21, 2018",2018년 12월 21일 주간 원자재 요약
2019-10-02,3,3,,Just A Manufacturing Recession? Stocks And Bonds Think There's More To It,단순한 제조업 불황? 주식과 채권은 더 많은 것이 있다고 생각합니다
2015-08-06,3,3,,Prudential Financial Q2 Earnings Beat on Higher Revenues - Analyst Blog,Prudential Financial 2분기 실적이 매출 증가로 앞섰습니다 - 분석가 블로그
2020-04-02,3,3,,Will Aflac (AFL) Beat Estimates Again in Its Next Earnings Report?,Aflac(AFL)이 다음 수익 보고서에서 다시 추정치를 상회할까요?
2013-12-03,3,3,,CNO Financial Upgraded to Buy - Analyst Blog,CNO Financial이 매수로 업그레이드됨 - 애널리스트 블로그
2018-08-07,3,3,,"Kennametal (KMT) Tops Q4 Earnings on Solid Sales, Margins","Kennametal(KMT), 견고한 매출과 마진으로 4분기 실적 1위 달성"
2019-09-09,3,3,,Earnings Season Watch List: AAR,수익 시즌 관심 목록: AAR
2019-01-18,3,3,,The Possible Reasons Why Berkshire Hathaway Invested In Travelers Inc.,Berkshire Hathaway가 Travelers Inc.에 투자한 가능한 이유
2019-10-14,3,3,,Wall Street Breakfast: Big Week Ahead For Brexiteers,월스트리트 아침 식사: 브렉시트 지지자들을 위한 큰 한 주
2019-05-10,3,3,,"Capital Advantage, Inc. Buys SPDR Select Sector Fund - Consumer Staples, Vanguard Health Care, ...","Capital Advantage, Inc., 필수 소비재, Vanguard Health Care 등 SPDR Select Sector Fund를 매입합니다."
2018-01-31,3,3,,Finding Value In An Overinflated Market,지나치게 부풀려진 시장에서 가치 찾기
2015-09-17,3,3,,Moving Average Crossover Alert: AllianceBernstein Holding (AB),이동 평균 교차 경고: AllianceBernstein Holding (AB)
2015-10-05,3,3,,Amazon: Multi-Year CBS Deal Adds to Prime Video Content,Amazon: 프라임 비디오 콘텐츠에 다년간의 CBS 거래 추가
2020-02-14,3,3,,What's in the Offing for Advance Auto Parts (AAP) Q4 Earnings?,AAP(Advanced Auto Parts) 4분기 수익은 어떻게 될까요?
2015-03-17,3,3,,My March Stock Picks,나의 3월 주식 추천
2011-12-30,3,3,,6 Stocks Shoveling Cash to Shareholders,주주들에게 현금을 쏟아 붓는 6개 주식
2015-01-12,3,3,,"Acorda reports preliminary results, provides 2015 outlook",Accorda는 예비 결과를 보고하고 2015년 전망을 제공합니다.
2016-06-17,3,3,,Potash Producers In Danger,위험에 처한 칼륨 생산자
2020-05-18,3,3,,New Strong Buy Stocks for May 18th,5월 18일 신규 적극 매수 주식
2018-02-16,3,3,,Ameren Corp's (AEE) CEO Warner Baxter on Q4 2017 Results - Earnings Call Transcript,Ameren Corp(AEE)의 CEO인 Warner Baxter의 2017년 4분기 결과 - 실적 통화 기록
2015-09-30,3,3,,Corporate Yields Are Widening,기업 수익률이 확대되고 있습니다
2019-10-04,3,3,,American Eagle (AEO) Down 5.6% Since Last Earnings Report: Can It Rebound?,아메리칸 이글(AEO)은 지난 수익 보고 이후 5.6% 하락: 반등할 수 있을까?
2014-01-09,3,3,,Philips Remains at Neutral - Analyst Blog,"필립스, 중립 유지 - 애널리스트 블로그"
2017-02-09,3,3,,Aspen Insurance Holdings' (AHL) CEO Chris O'Kane on Q4 2016 Results - Earnings Call Transcript,Aspen Insurance Holdings(AHL) CEO Chris O'Kane의 2016년 4분기 실적 - 실적 보고서
2019-08-07,3,3,,Dow Stocks Turn Negative on Wednesday,다우 주식은 수요일에 마이너스로 전환
2020-01-24,3,3,,Applied Industrial Technologies Sees IBD RS Rating Improve To 73,"Applied Industrial Technologies, IBD RS 등급이 73으로 향상됨"
2019-09-25,3,3,,Union ratifies labor deal for AK Steel's Coshocton Works,"노조, AK Steel의 Coshocton Works에 대한 노동 계약 비준"
2018-02-22,3,3,,Barrick Gold sees four new projects adding 1M-plus oz./year starting 2021,Barrick Gold는 2021년부터 연간 100만 온스 이상을 추가하는 4개의 새로운 프로젝트를 예상합니다.
2019-07-11,3,3,,Silicon Valley Pioneer Keysight Just Moved Into The Buy Zone — But Can It Stay There?,실리콘밸리의 선구자 키사이트가 이제 매수 영역으로 진입했습니다. 하지만 계속해서 매수 영역에 머물 수 있을까요?
2017-11-13,3,3,,What's in Store for Advance Auto Parts (AAP) in Q3 Earnings?,3분기 수익에 AAP(Advanced Auto Parts)에 대한 내용은 무엇입니까?
2020-04-20,3,3,,What's in the Cards for Alliance Data (ADS) Q1 Earnings?,ADS(Alliance Data) Q1 수익 카드에는 무엇이 포함되어 있나요?
2018-07-20,3,3,,4 Reasons to Add Portland General Electric to Your Portfolio,귀하의 포트폴리오에 포틀랜드 제너럴 일렉트릭(Portland General Electric)을 추가해야 하는 4가지 이유
2014-11-14,3,3,,Mallinckrodt Shares Down on Setback for Generic Concerta - Analyst Blog,Mallinckrodt는 Generic Concerta에 대한 좌절을 공유합니다 - 분석가 블로그
2019-01-13,3,3,,JPST For Ultra-Short Income Investors,초단기 소득 투자자를 위한 JPST
2019-05-31,3,3,,VC Deals: Toyota Mulls $550M Ride-Hail Bet,VC 딜: Toyota Mulls $550M Ride-Hail Bet
2019-04-25,3,3,,3 Tips To Generate Alpha In Smaller Stocks,소규모 주식에서 알파를 생성하는 3가지 팁
2013-02-28,3,3,,"American Capital Ltd (ACAS) CFO and Pres., Structured Fin. John R Erickson sells 5,350 Shares","American Capital Ltd(ACAS) 구조화금융 CFO 겸 사장. John R Erickson, 5,350주 매도"
2020-03-29,3,3,,Snack Pellet Equipment Market [Review: —…—…-—…—9] | Top Players – Clextral S.A. ...,스낵 펠렛 장비 시장 [검토: —…—…-—…—9] | 최고의 플레이어 – Clextral S.A. ...
2015-10-22,3,3,,Adeptus Health's (ADPT) CEO Thomas Hall on Q3 2015 Results - Earnings Call Transcript,Adeptus Health(ADPT) CEO Thomas Hall의 2015년 3분기 실적 - 실적 보고서
2012-01-06,3,3,,8 Stocks Rising on Huge Volume,8개 주식이 엄청난 양으로 상승
2019-10-17,3,3,,Asbury Automotive (ABG) to Post Q3 Earnings: What's in Store?,"Asbury Automotive(ABG), 3분기 실적 게시: 무엇이 준비되어 있나요?"
2018-08-13,3,3,,AIT or XYL: Which Is the Better Value Stock Right Now?,AIT 또는 XYL: 현재 어느 주식이 더 나은 가치를 갖고 있나요?
2019-06-14,3,3,,Stocks Showing Rising Market Leadership: Altra Industrial Motion Earns 81 RS Rating,"상승하는 시장 리더십을 보여주는 주식: Altra Industrial Motion, 81 RS 등급 획득"
2015-03-18,3,3,,Regeneron Hits a 52-Week High on Positive Praluent Data - Analyst Blog,"Regeneron, 긍정적인 Praluent 데이터에서 52주 최고 기록 달성 - 분석가 블로그"
2014-04-17,3,3,,"IBD 50: Auto, Other IBD 50 Stocks Forming Bases","IBD 50: 자동차, 기타 IBD 50 주식이 기반을 형성함"
2016-12-14,3,3,,"My Dashboard Stock Lists: 25% In 1 Year, Part 2","내 대시보드 주식 목록: 1년 내 25%, 2부"
2015-07-06,3,3,,Aetna Humana Deal Foreshadowed By Cigna And Anthem,Cigna와 Anthem이 예고한 Aetna Humana 거래
2018-11-15,3,3,,Problems For Gold,금에 대한 문제
2016-02-22,3,3,,Novo Nordisk - Saxenda Launch Continues Modest Positive Trajectory,Novo Nordisk - Saxenda 출시로 완만하게 긍정적인 궤도 유지
2019-07-03,3,3,,"NIO, SYMC and USNA among midday movers","정오 이동 중 NIO, SYMC 및 USNA"
2013-04-11,3,3,,Fitch Avows Aflac's Credibility - Analyst Blog,"Fitch, Aflac의 신뢰성을 보장 - 분석가 블로그"
2017-03-24,3,3,,Adcare Health Systems reports Q4 results,Adcare Health Systems는 4분기 결과를 보고합니다.
2019-05-02,3,3,,Arbor Realty Trust Just Within Buy Range As Earnings Approach,수익이 가까워짐에 따라 구매 범위 내에 있는 Arbor Realty Trust
2013-09-12,3,3,,Infinera Seen Targeting Verizon As Key Customer,Infinera는 Verizon을 주요 고객으로 삼고 있습니다.
2016-04-16,3,3,,Are Howling Energy Dogs Atop Contender List Partying Or Parting?,"경쟁자 목록에 있는 울부짖는 에너지 개들은 파티를 하고 있습니까, 아니면 헤어지고 있습니까?"
2015-04-29,3,3,,Affymetrix (AFFX) Q1 2015 Results - Earnings Call Webcast,Affymetrix(AFFX) 2015년 1분기 결과 - 수익 회의 웹캐스트
2018-08-01,3,3,,"ADP reports Q4 beats, upside EPS guide","ADP, 4분기 실적 상승, EPS 상승 가이드 보고"
2013-02-20,3,3,,Fidelity Ends 2012 on a High Note - Analyst Blog,Fidelity는 2012년을 좋은 성과로 마무리합니다 - 분석가 블로그
2016-06-06,3,3,,Companies To Buy Ahead Of Imminent Affordable Global Satellite Internet,임박한 저렴한 글로벌 위성 인터넷을 앞두고 구매하는 회사
2011-11-22,3,3,,NRG Improves Solar Assets Portfolio - Analyst Blog,"NRG, 태양광 자산 포트폴리오 개선 - 분석가 블로그"
2013-05-29,3,3,,AEC Offers Shares on Forward Basis - Analyst Blog,AEC는 선물 기준으로 주식을 제공합니다 - 분석가 블로그
2018-01-22,3,3,,Buy the M&A-related dip in AIG - Wells Fargo,AIG에서 M&A 관련 딥 구매 - Wells Fargo
2017-08-29,3,3,,Steel Industry Stock Outlook - Aug 2017,철강 산업 주식 전망 - 2017년 8월
2020-03-06,3,3,,A Rare Opportunity to Own Aflac,Aflac을 소유할 수 있는 흔치 않은 기회
2020-02-24,3,3,,Twenty-one Gallagher Professionals Recognized as —…—… Power Brokers® by Risk & ...,Risk & ...에서 Power Brokers®로 인정받은 21명의 Gallagher 전문가
2016-09-19,3,3,,Michael Pento: The Coming Bond Bubble Collapse (Podcast),Michael Pento: 다가오는 채권 버블 붕괴(팟캐스트)
2019-06-01,3,3,,Silver Miners' Q1 2019 Fundamentals,은 채굴자의 2019년 1분기 기본 사항
2015-04-13,3,3,,The Inspiration Fund - Q1 2015 Letter,영감 기금 ​​- 2015년 1분기 편지
2012-09-13,3,3,,Special Dividend for DSW Investors - Analyst Blog,DSW 투자자를 위한 특별 배당금 - 애널리스트 블로그
2017-12-07,3,3,,Best And Worst Q4 2017: Large-Cap Blend ETFs And Mutual Funds,2017년 4분기 최고 및 최악: 대형주 혼합 ETF와 뮤추얼 펀드
2020-05-08,3,3,,"The Zacks Analyst Blog Highlights: Procter & Gamble, Exxon Mobil, Adobe Systems, Comcast and Las Vegas Sands","Zacks 분석가 블로그 하이라이트: Procter & Gamble, Exxon Mobil, Adobe Systems, Comcast 및 Las Vegas Sands"
2012-02-13,3,3,,"New Ratings ( BUD, AES, MNKD, OMCL )","새로운 등급(BUD, AES, MNKD, OMCL)"
2016-12-08,3,3,,Silver rigging at other banks?,다른 은행의 은조장치?
2015-07-02,3,3,,Remainder Of 2015 Looks Good For Munis,2015년의 남은 해는 Munis에게 좋을 것 같습니다
2019-08-29,3,3,,"ADTRAN (ADTN) Investor Alert: Hagens Berman Investigating ADTN's Inventory Accounting, ...","ADTRAN (ADTN) 투자자 경고: Hagens Berman, ADTN의 재고 회계 조사, ..."
2015-09-28,3,3,,Guggenheim rings the register on Astoria Financial,구겐하임이 Astoria Financial의 등록부에 전화를 겁니다.
2017-10-26,3,3,,"First Business Financial Services, Inc. Buys Public Storage, Arthur J. ...","First Business Financial Services, Inc., 공용 스토리지 구입, Arthur J. ..."
2013-05-15,3,3,,"Stocks Get Positive Near Noon; Delta, United Top Airline Rally","주식은 정오 무렵에 긍정적으로 나타납니다. 델타, 유나이티드 최고의 항공사 랠리"
2016-05-20,3,3,,"AK Steel and NanoSteel Honored With ""Breakthrough Solution of the Year"" by Platts ...","AK Steel과 NanoSteel, Platts의 ""올해의 획기적인 솔루션"" 수상"
2015-10-20,3,3,,Autobytel (ABTL) is in Overbought Territory: What's Next?,Autobytel(ABTL)이 과매수 영역에 있습니다. 다음 단계는 무엇인가요?
2018-06-05,3,3,,Agree Realty (ADC) Presents At NAREIT REITweek: 2018 Investor Conference - Slideshow,Agree Realty(ADC)가 NAREIT REITweek에서 발표합니다: 2018 투자자 컨퍼런스 - 슬라이드쇼
2018-12-11,3,3,,American Eagle Outfitters slips on light guidance,American Eagle Outfitters는 가벼운 안내에 빠져 있습니다.
2015-10-22,3,3,,Acorda Therapeutics' (ACOR) CEO Ron Cohen on Q3 2015 Results - Earnings Call Transcript,Acorda Therapeutics(ACOR) CEO Ron Cohen의 2015년 3분기 실적 - 실적 통화 기록
2017-10-30,3,3,,Will Allstate (ALL) Q3 Earnings Suffer From Weather Loss?,Allstate(ALL) 3분기 수익이 날씨 손실로 인해 어려움을 겪게 될까요?
2016-05-19,3,3,,"Increasing Yields for Altera, Coach, Ambev","Altera, Coach, Ambev의 수율 증가"
2015-06-03,3,3,,Pacific Sunwear Unveils Bearish Picture Post Q1 Results - Analyst Blog,"Pacific Sunwear, 하락세 그림 포스트 1분기 결과 공개 - 애널리스트 블로그"
2019-01-22,3,3,,Finding Value: 3 Retailers Out Of Favor Despite Outstanding Shareholder Yields,가치 발견: 뛰어난 주주 수익률에도 불구하고 인기를 잃은 소매업체 3곳
2019-08-28,3,3,,ADSK among premarket losers,시판 전 패자 중 ADSK
2015-04-22,3,3,,More on Aspen Insurance results,Aspen 보험 결과에 대한 추가 정보
2018-09-25,3,3,,Square talks new payroll app,"Square, 새로운 급여 앱 이야기"
2018-05-09,3,3,,Aegion (AEGN) Set For a Strong 2018 Despite Cost Headwinds,Aegion(AEGN)은 비용 역풍에도 불구하고 2018년에 강력한 실적을 거둘 것으로 예상됩니다.
2018-07-28,3,3,,"Market Review And Outlook: Rate Stabilization, Supply Helped Munis","시장 검토 및 전망: 금리 안정화, 공급 지원 Munis"
2015-02-23,3,3,,Can EPR Properties Surprise Earnings Estimates in Q4? - Analyst Blog,EPR Properties가 4분기에 수익 추정치를 깜짝 놀라게 할 수 있습니까? - 분석가 블로그
2019-12-19,3,3,,Accenture (ACN) Tops Q1 Earnings and Revenue Estimates,Accenture(ACN)가 1분기 수익 및 매출 추정치를 1위로 올렸습니다.
2012-04-25,3,3,,ACE Limited Beats on Lower Cat Loss - Analyst Blog,ACE Limited가 고양이 손실 감소에 앞장섰습니다 - 분석가 블로그
2019-02-20,3,3,,Agilent Technologies Inc. 2019 Q1 - Results - Earnings Call Slides,Agilent Technologies Inc. 2019년 1분기 - 결과 - 실적 발표 슬라이드
2020-02-29,3,3,,"Artificial Intelligence Market Size, Trends —…–6 – Global Industry Analysis By Top ...","인공 지능 시장 규모, 동향 —…–6 – 상위 항목별 글로벌 산업 분석"
2019-07-31,3,3,,Affimed (AFMD) Presents At 2019 Wells Fargo Biotech Corporate Access Day - Slideshow,"Affimed(AFMD), 2019 Wells Fargo Biotech Corporate Access Day에서 발표 - 슬라이드쇼"
2017-01-27,3,3,,Identifying Equity REITs Worth Keeping Versus Those To Avoid Right Now - Part IV: Hospitality (Large Caps),지금 당장 피해야 할 자산과 보유할 가치가 있는 자산 REIT 식별 - 4부: 서비스업(대형주)
2015-04-08,3,3,,Mylan Makes Biggest Bid Yet: $29 Billion For Perrigo,"Mylan, 역대 최대 입찰: Perrigo에 290억 달러 투자"
2012-02-13,3,3,,BIO CEO Conference Live Blog,BIO CEO 컨퍼런스 라이브 블로그
2019-05-27,3,3,,"Home Medical Equipment Market Report —…–9 – Global Competitive Insights, Futuristic ...","가정용 의료 장비 시장 보고서 —…–9 – 글로벌 경쟁 통찰력, 미래 지향적 ..."
2012-07-13,3,3,,Maxim to Modernize U.S. Fabs - Analyst Blog,"Maxim, 미국 Fab 현대화 - 분석가 블로그"
2014-06-04,3,3,,Teva to Buy Labrys Biologics - Analyst Blog,"Teva, Labrys Biologics 인수 - 애널리스트 블로그"
2016-06-06,3,3,,"Barrick Gold Corporation Second Quarter —…–6 Results Release, Conference Call and Webcast","Barrick Gold Corporation 2분기 —…–6개 결과 발표, 전화 회의 및 웹캐스트"
2019-08-08,3,3,,"Kohl's Could Be An Interesting Short-Term Value Realization Play, But I'm Bearish Long Term",Kohl's는 흥미로운 단기 가치 실현 플레이가 될 수 있지만 장기적으로는 약세입니다.
2014-06-03,3,3,,Will Gold Regain Its Shine This Year? - Zacks Analyst Interviews,금은 올해 다시 빛을 발할 것인가? - Zacks 분석가 인터뷰
2018-07-17,3,3,,"Evercore, Cowen name semi picks ahead of earnings","Evercore, Cowen 이름 세미픽은 실적보다 앞서"
2016-07-29,3,3,,Arctic Cat reports FQ1 results,"Arctic Cat, FQ1 결과 보고"
2018-02-20,3,3,,Healthcare Innovation Or Exacerbating The Crisis?,의료 혁신인가 아니면 위기를 악화시키는가?
2012-07-31,3,3,,Acxiom's Earnings Upbeat in 1Q - Analyst Blog,Acxiom의 1분기 실적은 긍정적 - 애널리스트 블로그
2019-10-21,3,3,,Stocks With Rising Relative Price Strength: Arbor Realty Trust,상대 가격 강도가 상승하는 주식: Arbor Realty Trust
2018-08-22,3,3,,"The Zacks Analyst Blog Highlights: Korn/Ferry International, Cypress Semiconductor, SkyWest, eXp World Holdings and Advance Auto Parts","Zacks 분석가 블로그 하이라이트: Korn/Ferry International, Cypress Semiconductor, SkyWest, eXp World Holdings 및 Advance Auto Parts"
2015-06-17,3,3,,Extra Space (EXR) Prices Offering of 5.5M Common Shares - Analyst Blog,550만 보통주를 제공하는 Extra Space(EXR) 가격 - 애널리스트 블로그
2018-05-07,3,3,,"Acadia: Damn The Torpedoes, Full Speed Ahead","아카디아: 빌어먹을 어뢰, 전속력으로 앞서라"
2015-02-04,3,3,,"Unum Group Q4 Earnings Beat on Core Business, View Intact - Analyst Blog",Unum Group 4분기 실적이 핵심 사업보다 앞섰고 그대로 확인 - 애널리스트 블로그
2018-10-10,3,3,,Akorn receives ANDA approval for Bimatoprost Ophthalmic Solution,"Akorn, Bimatoprost 점안액에 대한 ANDA 승인 획득"
2015-07-28,3,3,,2Q 2015: Stay With Credits,2015년 2분기: 크레딧 유지
2018-10-30,3,3,,Barrick Gold - Key Takeaways From Third-Quarter 2018 Results,Barrick Gold - 2018년 3분기 결과의 주요 시사점
2020-04-09,3,3,,"Dalton Greiner Hartman Maher & Co Buys Mueller Industries Inc, Envista Holdings Corp, ...","Dalton Greiner Hartman Maher & Co, Mueller Industries Inc, Envista Holdings Corp, ..."
2018-07-11,3,3,,Jacobs Clinches Eastman Chemical Contract for Two Facilities,"Jacobs, 두 시설에 대한 Eastman Chemical 계약 체결"
2016-12-23,3,3,,OMRON Doing A Lot Of The Right Things,OMRON은 올바른 일을 많이 하고 있습니다.
2015-07-29,3,3,,"Aflac Misses on Q2 Earnings and Revenues, Guides 2015 - Analyst Blog","Aflac, 2015년 2분기 수익 및 수익 누락 - 분석가 블로그"
2012-09-06,3,3,,Chemical Industry Stock Outlook - May 2012 - Zacks Analyst Interviews,화학 산업 주식 전망 - 2012년 5월 - Zacks 분석가 인터뷰
2017-08-24,3,3,,Should You Hold NRG Energy (NRG) Stock in Your Portfolio Now?,지금 포트폴리오에 NRG 에너지(NRG) 주식을 보유해야 합니까?
2019-02-25,3,3,,Bank Issues Could Impact 20% Yielding ETNs,은행 문제로 인해 ETN 수익률 20%에 영향을 미칠 수 있음
2011-02-10,3,3,,"Activision, NYSE: New Targets, Estimates","Activision, NYSE: 새로운 목표, 추정치"
2019-01-30,3,3,,"Sempra to Sell Stakes in Chile & Peru, Focus on N. America","셈프라, 칠레·페루 지분 매각, 북미에 집중"
2015-02-03,3,3,,Is Cigna (CI) Poised to Beat Q4 Earnings Estimates? - Analyst Blog,Cigna(CI)가 4분기 수익 추정치를 상회할 준비가 되어 있습니까? - 분석가 블로그
2016-06-02,3,3,,Breaking My 'A-Team' Into Pieces - Part VII - Ladder Capital Corp,내 'A팀'을 산산조각내기 - 7부 - Ladder Capital Corp
2015-07-10,3,3,,GlaxoSmithKline's Gene Therapy Coming Of Age?,GlaxoSmithKline의 유전자 치료 시대의 도래?
2011-06-23,3,3,,Middle East to Taste DineEquity - Analyst Blog,중동에서 DineEquity를 맛보세요 - 분석가 블로그
2017-10-18,3,3,,Arthur J. Gallagher Grows in New Mexico With New Buyout,"Arthur J. Gallagher, 새로운 인수로 뉴멕시코에서 성장"
2016-03-22,3,3,,Origin hikes Affymetrix buyout offer to $17/share,"Origin, Affymetrix 인수 제안을 주당 17달러로 인상"
2020-02-21,3,3,,What's in Store for Booking Holdings' (BKNG) Q4 Earnings?,Booking Holdings(BKNG)의 4분기 수익은 어떻게 되나요?
2015-12-16,3,3,,"AGCO - Another Soft Year Coming, Few Triggers To Buy Into The Stock Now","AGCO - 또 다른 소프트한 해가 다가오고 있으며, 지금 주식을 매수할 계기는 거의 없습니다."
2020-05-15,3,3,,"Oak Associates Ltd Buys Alcon Inc, Visa Inc, Stryker Corp, Sells KLA Corp, U.S. ...","Oak Associates Ltd는 Alcon Inc, Visa Inc, Stryker Corp를 인수하고 미국 KLA Corp를 매각합니다."
2015-09-11,3,3,,Barrick Named to Dow Jones Sustainability Index,"Barrick, 다우존스 지속가능성 지수에 선정"
2016-08-03,3,3,,Endeavor Silver: Time To Buy?,엔데버 실버: 매수 시점인가?
2015-02-27,3,3,,Will Berkshire Hathaway (BRK.B) Earnings Surprise in Q4? - Analyst Blog,버크셔 해서웨이(BRK.B)가 4분기에 깜짝 놀랄 만한 실적을 낼 것인가? - 분석가 블로그
2019-08-16,3,3,,Fly Leasing (FLY) to Report Q2 Earnings: What's in Store?,FLY(Fly Leasing)를 통해 2분기 수익 보고: 무엇이 준비되어 있나요?
2013-09-18,3,3,,"Futures Turn Mixed On Data; FedEx, Alliance Fiber Climb","선물은 혼합된 데이터를 사용합니다. FedEx, 얼라이언스 파이버 클라이밍"
2019-08-10,3,3,,Worldwide Anaesthesia Machine Leading Market Players Analysis on the basis of Production ...,생산을 기반으로 한 전세계 마취 기계 선도 시장 플레이어 분석 ...
2015-06-19,3,3,,Caterpillar's (CAT) Monthly Sales Continue to Go Downhill - Analyst Blog,Caterpillar(CAT)의 월간 매출이 계속 하락세를 보이고 있습니다. - 애널리스트 블로그
2019-08-02,3,3,,"Acorda Therapeutics, Inc. 2019 Q2 - Results - Earnings Call Slides","Acorda Therapeutics, Inc. 2019년 2분기 - 결과 - 실적 발표 슬라이드"
2013-12-24,3,3,,Cintas Retains Neutral Tag - Analyst Blog,Cintas는 중립 태그를 유지합니다 - 분석가 블로그
2014-02-28,3,3,,Seattle Genetics Presents Data on Adcetris - Analyst Blog,Seattle Genetics는 Adcetris에 대한 데이터를 제시합니다 - 분석가 블로그
2012-01-12,3,3,,Five Cheaper ETFs You Probably Overlooked - Leveraged ETFs,아마도 간과했을 가능성이 있는 5가지 저렴한 ETF - 레버리지 ETF
2016-02-17,3,3,,Acadia Healthcare's (ACHC) CEO Joey Jacobs on Q4 2015 Results - Earnings Call Transcript,Acadia Healthcare(ACHC) CEO Joey Jacobs의 2015년 4분기 실적 - 실적 통화 기록
2020-05-05,3,3,,"Waratah Capital Advisors Ltd. Buys Barrick Gold Corp, Automatic Data Processing Inc, Lamar ...","Waratah Capital Advisors Ltd., Barrick Gold Corp, 자동 데이터 처리 Inc, Lamar ... 인수"
2016-05-02,3,3,,Market iShares announces monthly distributions,Market iShares는 월간 배포를 발표합니다.
2017-12-26,3,3,,3 Bold Biotech Predictions For 2018!,2018년 3가지 대담한 생명공학 예측!
2016-04-22,3,3,,Correlation And Likely Trend For Gold And Silver,금과 은의 상관관계 및 가능성 있는 추세
2019-11-12,3,3,,Top Ranked Income Stocks to Buy for November 12th,11월 12일 매수할 상위 소득주
2019-11-05,3,3,,Animal Spirits Remain Animated,동물 영혼은 계속 살아있습니다
2014-06-24,3,3,,Forest Laboratories Reports Positive Data on Viibryd - Analyst Blog,"산림연구소, Viibryd에 대한 긍정적인 데이터 보고 - 분석가 블로그"
2019-07-19,3,3,,What's in Store for Varian Medical (VAR) in Q3 Earnings?,Varian Medical(VAR)의 3분기 수익은 어떻게 되나요?
2020-02-29,3,3,,Recreational Vehicle Awnings Market (New PDF) [Review: —…—…-—…—9] | Top Players ...,레저용 차량 차양 시장(새 PDF) [검토: —…—…-—…—9] | 최고의 플레이어 ...
2013-09-30,3,3,,Encouraging Pipeline Data from BioMarin - Analyst Blog,BioMarin의 파이프라인 데이터 장려 - 분석가 블로그
2018-11-16,3,3,,Adecoagro SA (AGRO) CEO Mariano Bosch on Q3 2018 Results - Earnings Call Transcript,Adecoagro SA (AGRO) CEO Mariano Bosch의 2018년 3분기 결과 - 수익 통화 기록
2013-02-21,3,3,,BHP's Disappointing Half-Year - Analyst Blog,BHP의 실망스러운 반년 - 애널리스트 블로그
2019-04-25,3,3,,Southwest (LUV) Q1 Earnings & Revenues Top Despite Headwinds,사우스웨스트(LUV) Q1 수익 및 수익은 역풍에도 불구하고 최고 기록
2013-09-20,3,3,,Generic Product Launches at Actavis - Analyst Blog,Actavis에서 일반 제품 출시 - 분석가 블로그
2018-10-17,3,3,,Duke Energy Unveils Green Energy Project in South Carolina,"Duke Energy, 사우스캐롤라이나에서 그린 에너지 프로젝트 공개"
2015-04-27,3,3,,"Maxim (MXIM) Beats Q3 Earnings, Lags Revenue Estimates - Analyst Blog",Maxim(MXIM)이 3분기 실적을 상회하고 수익 추정치를 뒤처졌습니다 - 분석가 블로그
2019-04-23,3,3,,Equity Residential Should Be A Core Holding In Your REIT Portfolio,주거용 주식은 REIT 포트폴리오의 핵심 보유가 되어야 합니다.
2018-07-30,3,3,,DivGro Pulse: July 2018,DivGro 펄스: 2018년 7월
2020-05-04,3,3,,"Stratos Wealth Partners, LTD. Buys iShares Core MSCI Emerging Markets, iShares Core S&P ...","Stratos Wealth Partners, LTD. iShares Core MSCI 신흥 시장, iShares Core S&P ... 구매"
2016-02-22,3,3,,"Oil ETFs, Oil Stocks Jump As S&P 500 Tries To Retake Key Level","석유 ETF, 석유 주식은 S&P 500이 주요 수준을 되찾으려고 시도함에 따라 급등합니다."
2019-09-26,3,3,,Greenback Remains Firm,그린백은 확고한 상태를 유지합니다
2015-01-16,3,3,,BAML makes coverage moves in lodging REITs,BAML은 숙박 REIT에서 적용 범위를 이동합니다.
2014-08-22,3,3,,Lazard (LAZ) Hits New 52-Week High on Strong M&A Backdrop - Analyst Blog,"Lazard(LAZ), 강력한 M&A 배경으로 52주 최고 기록 경신 - 애널리스트 블로그"
2012-11-29,3,3,,Upbeat About Genesco 3Q: Preview - Analyst Blog,Genesco 3Q에 대한 긍정적인 소식: 미리보기 - 분석가 블로그
2015-12-24,3,3,,Avago-Broadcom Merger Could Open New Markets,Avago-Broadcom 합병으로 새로운 시장 개척 가능
2019-10-18,3,3,,"Biechele Royce Advisors Buys ABB, Robert Half International Inc, Kellogg Co, Sells Chevron ...","Biechele Royce Advisors, ABB 매입, Robert Half International Inc, Kellogg Co, Chevron 매각..."
2018-02-08,3,3,,"ADVANCE AUTO PARTS LEAD PLAINTIFF ALERT: Faruqi & Faruqi, LLP Encourages Investors Who ...","ADVANCE 자동차 부품 리드 원고 경고: Faruqi & Faruqi, LLP는 다음과 같은 투자자를 장려합니다."
2015-07-02,3,3,,Citi: Time to buy the dip in REITs,Citi: REIT 하락세를 매수할 때
2014-05-21,3,3,,"Cato Q1 Earnings In Line, Shares Dip - Analyst Blog",Cato Q1 수익이 줄고 주가가 하락합니다 - 분석가 블로그
2016-10-24,3,3,,ACCO Brands (ACCO) Q3 2016 Results - Earnings Call Transcript,ACCO Brands (ACCO) 2016년 3분기 실적 - 실적 통화 기록
2018-11-23,3,3,,Here's Why You Should Hold On to FactSet (FDS) Stock Now,지금 FDS(FactSet) 주식을 보유해야 하는 이유는 다음과 같습니다.
2017-05-31,3,3,,"ACETO Subsidiary, Rising Pharmaceuticals, Launches Atomoxetine Capsules, –…, –8, —5, ...","ACETO 자회사, Rising Pharmaceuticals, Atomoxetine 캡슐 출시, –…, –8, –5, ..."
2014-04-15,3,3,,Is Assured Guaranty (AGO) Stock a Solid Choice Right Now? - Tale of the Tape,AGO(보증 보증) 주식이 현재 확실한 선택인가요? - 테이프 이야기
2015-07-29,3,3,,How Alliance Fiber (AFOP) Stock Stands Out in a Strong Industry - Tale of the Tape,Alliance Fiber(AFOP) 주식이 강력한 산업에서 돋보이는 방법 - 테이프 이야기
2011-05-09,3,3,,Advaxis: balance sheet boosted with secured financing - Analyst Blog,Advaxis: 확보된 자금조달로 대차대조표 강화 - 애널리스트 블로그
2013-07-23,3,3,,W.R. Berkley Earnings Beat Estimates - Analyst Blog,W.R. Berkley 수익은 추정치를 상회합니다 - 분석가 블로그
2020-04-21,3,3,,"FILING DEADLINE--Kuznicki Law PLLC Announces Class Actions on Behalf of Shareholders of AAN, ...","제출 마감일 - Kuznicki Law PLLC, AAN 주주를 대신하여 집단 소송 발표"
2020-01-06,3,3,,Top Ranked Income Stocks to Buy for January 6th,1월 6일에 매수할 상위 소득 주식
2020-04-16,3,3,,"Rhenman & Partners Asset Management AB Buys AbbVie Inc, Zimmer Biomet Holdings Inc, CVS ...","Rhenman & Partners Asset Management AB, AbbVie Inc, Zimmer Biomet Holdings Inc, CVS 인수..."
2013-07-31,3,3,,"Dr. Reddy's Misses on Earnings, Revs - Analyst Blog","Dr. Reddy의 수익 손실, Revs - 분석가 블로그"
2019-02-11,3,3,,What's in the Offing for TripAdvisor's (TRIP) Q4 Earnings?,TripAdvisor(TRIP)의 4분기 수익은 어떻게 될까요?
2019-08-20,3,3,,"Steinberg Asset Management Llc Buys HCA Healthcare Inc, Visteon Corp, Century Communities Inc, ...","Steinberg Asset Management Llc는 HCA Healthcare Inc, Visteon Corp, Century Communities Inc, ...를 인수합니다."
2011-05-26,3,3,,AutoZone Reports Strong 3Q - Analyst Blog,"AutoZone, 강력한 3분기 실적 보고 - 애널리스트 블로그"
2014-10-01,3,3,,Agnico Eagle Updates on Exploration; Renames IVR Project - Analyst Blog,탐험에 대한 Agnico Eagle 업데이트; IVR 프로젝트 이름 변경 - 분석가 블로그
2020-04-28,3,3,,"Murphy Capital Management Inc Buys Trane Technologies PLC, Ingersoll Rand Inc, VanEck Vectors ...","Murphy Capital Management Inc, Trane Technologies PLC, Ingersoll Rand Inc, VanEck Vector 인수..."
2020-02-26,3,3,,"Market Talk – Wednesday, Feb. 26",마켓 토크 – 2월 26일 수요일
2020-04-20,3,3,,Smith Shellnut Wilson Llc Buys iShares Core U.S. ...,"Smith Shellnut Wilson Llc, 미국 iShares Core 인수"
2011-10-25,3,3,,Zacks #1 Rank Additions for Tuesday - Tale of the Tape,화요일 Zacks #1 순위 추가 - Tale of the Tape
2018-07-18,3,3,,ASA Gold And Precious Metals: All You Need For A Diversified Precious Metals Portfolio,ASA 금 및 귀금속: 다양한 귀금속 포트폴리오에 필요한 모든 것
2018-01-17,3,3,,Nutanix Plans Senior Notes Offering Due to Mature in 2023,"뉴타닉스, 2023년 만기 예정인 시니어 노트 제공 계획"
2015-02-25,3,3,,Are Risk Parity Funds Worth The Cost?,리스크 패리티 펀드는 비용 대비 가치가 있나요?
2017-03-01,3,3,,"Marcato Capital Management Llc Buys AAR, Eldorado Resorts, Craft Brew Alliance, Sells Bank of ...","Marcato Capital Management Llc는 AAR, Eldorado Resorts, Craft Brew Alliance를 인수하고 Bank of ..."
2016-12-21,3,3,,Market Is In Animal Spirits Mode - Cramer's Mad Money (12/20/16),시장은 동물 영혼 모드에 있습니다 - Cramer's Mad Money(16/12/20)
2014-01-13,3,3,,ACE Approves 24% Dividend Hike - Analyst Blog,"ACE, 24% 배당금 인상 승인 - 애널리스트 블로그"
2018-08-10,3,3,,"Applied Industrial Technologies, Inc. 2018 Q4 - Results - Earnings Call Slides","Applied Industrial Technologies, Inc. 2018년 4분기 - 결과 - 실적 발표 슬라이드"
2018-09-18,3,3,,Data And Analysis For All Big mREITs,모든 대형 mREIT에 대한 데이터 및 분석
2018-08-02,3,3,,Is There A Method Behind The Madness Of Trump's Trade Policy?,트럼프의 광란 무역 정책 뒤에는 방법이 있습니까?
2016-03-24,3,3,,Seeking Alpha's Market Challenge: Digging For Gold Miners,Alpha의 시장 도전 모색: 금광 발굴
2015-02-20,3,3,,Google's YouTube Set to Roll Out Kids App Next Week - Analyst Blog,"Google의 YouTube, 다음 주에 어린이용 앱 출시 예정 - 분석가 블로그"
2015-02-17,3,3,,India And Central Banks Could Provide Just What Gold Needs,인도와 중앙은행은 금에 필요한 것을 제공할 수 있습니다
2016-09-27,3,3,,Disney Prepping Twitter Bid,디즈니 준비 트위터 입찰
2015-05-13,3,3,,American DG Energy reports Q1 results,"American DG Energy, 1분기 실적 보고"
2017-01-31,3,3,,Here's Exactly How Hedge Funds Are Positioned In Stocks And Oil,헤지펀드가 주식과 석유에 정확히 어떻게 배치되어 있는지는 다음과 같습니다.
2019-05-08,3,3,,Top Ranked Momentum Stocks to Buy for May 8th,5월 8일에 매수할 상위 모멘텀 주식
2017-12-19,3,3,,Piper Jaffray initiates several semiconductor companies,Piper Jaffray는 여러 반도체 회사를 설립했습니다.
2018-01-24,3,3,,"RMR Advisors, Inc. Buys Global Medical REIT Inc, Jernigan Capital Inc, CyrusOne Inc, Sells ...","RMR Advisors, Inc.는 Global Medical REIT Inc, Jernigan Capital Inc, CyrusOne Inc를 인수하고 ..."
2015-08-18,3,3,,Will Tech Data (TECD) Surprise Estimates in Q2 Earnings?,Tech Data(TECD)가 2분기 수익에 깜짝 추정을 하게 될까요?
2016-07-13,3,3,,Companies From A Winning Team,승리하는 팀의 회사
2016-12-15,3,3,,Will AK Steel Holding (AKS) Continue to Surge Higher?,AK Steel Holding (AKS)이 계속해서 상승할 것인가?
2014-04-25,3,3,,Can Ameriprise (AMP) Keep the Earnings Streak Alive? - Analyst Blog,Ameriprise(AMP)가 연속 수익을 유지할 수 있습니까? - 분석가 블로그
2016-02-24,3,3,,Largest Gold ETF Eyes Breakout; Biggest Utility ETF Near Buy Point,최대 규모의 금 ETF 눈 브레이크아웃; 매수 시점에 가까운 가장 큰 유틸리티 ETF
2014-12-31,3,3,,Accretive Capital Partners Nominates Richard Fearon And Dilip Singh To The Board Of Directors Of Actions Semiconductor,Accretive Capital Partners는 Richard Fearon과 Dilip Singh을 Actions Semiconductor 이사회에 임명했습니다.
2018-03-09,3,3,,Key events next week - healthcare (continued #3),다음 주 주요 이벤트 - 헬스케어(계속 #3)
2014-01-27,3,3,,Can WESCO International (WCC) Surprise This Earnings Season? - Analyst Blog,WESCO International(WCC)이 이번 실적 시즌을 놀라게 할 수 있을까요? - 분석가 블로그
2018-12-11,3,3,,AECOM reiterates long-term financial forecast,"AECOM, 장기 재무 예측 재확인"
2018-07-18,3,3,,Applied Industrial Technologies to Report Fourth Quarter and Fiscal Year-End Results on August ...,"Applied Industrial Technologies, 8월 4분기 및 회계연도 결산 결과 발표..."
2015-04-06,3,3,,Why Buy Pep Boys Going Into Earnings When AutoZone And Advance Auto Parts Are Cheaper?,AutoZone과 Advance Auto Parts가 더 저렴할 때 Pep Boys를 구매하여 수익을 얻는 이유는 무엇입니까?
2014-07-30,3,3,,Willis Group (WSH) Misses on Q2 Earnings as Expenses Rise - Analyst Blog,"윌리스 그룹(WSH), 비용 증가로 2분기 수익 손실 - 분석가 블로그"
2016-11-22,3,3,,Thoughts On A Handful Of mREITs And The State Of The Industry (Week 56),소수의 mREIT와 업계 현황에 대한 생각(56주차)
2019-12-16,3,3,,"Bull of the Day: Tilly's, Inc. (TLYS)","오늘의 황소: Tilly's, Inc.(TLYS)"
2018-10-25,3,3,,"AK Steel, Mattel, Expedia among AH movers","AH 이사 중 AK Steel, Mattel, Expedia"
2013-08-06,3,3,,"Unum Beats Earnings, Misses Rev. - Analyst Blog",Unum은 수익을 능가하고 Rev.를 그리워합니다 - 분석가 블로그
2020-04-27,3,3,,"EULAV Asset Management Buys S&P Global Inc, Shopify Inc, Roper Technologies Inc, Sells ...","EULAV 자산 관리, S&P Global Inc, Shopify Inc, Roper Technologies Inc 인수..."
2015-07-31,3,3,,Barrick Gold: To Sell A 50 Percent Interest In The Zaldívar Copper Mine In Chile To Antofagasta,Barrick Gold: 칠레 Zaldívar 구리 광산 지분 50%를 Antofagasta에 매각
2018-07-25,3,3,,Acorda down 11% on failed attempt to block Ampyra competition,Acorda는 Ampyra 경쟁을 차단하려는 시도가 실패하여 11% 하락했습니다.
2011-10-14,3,3,,"Advent Software Inc. (ADVS) CEO Stephanie Dimarco sells 3,400 Shares","Advent Software Inc.(ADVS) CEO Stephanie Dimarco가 3,400주를 매각합니다."
2019-06-13,3,3,,Adamis: Share Price Continues To Grind Down To A Fine Discount,Adamis: 주가는 계속해서 좋은 할인을 받고 있습니다.
2015-07-01,3,3,,Ace builds more scale with Chubb purchase,"Ace, Chubb 구매로 규모 확대"
2015-02-11,3,3,,ACCO Brands (ACCO) Q4 2014 Results - Earnings Call Webcast,ACCO Brands (ACCO) 2014년 4분기 실적 - 수익콜 웹캐스트
2016-11-15,3,3,,"Barrick, NovaGold name Cole to manage Donlin gold project","Barrick, NovaGold, Donlin 금 프로젝트 관리에 Cole 임명"
2020-03-05,3,3,,"Alnylam, Vir Collaborate on RNAi Therapy for Coronavirus","Alnylam과 Vir, 코로나바이러스에 대한 RNAi 치료에 협력"
2015-09-11,3,3,,Jeff Ubben Increases Stake in Agrium,"Jeff Ubben, Agrium 지분 증가"
2015-05-29,3,3,,Should You Get Rid of Aeropostale (ARO) Now? - Tale of the Tape,지금 ARO(Aeropostale)를 제거해야 합니까? - 테이프 이야기
2010-12-30,3,3,,"Insiders Trading ANDS, AAN, KRA, LAMR","내부자 거래 ANDS, AAN, KRA, LAMR"
2016-02-08,3,3,,Political And Psychosocial Reasons For Recent Central Bank Inefficiency,"최근 중앙은행의 비효율성에 대한 정치적, 심리사회적 이유"
2018-01-27,3,3,,"3 Things In Biotech You Should Learn Today: January 26, 2018",오늘 당신이 배워야 할 생명공학 분야의 3가지: 2018년 1월 26일
2019-11-26,3,3,,"Glove Boxes Market Scope and Growing Demands —…—… | Key Players: Bioquell, Clean Air ...","글러브 박스 시장 범위 및 수요 증가 —…—… | 주요 플레이어: Bioquell, Clean Air ..."
2013-10-09,3,3,,Kamstrup Selects Agilent's ADS - Analyst Blog,"Kamstrup, Agilent의 ADS 선택 - 분석가 블로그"
2014-01-10,3,3,,ANF Shares Gain on Improved Holiday Sales - Analyst Blog,휴일 판매 개선으로 ANF 주가 상승 - 분석가 블로그
2015-04-06,3,3,,Sucampo Stock Spikes On Bullish Initiation Report,낙관적 개시 보고서에 대한 Sucampo 주식 급등
2015-07-31,3,3,,"Western Union (WU) Beats on Q2 Earnings, Updates View - Analyst Blog",웨스턴 유니온(WU)이 2분기 실적을 앞지르고 업데이트 보기 - 애널리스트 블로그
2018-01-26,3,3,,"Qualcomm Fined by EC, Signs MoU With 4 Handset Developers","EC로부터 벌금을 부과받은 Qualcomm, 4개의 휴대폰 개발자와 MOU 체결"
2019-11-12,3,3,,"Oak Associates Ltd Buys Global Payments Inc, NXP Semiconductors NV, Medtronic PLC, Sells Total ...","Oak Associates Ltd, Global Payments Inc, NXP Semiconductors NV, Medtronic PLC 인수, 총 매각..."
2017-05-04,3,3,,"Xact Kapitalforvaltning AB Buys Allergan PLC, SPDR S&P 5……, Danaher Corp, Sells Wells ...","Xact Kapitalforvaltning AB, Allergan PLC, SPDR S&P 5…… 구입, Danaher Corp, Wells 매각…"
2018-12-08,3,3,,Palladium Shortages Expose Broken Futures Markets; Craig Hemke Warns Of Fraud...,"팔라듐 부족으로 인해 손상된 선물 시장이 노출됩니다. Craig Hemke, 사기 경고"
2019-02-14,3,3,,Ares Commercial Real Estate (ACRE) Earnings Expected to Grow: Should You Buy?,상업용 부동산(ACRE) 수익이 증가할 것으로 예상됩니까? 구매해야 합니까?
2013-03-28,3,3,,Avista Rate Case Ok'd by IPUC - Analyst Blog,IPUC에 의해 Avista 요율 사례 승인 - 분석가 블로그
2020-04-15,3,3,,"Retirees Should Know These 3 Facts About Required Minimum Distributions - April 15, 2020",퇴직자는 필수 최소 분배금에 대한 3가지 사실을 알아야 합니다 - 2020년 4월 15일
2013-02-11,3,3,,ABB Wins Brazilian Shipyard Contract - Analyst Blog,"ABB, 브라질 조선소 계약 체결 - 애널리스트 블로그"
2018-03-09,3,3,,Wall Street Breakfast: Jobs And Wages In Focus,월스트리트 아침식사: 일자리와 임금에 초점을 맞췄다
2014-08-04,3,3,,Affymetrix Down despite Q2 Earnings and Revenues Beat - Analyst Blog,2분기 수익 및 수익 감소에도 불구하고 Affymetrix 하락 - 애널리스트 블로그
2019-08-13,3,3,,Adaptive Biotechnologies EPS of -$1.23,-$1.23의 적응형 생명공학 EPS
2016-05-16,3,3,,John Hathaway: $1.3B Fund Manager: Silver Is A Barometer For Resource Interest And It's Registering ZERO,John Hathaway: 13억 달러 규모의 펀드 매니저: 은은 자원 관심도의 바로미터이며 0을 기록하고 있습니다.
2020-03-16,3,3,,The King Is Dead. Long Live The King!,왕은 죽었다. 왕 만세!
2019-08-21,3,3,,Cannabis' Tissue Culture Technology With David Brough,David Brough와 함께하는 대마초의 조직 배양 기술
2015-07-15,3,3,,"Defense Stock Roundup: Lockheed Rumored to Buy Sikorsky, AAR Beats on Q4 Earnings - Analyst Blog","방산 주식 정리: 록히드가 Sikorsky를 인수할 것이라는 소문, AAR이 4분기 실적을 능가 - 애널리스트 블로그"
2014-02-28,3,3,,Steel Industry Stock Outlook - March 2014 - Industry Outlook,철강산업 주가 전망 - 2014년 3월 - 산업 전망
2011-05-24,3,3,,Four Overlooked Agriculture Stocks,간과되는 4가지 농업 주식
2012-08-02,3,3,,Mixed 2Q from Unum Group - Analyst Blog,Unum Group의 혼합 2분기 - 애널리스트 블로그
2018-12-12,3,3,,Affimed: Positive Takeaways From AFM-13 Focused R&D Day; Multiple Catalysts Ahead Including Potential Partnership With PD1/PD-L1 Company For AFM13 Combo Trial,Affimed: AFM-13 집중 R&D 데이의 긍정적인 시사점; AFM13 콤보 시험을 위한 PD1/PD-L1 회사와의 잠재적 파트너십을 포함하여 앞으로 여러 촉매제가 있을 예정
2015-02-25,3,3,,Health Insurers Flock to 52-Week Highs on CMS Proposal - Analyst Blog,CMS 제안으로 건강 보험사들이 52주 최고치를 기록했습니다 - 분석가 블로그
2015-05-22,3,3,,"Advance Auto Parts' Q1 Earnings Miss Estimates, Rise Y/Y - Analyst Blog",Advance Auto Parts의 1분기 실적은 예상치를 벗어나 Y/Y 상승 - 애널리스트 블로그
2019-12-24,3,3,,"Gold Review - Tuesday, December 24",골드 리뷰 – 12월 24일 화요일
2019-08-07,3,3,,6 Sector ETFs in Tight Spot on Renewed Trade Tensions,재개된 무역 긴장으로 인해 곤경에 처한 6개 부문 ETF
2012-08-30,3,3,,The Day Ahead: Be the Boss and Plan the Shots,앞으로의 하루: 보스가 되어 샷을 계획하세요
2014-08-15,3,3,,Mack-Cali Enhances Portfolio with Multi-Family Investments - Analyst Blog,"Mack-Cali, 다가구 투자로 포트폴리오 강화 - 애널리스트 블로그"
2015-05-23,3,3,,"Schwab Warns On Munis, Those 'Affected By Pensions' Are Toxic",Schwab은 Munis에 대해 경고합니다. '연금의 영향을 받는' 사람들은 유독합니다.
2018-11-25,3,3,,SLV: 5 Reasons Why Silver Is Making A Long-Term Bottom Here,SLV: 은이 장기적으로 바닥을 찍고 있는 5가지 이유
2019-03-07,3,3,,There Is More Value In The Finance Sector Than In Any Other Sector: Part 9,금융 부문에는 다른 어떤 부문보다 더 많은 가치가 있습니다: 9부
2017-07-26,3,3,,New Strong Buy Stocks for July 26th,7월 26일 신규 적극 매수 주식
2015-10-15,3,3,,Gold Benefits From A Weak USD,USD 약세로 인한 금 혜택
2020-02-11,3,3,,Adamas Announces Publication of the Two-Year Phase ' Open-Label EASE LID — Trial of ...,"Adamas, 2년 단계 '오픈 라벨 EASE LID' 출시 발표 - ..."
2019-04-02,3,3,,IBD Stock Of The Day O'Reilly Auto Parts Hits New Buy Point After 81% Run,"오늘의 IBD 주식 O'Reilly Auto Parts, 81% 상승 후 새로운 매수 포인트 달성"
2018-06-27,3,3,,Fixed Income: From Economic Convergence To Divergence,채권: 경제 수렴에서 발산으로
2016-11-05,3,3,,Ares Commercial Real Estate's (ACRE) CEO Rob Rosen on Q3 2016 Results - Earnings Call Transcript,Ares Commercial Real Estate(ACRE)의 CEO인 Rob Rosen의 2016년 3분기 결과 - 수익 통화 기록
2019-09-10,3,3,,Stitch Fix - An Opportunity Of A Lifetime,Stitch Fix - 일생일대의 기회
2016-02-12,3,3,,Westport Trims Nearly 39% of Stakes in Portfolio,Westport는 포트폴리오 지분의 거의 39%를 삭감합니다.
2015-05-14,3,3,,Keurig Green Mountain - Paying The Price For Misreading Brand Loyalty,Keurig Green Mountain - 브랜드 충성도를 잘못 읽은 대가를 치르다
2017-06-28,3,3,,Why is Hold Strategy Apt for Everest Re (RE) Stock Now?,지금 Everest Re(RE) Stock Now에 홀드 전략이 적합한 이유는 무엇입니까?
2019-09-12,3,3,,Top Ranked Income Stocks to Buy for September 12th,9월 12일 매수할 상위 소득주
2016-06-16,3,3,,They Broke The Bank Of England Together - Now Druckenmiller And Soros Are Buying Barrick Gold,그들은 함께 영국 은행을 파산했습니다 - 이제 Druckenmiller와 Soros가 Barrick Gold를 구매하고 있습니다
2019-08-05,3,3,,Diversification: Making Money When Markets Freak Out,다각화: 시장이 불안할 때 돈 버는 방법
2014-06-16,3,3,,Williams' Access Buy Would Create Natural Gas Giant,Williams의 Access Buy는 천연 가스 거대 기업을 만들 것입니다
2014-12-30,3,3,,"AMAG, Takeda Mutually End Agreement for Feraheme - Analyst Blog","AMAG와 다케다, Feraheme에 대한 상호 계약 종료 - 분석가 블로그"
2018-10-24,3,3,,Acadia Realty Trust (AKR) Q3 Earn FFO ings Lag Estimates,Acadia Realty Trust (AKR) Q3 FFO 수익 지연 추정치
2020-04-21,3,3,,"MinichMacGregor Wealth Management, LLC Buys United Parcel Service Inc, iShares –-' Year ...","MinichMacGregor Wealth Management, LLC는 United Parcel Service Inc, iShares를 인수합니다 –-' 연도 ..."
2013-01-08,3,3,,Neutral Stance on Waddell & Reed - Analyst Blog,Waddell & Reed에 대한 중립 입장 - 분석가 블로그
2018-05-08,3,3,,Nice bounce for chain store sales,체인점 판매에 좋은 반등
2015-04-28,3,3,,Growing And Undervalued: Aflac Inc.,성장하고 있지만 저평가되어 있는: Aflac Inc.
2019-08-16,3,3,,Palatin's (PTN) to Report Q4 Earnings: What's in the Cards?,Palatin's(PTN)의 4분기 수익 보고: 카드에는 무엇이 들어있나요?
2018-08-02,3,3,,"AcelRx Pharmaceuticals, Inc. (ACRX) CEO Vince Angotti on Q2 2018 Results - Earnings Call Transcript","AcelRx Pharmaceuticals, Inc.(ACRX) CEO Vince Angotti의 2018년 2분기 실적 - 실적 통화 기록"
2015-03-04,3,3,,Tinder's New Premium Service to Cost More for Users Over 30 - Analyst Blog,30세 이상의 사용자를 위한 Tinder의 새로운 프리미엄 서비스 - 분석가 블로그
2019-02-13,3,3,,Levi Strauss files for IPO,"리바이 스트라우스, IPO 신청"
2018-02-01,3,3,,Triple Digit Oil Prices: Are You Ready? Goehring & Rozencwajg Natural Resource Market Commentary Q4 2017,세 자릿수 유가: 준비되셨나요? Goehring & Rozencwajg 천연자원 시장 해설 2017년 4분기
2016-02-09,3,3,,Argo Group International's (AGII) CEO Mark Watson on Q4 2015 Results - Earnings Call Transcript,Argo Group International(AGII)의 CEO인 Mark Watson의 2015년 4분기 실적 - 실적 통화 기록
2014-12-12,3,3,,Achaogen (AKAO) is in Overbought Territory: What's Next? - Tale of the Tape,Achaogen (AKAO)이 과매수 영역에 있습니다. 다음 단계는 무엇입니까? - 테이프 이야기
2012-08-01,3,3,,Trading Idea - Applied Industrial A Doji Close,Trading Idea - 산업용 A도지 적용 Close
2020-05-15,3,3,,"Peloton Wealth Strategists Buys Microsoft Corp, Intuitive Surgical Inc, WestRock Co, Sells ...","Peloton Wealth Strategists는 Microsoft Corp, Intuitive Surgical Inc, WestRock Co를 인수하고 ..."
2012-06-27,3,3,,"AMERICAN CAPITAL, LTD. (ACAS) CFO and Pres., Structured Fin. John R Erickson sells 6,747 Shares","아메리칸 캐피탈, LTD. (ACAS) CFO 겸 사장, Structured Fin. John R Erickson, 6,747주 매도"
2019-03-18,3,3,,AAR awarded $10.8M order from U.S. Air Force,"AAR, 미 공군으로부터 1080만 달러 규모 주문 수주"
2016-11-14,3,3,,AdCare Health Systems' (ADK) CEO Bill McBride on Q3 2016 Results - Earnings Call Transcript,AdCare Health Systems(ADK) CEO Bill McBride의 2016년 3분기 결과 - 수익 통화 기록
2018-04-30,3,3,,Digital Realty Trust: Fantastic Total Return In A Growing REIT Business Sector,디지털 부동산 신탁: 성장하는 REIT 비즈니스 부문에서 환상적인 총 수익
2014-06-26,3,3,,Diamond Hill Capital Comments on Actavis Inc,Actavis Inc에 대한 Diamond Hill Capital의 의견
2012-02-10,3,3,,AK Steel Approaching its 50 Day,AK스틸이 창립 50일을 앞두고 있습니다.
2015-08-11,3,3,,Winning Stock Picking Ideas from Last Week's Employment Report,지난 주 고용 보고서에서 주식 선정 아이디어 획득
2015-03-09,3,3,,Eli Lilly Down After an Unfavourable German Court Ruling - Analyst Blog,불리한 독일 법원 판결 이후 엘리 릴리(Eli Lilly) 사임 - 분석가 블로그
2019-12-17,3,3,,Here's Why You Should Add NiSource (NI) in Your Portfolio Now,지금 포트폴리오에 NiSource(NI)를 추가해야 하는 이유는 다음과 같습니다.
2013-09-10,3,3,,Agilent to Take Over ABCIA Assets - Analyst Blog,"애질런트, ABCIA 자산 인수 - 애널리스트 블로그"
2013-08-13,3,3,,Kimco Upgraded to Buy - Analyst Blog,Kimco가 매수로 업그레이드됨 - 애널리스트 블로그
2018-10-15,3,3,,Harley-Davidson (HOG) Q3 Earnings: What's in the Offing?,Harley-Davidson(HOG) 3분기 실적: 앞으로 무슨 일이 일어날까요?
2010-04-08,3,3,,Retail Madness: Sweet 16 Stocks,소매 광기: Sweet 16 주식
2015-03-04,3,3,,"CEMIG to Gain from Brazilian Electricity Demand, Runs Risks - Analyst Blog",CEMIG는 브라질 전력 수요로부터 이익을 얻고 위험을 감수합니다 - 분석가 블로그
2015-09-28,3,3,,Adept Technology (ADEP) Enters Overbought Territory,Adept Technology(ADEP)가 과매수 영역에 진입했습니다.
2015-10-01,3,3,,"Small Cap Cambium Learning Group (ABCD): Will the Rally Continue? FC, RST & SCHL","Small Cap Cambium Learning Group (ABCD): 랠리가 계속 될까요? FC, RST 및 SCHL"
2020-03-20,3,3,,"Global Laser Cladding Market is Expected to Reach Million USD '84,—5'. ...","글로벌 레이저 클래딩 시장은 '84,—5'백만 달러에 이를 것으로 예상됩니다. ..."
2019-12-11,3,3,,Willis Towers Inks Deal to Acquire PE Corporate Services,"윌리스 타워스 잉크(Willis Towers Inks), PE 기업 서비스 인수 계약 체결"
2018-05-21,3,3,,Pershing Square (Bill Ackman) Q1 2018 Investor Letter,퍼싱 스퀘어(Bill Ackman) 2018년 1분기 투자자 서한
2017-02-14,3,3,,COT: Money Managers Were Selling Oil And Actively Buying Corn And Wheat,COT: 자금 관리자는 석유를 판매하고 옥수수와 밀을 적극적으로 구매했습니다.
2018-10-06,3,3,,"Stocks To Watch: Spotlight On Banks, Google Hardware And IPOs","주목해야 할 주식: 은행, Google 하드웨어 및 IPO에 대한 집중 조명"
2017-07-24,3,3,,AAON WH Series and V' Series are Winners in ACHR News —…–7 Dealer Design Awards,AAON WH 시리즈와 V' 시리즈가 ACHR 뉴스에서 우승했습니다 —…–7개 딜러 디자인 어워드
2014-07-25,3,3,,Diamond Hill Capital Comments on Actavis PLC,Actavis PLC에 대한 Diamond Hill Capital의 의견
2014-01-28,3,3,,Another Divestment at Actavis - Analyst Blog,Actavis의 또 다른 매각 - 분석가 블로그
2015-07-31,3,3,,BMO's Andrew Kaip: The Gold Majors Are Back,BMO의 Andrew Kaip: 골드 메이저가 돌아왔습니다
2015-10-13,3,3,,Beware Of 'Glamour' Stocks - Part 2,'매력적인' 주식을 조심하세요 - 2부
2016-11-03,3,3,,Generic-Drug Makers Crash On Report DOJ Plans Collusion Charges,"법무부(DOJ), 담합 혐의로 제네릭 의약품 제조사 충돌 보고"
2018-08-24,3,3,,"Consolidated Research: —…–8 Summary Expectations for AECOM, Advanced Energy Industries, ...","통합 연구: —…–8 AECOM, 첨단 에너지 산업, ...에 대한 요약 기대"
2019-07-03,3,3,,Coffee Could Finally Make A Move Toward A Significant Recovery,커피는 마침내 상당한 회복을 향해 나아갈 수 있습니다
2017-08-07,3,3,,"Med-Product Stocks Aug 8 Earnings Roster: HSIC, AGIO & More","의약품 주식 8월 8일 수익 명단: HSIC, AGIO 등"
2013-02-20,3,3,,Goldcorp Misses Estimates - Analyst Blog,Goldcorp는 예상치를 놓쳤습니다 - 분석가 블로그
2018-10-03,3,3,,Ramco: New Leadership Could Elevate This REIT,Ramco: 새로운 리더십이 이 REIT를 향상시킬 수 있음
2018-06-12,3,3,,Avrobio Aims For $75 Million U.S. IPO,"Avrobio, 미국 IPO 7,500만 달러 목표"
2011-07-08,3,3,,Pfizer Makes Milestone Payment - Analyst Blog,"화이자, 마일스톤 지불 - 분석가 블로그"
2013-02-06,3,3,,Unum Group Ends on a High Note - Analyst Blog,"Unum Group, 높은 평가를 받으며 종료 - 분석가 블로그"
2018-11-13,3,3,,"Hammer Asset Management, LLC Buys Taiwan Semiconductor Manufacturing Co, Cummins Inc, Barings ...","Hammer Asset Management, LLC는 Taiwan Semiconductor Manufacturing Co, Cummins Inc, Barings Inc를 인수합니다."
2017-12-12,3,3,,Market Volatility Bulletin: 3-Month S&P Futures Implied Vol. Green Lights Short Vol. Positioning,시장 변동성 공시: 3개월 S&P 선물 내재 Vol. 그린 라이트 쇼트 Vol. 포지셔닝
2011-06-30,3,3,,Bearish MACD for AGRO - Tale of the Tape,AGRO에 대한 약세 MACD - 테이프 이야기
2019-05-20,3,3,,"Trade Headlines Directing Markets, But Volatility...?",무역 헤드라인이 시장을 좌우하지만 변동성은...?
2020-05-04,3,3,,"First Dallas Securities Inc. Buys Wells Fargo, ONEOK Inc, Cinemark Holdings Inc, Sells NXP ...","First Dallas Securities Inc.가 Wells Fargo 인수, ONEOK Inc, Cinemark Holdings Inc, NXP 매각..."
2015-07-31,3,3,,New Strong Buy Stocks for July 31st - Tale of the Tape,7월 31일 신규 적극 매수 주식 - 테이프 이야기
2012-11-09,3,3,,Tower Group Beats by a Penny - Analyst Blog,Tower Group이 한 푼도 못 이긴다 - 애널리스트 블로그
2020-02-03,3,3,,Affimed Mourns Passing of Chief Financial Officer Dr. Florian Fischer,최고재무책임자(CFO) 플로리안 피셔(Florian Fischer) 박사의 사망을 애도함
2019-02-07,3,3,,Brighthouse Financial (BHF) Q4 Earnings: What to Expect,Brighthouse Financial (BHF) 4분기 실적: 예상되는 사항
2011-02-15,3,3,,Earnings Preview: CF Industries - Analyst Blog,수익 미리보기: CF Industries - 애널리스트 블로그
2016-02-11,3,3,,Advance Auto Parts (AAP) Q4 2015 Results - Earnings Call Webcast,AAP(Advanced Auto Parts) 2015년 4분기 결과 - 실적 발표 웹캐스트
2017-01-18,3,3,,New Strong Buy Stocks for January 18th,1월 18일 신규 적극 매수 주식
2019-05-06,3,3,,Rough session in store for grains on trade war tension,무역전쟁 긴장 속에서 곡물을 위한 거친 회의가 열렸습니다.
2014-02-13,3,3,,AllianceBernstein Holding (AB) Looks Good: Stock Adds 5.3% in Session - Tale of the Tape,AllianceBernstein Holding (AB) 좋아보임: 주식이 세션에서 5.3% 추가 - 테이프 이야기
2017-12-13,3,3,,Can Adamis Bleed Mylan Dry?,Adamis는 Mylan Dry를 출혈시킬 수 있습니까?
2015-02-27,3,3,,Ashford Hospitality Trust's (AHT) CEO Monty Bennett on Q4 2014 Results - Earnings Call Transcript,Ashford Hospitality Trust(AHT) CEO Monty Bennett의 2014년 4분기 결과 - 수익 통화 기록
2016-11-21,3,3,,AAON: Diamond Among The Trash?,AAON: 쓰레기 속의 다이아몬드?
2017-04-10,3,3,,"FPA Capital Fund Buys Vista Outdoor, Akorn, Houghton Mifflin Harcourt Co, Sells DeVry Education ...","FPA Capital Fund는 Vista Outdoor, Akorn, Houghton Mifflin Harcourt Co를 인수하고 DeVry Education을 매각합니다."
2019-06-24,3,3,,Supreme Court will not hear challenge to Trump steel tariffs,대법원은 트럼프 철강 관세에 대한 이의를 심리하지 않을 것이다
2013-01-02,3,3,,Advance Auto Acquires B.W.P. - Analyst Blog,"Advance Auto, B.W.P 인수 - 분석가 블로그"
2016-09-09,3,3,,Interim data in mid-stage study shows Achillion and Janssen's triple combination therapy achieves 100% cure rate in HCV-1 patients,중간 단계 연구의 중간 데이터에 따르면 Achillion과 Janssen의 삼중 병용 요법은 HCV-1 환자에서 100% 완치율을 달성했습니다.
2016-02-01,3,3,,Capital raise at American Campus Communities,American Campus Communities의 자본 조달
2015-02-26,3,3,,"L Brands Beats on Q4 Earnings, Provides Subdued Guidance - Analyst Blog","L 브랜드, 4분기 실적 개선하고 차분한 지침 제공 - 애널리스트 블로그"
2017-10-03,3,3,,Aegion Updates on Strategic Actions: Will the Stock Recover?,전략적 조치에 대한 Aegion 업데이트: 재고가 회복될까요?
2015-05-20,3,3,,Intersil Stuck At The Bottom Of Its Industry,Intersil은 업계 바닥에 갇혔습니다.
2015-04-10,3,3,,"Amerisafe Hits 52-Week High on Solid Core Growth, Capital - Analyst Blog","Amerisafe, Capital의 탄탄한 핵심 성장으로 52주 최고 기록 달성 - 애널리스트 블로그"
2015-04-30,3,3,,ABB Beats Q1 Earnings Estimates on Strong Order Growth - Analyst Blog,"ABB, 강력한 주문 성장으로 1분기 수익 추정치를 상회 - 애널리스트 블로그"
2020-02-27,3,3,,Earnings Preview: AcelRx Pharmaceuticals (ACRX) Q4 Earnings Expected to Decline,수익 미리보기: AcelRx Pharmaceuticals (ACRX) 4분기 수익 감소 예상
2018-07-12,3,3,,Convertible Securities: Reason For Optimism In 2H 2018 And Beyond,전환사채: 2018년 하반기 이후 낙관적인 이유
2015-04-24,3,3,,Is Whirlpool (WHR) Likely to Disappoint Earnings in Q1? - Analyst Blog,월풀(WHR)이 1분기 실적을 실망시킬 가능성이 있습니까? - 분석가 블로그
2019-11-05,3,3,,Apollo Investment (AINV) CEO Howard Widra on Q2 2020 Results - Earnings Call Transcript,Apollo Investment(AINV) CEO Howard Widra의 2020년 2분기 실적 - 실적 통화 기록
2018-10-24,3,3,,Should Investors Buy Kimco Or Brixmor,"투자자들은 Kimco를 사야 할까요, 아니면 Brixmor를 사야 할까요?"
2016-08-11,3,3,,"Atlas Financial Holdings, Inc.: A New Titan In A Niche Insurance Market?","Atlas Financial Holdings, Inc.: 틈새 보험 시장의 새로운 거인?"
2019-08-24,3,3,,Aaron's (AAN) Down 0.5% Since Last Earnings Report: Can It Rebound?,Aaron's(AAN)은 지난 수익 보고서 이후 0.5% 하락: 반등할 수 있을까?
2016-12-02,3,3,,Munis suffer worst month since 2008,무니스는 2008년 이후 최악의 한 달을 보냈다.
2019-02-21,3,3,,Altra Industrial Motion Corp. 2018 Q4 - Results - Earnings Call Slides,Altra Industrial Motion Corp. 2018년 4분기 - 결과 - 실적 발표 슬라이드
2018-05-09,3,3,,Aging Baby Boomers: Implications For Munis,베이비붐 세대의 노령화: Munis에 대한 시사점
2019-11-26,3,3,,"ADI -2.6% after Q4 misses, downside revenue outlook","4분기 부진 후 ADI -2.6%, 매출 하락 전망"
2015-04-08,3,3,,Enrollment underway in Merck/Advaxis prostate cancer study,Merck/Advaxis 전립선암 연구에 등록 진행 중
2013-01-24,3,3,,Close to the 50 Day Moving Average: Aflac,50일 이동평균에 근접함: Aflac
2016-01-29,3,3,,Top Long Idea For 2016: Acacia Research And Its Stocking Full Of Coal,2016년 최고의 장기 아이디어: 아카시아 연구와 석탄으로 가득 찬 비축량
2018-02-12,3,3,,Is Your Portfolio Ready To Handle Increased Market Volatility?,귀하의 포트폴리오는 증가하는 시장 변동성을 처리할 준비가 되어 있습니까?
2010-12-01,3,3,,10 Worst-Performing S&P 500 Stocks of 2010,2010년 최악의 S&P 500 주식 10개
2015-03-19,3,3,,Microsemi to Boost Communications Suite with Vitesse Buy - Analyst Blog,"Microsemi, Vitesse Buy로 커뮤니케이션 제품군 강화 - 분석가 블로그"
2015-07-30,3,3,,"Affymetrix Tops Earnings, Revenues; Currency Woes to Stay - Analyst Blog","Affymetrix, 수익, 수익 1위; 환율 문제는 지속될 것입니다 - 애널리스트 블로그"
2015-01-22,3,3,,UnitedHealth Hits 52-Week High on Strong Q4 Earnings - Analyst Blog,"UnitedHealth, 4분기 실적 호조로 52주 최고 기록 달성 - 애널리스트 블로그"
2011-09-09,3,3,,"Company News for September 9, 2011 - Corporate Summary",2011년 9월 9일 회사 소식 - 회사 개요
2017-11-27,3,3,,"ABB, Kawasaki partner on 'cobots'","ABB, 가와사키와 '코봇' 파트너십 체결"
2019-08-01,3,3,,5G Infrastructure Market Report Focusing On Top Players & Regions | CAGR Of 48. ...,상위 플레이어 및 지역에 초점을 맞춘 5G 인프라 시장 보고서 | CAGR 48. ...
2015-04-24,3,3,,"Orexigen: Contrave Sales Pop, Equity Response Muted","Orexigen: Contrave Sales Pop, Equity Response 음소거"
2016-10-03,3,3,,3 ETFs To Consider Before The Next Correction,다음 조정 전에 고려해야 할 3가지 ETF
2020-01-28,3,3,,ADT Announces Closing of Second-Priority Senior Secured Notes,"ADT, 2순위 선순위 담보 채권 폐쇄 발표"
2018-08-29,3,3,,Acacia Mining Announces a New Board Chairman,"Acacia Mining, 새 이사회 의장 발표"
2013-02-22,3,3,,"Advisory Board Company (ABCO) CEO Robert W Musslewhite sells 10,000 Shares","Advisory Board Company(ABCO) CEO Robert W. Musslewhite가 10,000주를 매각합니다."
2020-01-24,3,3,,"Sheets Smith Wealth Management Buys Truist Financial Corp, Alphabet Inc, iShares Core U.S. ...","Sheets Smith Wealth Management, Truist Financial Corp, Alphabet Inc, iShares Core U.S.를 인수"
2013-02-08,3,3,,CONSOL Provides Reserves Update - Analyst Blog,"CONSOL, 예비금 업데이트 제공 - 분석가 블로그"
2016-04-22,3,3,,Acme United's (ACU) CEO Walter Johnsen on Q1 2016 Results - Earnings Call Transcript,Acme United(ACU) CEO Walter Johnsen의 2016년 1분기 실적 - 실적 통화 기록
2018-01-24,3,3,,Stocks Showing Improved Relative Strength: ABB,상대적 강도가 향상된 주식: ABB
2018-07-03,3,3,,SCOTUS - 2 Major Rulings With Positive Implications For Municipal Bond Credit Quality,SCOTUS - 지방채 신용 품질에 긍정적인 영향을 미치는 2가지 주요 판결
2019-06-18,3,3,,Why Adding MetLife (MET) to Your Portfolio Makes Sense,포트폴리오에 MetLife(MET)를 추가하는 것이 적합한 이유
2016-12-22,3,3,,Moving Average Crossover Alert: Ameren (AEE),이동 평균 교차 경고: Ameren(AEE)
2019-12-02,3,3,,Dishwasher Tablets Market in Emerging Economies will witness a CAGR of 6.8% through —…—6,신흥 경제의 식기 세척기 정제 시장은 6.8%의 CAGR을 보일 것입니다.
2018-05-02,3,3,,Achaogen shares halted pending outcome of Ad Com review,Achaogen 주식은 Ad Com 검토 결과가 나올 때까지 중단됩니다.
2015-10-21,3,3,,Will Election 2016 Mean New Challenges for Health Insurers?,2016년 선거는 건강보험사에 새로운 도전을 의미할까요?
2019-12-11,3,3,,"Timing the Market, Is it Possible? - December 11, 2019","시장 타이밍, 가능한가? - 2019년 12월 11일"
2017-08-16,3,3,,"Urban Outfitters, RADA Electronic and Target Lead the Market Wednesday","Urban Outfitters, RADA Electronic 및 Target이 수요일 시장을 선도합니다."
2015-09-21,3,3,,"Broadcom, Pall Corp. Among Paul Tudor Jones' Recent Buys","Paul Tudor Jones의 최근 매수 중에는 Broadcom, Pall Corp."
2020-02-29,3,3,,Artificial Intelligence (AI) in Healthcare Market in India will be worth INR 4'–. ...,인도 의료 시장의 인공 지능(AI)은 INR 4'–의 가치가 있을 것입니다. ...
2019-07-30,3,3,,Albany International (AIN) Q2 Earnings and Revenues Top Estimates,Albany International (AIN) 2분기 수익 및 수익 최고 추정치
2019-05-22,3,3,,Bear of the Day: Lindsay Corporation (LNN),오늘의 곰: Lindsay Corporation(LNN)
2018-08-08,3,3,,Chesapeake Utilities (CPK) Q2 Earnings: What's in Store?,Chesapeake Utilities(CPK) 2분기 수익: 무엇이 준비되어 있나요?
2020-01-31,3,3,,"Aimco (AIV) Meets FFO Estimates in Q4, Issues '20 Outlook","Aimco(AIV), 4분기에 FFO 추정치를 충족하고 '20년 전망 발표"
2015-02-03,3,3,,Can Cincinnati Financial (CINF) Earnings Surprise in Q4? - Analyst Blog,4분기에 Cincinnati Financial(CINF)의 놀라운 수익이 발생할 수 있습니까? - 분석가 블로그
2019-12-04,3,3,,Temperature Controlled Packaging Solutions Market – Detailed Analysis of Current Industry ...,온도 제어 포장 솔루션 시장 – 현재 산업에 대한 상세 분석
2019-02-21,3,3,,Finding Buyable Stocks In A Market That Has Already Rallied,이미 반등한 시장에서 매수 가능한 주식 찾기
2016-05-02,3,3,,AcelRx Pharmaceuticals' (ACRX) CEO Howie Rosen on Q1 2016 Results - Earnings Call Transcript,AcelRx Pharmaceuticals(ACRX) CEO Howie Rosen의 2016년 1분기 실적 - 실적 통화 기록
2015-06-24,3,3,,Aflac names CNO's finance chief its new CFO,"Aflac, CNO의 재무 책임자를 새 CFO로 임명"
2011-01-21,3,3,,6 Top Retail M&A Picks: Morningstar,6가지 주요 소매 M&A 추천: Morningstar
2017-02-03,3,3,,ETFs Climb On Bullish Jobs Report; Trump Helps Financials,"ETF, 낙관적 일자리 보고서 상승; 트럼프는 금융을 돕습니다"
2019-10-14,3,3,,"AerCap Leased, Purchased and Sold –…8 Aircraft in the Third Quarter —…–9","AerCap 임대, 구매 및 판매 –…3분기 항공기 8대 —…–9"
2016-01-15,3,3,,Surfing Deflationary Waves,서핑 디플레이션 파도
2019-12-06,3,3,,SHAREHOLDER ALERT: Monteverde & Associates PC Announces an Investigation of AK STEEL ...,"주주 경고: Monteverde & Associates PC, AK STEEL에 대한 조사 발표"
2012-11-15,3,3,,'Mad Money' Lightning Round: Nothing but Pain,'매드 머니' 라이트닝 라운드: 고통 외에는 아무것도 없다
2017-12-26,3,3,,Why the Earnings Streak Will Continue for ACADIA Pharmaceuticals (ACAD),ACADIA Pharmaceuticals(ACAD)의 연속 수익이 계속되는 이유
2016-04-20,3,3,,Ashford Hospitality Prime reports 1Q16 preliminary data,"Ashford Hospitality Prime, 1Q16 예비 데이터 보고"
2015-01-08,3,3,,Aehr Test Systems (AEHR) Q2 2015 Results - Earnings Call Webcast,Aehr Test Systems(AEHR) 2015년 2분기 결과 - 수익 전화 웹캐스트
2017-08-29,3,3,,Insurers Can Stay Calm While Harvey Wreaks Havoc: 4 Picks,Harvey가 대혼란을 일으키는 동안 보험사들은 침착함을 유지할 수 있습니다: 4가지 추천
2016-09-25,3,3,,Barrick's Third Largest Gold Mine Suspended 'Indefinitely',Barrick의 세 번째로 큰 금광이 '무기한' 중단되었습니다
2018-08-23,3,3,,Hedging U.S. Equities With Treasury Options,국채 옵션을 이용한 미국 주식 헤지
2018-09-19,3,3,,Overstock.com introduces lease-to-own service through Aaron's unit,"Overstock.com, Aaron의 사업부를 통해 임대-소유 서비스 도입"
2016-01-26,3,3,,AK Steel Holding's (AKS) CEO Roger Newport on Q4 2015 Results - Earnings Call Transcript,AK Steel Holding(AKS)의 CEO Roger Newport의 2015년 4분기 실적 - 실적 통화 기록
2013-10-04,3,3,,Drugmaker Akorn Becoming Mighty Oak In Hi-Tech Merger,"제약회사 Akorn, 하이테크 합병으로 Mighty Oak가 됨"
2016-06-23,3,3,,FBR launches coverage on student housing and self-storage REITs,"FBR, 학생 숙소 및 셀프 스토리지 REIT에 대한 보장 시작"
2015-10-15,3,3,,"Zacks Industry Outlook Highlights: Barrick Gold, IAMGOLD, Goldcorp, Yamana Gold and Newmont Mining","Zacks 산업 전망 하이라이트: Barrick Gold, IAMGOLD, Goldcorp, Yamana Gold 및 Newmont Mining"
2018-08-23,3,3,,Advaxis files for $250M mixed shelf offering,$250M 혼합 선반 제품에 대한 Advaxis 파일
2017-09-08,3,3,,Altice USA (ATUS) Inks Customer-Friendly Deal With Amdocs,"Altice USA(ATUS), Amdocs와 고객 친화적인 계약 체결"
2016-03-18,3,3,,Understanding American Capital Ltd. After 2015,2015년 이후 American Capital Ltd.에 대한 이해
2015-04-07,3,3,,Looking for a Top Value Stock? 3 Reasons Why Aetna (AET) is an Excellent Choice - Tale of the Tape,최고 가치의 주식을 찾고 계십니까? Aetna(AET)가 탁월한 선택인 3가지 이유 - 테이프 이야기
2015-08-12,3,3,,U.S. Steelmakers Take Another Step to Stem Import Rush,"미국 철강업체들, 수입 급증을 막기 위해 또 다른 조치를 취하다"
2018-11-30,3,3,,"ARCO, SRT, CIG and AM among after hour movers","시간외 이동 서비스 중 ARCO, SRT, CIG 및 AM"
2016-06-28,3,3,,NY Post: Anthem-Cigna health insurance merger may be dead soon,NY Post: Anthem-Cigna 건강 보험 합병이 곧 종료될 수 있습니다
2016-10-09,3,3,,2 Flash Crashes In 3 Days: Who Benefits?,3일 만에 2번의 플래시 충돌: 누가 혜택을 받나요?
2014-12-22,3,3,,China reportedly ending LED subsidies,"중국, LED 보조금 종료"
2017-05-16,3,3,,"Gardiner Nancy B Buys JM Smucker Co, Analog Devices Inc, IPG Photonics Corp, Sells Target Corp, ...","Gardiner Nancy B, JM Smucker Co, Analog Devices Inc, IPG Photonics Corp 인수, Target Corp 매각"
2019-11-10,3,3,,Alibaba And Disney Step Out (Stocks To Watch Podcast),알리바바와 디즈니의 행보(팟캐스트 시청을 위한 주식)
2018-07-02,3,3,,"Apartment Market Continues to Moderate, No Near-Term Respite",아파트 시장은 계속해서 온건해지고 단기적인 휴식은 없습니다
2019-09-30,3,3,,GLTR Is A Basket Approach To The Precious Metals Sector,GLTR은 귀금속 부문에 대한 바구니 접근 방식입니다.
2018-03-14,3,3,,Hudson Pacific (HPP) Inks a Lease Renewal with InvenSense,"Hudson Pacific(HPP), InvenSense로 임대 갱신 체결"
2017-04-14,3,3,,Operational Suspensions at Barrick Gold's Veladero Mine Should Concern Investors,Barrick Gold의 Veladero 광산 운영 중단으로 투자자 우려
2017-01-02,3,3,,"End Of Year Review Of The A-Team, H-Team And O-Team","A팀, H팀, O팀 연말 리뷰"
2014-05-28,3,3,,Alleghany Corp. Hits 52-Week High - Analyst Blog,"Alleghany Corp., 52주 최고 기록 달성 - 애널리스트 블로그"
2015-12-19,3,3,,Big Change In Risk Perceptions,위험 인식의 큰 변화
2020-05-13,3,3,,"Capital Fund Management S.a. Buys Qualcomm Inc, Merck Inc, AbbVie Inc, Sells Procter & ...","Capital Fund Management S.a. Qualcomm Inc, Merck Inc, AbbVie Inc 매입, Procter & ... 매각"
2017-12-23,3,3,,Xerium Technologies: Creating Equity Value Despite Being Inefficiently Capitalized,Xerium Technologies: 비효율적인 자본화에도 불구하고 자기자본 가치 창출
2016-03-22,3,3,,Insider Buying Report - 32216,내부자 구매 보고서 - 32216
2019-02-09,3,3,,Prepare For The Prescription Drug Price Battle,처방약 가격 전쟁에 대비하세요
2015-07-31,3,3,,Abengoa announces H1 2015 results,"Abengoa, 2015년 상반기 결과 발표"
2013-07-03,3,3,,Actuant Downgraded to Underperform - Analyst Blog,실적이 저조한 것으로 하향 조정된 액츄에이터 - 애널리스트 블로그
2015-07-27,3,3,,"Freeport (FCX) Continues to Slide, Sinks to 52-week Low - Analyst Blog",프리포트(FCX)는 계속해서 하락세를 보이며 52주 최저치로 하락했습니다 - 분석가 블로그
2019-07-06,3,3,,If Brazil Dumps Its Treasuries,브라질이 국채를 투기한다면
2018-09-11,3,3,,Applied Genetic Technologies Corp (AGTC) Files –…-K for the Fiscal Year Ended on June ...,AGTC(Applied Genetic Technologies Corp) 파일 –…-6월에 끝나는 회계연도의 K…
2015-05-28,3,3,,Agilysys' (AGYS) CEO Jim Dennedy on Q4 2015 Results - Earnings Call Transcript,Agilysys(AGYS) CEO Jim Dennedy의 2015년 4분기 실적 - 실적 통화 기록
2019-09-09,3,3,,"Almaden appoints Dr. John Thomas as Vice President, Project Development, to oversee detailed ...",Almaden은 John Thomas 박사를 프로젝트 개발 담당 부사장으로 임명하여 세부 사항을 감독합니다.
2018-07-24,3,3,,Assurant names new compliance chief,"Assurant, 새로운 규정 준수 책임자 임명"
2019-07-12,3,3,,"Welch & Forbes Llc Buys Arthur J. Gallagher, Watsco Inc, Valero Energy Corp, Sells CVS ...","Welch & Forbes Llc, Arthur J. Gallagher 인수, Watsco Inc, Valero Energy Corp, CVS 매각..."
2014-03-26,3,3,,U.S. Steel Raises Voice Against Illegal Dumping - Analyst Blog,"US Steel, 불법 투기에 반대 목소리 높여 - 분석가 블로그"
2016-12-15,3,3,,The Only Way For TrumpCare To Be 'Terrific',TrumpCare가 '훌륭'해지는 유일한 방법
2019-01-10,3,3,,The Precious Metals Sector To Shine As The Fed Blinks,연준이 깜박이면 귀금속 부문이 빛날 것입니다
2017-02-24,3,3,,ADMA Biologics reports FY16 results,"ADMA Biologics, FY16 결과 보고"
2010-11-13,3,3,,3 Retirement Funds Prep for Harder Times,3 어려운 시기를 위한 퇴직 자금 준비
2018-02-01,3,3,,What to Expect From WisdomTree (WETF) in Q4 Earnings?,4분기 수익에서 WisdomTree(WETF)로부터 무엇을 기대할 수 있나요?
2016-10-27,3,3,,"Obamacare will get worse without risk adjustment fix, Aetna CEO says",Aetna CEO는 위험 조정 수정 없이 Obamacare는 더 악화될 것이라고 말했습니다.
2017-10-04,3,3,,Kinder Morgan's Utica Marcellus Texas Project Gets FERC nod,"Kinder Morgan의 Utica Marcellus Texas 프로젝트, FERC 승인 획득"
2013-07-25,3,3,,China Life Raised to Outperform - Analyst Blog,차이나 라이프(China Life)가 우수한 성과를 거두었습니다 - 애널리스트 블로그
2018-10-05,3,3,,'What A Wonderful World' And 'The Great Divergence' - Part II,'정말 멋진 세상'과 '대분산' - 2부
2015-01-02,3,3,,Arthur J Gallagher's 2014 Inorganic Growth Story Impresses - Analyst Blog,Arthur J Gallagher의 2014년 무기 성장 스토리가 인상적입니다 - 분석가 블로그
2017-12-20,3,3,,Danielle Park Positions For 2018: Leverage And Sentiment Will Be The Main Driver Of Stock Market Performance,Danielle Park의 2018년 포지션: 레버리지와 감정이 주식 시장 성과의 주요 동인이 될 것입니다
2020-05-22,3,3,,AllianceBernstein Closed-End Funds Announce Distribution Rates,"AllianceBernstein 폐쇄형 펀드, 분배율 발표"
2016-07-27,3,3,,It Looks Like I Was Right About Acacia Mining - The Turnaround Has Now Been Confirmed,아카시아 채굴에 대한 내 생각이 옳았던 것 같습니다 - 이제 턴어라운드가 확인되었습니다
2018-09-12,3,3,,Gold Stocks Show Signs Of Life,금 주식은 생명의 징후를 보여줍니다
2017-03-07,3,3,,American Campus Communities (ACC) Presents At Citi Global Property CEO Conference 2017,"ACC(American Campus Communities), 2017년 Citi 글로벌 부동산 CEO 컨퍼런스에서 발표"
2016-03-31,3,3,,"Markets In Russia, Brazil Rocket In March On Oil Prices, Currencies","러시아, 브라질 시장은 3월 유가와 통화 상승세로 급등"
2019-08-28,3,3,,Stock Market Mixed Amid Recession Fears; Two Software Stocks Sell Off On Earnings,경기침체 우려 속에 혼미한 주식시장; 두 개의 소프트웨어 주식이 수익으로 인해 매도됩니다.
2011-09-29,3,3,,Ashford Reinstates Share Repurchases - Analyst Blog,"Ashford, 자사주 매입 재개 - 애널리스트 블로그"
2017-02-10,3,3,,"Cypress Capital Management Llc Buys E.I. du Pont de Nemours, BB&T, Agrium, Sells SPDR ...","Cypress Capital Management Llc, E.I. 인수 du Pont de Nemours, BB&T, Agrium, SPDR 판매..."
2014-08-25,3,3,,"Stock Market News for August 25, 2014 - Market News",2014년 8월 25일 주식시장 뉴스 - 시장 뉴스
2015-02-17,3,3,,Will NiSource Inc. (NI) Earnings Disappoint Estimates in Q4? - Analyst Blog,NiSource Inc.(NI)의 4분기 수익 추정치가 실망스러울까요? - 분석가 블로그
2020-04-23,3,3,,"–776 Wealth Llc Buys First Trust Enhanced Short Maturity ETF, Adobe Inc, Apple Inc, Sells ...","–776 Wealth Llc, First Trust Enhanced Short Maturity ETF 매입, Adobe Inc, Apple Inc, 판매..."
2019-02-06,3,3,,Groundhog Day 2019 And Punxsutawney Phil's Projections For Markets: Soybeans Could Rally,2019년 성촉절 및 Punxsutawney Phil의 시장 전망: 대두 가격이 반등할 수 있음
2019-06-11,3,3,,American Eagle Has A Secret Weapon,아메리칸 이글에는 비밀 무기가 있습니다
2020-02-11,3,3,,Will Higher Gold Production Support Yamana's Q4 Earnings?,금 생산량 증가가 Yamana의 4분기 수익을 지원할 것인가?
2020-03-17,3,3,,"Market Talk – Tuesday, March 17",마켓 토크 - 3월 17일 화요일
2019-02-07,3,3,,My Portfolio Is Yielding Over 6%; But Where Are We Headed Now?,내 포트폴리오의 수익률은 6%가 넘습니다. 그러나 우리는 지금 어디로 향하고 있는가?
2018-06-04,3,3,,MeiraGTx IPO: Hedge Fund Managers Are Leading The Company,MeiraGTx IPO: 헤지 펀드 매니저가 회사를 이끌고 있습니다
2012-06-21,3,3,,"AAR Corp. CEO David Storch Bought 20,000 Shares","AAR Corp. CEO David Storch, 20,000주 매입"
2020-01-06,3,3,,"Easy Investing Secrets to an Early Retirement - January 06, 2020",조기 퇴직을 위한 손쉬운 투자 비결 - 2020년 1월 6일
2019-07-30,3,3,,"The Truth About Market Timing - July 30, 2019",마켓 타이밍에 대한 진실 - 2019년 7월 30일
2015-08-03,3,3,,Can Cognizant (CTSH) Keep its Earnings Streak Alive in Q2? - Analyst Blog,Cognizant(CTSH)가 2분기에도 연속 수익을 유지할 수 있습니까? - 분석가 블로그
2017-08-30,3,3,,"Cheap Imports, Overcapacity Hamper Steel Industry","저렴한 수입품, 생산과잉으로 철강산업 방해"
2012-08-07,3,3,,CF Industries Misses Estimates - Analyst Blog,"CF Industries, 예상치를 놓치다 - 애널리스트 블로그"
2017-05-23,3,3,,"After Nvidia, Broadcom Breakouts, This IoT Chip Stock May Be Next","Nvidia, Broadcom 브레이크아웃 이후 이 IoT 칩 주식이 다음이 될 수 있습니다."
2016-03-30,3,3,,"Ashford Hospitality Trust: Times They Are A-Changin', But Don't Jump In Yet",Ashford Hospitality Trust: 시대가 변하고 있지만 아직 뛰어들지는 마세요
2013-04-23,3,3,,Texas Instruments Not Quite In The Clear Yet,텍사스 인스트루먼트는 아직 명확하지 않습니다
2015-06-16,3,3,,Arthur J. Gallagher Acquires William Gallagher Associates - Analyst Blog,"Arthur J. Gallagher, William Gallagher Associates 인수 - 분석가 블로그"
2020-04-16,3,3,,"Market Talk – Wednesday, April 16",마켓 토크 - 4월 16일 수요일
2019-07-15,3,3,,"Morris Capital Advisors, LLC Buys Charter Communications Inc, Akamai Technologies Inc, ...","Morris Capital Advisors, LLC는 Charter Communications Inc, Akamai Technologies Inc, ...를 인수합니다."
2019-01-24,3,3,,Analysts Estimate Arthur J. Gallagher (AJG) to Report a Decline in Earnings: What to Look Out for,분석가들은 Arthur J. Gallagher(AJG)가 수익 감소를 보고할 것으로 추정합니다: 주의할 점
2011-04-05,3,3,,AK Steel Announces Surcharge - Analyst Blog,"AK Steel, 추가 요금 발표 - 분석가 블로그"
2016-12-11,3,3,,Early Effects Of Trump Win On Global Markets,트럼프의 승리가 글로벌 시장에 미치는 초기 효과
2016-12-14,3,3,,Cincinnati Financial and its Units Get Rated by A.M. Best,Cincinnati Financial 및 그 단위는 A.M.에 의해 평가됩니다. 최상의
2019-03-19,3,3,,"FDX, FNV, TRN and SCS among after hours movers","영업시간 외 이삿짐 중 FDX, FNV, TRN 및 SCS"
2015-05-22,3,3,,BTIG: Puerto Rico tax hike good news for MBIA and Assured Guaranty,BTIG: 푸에르토리코 세금 인상은 MBIA 및 Assured Guaranty에 좋은 소식입니다.
2015-04-17,3,3,,Liberty (LPT) Down to Sell on Slow Industrial Recovery - Analyst Blog,느린 산업 회복으로 리버티(LPT) 매도 - 애널리스트 블로그
2015-06-04,3,3,,ABB Wins UK Wind Farm Project to Aid Electricity Creation - Analyst Blog,"ABB, 전기 생산 지원을 위한 영국 풍력 발전소 프로젝트 수주 - 분석가 블로그"
2016-01-25,3,3,,"U.S. Bond Market Week In Review: A Detailed Look At The Long-Leading, Leading And Coincident Indicators, Edition","미국 채권 시장 주간 검토: 장기 선행, 선행 및 일치 지표에 대한 자세한 살펴보기, 에디션"
2018-11-08,3,3,,Asanko Gold Inc. 2018 Q3 - Results - Earnings Call Slides,Asanko Gold Inc. 2018년 3분기 - 결과 - 실적 발표 슬라이드
2014-11-17,3,3,,Actavis Nabs Allergan For $66 Billion; Valeant Folds,Actavis Nabs Allergan이 660억 달러에 인수되었습니다. Valeant Folds
2019-05-27,3,3,,"CAGR of 9.5%, Automotive Airbag Market Report —…–9 – Global Competitive Insights, ...","CAGR 9.5%, 자동차 에어백 시장 보고서 —…–9 – 글로벌 경쟁 통찰력, ..."
2014-12-01,3,3,,Gentiva's (GTIV) Inorganic Growth Strategies Look Impressive - Analyst Blog,Gentiva(GTIV)의 무기 성장 전략이 인상적으로 보입니다 - 애널리스트 블로그
2015-09-02,3,3,,Alliance Growers Corp. Announces Appointment of New President and CEO,"Alliance Growers Corp., 새로운 사장 겸 CEO 임명 발표"
2019-05-23,3,3,,Logic Prevails In The Wheat Futures Market,밀 선물 시장에서는 논리가 우세합니다
2012-08-24,3,3,,"American Eagle, TJX Lead Solid Back-To-School Sales","American Eagle, TJX가 견고한 신학기 판매 주도"
2019-08-27,3,3,,Arch Capital Surges 46% YTD: Will the Momentum Continue?,"Arch Capital, YTD 46% 급등: 모멘텀이 계속될 것인가?"
2018-08-13,3,3,,Pershing Square (Bill Ackman) 2018 Interim Financial Statements,퍼싱 스퀘어 (Bill Ackman) 2018년 중간재무제표
2018-06-13,3,3,,Aaron's (AAN) Presents At Stifel 2018 Cross Sector Insight Conference - Slideshow,Aaron(AAN)이 Stifel 2018 Cross Sector Insight Conference에서 발표합니다. - 슬라이드쇼
2012-02-29,3,3,,XL Group Approves Buyback - Analyst Blog,"XL 그룹, 자사주 매입 승인 - 애널리스트 블로그"
2019-04-30,3,3,,ClearBridge International Growth Strategy Portfolio Manager Commentary Q1 2019,ClearBridge International 성장 전략 포트폴리오 관리자 해설 2019년 1분기
2015-07-01,3,3,,Market Inefficiency Offers Discount On Agios,시장 비효율성은 Agios에 대한 할인을 제공합니다
2014-05-29,3,3,,Actavis Execs Dine On Deals,Actavis Execs의 할인 식사
2016-02-22,3,3,,A Precious Yo-Yo,소중한 요요
2019-05-22,3,3,,Adecoagro S.A. (AGRO) CEO Mariano Bosch on Q1 2019 Results - Earnings Call Transcript,Adecoagro S.A.(AGRO) CEO Mariano Bosch의 2019년 1분기 결과 - 실적 통화 기록
2016-11-18,3,3,,Alcobra (ADHD) Investor Presentation - Slideshow,Alcobra(ADHD) 투자자 프레젠테이션 - 슬라이드쇼
2017-12-24,3,3,,"Commodities Recap For The Week Ending December 22, 2017",2017년 12월 22일에 끝나는 이번 주의 원자재 요약
2017-10-24,3,3,,"USPTO Grants Composition of Matter Patent to Achillion for ACH-447–, First-in-Class Small ...","USPTO, 동급 최초의 소형 ACH-447에 대한 물질 구성 특허를 Achillion에 부여"
2017-11-27,3,3,,Acadia Pharmaceuticals: The Harmony Trial And Buyout Potential,Acadia Pharmaceuticals: 하모니 시험 및 인수 가능성
2020-05-06,3,3,,"When Does Market Timing Actually Work? - May 06, 2020",마켓 타이밍은 실제로 언제 작동하는가? - 2020년 5월 6일
2015-08-07,3,3,,Aflac Is Undervalued & Has A 7% Shareholder Yield,Aflac은 저평가되어 있으며 주주 수익률은 7%입니다.
2011-06-28,3,3,,Steel Stock Review & Outlook – June 2011 - Industry Outlook,철강 재고 검토 및 전망 - 2011년 6월 - 산업 전망
2019-11-12,3,3,,Alliance Data Selected To Provide Co-Brand Credit Card Services For Sony As Part Of New ...,Alliance Data는 새로운 프로젝트의 일환으로 Sony에 공동 브랜드 신용 카드 서비스를 제공하기로 선택되었습니다.
2014-05-07,3,3,,DDR Q1 FFO & Revs Meet Ests. - Analyst Blog,DDR Q1 FFO 및 Revs가 예상을 충족합니다. - 분석가 블로그
2017-04-17,3,3,,Acme United Corporation First Quarter —…–7 Earnings Conference Call,Acme United Corporation 1분기 —…–7개 실적 컨퍼런스 콜
2012-07-11,3,3,,Wet Seal's Comps Decline in June - Analyst Blog,Wet Seal의 6월 Comps 하락 - 분석가 블로그
2014-07-02,3,3,,Sallie Mae Poised to Grow Following Split - Analyst Blog,Sallie Mae는 분할 후 성장할 준비가 되어 있습니다 - 분석가 블로그
2018-09-05,3,3,,"Biotech Analysis Central Pharma News: MannKind's Agreement, Advaxis' Partnership, Sanofi's FDA Approval","생명공학 분석 Central Pharma 뉴스: MannKind의 계약, Advaxis의 파트너십, Sanofi의 FDA 승인"
2016-02-04,3,3,,S&P Aristocrats Analysts Advocate AbbVie As Ace,S&P Aristocrats 분석가들은 AbbVie를 에이스로 옹호합니다.
2018-05-07,3,3,,TrueCar (TRUE) to Report Q1 Earnings: What's in the Offing?,"TrueCar(TRUE), 1분기 수익 보고: 앞으로 무슨 일이 일어날까?"
2017-12-21,3,3,,"Akers Biosciences Announces Closing of $6,9……,……… Public Offering","Akers Biosciences, $6,9… 공개 공모 마감 발표"
2015-04-29,3,3,,ACCO Brands (ACCO) Q1 2015 Results - Earnings Call Webcast,ACCO Brands (ACCO) 2015년 1분기 실적 - 수익콜 웹캐스트
2012-09-05,3,3,,Lululemon Among Four Stocks Stretching Onto IBD 50,IBD 50으로 성장하는 4개 주식 중 Lululemon
2011-06-21,3,3,,5 Financial Stocks Analysts Love,금융주 애널리스트 5인이 좋아하는 5가지
2014-03-31,3,3,,Stock to Avoid: John Bean Technologies - Analyst Blog,피해야 할 주식: John Bean Technologies - 분석가 블로그
2013-10-21,3,3,,NRG to Acquire Edison Mission Energy - Analyst Blog,"NRG, Edison Mission Energy 인수 - 분석가 블로그"
2014-01-11,3,3,,IBD 50's Top 5 For Expected Earnings Acceleration,기대 수익 가속화를 위한 IBD 50의 상위 5개
2018-07-11,3,3,,AK Steel's Zanesville Works and Coshocton Works Recognized for Outstanding Safety Performance,AK Steel의 Zanesville Works와 Coshocton Works가 뛰어난 안전 성능을 인정 받았습니다.
2013-11-12,3,3,,"US Steel, AK Steel Lead Steel Stocks On A Hot Roll","미국 철강, AK 철강, 열간 압연 중인 납강 주식"
2015-09-18,3,3,,M&A Daily: Altria Digs Into AB Offer,"M&A Daily: 알트리아, AB 제안에 파고들다"
2014-01-07,3,3,,ACE Creates Additional Capacity - Analyst Blog,"ACE, 추가 용량 창출 - 분석가 블로그"
2018-09-11,3,3,,Prescription drug middlemen behind cost increases - Bloomberg,비용 증가 뒤에 있는 처방약 중개인 - Bloomberg
2015-07-06,3,3,,W.R. Berkley Hits 52-Week High on Increased Dividend Payout - Analyst Blog,"W.R. Berkley, 배당금 증가로 52주 최고 기록 달성 - 애널리스트 블로그"
2015-10-22,3,3,,How Pershing Compares To Barrick's Bundle Of For-Sales,Pershing이 Barrick의 판매용 번들과 비교되는 방법
2018-03-15,3,3,,How to Determine the Intrinsic Value of a Gold Stock,금 주식의 내재 가치를 결정하는 방법
2018-02-08,3,3,,Aspen Insurance Holdings' (AHL) CEO Christopher O'Kane on Q4 2017 Results - Earnings Call Transcript,Aspen Insurance Holdings(AHL) CEO Christopher O'Kane의 2017년 4분기 실적 - 실적 통화 기록
2011-08-31,3,3,,Washington Federal Stays Neutral - Analyst Blog,워싱턴 연방은 중립을 유지합니다 - 애널리스트 블로그
2019-11-04,3,3,,Assurant Q3 2019 Earnings Preview,Assurant 2019년 3분기 수익 미리보기
2014-09-25,3,3,,Should Amedisys (AMED) Be in Your Portfolio Post Q2? - Analyst Blog,Amedisys(AMED)가 귀하의 포트폴리오 포스트 Q2에 포함되어야 합니까? - 분석가 블로그
2014-12-12,3,3,,Quest Diagnostics' Virus Test Kit Wins FDA Clearance Again - Analyst Blog,"Quest Diagnostics의 바이러스 테스트 키트, 다시 FDA 승인 획득 - 분석가 블로그"
2013-05-13,3,3,,ABB's South African Project - Analyst Blog,ABB의 남아프리카 프로젝트 - 분석가 블로그
2013-02-15,3,3,,"Agilent Misses, Guidance Disappoints - Analyst Blog","애질런트의 실수, 지침에 대한 실망감 - 분석가 블로그"
2014-06-27,3,3,,ADT Corporation Expands Video Surveillance Portfolio - Analyst Blog,"ADT Corporation, 비디오 감시 포트폴리오 확장 - 분석가 블로그"
2015-04-27,3,3,,Will Leggett's (LEG) Earnings Disappoint Investors in Q1? - Analyst Blog,Leggett(LEG)의 수익이 1분기 투자자들을 실망시킬까요? - 분석가 블로그
2020-05-06,3,3,,"Sawyer & Company, Inc Buys AmerisourceBergen Corp, Ecolab Inc, Crown Castle International ...","Sawyer & Company, Inc는 AmerisourceBergen Corp, Ecolab Inc, Crown Castle International을 인수합니다."
2014-03-12,3,3,,"CNinsure Earnings Lag Ests, Rise Y/Y - Analyst Blog","CNinsure 수익 예상 지연, Y/Y 상승 - 분석가 블로그"
2013-06-24,3,3,,Your Retirement Income is on Sale!,귀하의 퇴직 소득이 판매 중입니다!
2015-06-15,3,3,,AIG's Taiwan Unit Gets Downgraded by Moody's on Divestiture - Analyst Blog,"AIG 대만 사업부, 무디스 매각으로 등급 강등 - 애널리스트 블로그"
2019-02-07,3,3,,Armada Hoffler Properties' (AHH) CEO Lou Haddad on Fourth Quarter 2018 Earnings Conference Call - Earnings Call Transcript,Armada Hoffler Properties'(AHH) CEO Lou Haddad의 2018년 4분기 실적 컨퍼런스 콜 - 실적 콜 대본
2013-12-10,3,3,,Metals Outlook for 2014: PwC,2014년 금속 전망: PwC
2017-03-20,3,3,,On TIPS And Tactical Investing,TIPS와 전술적 투자에 대하여
2018-08-15,3,3,,New business chief at Achillion,Achillion의 새로운 사업 책임자
2012-03-15,3,3,,"Three Solid Small Cap Speculations (& Why): LQMT, VTG, AIQ","세 가지 견고한 소형주 투기(& 이유): LQMT, VTG, AIQ"
2017-12-19,3,3,,SAP Adds to Its Integrated Business Planning Capabilities,"SAP, 통합 비즈니스 계획 기능 추가"
2019-06-16,3,3,,Global Inflation Is Subdued - Don't Expect Interest Rates To Increases Anytime Soon,글로벌 인플레이션은 진정되었습니다. 금리가 곧 인상될 것으로 기대하지 마십시오.
2015-12-15,3,3,,AGCO sinks during investor day,AGCO는 투자자의 날에 하락합니다
2013-08-02,3,3,,"Nashville ETF Hits Market, First City-Specific Fund - ETF News And Commentary","내슈빌 ETF, 최초의 도시별 펀드 출시 - ETF 뉴스 및 논평"
2018-04-30,3,3,,What's in the Offing for Essex Property (ESS) Q1 Earnings?,Essex Property(ESS)의 1분기 실적은 어떻게 되나요?
2019-02-20,3,3,,"Fiserv Rides on Strategic Buyouts, Integration Risks Stay",Fiserv는 전략적 인수를 추진하고 통합 위험은 그대로 유지됩니다.
2020-03-26,3,3,,"Market Talk – Thursday, March 26",마켓 토크 – 3월 26일 목요일
2013-06-26,3,3,,PGT Partners with PulteGroup - Analyst Blog,"PGT, PulteGroup과 파트너십 체결 - 분석가 블로그"
2014-05-06,3,3,,Will Tesla (TSLA) Miss Earnings This Quarter? - Analyst Blog,Tesla(TSLA)가 이번 분기에 수익을 놓칠까요? - 분석가 블로그
2020-02-19,3,3,,Customer Experience Management Cem In Telecommunication Market Outlook —…—…-—…—8 ...,통신 시장 전망의 고객 경험 관리 Cem —…—…-—…—8 ...
2019-03-29,3,3,,What Makes Affirmed Therapeutics (AFMD) a New Strong Buy Stock,Affirmed Therapeutics(AFMD)를 새로운 강력한 매수주로 만드는 이유
2016-07-06,3,3,,"College: The Path To Prosperity, Or Poverty?","대학: 번영으로 가는 길인가, 아니면 빈곤으로 가는 길인가?"
2015-07-08,3,3,,Wall Street Breakfast: Panic Spreads As Chinese Exchanges Near Shutdown,월스트리트 조식: 중국 거래소 폐쇄로 패닉 확산
2019-04-07,3,3,,"This Week In Money - April 6, 2019",이번 주 돈 - 2019년 4월 6일
2014-04-25,3,3,,Will TECO Energy (TE) Beat on Earnings? - Analyst Blog,TECO 에너지(TE)가 수익을 앞지를까요? - 분석가 블로그
2020-05-12,3,3,,"Monaco Asset Management SAM Buys Ovintiv Inc, Continental Resources Inc, W R Grace, Sells ...","모나코 자산 관리 SAM은 Ovintiv Inc, Continental Resources Inc, W R Grace를 인수하고..."
2018-09-05,3,3,,First Quarterly Update - Steve's Dividend Portfolio And Strategy For Replacing My Salary With Dividend Income,1분기 업데이트 - 스티브의 배당 포트폴리오 및 내 급여를 배당 소득으로 대체하기 위한 전략
2017-02-14,3,3,,AEterna Zentaris (AEZS) Presents at 19th Annual BIO CEO & Investor Conference,"AEterna Zentaris(AEZS), 제19회 연례 BIO CEO 및 투자자 컨퍼런스에서 발표"
2018-06-15,3,3,,Top Ranked Momentum Stocks to Buy for June 15th,6월 15일 매수할 상위 모멘텀 주식
2020-05-11,3,3,,"Mid Atlantic Financial Management Inc Buys SPDR Bloomberg Barclays –-' Month T-Bill, ...","Mid Atlantic Financial Management Inc, SPDR Bloomberg Barclays 인수 –-' 월간 T-Bill, ..."
2012-11-19,3,3,,6 Stocks Rising on Unusual Volume,비정상적인 거래량으로 상승하는 6개 주식
2012-05-07,3,3,,AAR's Oxygen System Gets Approval - Analyst Blog,AAR의 산소 시스템 승인 획득 - 분석가 블로그
2020-05-15,3,3,,"Gardner Lewis Asset Management L P Buys WABCO Holdings Inc, Forty Seven Inc, ForeScout ...","Gardner Lewis Asset Management L P, WABCO Holdings Inc, Forty Seven Inc, ForeScout ... 인수"
2019-04-23,3,3,,"Mascoma Wealth Management LLC Buys JPMorgan Ultra-Short Income, iShares Core U.S. ...","Mascoma Wealth Management LLC, JPMorgan Ultra-Short Income, iShares Core U.S.를 인수"
2011-10-11,3,3,,Wade Into These West Coast REITs,서해안 REIT에 뛰어들다
2014-03-12,3,3,,ABB Receives Indian Order - Analyst Blog,"ABB, 인도 주문 접수 - 애널리스트 블로그"
2019-01-03,3,3,,2018 - A Year Of Volatility For Precious Metals,2018년 - 귀금속 변동성이 큰 해
2014-10-21,3,3,,"Stocks Post Solid Early Advance; Apple Lifts Nasdaq, S&P 500","주식은 견고한 조기 상승을 게시합니다. Apple, 나스닥, S&P 500 상승"
2018-06-25,3,3,,Can Gold Miners Rally If Volatility Returns?,변동성이 다시 발생하면 금 채굴자들이 반등할 수 있습니까?
2019-10-24,3,3,,Altra Industrial Motion Corp (AIMC) CEO Carl Christenson on Q3 2019 Results - Earnings Call Transcript,Altra Industrial Motion Corp(AIMC) CEO Carl Christenson의 2019년 3분기 실적 - 실적 통화 기록
2014-04-23,3,3,,Chubb: After the Hurricane Comes the Sun?,Chubb: 허리케인이 지나고 해가 뜬다고요?
2014-07-07,3,3,,ACE to Expand in Brazil with P&C Unit Buyout - Analyst Blog,"ACE, 손해보험 부문 인수로 브라질 사업 확장 - 애널리스트 블로그"
2011-05-26,3,3,,"Oracle, Gen-Probe: Analysts' New Ratings","Oracle, Gen-Probe: 분석가의 새로운 등급"
2014-04-29,3,3,,Actavis Reporting Q1 Earnings Amid Merger Frenzy,"Actavis, 합병 열풍 속에 1분기 수익 보고"
2016-01-01,3,3,,Metallurgical Coal: Is There A Future?,야금 석탄: 미래가 있습니까?
2018-06-29,3,3,,Assurant Shows Improved Relative Price Performance; Still Shy Of Benchmark,Assurant는 향상된 상대적 가격 성과를 보여줍니다. 아직 벤치마크가 부족함
2019-12-13,3,3,,Agilent Technologies Inc (A) CEO and President Michael R. Mcmullen Sold $4 million of Shares,Agilent Technologies Inc(A) CEO 겸 사장 Michael R. Mcmullen 400만 달러의 주식 매각
2015-01-28,3,3,,"Alliance Holdings GP, L.P. (AHGP) Q4 2014 Results - Earnings Call Webcast","Alliance Holdings GP, L.P.(AHGP) 2014년 4분기 결과 - 실적 회의 웹캐스트"
2017-02-07,3,3,,"M'F, Inc. Buys Western New England Bancorp, Wells Fargo, Astoria Financialoration, Sells ...","M'F, Inc.는 Western New England Bancorp, Wells Fargo, Astoria Financialoration을 매입하고..."
2015-03-17,3,3,,Not Discounting Good News Is Creating Opportunities - Cramer's Mad Money (3/16/15),좋은 소식을 할인하지 않는 것이 기회를 창출하는 것입니다 - Cramer's Mad Money(3/16/15)
2012-05-17,3,3,,Advance Auto Parts Guides For Rougher Road In Q2,2분기에 더 험난한 도로를 위한 고급 자동차 부품 가이드
2020-01-14,3,3,,"ABIOMED (ABMD) Announces Preliminary Q3 Results, Slashes View","ABIOMED(ABMD), 3분기 예비 결과 발표, 대폭 하락"
