Date,Close,Return
2010-01-05,2308.7099609375,0.00012564397826908547
2010-01-06,2301.090087890625,-0.003300489526965489
2010-01-07,2300.050048828125,-0.00045197668182273
2010-01-08,2317.169921875,0.007443261095817277
2010-01-11,2312.409912109375,-0.0020542342280074344
2010-01-12,2282.31005859375,-0.013016659960676247
2010-01-13,2307.89990234375,0.01121225560639516
2010-01-14,2316.739990234375,0.0038303601822797795
2010-01-15,2287.989990234375,-0.012409679170380938
2010-01-19,2320.39990234375,0.014165233347919859
2010-01-20,2291.25,-0.012562447668743149
2010-01-21,2265.699951171875,-0.011151139695853796
2010-01-22,2205.2900390625,-0.026662803288727388
2010-01-25,2210.800048828125,0.0024985419913143847
2010-01-26,2203.72998046875,-0.0031979682482469185
2010-01-27,2221.409912109375,0.008022730460319094
2010-01-28,2179.0,-0.019091439125300425
2010-01-29,2147.35009765625,-0.014524966656149663
2010-02-01,2171.199951171875,0.011106644203782157
2010-02-02,2190.06005859375,0.008686490349124831
2010-02-03,2190.909912109375,0.0003880503241406874
2010-02-04,2125.429931640625,-0.02988711681244205
2010-02-05,2141.1201171875,0.007382123171081778
2010-02-08,2126.050048828125,-0.007038403982290609
2010-02-09,2150.8701171875,0.011674263441284305
2010-02-10,2147.8701171875,-0.001394784360072343
2010-02-11,2177.409912109375,0.013753063877324001
2010-02-12,2183.530029296875,0.002810732675305516
2010-02-16,2214.18994140625,0.014041442846218999
2010-02-17,2226.2900390625,0.005464796596702515
2010-02-18,2241.7099609375,0.006926286155191752
2010-02-19,2243.8701171875,0.0009636198650322392
2010-02-22,2242.030029296875,-0.0008200509809058731
2010-02-23,2213.43994140625,-0.012751875540039537
2010-02-24,2235.89990234375,0.010147083965255765
2010-02-25,2234.219970703125,-0.0007513447443975307
2010-02-26,2238.260009765625,0.001808254834114953
2010-03-01,2273.570068359375,0.015775673263915158
2010-03-02,2280.7900390625,0.0031756094978567795
2010-03-03,2280.679931640625,-4.827600085466344e-05
2010-03-04,2292.31005859375,0.005099412149761395
2010-03-05,2326.35009765625,0.014849666141317108
2010-03-08,2332.2099609375,0.002518908605868786
2010-03-09,2340.679931640625,0.0036317359264343985
2010-03-10,2358.949951171875,0.007805432637021825
2010-03-11,2368.4599609375,0.004031458895895845
2010-03-12,2367.659912109375,-0.00033779284485280225
2010-03-15,2362.2099609375,-0.0023018302349933073
2010-03-16,2378.010009765625,0.0066886725098112
2010-03-17,2389.090087890625,0.004659390868624769
2010-03-18,2391.280029296875,0.0009166424562012665
2010-03-19,2374.409912109375,-0.007054848023157034
2010-03-22,2395.39990234375,0.00884008701586314
2010-03-23,2415.239990234375,0.00828257856703285
2010-03-24,2398.760009765625,-0.006823330408317174
2010-03-25,2397.409912109375,-0.0005628314840807613
2010-03-26,2395.1298828125,-0.0009510385709838864
2010-03-29,2404.360107421875,0.0038537470037058874
2010-03-30,2410.68994140625,0.0026326480650031847
2010-03-31,2397.9599609375,-0.0052806378166261325
2010-04-01,2402.580078125,0.0019266865430453972
2010-04-05,2429.530029296875,0.011217087587318542
2010-04-06,2436.81005859375,0.0029964763592496
2010-04-07,2431.159912109375,-0.002318665118952956
2010-04-08,2436.81005859375,0.002324053821483485
2010-04-09,2454.050048828125,0.0070748190543517
2010-04-12,2457.8701171875,0.001556638325774573
2010-04-13,2465.989990234375,0.0033036216967259335
2010-04-14,2504.860107421875,0.015762479710554667
2010-04-15,2515.68994140625,0.004323528468630267
2010-04-16,2481.260009765625,-0.01368607914430775
2010-04-19,2480.110107421875,-0.00046343484327493467
2010-04-20,2500.31005859375,0.00814477998836649
2010-04-21,2504.610107421875,0.0017198062349688126
2010-04-22,2519.070068359375,0.005773338091486169
2010-04-23,2530.14990234375,0.004398382610925511
2010-04-26,2522.949951171875,-0.002845661897425744
2010-04-27,2471.469970703125,-0.02040467764524556
2010-04-28,2471.72998046875,0.00010520450125106606
2010-04-29,2511.919921875,0.016259842994107432
2010-04-30,2461.18994140625,-0.020195699722339477
2010-05-03,2498.739990234375,0.015256867499901405
2010-05-04,2424.25,-0.02981102096476551
2010-05-05,2402.2900390625,-0.009058455579045055
2010-05-06,2319.639892578125,-0.03440473262613597
2010-05-07,2265.639892578125,-0.02327947547926612
2010-05-10,2374.669921875,0.04812328281031775
2010-05-11,2375.31005859375,0.0002695687147309389
2010-05-12,2425.02001953125,0.020927777726386543
2010-05-13,2394.360107421875,-0.012643158350215011
2010-05-14,2346.85009765625,-0.019842466310041162
2010-05-17,2354.22998046875,0.0031445906237770327
2010-05-18,2317.260009765625,-0.015703636012554645
2010-05-19,2298.3701171875,-0.00815182262608316
2010-05-20,2204.010009765625,-0.04105522723091393
2010-05-21,2229.0400390625,0.011356586034532823
2010-05-24,2213.550048828125,-0.006949175413147768
2010-05-25,2210.949951171875,-0.0011746279049016373
2010-05-26,2195.8798828125,-0.006816105607179157
2010-05-27,2277.679931640625,0.037251604456321585
2010-05-28,2257.0400390625,-0.009061805520347188
2010-06-01,2222.330078125,-0.015378531322783884
2010-06-02,2281.070068359375,0.02643171273816103
2010-06-03,2303.030029296875,0.009627043571394767
2010-06-04,2219.169921875,-0.03641294570851861
2010-06-07,2173.89990234375,-0.020399528258296162
2010-06-08,2170.570068359375,-0.001531732892018134
2010-06-09,2158.85009765625,-0.005399489688892478
2010-06-10,2218.7099609375,0.027727660825657363
2010-06-11,2243.60009765625,0.011218292231505833
2010-06-14,2243.9599609375,0.0001603954651392403
2010-06-15,2305.8798828125,0.02759404042536051
2010-06-16,2305.929931640625,2.1704872182670698e-05
2010-06-17,2307.159912109375,0.0005333988912121779
2010-06-18,2309.800048828125,0.001144323245602985
2010-06-21,2289.090087890625,-0.00896612715373657
2010-06-22,2261.800048828125,-0.011921784645726907
2010-06-23,2254.22998046875,-0.0033469220072291916
2010-06-24,2217.419921875,-0.016329327048563047
2010-06-25,2223.47998046875,0.002732932330032245
2010-06-28,2220.64990234375,-0.001272814754285978
2010-06-29,2135.179931640625,-0.038488719276693284
2010-06-30,2109.239990234375,-0.012148831591124232
2010-07-01,2101.360107421875,-0.003735887262228732
2010-07-02,2091.7900390625,-0.004554225772904985
2010-07-06,2093.8798828125,0.0009990695581172382
2010-07-07,2159.469970703125,0.03132466596055372
2010-07-08,2175.39990234375,0.007376778495066683
2010-07-09,2196.449951171875,0.009676404235122948
2010-07-12,2198.360107421875,0.0008696561690288984
2010-07-13,2242.030029296875,0.019864771803111747
2010-07-14,2249.840087890625,0.0034834763547744174
2010-07-15,2249.080078125,-0.00033780612662903664
2010-07-16,2179.050048828125,-0.031137188034343954
2010-07-19,2198.22998046875,0.008801969303522839
2010-07-20,2222.489990234375,0.011036156353600335
2010-07-21,2187.330078125,-0.01582005420220911
2010-07-22,2245.889892578125,0.02677228052536229
2010-07-23,2269.469970703125,0.010499213787338313
2010-07-26,2296.429931640625,0.011879408533943758
2010-07-27,2288.25,-0.003562020999604787
2010-07-28,2264.56005859375,-0.01035286415656067
2010-07-29,2251.68994140625,-0.005683274832415819
2010-07-30,2254.699951171875,0.0013367780839954602
2010-08-02,2295.360107421875,0.018033510946264375
2010-08-03,2283.52001953125,-0.005158270309020829
2010-08-04,2303.570068359375,0.008780325399661226
2010-08-05,2293.06005859375,-0.0045624875535521525
2010-08-06,2288.469970703125,-0.002001730339954544
2010-08-09,2305.68994140625,0.0075246653543958875
2010-08-10,2277.169921875,-0.012369407967254942
2010-08-11,2208.6298828125,-0.030098781124802798
2010-08-12,2190.27001953125,-0.008312784058626566
2010-08-13,2173.47998046875,-0.007665739343906686
2010-08-16,2181.8701171875,0.0038602318834979332
2010-08-17,2209.43994140625,0.012635868653028792
2010-08-18,2215.699951171875,0.002833301620156492
2010-08-19,2178.949951171875,-0.016586180805105433
2010-08-20,2179.760009765625,0.00037176558062479437
2010-08-23,2159.6298828125,-0.009235019847570025
2010-08-24,2123.760009765625,-0.016609268714211978
2010-08-25,2141.5400390625,0.008371957855462853
2010-08-26,2118.68994140625,-0.010669937166457588
2010-08-27,2153.6298828125,0.01649129526855586
2010-08-30,2119.969970703125,-0.015629385707360943
2010-08-31,2114.030029296875,-0.0028018988421236735
2010-09-01,2176.840087890625,0.02971105316542766
2010-09-02,2200.010009765625,0.010643832775723894
2010-09-03,2233.75,0.015336289418960147
2010-09-07,2208.889892578125,-0.011129315018186925
2010-09-08,2228.8701171875,0.009045369204010001
2010-09-09,2236.199951171875,0.003288587310607438
2010-09-10,2242.47998046875,0.002808348731777821
2010-09-13,2285.7099609375,0.01927775536248655
2010-09-14,2289.77001953125,0.0017762789956450309
2010-09-15,2301.320068359375,0.005044196023882508
2010-09-16,2303.25,0.0008386193937817144
2010-09-17,2315.610107421875,0.00536637682486707
2010-09-20,2355.830078125,0.017369059918253882
2010-09-21,2349.35009765625,-0.0027506145408872085
2010-09-22,2334.550048828125,-0.0062996353088838886
2010-09-23,2327.080078125,-0.0031997475088935134
2010-09-24,2381.219970703125,0.023265160957308906
2010-09-27,2369.77001953125,-0.0048084390828009305
2010-09-28,2379.590087890625,0.00414389087482725
2010-09-29,2376.56005859375,-0.0012733408633253118
2010-09-30,2368.6201171875,-0.0033409386720688605
2010-10-01,2370.75,0.0008992082761793974
2010-10-04,2344.52001953125,-0.01106400104133709
2010-10-05,2399.830078125,0.023591207638657075
2010-10-06,2380.659912109375,-0.007988134739357333
2010-10-07,2383.669921875,0.0012643594115708812
2010-10-08,2401.909912109375,0.007652062085856004
2010-10-11,2402.330078125,0.0001749299644864255
2010-10-12,2417.919921875,0.006489467826239714
2010-10-13,2441.22998046875,0.009640542014176301
2010-10-14,2435.3798828125,-0.002396373018131892
2010-10-15,2468.77001953125,0.01371044285714862
2010-10-18,2480.659912109375,0.004816119964217158
2010-10-19,2436.949951171875,-0.01762029560123468
2010-10-20,2457.389892578125,0.008387509721494713
2010-10-21,2459.669921875,0.0009278256184586109
2010-10-22,2479.389892578125,0.008017324002601356
2010-10-25,2490.85009765625,0.004622187543972034
2010-10-26,2497.2900390625,0.002585439168864223
2010-10-27,2503.260009765625,0.002390579632218559
2010-10-28,2507.3701171875,0.0016419019222297937
2010-10-29,2507.409912109375,1.5871179767978916e-05
2010-11-01,2504.840087890625,-0.0010248919438099469
2010-11-02,2533.52001953125,0.011449805430404414
2010-11-03,2540.27001953125,0.002664277348496613
2010-11-04,2577.340087890625,0.014592963769345824
2010-11-05,2578.97998046875,0.0006362732593303555
2010-11-08,2580.050048828125,0.00041491921902414575
2010-11-09,2562.97998046875,-0.0066161772199451185
2010-11-10,2578.780029296875,0.006164718003468517
2010-11-11,2555.52001953125,-0.009019772722517527
2010-11-12,2518.2099609375,-0.014599791161328368
2010-11-15,2513.820068359375,-0.0017432591587759338
2010-11-16,2469.840087890625,-0.017495277813361243
2010-11-17,2476.010009765625,0.002498105810675888
2010-11-18,2514.39990234375,0.015504740460140054
2010-11-19,2518.1201171875,0.0014795637083353519
2010-11-22,2532.02001953125,0.005519952066176614
2010-11-23,2494.949951171875,-0.014640511557344582
2010-11-24,2543.1201171875,0.01930706705880003
2010-11-26,2534.56005859375,-0.003365967079532517
2010-11-29,2525.219970703125,-0.0036850923531901447
2010-11-30,2498.22998046875,-0.01068817392049215
2010-12-01,2549.429931640625,0.020494490728298898
2010-12-02,2579.35009765625,0.011736022098230547
2010-12-03,2591.4599609375,0.004694928110865471
2010-12-06,2594.919921875,0.0013351396470151489
2010-12-07,2598.489990234375,0.0013757913411043265
2010-12-08,2609.159912109375,0.004106200876316413
2010-12-09,2616.669921875,0.0028783248319776966
2010-12-10,2637.5400390625,0.007975831041213466
2010-12-13,2624.909912109375,-0.0047886010320489225
2010-12-14,2627.719970703125,0.0010705352518143307
2010-12-15,2617.219970703125,-0.003995859572963001
2010-12-16,2637.31005859375,0.007676117451154818
2010-12-17,2642.969970703125,0.0021460927928940166
2010-12-20,2649.56005859375,0.002493440320425533
2010-12-21,2667.610107421875,0.00681247015691544
2010-12-22,2671.47998046875,0.0014506891528518473
2010-12-23,2665.60009765625,-0.002200983295958747
2010-12-27,2667.27001953125,0.0006264712686903096
2010-12-28,2662.8798828125,-0.0016459288660701787
2010-12-29,2666.929931640625,0.0015209280952799276
2010-12-30,2662.97998046875,-0.0014810854702301812
2010-12-31,2652.8701171875,-0.0037964473467315685
2011-01-03,2691.52001953125,0.01456908956580416
2011-01-04,2681.25,-0.003815695018697496
2011-01-05,2702.199951171875,0.007813501602564
2011-01-06,2709.889892578125,0.0028458076919566366
2011-01-07,2703.169921875,-0.0024797947405648113
2011-01-10,2707.800048828125,0.0017128508702528578
2011-01-11,2716.830078125,0.0033348213066113352
2011-01-12,2737.330078125,0.007545558393607044
2011-01-13,2735.2900390625,-0.0007452660089488639
2011-01-14,2755.300048828125,0.007315498349302452
2011-01-18,2765.85009765625,0.0038290017933300113
2011-01-19,2725.360107421875,-0.014639256939009693
2011-01-20,2704.2900390625,-0.0077311135148693255
2011-01-21,2689.5400390625,-0.0054542966127676396
2011-01-24,2717.550048828125,0.01041442378949986
2011-01-25,2719.25,0.0006255454881531897
2011-01-26,2739.5,0.007446906316079804
2011-01-27,2755.280029296875,0.005760185908696869
2011-01-28,2686.889892578125,-0.024821483112989595
2011-01-31,2700.080078125,0.004909090463032895
2011-02-01,2751.18994140625,0.018929017585560537
2011-02-02,2749.56005859375,-0.0005924283118260432
2011-02-03,2753.8798828125,0.0015710965124213772
2011-02-04,2769.300048828125,0.0055994330442170615
2011-02-07,2783.989990234375,0.005304568355626982
2011-02-08,2797.050048828125,0.004691129867406829
2011-02-09,2789.070068359375,-0.0028529988128361827
2011-02-10,2790.449951171875,0.0004947465566225162
2011-02-11,2809.43994140625,0.006805350594587756
2011-02-14,2817.179931640625,0.0027549940186657462
2011-02-15,2804.35009765625,-0.004554140770448911
2011-02-16,2825.56005859375,0.007563235758340614
2011-02-17,2831.580078125,0.002130557980157155
2011-02-18,2833.949951171875,0.0008369436786135331
2011-02-22,2756.419921875,-0.027357585925190886
2011-02-23,2722.989990234375,-0.012128025695694822
2011-02-24,2737.89990234375,0.005475566257256759
2011-02-25,2781.050048828125,0.0157603082740303
2011-02-28,2782.27001953125,0.00043867268898623024
2011-03-01,2737.409912109375,-0.016123563531562968
2011-03-02,2748.070068359375,0.0038942491597049322
2011-03-03,2798.739990234375,0.018438366058566524
2011-03-04,2784.669921875,-0.00502728671061603
2011-03-07,2745.6298828125,-0.014019628953442775
2011-03-08,2765.77001953125,0.007335342918878496
2011-03-09,2751.719970703125,-0.005079977268141134
2011-03-10,2701.02001953125,-0.0184248221881822
2011-03-11,2715.610107421875,0.005401695576161325
2011-03-14,2700.969970703125,-0.0053911040759268
2011-03-15,2667.330078125,-0.012454745126014077
2011-03-16,2616.820068359375,-0.018936542642345566
2011-03-17,2636.050048828125,0.007348606310867423
2011-03-18,2643.669921875,0.0028906405059578866
2011-03-21,2692.090087890625,0.018315511182002364
2011-03-22,2683.8701171875,-0.003053378763251513
2011-03-23,2698.300048828125,0.0053765387334565595
2011-03-24,2736.419921875,0.014127366251737161
2011-03-25,2743.06005859375,0.0024265781233605566
2011-03-28,2730.679931640625,-0.004513254062498251
2011-03-29,2756.889892578125,0.009598327740209633
2011-03-30,2776.7900390625,0.007218331982698611
2011-03-31,2781.070068359375,0.0015413586323294037
2011-04-01,2789.60009765625,0.003067175255281107
2011-04-04,2789.18994140625,-0.00014703048309494537
2011-04-05,2791.18994140625,0.0007170540701835204
2011-04-06,2799.820068359375,0.003091916757473445
2011-04-07,2796.139892578125,-0.0013144329604746208
2011-04-08,2780.419921875,-0.005622025830986144
2011-04-11,2771.510009765625,-0.003204520309783465
2011-04-12,2744.7900390625,-0.009640943243565792
2011-04-13,2761.52001953125,0.006095176764217669
2011-04-14,2760.219970703125,-0.00047077291452901626
2011-04-15,2764.64990234375,0.0016049197845258156
2011-04-18,2735.3798828125,-0.010587242712517098
2011-04-19,2744.969970703125,0.00350594370854429
2011-04-20,2802.510009765625,0.020961992180832834
2011-04-21,2820.159912109375,0.006297890920013538
2011-04-25,2825.8798828125,0.0020282433909382114
2011-04-26,2847.5400390625,0.00766492460693069
2011-04-27,2869.8798828125,0.00784531330325211
2011-04-28,2872.530029296875,0.0009234346358000245
2011-04-29,2873.5400390625,0.0003516098196794104
2011-05-02,2864.080078125,-0.003292092961609261
2011-05-03,2841.6201171875,-0.007841945869126565
2011-05-04,2828.22998046875,-0.004712148762517576
2011-05-05,2814.719970703125,-0.004776842710431106
2011-05-06,2827.56005859375,0.004561763878563552
2011-05-09,2843.25,0.005548933030993908
2011-05-10,2871.889892578125,0.010072942083223513
2011-05-11,2845.06005859375,-0.009342222365039787
2011-05-12,2863.0400390625,0.006319719126645529
2011-05-13,2828.469970703125,-0.012074601782619432
2011-05-16,2782.31005859375,-0.016319746218801168
2011-05-17,2783.2099609375,0.00032343711692761623
2011-05-18,2815.0,0.011422077208933068
2011-05-19,2823.31005859375,0.002952063443605768
2011-05-20,2803.320068359375,-0.007080338262362762
2011-05-23,2758.89990234375,-0.015845556316236742
2011-05-24,2746.159912109375,-0.004617779073300965
2011-05-25,2761.3798828125,0.005542274008156545
2011-05-26,2782.919921875,0.007800462079328607
2011-05-27,2796.860107421875,0.005009193917977717
2011-05-31,2835.300048828125,0.013743962847567515
2011-06-01,2769.18994140625,-0.023316794089993875
2011-06-02,2773.31005859375,0.0014878420313082508
2011-06-03,2732.780029296875,-0.014614315904304731
2011-06-06,2702.56005859375,-0.011058325360676857
2011-06-07,2701.56005859375,-0.000370019529009169
2011-06-08,2675.3798828125,-0.009690762083178539
2011-06-09,2684.8701171875,0.0035472474155795464
2011-06-10,2643.72998046875,-0.015322952293068792
2011-06-13,2639.68994140625,-0.0015281587349490477
2011-06-14,2678.719970703125,0.014785838550448238
2011-06-15,2631.4599609375,-0.01764275858712472
2011-06-16,2623.699951171875,-0.002948937046665323
2011-06-17,2616.47998046875,-0.0027518278909522964
2011-06-20,2629.659912109375,0.005037275935229513
2011-06-21,2687.260009765625,0.021904010245205496
2011-06-22,2669.18994140625,-0.006724346841655682
2011-06-23,2686.75,0.006578796930614361
2011-06-24,2652.889892578125,-0.01260262675048851
2011-06-27,2688.280029296875,0.013340220722224183
2011-06-28,2729.31005859375,0.015262557787778741
2011-06-29,2740.489990234375,0.004096248282756676
2011-06-30,2773.52001953125,0.01205259986884677
2011-07-01,2816.030029296875,0.01532709678180355
2011-07-05,2825.77001953125,0.003458766466637009
2011-07-06,2834.02001953125,0.002919558188733573
2011-07-07,2872.659912109375,0.013634304737380143
2011-07-08,2859.81005859375,-0.0044731551623837795
2011-07-11,2802.6201171875,-0.019997811125390563
2011-07-12,2781.909912109375,-0.007389586962256001
2011-07-13,2796.919921875,0.005395577225663528
2011-07-14,2762.669921875,-0.012245613373528252
2011-07-15,2789.800048828125,0.009820256389772464
2011-07-18,2765.110107421875,-0.008850075623384246
2011-07-19,2826.52001953125,0.02220884873428508
2011-07-20,2814.22998046875,-0.004348116757559084
2011-07-21,2834.429931640625,0.007177789772714549
2011-07-22,2858.830078125,0.008608484624014645
2011-07-25,2842.800048828125,-0.0056071990495456525
2011-07-26,2839.9599609375,-0.0009990459553410602
2011-07-27,2764.7900390625,-0.026468655512377537
2011-07-28,2766.25,0.0005280549035813209
2011-07-29,2756.3798828125,-0.0035680495933122502
2011-08-01,2744.610107421875,-0.004270012077803864
2011-08-02,2669.239990234375,-0.027461138098882176
2011-08-03,2693.070068359375,0.00892766413368018
2011-08-04,2556.389892578125,-0.05075255092212139
2011-08-05,2532.409912109375,-0.009380408105340354
2011-08-08,2357.68994140625,-0.06899355821806574
2011-08-09,2482.52001953125,0.05294592640563445
2011-08-10,2381.050048828125,-0.040873777413599544
2011-08-11,2492.679931640625,0.04688262763205686
2011-08-12,2507.97998046875,0.006137991738897286
2011-08-15,2555.199951171875,0.018827889804088338
2011-08-16,2523.449951171875,-0.012425642065873821
2011-08-17,2511.47998046875,-0.004743494396457604
2011-08-18,2380.429931640625,-0.05218040750763442
2011-08-19,2341.840087890625,-0.01621129159781798
2011-08-22,2345.3798828125,0.001511544251112218
2011-08-23,2446.06005859375,0.04292702283287153
2011-08-24,2467.68994140625,0.008842743961460675
2011-08-25,2419.6298828125,-0.019475728205287535
2011-08-26,2479.85009765625,0.02488819272381937
2011-08-29,2562.110107421875,0.03317136380274377
2011-08-30,2576.110107421875,0.0054642460366731704
2011-08-31,2579.4599609375,0.0013003533917179677
2011-09-01,2546.0400390625,-0.012956170043769033
2011-09-02,2480.330078125,-0.025808691116144256
2011-09-06,2473.830078125,-0.0026206189479884845
2011-09-07,2548.93994140625,0.030361771386569147
2011-09-08,2529.139892578125,-0.007767954241087893
2011-09-09,2467.989990234375,-0.024178141558399813
2011-09-12,2495.090087890625,0.010980635157955554
2011-09-13,2532.14990234375,0.01485309674107027
2011-09-14,2572.550048828125,0.01595487946704144
2011-09-15,2607.070068359375,0.013418599784666974
2011-09-16,2622.31005859375,0.00584563891064338
2011-09-19,2612.830078125,-0.003615125693349097
2011-09-20,2590.239990234375,-0.008645831230952417
2011-09-21,2538.18994140625,-0.020094681969378136
2011-09-22,2455.669921875,-0.032511364963305645
2011-09-23,2483.22998046875,0.011223030566219983
2011-09-26,2516.68994140625,0.013474370557971405
2011-09-27,2546.830078125,0.01197610250784753
2011-09-28,2491.580078125,-0.02169363416686032
2011-09-29,2480.760009765625,-0.004342653264235996
2011-09-30,2415.39990234375,-0.026346807899426783
2011-10-03,2335.830078125,-0.03294271236060764
2011-10-04,2404.820068359375,0.029535534660874774
2011-10-05,2460.510009765625,0.023157633346033712
2011-10-06,2506.820068359375,0.01882132501389866
2011-10-07,2479.35009765625,-0.010958094300363208
2011-10-10,2566.050048828125,0.03496882156893988
2011-10-11,2583.030029296875,0.006617166518831041
2011-10-12,2604.72998046875,0.008400967439694096
2011-10-13,2620.239990234375,0.005954555705169007
2011-10-14,2667.85009765625,0.018170132354027757
2011-10-17,2614.919921875,-0.019840011186441853
2011-10-18,2657.429931640625,0.0162567157066682
2011-10-19,2604.0400390625,-0.020090799739417187
2011-10-20,2598.6201171875,-0.0020813512057024086
2011-10-21,2637.4599609375,0.01494633382275068
2011-10-24,2699.43994140625,0.02349987540539522
2011-10-25,2638.419921875,-0.0226046961057641
2011-10-26,2650.669921875,0.004642930376031362
2011-10-27,2738.6298828125,0.03318404913852113
2011-10-28,2737.14990234375,-0.0005404090848633025
2011-10-31,2684.409912109375,-0.019268214060623845
2011-11-01,2606.9599609375,-0.028851760240676483
2011-11-02,2639.97998046875,0.012666101522853968
2011-11-03,2697.969970703125,0.02196607196395428
2011-11-04,2686.14990234375,-0.004381097079555141
2011-11-07,2695.25,0.003387784742880484
2011-11-08,2727.489990234375,0.011961780997820304
2011-11-09,2621.64990234375,-0.03880494090522035
2011-11-10,2625.14990234375,0.0013350371446894105
2011-11-11,2678.75,0.020417918842804195
2011-11-14,2657.219970703125,-0.008037341781381269
2011-11-15,2686.199951171875,0.01090612775316524
2011-11-16,2639.610107421875,-0.017344145855439752
2011-11-17,2587.989990234375,-0.019555962845557384
2011-11-18,2572.5,-0.00598533622341102
2011-11-21,2523.139892578125,-0.01918760249635565
2011-11-22,2521.280029296875,-0.0007371225379618762
2011-11-23,2460.080078125,-0.024273365298872474
2011-11-25,2441.510009765625,-0.007548562554731353
2011-11-28,2527.340087890625,0.03515450593349789
2011-11-29,2515.510009765625,-0.004680841403846725
2011-11-30,2620.340087890625,0.04167348876292776
2011-12-01,2626.199951171875,0.00223629875691711
2011-12-02,2626.929931640625,0.00027796073502495133
2011-12-05,2655.760009765625,0.010974818086219251
2011-12-06,2649.56005859375,-0.0023345299082284665
2011-12-07,2649.2099609375,-0.00013213425946489998
2011-12-08,2596.3798828125,-0.0199418237527329
2011-12-09,2646.85009765625,0.019438686602778033
2011-12-12,2612.260009765625,-0.013068397005653654
2011-12-13,2579.27001953125,-0.01262890757851276
2011-12-14,2539.31005859375,-0.015492740440088637
2011-12-15,2541.010009765625,0.0006694539590081927
2011-12-16,2555.330078125,0.005635581246960841
2011-12-19,2523.139892578125,-0.012597271022808498
2011-12-20,2603.72998046875,0.031940396221264766
2011-12-21,2577.969970703125,-0.009893502766745166
2011-12-22,2599.449951171875,0.00833212982030651
2011-12-23,2618.639892578125,0.00738230847552912
2011-12-27,2625.199951171875,0.0025051396384598856
2011-12-28,2589.97998046875,-0.013416109766192452
2011-12-29,2613.739990234375,0.009173819853744547
2011-12-30,2605.14990234375,-0.0032865120183032115
2012-01-03,2648.719970703125,0.01672459167135698
2012-01-04,2648.360107421875,-0.00013586309056090595
2012-01-05,2669.860107421875,0.008118231331059267
2012-01-06,2674.219970703125,0.0016329931553829002
2012-01-09,2676.56005859375,0.0008750543770750241
2012-01-10,2702.5,0.00969152226678549
2012-01-11,2710.760009765625,0.00305643284574475
2012-01-12,2724.699951171875,0.005142447636836467
2012-01-13,2710.669921875,-0.005149201581201912
2012-01-17,2728.080078125,0.0064228241548336396
2012-01-18,2769.7099609375,0.015259773034636215
2012-01-19,2788.330078125,0.006722767889095982
2012-01-20,2786.699951171875,-0.0005846248139392829
2012-01-23,2784.169921875,-0.00090789440600203
2012-01-24,2786.639892578125,0.0008871479731602516
2012-01-25,2818.31005859375,0.011365001304967537
2012-01-26,2805.280029296875,-0.004623348398854477
2012-01-27,2816.550048828125,0.004017431205994404
2012-01-30,2811.93994140625,-0.001636792296232481
2012-01-31,2813.840087890625,0.0006757422007472869
2012-02-01,2848.27001953125,0.01223592335214585
2012-02-02,2859.679931640625,0.00400590956304514
2012-02-03,2905.659912109375,0.016078715649261888
2012-02-06,2901.989990234375,-0.0012630252631099514
2012-02-07,2904.080078125,0.0007202257408394086
2012-02-08,2915.860107421875,0.004056372062743119
2012-02-09,2927.22998046875,0.003899320484523461
2012-02-10,2903.8798828125,-0.007976857920986014
2012-02-13,2931.389892578125,0.009473535709397352
2012-02-14,2931.830078125,0.0001501627429327801
2012-02-15,2915.830078125,-0.005457342197073167
2012-02-16,2959.85009765625,0.015096908376621476
2012-02-17,2951.780029296875,-0.002726512523646085
2012-02-21,2948.570068359375,-0.0010874661748642156
2012-02-22,2933.169921875,-0.005222920306229617
2012-02-23,2956.97998046875,0.008117517644027128
2012-02-24,2963.75,0.002289504689232613
2012-02-27,2966.159912109375,0.0008131293494306746
2012-02-28,2986.760009765625,0.00694503946741043
2012-02-29,2966.889892578125,-0.006652733102938235
2012-03-01,2988.969970703125,0.007442162980242362
2012-03-02,2976.18994140625,-0.0042757302422374854
2012-03-05,2950.47998046875,-0.008638548427239212
2012-03-06,2910.320068359375,-0.01361131489629519
2012-03-07,2935.68994140625,0.008717210633528927
2012-03-08,2970.419921875,0.011830261765353178
2012-03-09,2988.340087890625,0.006032872956330593
2012-03-12,2983.659912109375,-0.0015661456338972313
2012-03-13,3039.8798828125,0.018842620258077147
2012-03-14,3040.72998046875,0.00027964843645844617
2012-03-15,3056.3701171875,0.005143546720429049
2012-03-16,3055.260009765625,-0.0003632110573363878
2012-03-19,3078.320068359375,0.007547658307326621
2012-03-20,3074.14990234375,-0.0013546888962223669
2012-03-21,3075.320068359375,0.0003806470252907257
2012-03-22,3063.320068359375,-0.0039020328724358455
2012-03-23,3067.919921875,0.0015015908925535282
2012-03-26,3122.570068359375,0.017813420127007262
2012-03-27,3120.35009765625,-0.0007109434390663028
2012-03-28,3104.9599609375,-0.004932182683702657
2012-03-29,3095.360107421875,-0.003091780131273092
2012-03-30,3091.570068359375,-0.0012244258926166207
2012-04-02,3119.699951171875,0.00909889867947511
2012-04-03,3113.570068359375,-0.00196489499260899
2012-04-04,3068.090087890625,-0.01460702006706871
2012-04-05,3080.5,0.004044833024413164
2012-04-09,3047.080078125,-0.010848862806362658
2012-04-10,2991.219970703125,-0.01833233981046145
2012-04-11,3016.4599609375,0.008438025448339825
2012-04-12,3055.550048828125,0.012958928146513893
2012-04-13,3011.330078125,-0.014472016493424555
2012-04-16,2988.39990234375,-0.007614633795152592
2012-04-17,3042.820068359375,0.01821046974768814
2012-04-18,3031.449951171875,-0.003736703759033122
2012-04-19,3007.56005859375,-0.007880681839688597
2012-04-20,3000.449951171875,-0.0023640782838429963
2012-04-23,2970.449951171875,-0.009998500387677911
2012-04-24,2961.60009765625,-0.0029792972987588984
2012-04-25,3029.6298828125,0.022970618217526217
2012-04-26,3050.610107421875,0.006925012434158662
2012-04-27,3069.199951171875,0.006093811760726986
2012-04-30,3046.360107421875,-0.00744162782267721
2012-05-01,3050.43994140625,0.00133924875605973
2012-05-02,3059.85009765625,0.0030848521625579384
2012-05-03,3024.300048828125,-0.011618232166129672
2012-05-04,2956.340087890625,-0.022471302397337745
2012-05-07,2957.760009765625,0.0004802972028881136
2012-05-08,2946.27001953125,-0.0038846932125793376
2012-05-09,2934.7099609375,-0.003923624962110295
2012-05-10,2933.639892578125,-0.0003646249113602451
2012-05-11,2933.820068359375,6.141714315588409e-05
2012-05-14,2902.580078125,-0.01064822978453639
2012-05-15,2893.760009765625,-0.003038699406037626
2012-05-16,2874.0400390625,-0.006814653128309089
2012-05-17,2813.68994140625,-0.020998349652754267
2012-05-18,2778.7900390625,-0.012403606321422678
2012-05-21,2847.2099609375,0.024622199199362038
2012-05-22,2839.080078125,-0.002855385772050023
2012-05-23,2850.1201171875,0.0038885972775346556
2012-05-24,2839.3798828125,-0.003768344467389828
2012-05-25,2837.530029296875,-0.0006514991272645876
2012-05-29,2870.989990234375,0.011791931923903265
2012-05-30,2837.360107421875,-0.01171368863245481
2012-05-31,2827.340087890625,-0.003531458521969011
2012-06-01,2747.47998046875,-0.028245667284212628
2012-06-04,2760.010009765625,0.0045605534475039455
2012-06-05,2778.110107421875,0.006557982613181634
2012-06-06,2844.719970703125,0.02397668224283045
2012-06-07,2831.02001953125,-0.00481592259096375
2012-06-08,2858.419921875,0.00967845587622751
2012-06-11,2809.72998046875,-0.017033865819935712
2012-06-12,2843.070068359375,0.011865940187271162
2012-06-13,2818.610107421875,-0.008603361981723845
2012-06-14,2836.330078125,0.006286776115811632
2012-06-15,2872.800048828125,0.012858154621846474
2012-06-18,2895.330078125,0.007842533038825872
2012-06-19,2929.760009765625,0.011891539379482952
2012-06-20,2930.449951171875,0.000235494171519246
2012-06-21,2859.090087890625,-0.024351162609930754
2012-06-22,2892.419921875,0.011657496951753998
2012-06-25,2836.159912109375,-0.01945084437433786
2012-06-26,2854.06005859375,0.006311402402928046
2012-06-27,2875.320068359375,0.007449040780207028
2012-06-28,2849.489990234375,-0.0089833748977165
2012-06-29,2935.050048828125,0.030026446447250832
2012-07-02,2951.22998046875,0.005512659536107467
2012-07-03,2976.080078125,0.00842025115653744
2012-07-05,2976.1201171875,1.3453624045256518e-05
2012-07-06,2937.330078125,-0.0130337612512621
2012-07-09,2931.77001953125,-0.0018928954001993237
2012-07-10,2902.330078125,-0.010041695361547198
2012-07-11,2887.97998046875,-0.004944336884494027
2012-07-12,2866.18994140625,-0.0075450796784828356
2012-07-13,2908.469970703125,0.01475130056318985
2012-07-16,2896.93994140625,-0.003964293739669444
2012-07-17,2910.0400390625,0.0045220466841611184
2012-07-18,2942.60009765625,0.011188869622646092
2012-07-19,2965.89990234375,0.007918100969974917
2012-07-20,2925.300048828125,-0.013688881908503259
2012-07-23,2890.14990234375,-0.01201591149545711
2012-07-24,2862.989990234375,-0.009397406026362076
2012-07-25,2854.239990234375,-0.003056245404226443
2012-07-26,2893.25,0.013667389532448393
2012-07-27,2958.090087890625,0.022410814098548393
2012-07-30,2945.840087890625,-0.004141185574485062
2012-07-31,2939.52001953125,-0.002145421397907743
2012-08-01,2920.2099609375,-0.006569119606414264
2012-08-02,2909.77001953125,-0.0035750653363630924
2012-08-03,2967.89990234375,0.019977483588845324
2012-08-06,2989.909912109375,0.007416021594341515
2012-08-07,3015.860107421875,0.008679256591444418
2012-08-08,3011.25,-0.0015286211089599044
2012-08-09,3018.639892578125,0.0024540946710254197
2012-08-10,3020.860107421875,0.0007355017235439743
2012-08-13,3022.52001953125,0.0005494832764008084
2012-08-14,3016.97998046875,-0.0018329205519569403
2012-08-15,3030.929931640625,0.004623812972636143
2012-08-16,3062.389892578125,0.010379639796051165
2012-08-17,3076.590087890625,0.004636965184255271
2012-08-20,3076.2099609375,-0.00012355463102520226
2012-08-21,3067.260009765625,-0.0029094084231973127
2012-08-22,3073.669921875,0.0020897843968123997
2012-08-23,3053.39990234375,-0.006594728792115978
2012-08-24,3069.7900390625,0.005367831677131063
2012-08-27,3073.18994140625,0.0011075357925092177
2012-08-28,3077.139892578125,0.0012852935377198893
2012-08-29,3081.18994140625,0.0013161731248856334
2012-08-30,3048.7099609375,-0.01054137560046886
2012-08-31,3066.9599609375,0.005986138476218983
2012-09-04,3075.06005859375,0.0026410836005090754
2012-09-05,3069.27001953125,-0.0018829027570758106
2012-09-06,3135.81005859375,0.021679434731735503
2012-09-07,3136.419921875,0.0001944834890681424
2012-09-10,3104.02001953125,-0.010330218258650992
2012-09-11,3104.530029296875,0.00016430621014551505
2012-09-12,3114.31005859375,0.003150244708404415
2012-09-13,3155.830078125,0.01333201214717783
2012-09-14,3183.949951171875,0.008910452195063145
2012-09-17,3178.669921875,-0.0016583267255604328
2012-09-18,3177.800048828125,-0.00027365944506807516
2012-09-19,3182.6201171875,0.0015167940982165895
2012-09-20,3175.9599609375,-0.002092664535749078
2012-09-21,3179.9599609375,0.0012594617215575532
2012-09-24,3160.780029296875,-0.006031500986248384
2012-09-25,3117.72998046875,-0.013620071130891587
2012-09-26,3093.699951171875,-0.007707540244797584
2012-09-27,3136.60009765625,0.01386693834614583
2012-09-28,3116.22998046875,-0.006494330342819654
2012-10-01,3113.530029296875,-0.0008664158899687191
2012-10-02,3120.0400390625,0.002090877462034735
2012-10-03,3135.22998046875,0.004868508485812217
2012-10-04,3149.4599609375,0.004538735772940727
2012-10-05,3136.18994140625,-0.0042134269671109115
2012-10-08,3112.35009765625,-0.007601530581821336
2012-10-09,3065.02001953125,-0.015207183202378793
2012-10-10,3051.780029296875,-0.004319707587554289
2012-10-11,3049.409912109375,-0.0007766343461019787
2012-10-12,3044.110107421875,-0.0017379771300848335
2012-10-15,3064.179931640625,0.006593002063170372
2012-10-16,3101.169921875,0.012071742214749603
2012-10-17,3104.1201171875,0.0009513168858275023
2012-10-18,3072.8701171875,-0.010067265060707209
2012-10-19,3005.6201171875,-0.021885077284539367
2012-10-22,3016.9599609375,0.003772879907594895
2012-10-23,2990.4599609375,-0.008783676397138951
2012-10-24,2981.699951171875,-0.002929318526263991
2012-10-25,2986.1201171875,0.0014824315283259448
2012-10-26,2987.949951171875,0.0006127797652355493
2012-10-31,2977.22998046875,-0.0035877343591115274
2012-11-01,3020.06005859375,0.014385881643666831
2012-11-02,2982.1298828125,-0.012559411086318528
2012-11-05,2999.659912109375,0.005878358752215762
2012-11-06,3011.929931640625,0.0040904702168791385
2012-11-07,2937.2900390625,-0.024781417321175225
2012-11-08,2895.580078125,-0.014200150609169238
2012-11-09,2904.8701171875,0.00320835162967259
2012-11-12,2904.25,-0.00021347501350610365
2012-11-13,2883.889892578125,-0.007010452757811869
2012-11-14,2846.81005859375,-0.012857576178550434
2012-11-15,2836.93994140625,-0.003467079638033721
2012-11-16,2853.1298828125,0.005706832622697222
2012-11-19,2916.070068359375,0.022060049185293806
2012-11-20,2916.679931640625,0.00020913876105632667
2012-11-21,2926.550048828125,0.003384024788056994
2012-11-23,2966.85009765625,0.013770497054804265
2012-11-26,2976.780029296875,0.003346961023905193
2012-11-27,2967.7900390625,-0.0030200384797993696
2012-11-28,2991.780029296875,0.008083452642746014
2012-11-29,3012.030029296875,0.006768545749253896
2012-11-30,3010.239990234375,-0.0005942965525207455
2012-12-03,3002.199951171875,-0.002670896369918352
2012-12-04,2996.68994140625,-0.0018353240474453525
2012-12-05,2973.699951171875,-0.007671794774866347
2012-12-06,2989.27001953125,0.0052359244762536505
2012-12-07,2978.0400390625,-0.0037567634892049506
2012-12-10,2986.9599609375,0.0029952323534938596
2012-12-11,3022.300048828125,0.011831456850038613
2012-12-12,3013.81005859375,-0.002809115606396184
2012-12-13,2992.159912109375,-0.00718364663447868
2012-12-14,2971.330078125,-0.006961470842542838
2012-12-17,3010.60009765625,0.01321631003581758
2012-12-18,3054.530029296875,0.014591752546219805
2012-12-19,3044.360107421875,-0.0033294555226032196
2012-12-20,3050.389892578125,0.001980641232799618
2012-12-21,3021.010009765625,-0.009631517231283748
2012-12-24,3012.60009765625,-0.0027838080913963337
2012-12-26,2990.159912109375,-0.007448776744159669
2012-12-27,2985.909912109375,-0.0014213286663327107
2012-12-28,2960.31005859375,-0.008573551871677298
2012-12-31,3019.510009765625,0.019997888734667457
2013-01-02,3112.260009765625,0.030716904299051828
2013-01-03,3100.570068359375,-0.003756094082618233
2013-01-04,3101.659912109375,0.0003514978619969522
2013-01-07,3098.81005859375,-0.0009188156008009818
2013-01-08,3091.81005859375,-0.0022589316116963243
2013-01-09,3105.81005859375,0.004528091873265749
2013-01-10,3121.760009765625,0.005135520482890232
2013-01-11,3125.6298828125,0.0012396446346834011
2013-01-14,3117.5,-0.0026010382282321
2013-01-15,3110.780029296875,-0.002155563978548547
2013-01-16,3117.5400390625,0.002173091540372596
2013-01-17,3136.0,0.005921322807790119
2013-01-18,3134.7099609375,-0.00041136449697065647
2013-01-22,3143.179931640625,0.002701995019849246
2013-01-23,3153.669921875,0.0033373813979842293
2013-01-24,3130.3798828125,-0.007385059197524746
2013-01-25,3149.7099609375,0.006174994361269892
2013-01-28,3154.300048828125,0.0014573049415822492
2013-01-29,3153.659912109375,-0.00020294097227302466
2013-01-30,3142.31005859375,-0.003598946567460848
2013-01-31,3142.1298828125,-5.733863873724765e-05
2013-02-01,3179.10009765625,0.011765972834534288
2013-02-04,3131.169921875,-0.015076648834236428
2013-02-05,3171.580078125,0.012905769171991155
2013-02-06,3168.47998046875,-0.0009774615743212145
2013-02-07,3165.1298828125,-0.0010573201272852106
2013-02-08,3193.8701171875,0.009080270143436264
2013-02-11,3192.0,-0.0005855332618055487
2013-02-12,3186.489990234375,-0.0017261935355967761
2013-02-13,3196.8798828125,0.0032606073171317362
2013-02-14,3198.659912109375,0.0005568020576702803
2013-02-15,3192.030029296875,-0.00207270638163215
2013-02-19,3213.590087890625,0.006754340778710954
2013-02-20,3164.409912109375,-0.01530381113838064
2013-02-21,3131.489990234375,-0.010403178725052031
2013-02-22,3161.820068359375,0.00968551016276109
2013-02-25,3116.25,-0.014412606465307398
2013-02-26,3129.64990234375,0.00430000877456882
2013-02-27,3162.260009765625,0.010419730142165129
2013-02-28,3160.18994140625,-0.0006546167465617536
2013-03-01,3169.739990234375,0.0030219857050348686
2013-03-04,3182.030029296875,0.0038773019554803057
2013-03-05,3224.1298828125,0.013230501638266334
2013-03-06,3222.3701171875,-0.0005458110215661449
2013-03-07,3232.090087890625,0.0030164041837654754
2013-03-08,3244.3701171875,0.003799408111451852
2013-03-11,3252.8701171875,0.002619923033740923
2013-03-12,3242.320068359375,-0.003243304665741409
2013-03-13,3245.1201171875,0.0008635942069536995
2013-03-14,3258.929931640625,0.004255563416584396
2013-03-15,3249.070068359375,-0.003025491031740657
2013-03-18,3237.590087890625,-0.0035333126793867242
2013-03-19,3229.10009765625,-0.0026223178363837807
2013-03-20,3254.18994140625,0.007769918240754015
2013-03-21,3222.60009765625,-0.009707436971656547
2013-03-22,3245.0,0.0069508786895529084
2013-03-25,3235.300048828125,-0.002989199128466846
2013-03-26,3252.47998046875,0.005310150953957926
2013-03-27,3256.52001953125,0.0012421411005634209
2013-03-28,3267.52001953125,0.0033778388998153552
2013-04-01,3239.169921875,-0.008676334800334917
2013-04-02,3254.860107421875,0.004843890850219079
2013-04-03,3218.60009765625,-0.011140266730033432
2013-04-04,3224.97998046875,0.001982191828411972
2013-04-05,3203.860107421875,-0.006548838496605258
2013-04-08,3222.25,0.0057399174625396565
2013-04-09,3237.860107421875,0.004844474333734139
2013-04-10,3297.25,0.018342328145058096
2013-04-11,3300.159912109375,0.0008825269874517261
2013-04-12,3294.949951171875,-0.0015786995407049975
2013-04-15,3216.489990234375,-0.02381218595129042
2013-04-16,3264.6298828125,0.014966591758184489
2013-04-17,3204.669921875,-0.018366541718304763
2013-04-18,3166.360107421875,-0.011954371397697838
2013-04-19,3206.06005859375,0.012538040470766232
2013-04-22,3233.550048828125,0.008574384051443174
2013-04-23,3269.330078125,0.011065246789621286
2013-04-24,3269.64990234375,9.782561292603908e-05
2013-04-25,3289.989990234375,0.0062208763929265665
2013-04-26,3279.260009765625,-0.0032614021624988165
2013-04-29,3307.02001953125,0.008465327446727455
2013-04-30,3328.7900390625,0.006582971800193738
2013-05-01,3299.1298828125,-0.008910191361409248
2013-05-02,3340.6201171875,0.012576114263082472
2013-05-03,3378.6298828125,0.011378056855204655
2013-05-06,3392.969970703125,0.00424435004365975
2013-05-07,3396.6298828125,0.0010786750666751388
2013-05-08,3413.27001953125,0.0048990138145317275
2013-05-09,3409.169921875,-0.0012012227666691189
2013-05-10,3436.580078125,0.008040126153326055
2013-05-13,3438.7900390625,0.0006430698215260655
2013-05-14,3462.610107421875,0.006926874885873735
2013-05-15,3471.6201171875,0.002602086139098514
2013-05-16,3465.239990234375,-0.001837795247682128
2013-05-17,3498.969970703125,0.009733807922050586
2013-05-20,3496.429931640625,-0.0007259390860074877
2013-05-21,3502.1201171875,0.00162742730674581
2013-05-22,3463.300048828125,-0.011084733550073333
2013-05-23,3459.419921875,-0.0011203554120117198
2013-05-24,3459.139892578125,-8.09468937564839e-05
2013-05-28,3488.889892578125,0.008600403835598236
2013-05-29,3467.52001953125,-0.0061251210857455884
2013-05-30,3491.300048828125,0.006857935689752681
2013-05-31,3455.909912109375,-0.010136664343882162
2013-06-03,3465.3701171875,0.002737399214307379
2013-06-04,3445.260009765625,-0.005803162935506645
2013-06-05,3401.47998046875,-0.012707322284175926
2013-06-06,3424.050048828125,0.006635367101665235
2013-06-07,3469.219970703125,0.013191957252628228
2013-06-10,3473.77001953125,0.001311548090507264
2013-06-11,3436.949951171875,-0.010599454814899767
2013-06-12,3400.429931640625,-0.01062570594570278
2013-06-13,3445.360107421875,0.013213086781521222
2013-06-14,3423.56005859375,-0.006327364382365697
2013-06-17,3452.1298828125,0.008345062954872029
2013-06-18,3482.179931640625,0.008704785117656932
2013-06-19,3443.199951171875,-0.011194131616968028
2013-06-20,3364.639892578125,-0.022816002470902874
2013-06-21,3357.25,-0.002196339820622728
2013-06-24,3320.760009765625,-0.010869011909859227
2013-06-25,3347.889892578125,0.00816978123463219
2013-06-26,3376.219970703125,0.00846206985116349
2013-06-27,3401.860107421875,0.007594332401691828
2013-06-28,3403.25,0.0004085684108798837
2013-07-01,3434.489990234375,0.009179457940020619
2013-07-02,3433.39990234375,-0.00031739440025291277
2013-07-03,3443.669921875,0.0029912098279722965
2013-07-05,3479.3798828125,0.010369739768222752
2013-07-08,3484.830078125,0.0015664272071649332
2013-07-09,3504.260009765625,0.005575575051016246
2013-07-10,3520.760009765625,0.004708554717406166
2013-07-11,3578.300048828125,0.016343073342942827
2013-07-12,3600.080078125,0.006086697314275691
2013-07-15,3607.489990234375,0.0020582631354228997
2013-07-16,3598.5,-0.002492034699669632
2013-07-17,3610.0,0.0031957760177852013
2013-07-18,3611.280029296875,0.0003545787525969235
2013-07-19,3587.610107421875,-0.006554440996814237
2013-07-22,3600.389892578125,0.003562200120300618
2013-07-23,3579.27001953125,-0.005865996094037373
2013-07-24,3579.60009765625,9.221939758630171e-05
2013-07-25,3605.18994140625,0.007148799601037759
2013-07-26,3613.159912109375,0.002210693703426969
2013-07-29,3599.139892578125,-0.0038802654386433932
2013-07-30,3616.469970703125,0.004815060998528242
2013-07-31,3626.3701171875,0.0027375165740557428
2013-08-01,3675.739990234375,0.013614129681049914
2013-08-02,3689.590087890625,0.0037679753445691855
2013-08-05,3692.949951171875,0.0009106332143176132
2013-08-06,3665.77001953125,-0.0073599512584783255
2013-08-07,3654.010009765625,-0.003208059890000614
2013-08-08,3669.1201171875,0.0041352123780427075
2013-08-09,3660.110107421875,-0.0024556322709139433
2013-08-12,3669.949951171875,0.0026884010210641573
2013-08-13,3684.43994140625,0.003948280065712684
2013-08-14,3669.27001953125,-0.0041172938401080605
2013-08-15,3606.1201171875,-0.017210481105944142
2013-08-16,3602.780029296875,-0.0009262275748124216
2013-08-19,3589.090087890625,-0.0037998271598396194
2013-08-20,3613.590087890625,0.006826242696627016
2013-08-21,3599.7900390625,-0.003818930341426885
2013-08-22,3638.7099609375,0.010811719976072887
2013-08-23,3657.7900390625,0.005243638083229918
2013-08-26,3657.570068359375,-6.013759695766563e-05
2013-08-27,3578.52001953125,-0.021612723023945568
2013-08-28,3593.35009765625,0.0041441931424328615
2013-08-29,3620.300048828125,0.0074999514212246154
2013-08-30,3589.8701171875,-0.008405361773943354
2013-09-03,3612.610107421875,0.006334488294019502
2013-09-04,3649.0400390625,0.010084102783685989
2013-09-05,3658.780029296875,0.0026691924807922263
2013-09-06,3660.010009765625,0.0003361722921031429
2013-09-09,3706.179931640625,0.012614698252684908
2013-09-10,3729.02001953125,0.006162703460680152
2013-09-11,3725.010009765625,-0.0010753521688331436
2013-09-12,3715.969970703125,-0.00242684960276629
2013-09-13,3722.179931640625,0.0016711547688650352
2013-09-16,3717.85009765625,-0.0011632521973398147
2013-09-17,3745.699951171875,0.007490848954125884
2013-09-18,3783.639892578125,0.010128932349314335
2013-09-19,3789.3798828125,0.0015170551102483554
2013-09-20,3774.72998046875,-0.003866042148531368
2013-09-23,3765.2900390625,-0.002500825610068591
2013-09-24,3768.25,0.0007861176448009655
2013-09-25,3761.10009765625,-0.0018974065796457662
2013-09-26,3787.429931640625,0.007000567201277841
2013-09-27,3781.590087890625,-0.0015419014623118121
2013-09-30,3771.47998046875,-0.002673506960537475
2013-10-01,3817.97998046875,0.012329377390522644
2013-10-02,3815.02001953125,-0.0007752688470452629
2013-10-03,3774.340087890625,-0.010663097816619893
2013-10-04,3807.75,0.008851855246580831
2013-10-07,3770.3798828125,-0.009814225510472063
2013-10-08,3694.830078125,-0.020037716897413516
2013-10-09,3677.780029296875,-0.004614569132439628
2013-10-10,3760.75,0.022559796954193523
2013-10-11,3791.8701171875,0.00827497631788865
2013-10-14,3815.280029296875,0.0061737114895534795
2013-10-15,3794.010009765625,-0.0055749563250721
2013-10-16,3839.429931640625,0.011971481824795127
2013-10-17,3863.14990234375,0.006177992859734083
2013-10-18,3914.280029296875,0.013235346348352772
2013-10-21,3920.050048828125,0.0014740947219062939
2013-10-22,3929.570068359375,0.002428545404438376
2013-10-23,3907.070068359375,-0.005725817229006447
2013-10-24,3928.9599609375,0.005602636296542451
2013-10-25,3943.360107421875,0.0036651293542169228
2013-10-28,3940.1298828125,-0.0008191553703896792
2013-10-29,3952.340087890625,0.0030989346649175076
2013-10-30,3930.6201171875,-0.005495471093105553
2013-10-31,3919.7099609375,-0.0027756832063960957
2013-11-01,3922.0400390625,0.0005944516681644085
2013-11-04,3936.590087890625,0.0037098164942759304
2013-11-05,3939.860107421875,0.0008306731100373721
2013-11-06,3931.949951171875,-0.00200772515630665
2013-11-07,3857.330078125,-0.018977828805942787
2013-11-08,3919.22998046875,0.016047343911475442
2013-11-11,3919.7900390625,0.0001429001606287894
2013-11-12,3919.919921875,3.313514530267625e-05
2013-11-13,3965.580078125,0.011648236994637351
2013-11-14,3972.739990234375,0.0018055144438693382
2013-11-15,3985.969970703125,0.003330190372707875
2013-11-18,3949.070068359375,-0.00925744614609847
2013-11-19,3931.550048828125,-0.00443649244707589
2013-11-20,3921.27001953125,-0.002614752240007512
2013-11-21,3969.159912109375,0.012212852555318232
2013-11-22,3991.64990234375,0.0056661839614375875
2013-11-25,3994.570068359375,0.0007315686713682545
2013-11-26,4017.75,0.005802860193699244
2013-11-27,4044.75,0.006720179204778853
2013-11-29,4059.889892578125,0.003743097244112814
2013-12-02,4045.260009765625,-0.0036035171395275567
2013-12-03,4037.199951171875,-0.0019924698472514324
2013-12-04,4038.0,0.00019816923555970867
2013-12-05,4033.169921875,-0.0011961560487865341
2013-12-06,4062.52001953125,0.007277178553043884
2013-12-09,4068.75,0.00153352609680657
2013-12-10,4060.489990234375,-0.0020301099270353395
2013-12-11,4003.81005859375,-0.013958889635719451
2013-12-12,3998.39990234375,-0.0013512519751999186
2013-12-13,4000.97998046875,0.0006452776580669894
2013-12-16,4029.52001953125,0.007133262151228337
2013-12-17,4023.679931640625,-0.001449325940141244
2013-12-18,4070.06005859375,0.011526793318825002
2013-12-19,4058.139892578125,-0.002928744501068503
2013-12-20,4104.740234375,0.011483177768736308
2013-12-23,4148.89990234375,0.01075821256578835
2013-12-24,4155.419921875,0.0015715056243141845
2013-12-26,4167.18017578125,0.0028300999964747664
2013-12-27,4156.58984375,-0.0025413664839353256
2013-12-30,4154.2001953125,-0.000574905999227493
2013-12-31,4176.58984375,0.005389641178767501
2014-01-02,4143.06982421875,-0.008025691002771174
2014-01-03,4131.91015625,-0.002693574678253041
2014-01-06,4113.68017578125,-0.004411998271834361
2014-01-07,4153.18017578125,0.009602107677828542
2014-01-08,4165.60986328125,0.0029928120076470055
2014-01-09,4156.18994140625,-0.002261354803778981
2014-01-10,4174.669921875,0.004446375341184972
2014-01-13,4113.2998046875,-0.014700591504474336
2014-01-14,4183.02001953125,0.016949947281814204
2014-01-15,4214.8798828125,0.007616474014585428
2014-01-16,4218.68994140625,0.0009039542524773569
2014-01-17,4197.580078125,-0.005003890680388201
2014-01-21,4225.759765625,0.006713317429452692
2014-01-22,4243.0,0.004079795192155178
2014-01-23,4218.8798828125,-0.005684684701272702
2014-01-24,4128.169921875,-0.02150095841956723
2014-01-27,4083.610107421875,-0.010794084375501223
2014-01-28,4097.9599609375,0.0035140116558984857
2014-01-29,4051.429931640625,-0.011354437266446693
2014-01-30,4123.1298828125,0.017697443219224063
2014-01-31,4103.8798828125,-0.004668783314405123
2014-02-03,3996.9599609375,-0.026053375081174335
2014-02-04,4031.52001953125,0.008646586138342016
2014-02-05,4011.550048828125,-0.004953459391588755
2014-02-06,4057.1201171875,0.011359715771884105
2014-02-07,4125.85986328125,0.016942990128032465
2014-02-10,4148.169921875,0.0054073718771454615
2014-02-11,4191.0498046875,0.010337060347112681
2014-02-12,4201.2900390625,0.002443357834484905
2014-02-13,4240.669921875,0.009373283550137224
2014-02-14,4244.02001953125,0.0007899925525844953
2014-02-18,4272.77978515625,0.006776538633806117
2014-02-19,4237.9501953125,-0.008151505950470206
2014-02-20,4267.5498046875,0.006984416524700832
2014-02-21,4263.41015625,-0.0009700293205606725
2014-02-24,4292.97021484375,0.006933430636603344
2014-02-25,4287.58984375,-0.0012532980254897907
2014-02-26,4292.06005859375,0.0010425938596403395
2014-02-27,4318.93017578125,0.0062604243232102785
2014-02-28,4308.1201171875,-0.0025029482195308983
2014-03-03,4277.2998046875,-0.00715400491667828
2014-03-04,4351.97021484375,0.017457371137374667
2014-03-05,4357.97021484375,0.0013786859063362744
2014-03-06,4352.1298828125,-0.0013401495979382672
2014-03-07,4336.22021484375,-0.003655605047905519
2014-03-10,4334.4501953125,-0.00040819410536185874
2014-03-11,4307.18994140625,-0.006289206860821905
2014-03-12,4323.330078125,0.0037472544601737656
2014-03-13,4260.419921875,-0.014551319263895746
2014-03-14,4245.39990234375,-0.003525478663295667
2014-03-17,4279.9501953125,0.008138289386984798
2014-03-18,4333.31005859375,0.012467402854288157
2014-03-19,4307.60009765625,-0.005933099775888961
2014-03-20,4319.2900390625,0.002713794489096255
2014-03-21,4276.7900390625,-0.009839580027189987
2014-03-24,4226.39013671875,-0.011784516397442268
2014-03-25,4234.27001953125,0.0018644475681597328
2014-03-26,4173.580078125,-0.014333035240149505
2014-03-27,4151.22998046875,-0.0053551380919689695
2014-03-28,4155.759765625,0.0010911910873554476
2014-03-31,4198.990234375,0.010402542781126956
2014-04-01,4268.0400390625,0.016444383252483874
2014-04-02,4276.4599609375,0.001972784181483389
2014-04-03,4237.740234375,-0.0090541538833937
2014-04-04,4127.72998046875,-0.025959650148890012
2014-04-07,4079.75,-0.01162381761786202
2014-04-08,4112.990234375,0.008147615509528805
2014-04-09,4183.89990234375,0.017240417294480892
2014-04-10,4054.110107421875,-0.03102124762812053
2014-04-11,3999.72998046875,-0.013413579185619806
2014-04-14,4022.68994140625,0.005740377737901481
2014-04-15,4034.159912109375,0.0028513186127179235
2014-04-16,4086.22998046875,0.012907289124329369
2014-04-17,4095.52001953125,0.0022734988257890887
2014-04-21,4121.5498046875,0.006355672791761746
2014-04-22,4161.4599609375,0.009683288602896356
2014-04-23,4126.97021484375,-0.008287895694659042
2014-04-24,4148.33984375,0.005178042921024417
2014-04-25,4075.56005859375,-0.017544316014972083
2014-04-28,4074.39990234375,-0.0002846617969850529
2014-04-29,4103.5400390625,0.0071520070236570366
2014-04-30,4114.56005859375,0.0026854909240188185
2014-05-01,4127.4501953125,0.003132810442717293
2014-05-02,4123.89990234375,-0.0008601661560403429
2014-05-05,4138.06005859375,0.003433680881039791
2014-05-06,4080.760009765625,-0.013847080036725634
2014-05-07,4067.669921875,-0.003207757344048434
2014-05-08,4051.5,-0.003975229599639252
2014-05-09,4071.8701171875,0.0050277964179934465
2014-05-12,4143.85986328125,0.01767977465437287
2014-05-13,4130.169921875,-0.003303669008587029
2014-05-14,4100.6298828125,-0.007152257563555531
2014-05-15,4069.2900390625,-0.007642690183125023
2014-05-16,4090.590087890625,0.005234340296134787
2014-05-19,4125.81005859375,0.008609997566704886
2014-05-20,4096.89013671875,-0.007009513638360998
2014-05-21,4131.5400390625,0.008457610818800587
2014-05-22,4154.33984375,0.005518476033617992
2014-05-23,4185.81005859375,0.0075752625031617615
2014-05-27,4237.06982421875,0.01224608018697837
2014-05-28,4225.080078125,-0.0028297258698022354
2014-05-29,4247.9501953125,0.00541294289448091
2014-05-30,4242.6201171875,-0.0012547411998572455
2014-06-02,4237.2001953125,-0.0012774940308803995
2014-06-03,4234.080078125,-0.00073636293865742
2014-06-04,4251.64013671875,0.004147313765857419
2014-06-05,4296.22998046875,0.010487680592933035
2014-06-06,4321.39990234375,0.005858606729487459
2014-06-09,4336.240234375,0.003434149203178638
2014-06-10,4338.0,0.0004058275210514495
2014-06-11,4331.93017578125,-0.0013992218116066768
2014-06-12,4297.6298828125,-0.00791801612143117
2014-06-13,4310.64990234375,0.003029581393996006
2014-06-16,4321.10009765625,0.0024242737288449057
2014-06-17,4337.22998046875,0.0037328185989602414
2014-06-18,4362.83984375,0.005904658825235387
2014-06-19,4359.330078125,-0.0008044681333027048
2014-06-20,4368.0400390625,0.0019980044597234237
2014-06-23,4368.68017578125,0.00014655010325581586
2014-06-24,4350.35009765625,-0.004195793097104494
2014-06-25,4379.759765625,0.006760299127326341
2014-06-26,4379.0498046875,-0.00016210042913133993
2014-06-27,4397.93017578125,0.0043115223475056474
2014-06-30,4408.18017578125,0.002330641822474888
2014-07-01,4458.64990234375,0.011449107012409199
2014-07-02,4457.72998046875,-0.00020632296662637106
2014-07-03,4485.93017578125,0.006326133578314019
2014-07-07,4451.52978515625,-0.007668507818227255
2014-07-08,4391.4599609375,-0.013494197976402278
2014-07-09,4419.02978515625,0.006278054329081018
2014-07-10,4396.2001953125,-0.005166199585356024
2014-07-11,4415.490234375,0.00438788913277155
2014-07-14,4440.419921875,0.0056459614169044325
2014-07-15,4416.39013671875,-0.005411601960857659
2014-07-16,4425.97021484375,0.0021692101079000548
2014-07-17,4363.4501953125,-0.01412572080163832
2014-07-18,4432.14990234375,0.015744354571767927
2014-07-21,4424.7001953125,-0.0016808337252560701
2014-07-22,4456.02001953125,0.007078405956618239
2014-07-23,4473.7001953125,0.00396770564399529
2014-07-24,4472.10986328125,-0.00035548471328417097
2014-07-25,4449.56005859375,-0.005042319034388565
2014-07-28,4444.91015625,-0.0010450251895733897
2014-07-29,4442.7001953125,-0.0004971891128986439
2014-07-30,4462.89990234375,0.0045467184692233875
2014-07-31,4369.77001953125,-0.020867571500671978
2014-08-01,4352.64013671875,-0.003920087953355855
2014-08-04,4383.89013671875,0.007179550575839189
2014-08-05,4352.83984375,-0.0070828173153058005
2014-08-06,4355.0498046875,0.0005077055478328596
2014-08-07,4334.97021484375,-0.00461064528404187
2014-08-08,4370.89990234375,0.008288335494663901
2014-08-11,4401.330078125,0.006961993287682766
2014-08-12,4389.25,-0.0027446426217926367
2014-08-13,4434.1298828125,0.010224954790112095
2014-08-14,4453.0,0.004255652785599251
2014-08-15,4464.93017578125,0.002679132221255376
2014-08-18,4508.31005859375,0.00971569119889093
2014-08-19,4527.509765625,0.004258737039315008
2014-08-20,4526.47998046875,-0.00022745067588114676
2014-08-21,4532.10009765625,0.001241608758185242
2014-08-22,4538.5498046875,0.0014231166329679024
2014-08-25,4557.35009765625,0.004142356871204234
2014-08-26,4570.64013671875,0.0029161768961605272
2014-08-27,4569.6201171875,-0.00022316776222564005
2014-08-28,4557.7001953125,-0.0026085148369699995
2014-08-29,4580.27001953125,0.004952020372459565
2014-09-02,4598.18994140625,0.003912416036300437
2014-09-03,4572.56005859375,-0.005573906937098361
2014-09-04,4562.2900390625,-0.0022460108559860803
2014-09-05,4582.89990234375,0.004517438195464907
2014-09-08,4592.2900390625,0.002048950864920185
2014-09-09,4552.2900390625,-0.008710251238435718
2014-09-10,4586.52001953125,0.007519288133011726
2014-09-11,4591.81005859375,0.0011533884164840469
2014-09-12,4567.60009765625,-0.0052724221229905055
2014-09-15,4518.89990234375,-0.010662097003082516
2014-09-16,4552.759765625,0.007492943860891499
2014-09-17,4562.18994140625,0.002071309769615226
2014-09-18,4593.43017578125,0.00684764000978233
2014-09-19,4579.7900390625,-0.002969488203100834
2014-09-22,4527.68994140625,-0.011376088687881203
2014-09-23,4508.68994140625,-0.004196400426240032
2014-09-24,4555.22021484375,0.010320131577508107
2014-09-25,4466.75,-0.019421720722844316
2014-09-26,4512.18994140625,0.010172931416857933
2014-09-29,4505.85009765625,-0.001405048065867609
2014-09-30,4493.39013671875,-0.002765285277462115
2014-10-01,4422.08984375,-0.015867817126784423
2014-10-02,4430.2001953125,0.0018340539991430482
2014-10-03,4475.6201171875,0.010252340723351017
2014-10-06,4454.7998046875,-0.004651939162585439
2014-10-07,4385.2001953125,-0.015623510017613973
2014-10-08,4468.58984375,0.019016155414441016
2014-10-09,4378.33984375,-0.020196528022420335
2014-10-10,4276.240234375,-0.023319251821154352
2014-10-13,4213.66015625,-0.014634369140897108
2014-10-14,4227.169921875,0.003206183015248998
2014-10-15,4215.31982421875,-0.0028033170833581256
2014-10-16,4217.39013671875,0.0004911400762772633
2014-10-17,4258.43994140625,0.009733461538238952
2014-10-20,4316.06982421875,0.013533097473594768
2014-10-21,4419.47998046875,0.02395933348198742
2014-10-22,4382.85009765625,-0.008288278931996573
2014-10-23,4452.7900390625,0.015957639400820733
2014-10-24,4483.72021484375,0.006946246175973281
2014-10-27,4485.93017578125,0.0004928855574404256
2014-10-28,4564.2900390625,0.01746791862795849
2014-10-29,4549.22998046875,-0.0032995402274749175
2014-10-30,4566.14013671875,0.0037171469287331504
2014-10-31,4630.740234375,0.01414763798788532
2014-11-03,4638.91015625,0.001764279890794418
2014-11-04,4623.64013671875,-0.0032917256460931466
2014-11-05,4620.72021484375,-0.0006315201418490846
2014-11-06,4638.47021484375,0.003841392504782881
2014-11-07,4632.52978515625,-0.0012806872551406334
2014-11-10,4651.6201171875,0.004120930229616571
2014-11-11,4660.56005859375,0.0019218984313051912
2014-11-12,4675.14013671875,0.0031283961458914433
2014-11-13,4680.14013671875,0.0010694866578928597
2014-11-14,4688.5400390625,0.0017947971852054767
2014-11-17,4671.0,-0.003741044955650419
2014-11-18,4702.43994140625,0.006730880198297928
2014-11-19,4675.7099609375,-0.005684278970452206
2014-11-20,4701.8701171875,0.005594905686740814
2014-11-21,4712.97021484375,0.002360783556243806
2014-11-24,4754.89013671875,0.008894586633068746
2014-11-25,4758.25,0.0007066121791761137
2014-11-26,4787.31982421875,0.00610935201360796
2014-11-28,4791.6298828125,0.000900307218236307
2014-12-01,4727.35009765625,-0.013415014666892433
2014-12-02,4755.81005859375,0.006020277819408726
2014-12-03,4774.47021484375,0.003923654649806929
2014-12-04,4769.43994140625,-0.0010535772999192838
2014-12-05,4780.759765625,0.0023734074352159684
2014-12-08,4740.68994140625,-0.008381476205280847
2014-12-09,4766.47021484375,0.005438084699935564
2014-12-10,4684.02001953125,-0.017297956684116822
2014-12-11,4708.16015625,0.005153721935023947
2014-12-12,4653.60009765625,-0.01158840327921351
2014-12-15,4605.16015625,-0.010409132798206322
2014-12-16,4547.830078125,-0.01244909540164274
2014-12-17,4644.31005859375,0.021214508636287377
2014-12-18,4748.39990234375,0.022412337341128685
2014-12-19,4765.3798828125,0.0035759373300401354
2014-12-22,4781.419921875,0.0033659518143249745
2014-12-23,4765.419921875,-0.0033462863043673963
2014-12-24,4773.47021484375,0.0016893144991894093
2014-12-26,4806.85986328125,0.006994837494464834
2014-12-29,4806.91015625,1.0462749108652858e-05
2014-12-30,4777.43994140625,-0.006130802092365384
2014-12-31,4736.0498046875,-0.008663664478546385
2015-01-02,4726.81005859375,-0.0019509393850979384
2015-01-05,4652.56982421875,-0.015706202164824656
2015-01-06,4592.740234375,-0.012859471669250278
2015-01-07,4650.47021484375,0.012569833590121648
2015-01-08,4736.18994140625,0.01843248587828672
2015-01-09,4704.06982421875,-0.006781847346680303
2015-01-12,4664.7099609375,-0.008367193675273943
2015-01-13,4661.5,-0.0006881373042226802
2015-01-14,4639.31982421875,-0.004758162776198671
2015-01-15,4570.81982421875,-0.014765095444036369
2015-01-16,4634.3798828125,0.013905614537018884
2015-01-20,4654.85009765625,0.0044170342875144986
2015-01-21,4667.419921875,0.002700371430882198
2015-01-22,4750.39990234375,0.017778554717102768
2015-01-23,4757.8798828125,0.0015746001647269914
2015-01-26,4771.759765625,0.0029172411146065613
2015-01-27,4681.5,-0.01891540439131434
2015-01-28,4637.990234375,-0.0092939796272562
2015-01-29,4683.41015625,0.00979301800559318
2015-01-30,4635.240234375,-0.01028522385781594
2015-02-02,4676.68994140625,0.008942299629662864
2015-02-03,4727.740234375,0.010915902830496371
2015-02-04,4716.7001953125,-0.002335161941053543
2015-02-05,4765.10009765625,0.010261390450860164
2015-02-06,4744.39990234375,-0.0043441260179784
2015-02-09,4726.009765625,-0.003876177619358212
2015-02-10,4787.64013671875,0.013040677897456554
2015-02-11,4801.18017578125,0.0028281238096101724
2015-02-12,4857.60986328125,0.01175329511369938
2015-02-13,4893.83984375,0.007458396513605026
2015-02-17,4899.27001953125,0.0011095940927010606
2015-02-18,4906.35986328125,0.001447122473702489
2015-02-19,4924.7001953125,0.0037380731422713698
2015-02-20,4955.97021484375,0.006349629072042617
2015-02-23,4960.97021484375,0.001008884190834003
2015-02-24,4968.1201171875,0.001441230653301817
2015-02-25,4967.14013671875,-0.00019725377922319431
2015-02-26,4987.89013671875,0.004177454114211443
2015-02-27,4963.52978515625,-0.004883898982291024
2015-03-02,5008.10009765625,0.008979559794985104
2015-03-03,4979.89990234375,-0.005630916867196301
2015-03-04,4967.14013671875,-0.002562253433848083
2015-03-05,4982.81005859375,0.003154717089450143
2015-03-06,4927.3701171875,-0.011126240164550105
2015-03-09,4942.43994140625,0.0030583909591415104
2015-03-10,4859.7900390625,-0.016722489969242638
2015-03-11,4849.93994140625,-0.002026856629005813
2015-03-12,4893.2900390625,0.008938275149790842
2015-03-13,4871.759765625,-0.004399958568902851
2015-03-16,4929.509765625,0.011854032788620295
2015-03-17,4937.43017578125,0.0016067338402454556
2015-03-18,4982.830078125,0.00919504696318385
2015-03-19,4992.3798828125,0.001916542313859848
2015-03-20,5026.419921875,0.0068183992127064386
2015-03-23,5010.97021484375,-0.0030737000233531653
2015-03-24,4994.72998046875,-0.0032409361218895816
2015-03-25,4876.52001953125,-0.023666937231791252
2015-03-26,4863.35986328125,-0.0026986777860629196
2015-03-27,4891.22021484375,0.005728622258214466
2015-03-30,4947.43994140625,0.011494008466820915
2015-03-31,4900.8798828125,-0.00941093962638706
2015-04-01,4880.22998046875,-0.004213509173356722
2015-04-02,4886.93994140625,0.001374927198995568
2015-04-06,4917.31982421875,0.00621654515438097
2015-04-07,4910.22998046875,-0.0014418105804469006
2015-04-08,4950.81982421875,0.008266383430399982
2015-04-09,4974.56005859375,0.004795212756252276
2015-04-10,4995.97998046875,0.004305892706631731
2015-04-13,4988.25,-0.0015472400808188569
2015-04-14,4977.2900390625,-0.002197155502931869
2015-04-15,5011.02001953125,0.00677677615811656
2015-04-16,5007.7900390625,-0.000644575446947071
2015-04-17,4931.81005859375,-0.015172357442320816
2015-04-20,4994.60009765625,0.01273164179408881
2015-04-21,5014.10009765625,0.0039042164775415777
2015-04-22,5035.169921875,0.004202114797947187
2015-04-23,5056.06005859375,0.004148844436807186
2015-04-24,5092.080078125,0.0071241280985234745
2015-04-27,5060.25,-0.006250898971863816
2015-04-28,5055.419921875,-0.0009545137344992849
2015-04-29,5023.64013671875,-0.0062862800019317655
2015-04-30,4941.419921875,-0.01636666094826078
2015-05-01,5005.39013671875,0.012945715169958127
2015-05-04,5016.93017578125,0.002305522396315096
2015-05-05,4939.330078125,-0.015467645539668284
2015-05-06,4919.64013671875,-0.0039863586953727825
2015-05-07,4945.5400390625,0.005264592861262463
2015-05-08,5003.5498046875,0.011729713068099334
2015-05-11,4993.56982421875,-0.0019945800198492014
2015-05-12,4976.18994140625,-0.0034804525468349334
2015-05-13,4981.68994140625,0.0011052632766759274
2015-05-14,5050.7998046875,0.0138727749205807
2015-05-15,5048.2900390625,-0.0004969045937379679
2015-05-18,5078.43994140625,0.005972299949182247
2015-05-19,5070.02978515625,-0.0016560511391360277
2015-05-20,5071.740234375,0.0003373647278677172
2015-05-21,5090.7900390625,0.003756068687900349
2015-05-22,5089.35986328125,-0.0002809339552949375
2015-05-26,5032.75,-0.01112317949643904
2015-05-27,5106.58984375,0.01467186801450504
2015-05-28,5097.97998046875,-0.001686029923039123
2015-05-29,5070.02978515625,-0.005482602014833748
2015-06-01,5082.93017578125,0.0025444407965351523
2015-06-02,5076.52001953125,-0.0012611143628418198
2015-06-03,5099.22998046875,0.0044735292779554126
2015-06-04,5059.1201171875,-0.00786586669651701
2015-06-05,5068.4599609375,0.001846139947986103
2015-06-08,5021.6298828125,-0.009239508348870884
2015-06-09,5013.8701171875,-0.0015452683304197912
2015-06-10,5076.68994140625,0.01252920852564654
2015-06-11,5082.509765625,0.0011463816553543005
2015-06-12,5051.10009765625,-0.006179952310408909
2015-06-15,5029.97021484375,-0.004183223932209268
2015-06-16,5055.5498046875,0.005085435648955361
2015-06-17,5064.8798828125,0.0018455120581244433
2015-06-18,5132.9501953125,0.013439669661465148
2015-06-19,5117.0,-0.003107412833864287
2015-06-22,5153.97021484375,0.007224978472493593
2015-06-23,5160.08984375,0.0011873621016715852
2015-06-24,5122.41015625,-0.007302137877626014
2015-06-25,5112.18994140625,-0.0019951965055512444
2015-06-26,5080.509765625,-0.006196987229417306
2015-06-29,4958.47021484375,-0.024021123157163538
2015-06-30,4986.8701171875,0.005727553280189479
2015-07-01,5013.1201171875,0.005263822674973717
2015-07-02,5009.2099609375,-0.0007799845522540316
2015-07-06,4991.93994140625,-0.003447653355703628
2015-07-07,4997.4599609375,0.0011057864469610212
2015-07-08,4909.759765625,-0.01754895406826784
2015-07-09,4922.39990234375,0.0025744918941346118
2015-07-10,4997.7001953125,0.015297475715635445
2015-07-13,5071.509765625,0.01476870709085909
2015-07-14,5104.89013671875,0.00658193962673681
2015-07-15,5098.93994140625,-0.0011655873394220695
2015-07-16,5163.18017578125,0.012598743094291764
2015-07-17,5210.14013671875,0.009095162155636771
2015-07-20,5218.85986328125,0.0016736069153009403
2015-07-21,5208.1201171875,-0.002057872097565361
2015-07-22,5171.77001953125,-0.006979504473464404
2015-07-23,5146.41015625,-0.004903517206967467
2015-07-24,5088.6298828125,-0.011227296636535988
2015-07-27,5039.77978515625,-0.009599852766114414
2015-07-28,5089.2099609375,0.009808003104984309
2015-07-29,5111.72998046875,0.004425052160178744
2015-07-30,5128.77978515625,0.0033354274878847345
2015-07-31,5128.27978515625,-9.748907555884312e-05
2015-08-03,5115.3798828125,-0.002515444336927297
2015-08-04,5105.5498046875,-0.0019216711857567015
2015-08-05,5139.93994140625,0.006735834148004161
2015-08-06,5056.43994140625,-0.016245326006115723
2015-08-07,5043.5400390625,-0.0025511827477896487
2015-08-10,5101.7998046875,0.011551363759140454
2015-08-11,5036.7900390625,-0.012742515997054449
2015-08-12,5044.39013671875,0.0015089169088462473
2015-08-13,5033.56005859375,-0.002146954900685949
2015-08-14,5048.240234375,0.002916459843602448
2015-08-17,5091.7001953125,0.008608932800298952
2015-08-18,5059.35009765625,-0.006353496163429284
2015-08-19,5019.0498046875,-0.00796550785987693
2015-08-20,4877.490234375,-0.028204456186167293
2015-08-21,4706.0400390625,-0.03515131493327728
2015-08-24,4526.25,-0.03820410314620193
2015-08-25,4506.490234375,-0.004365593068213158
2015-08-26,4697.5400390625,0.042394367845334235
2015-08-27,4812.7099609375,0.024517070832244414
2015-08-28,4828.31982421875,0.0032434664477909436
2015-08-31,4776.509765625,-0.010730452927718681
2015-09-01,4636.10009765625,-0.029395871642351357
2015-09-02,4749.97998046875,0.024563723908823887
2015-09-03,4733.5,-0.0034694841949889366
2015-09-04,4683.919921875,-0.010474295579380954
2015-09-08,4811.93017578125,0.027329727245850588
2015-09-09,4756.52978515625,-0.011513132693369843
2015-09-10,4796.25,0.008350670896186907
2015-09-11,4822.33984375,0.0054396338285118695
2015-09-14,4805.759765625,-0.003438181186356748
2015-09-15,4860.52001953125,0.011394713131093859
2015-09-16,4889.240234375,0.00590887697784237
2015-09-17,4893.9501953125,0.0009633318699264759
2015-09-18,4827.22998046875,-0.013633202664721789
2015-09-21,4828.9501953125,0.00035635651309551264
2015-09-22,4756.72021484375,-0.014957698370727468
2015-09-23,4752.740234375,-0.0008367068671245592
2015-09-24,4734.47998046875,-0.00384204753589934
2015-09-25,4686.5,-0.010134160597717767
2015-09-28,4543.97021484375,-0.030412842239677773
2015-09-29,4517.31982421875,-0.005865001169669037
2015-09-30,4620.16015625,0.022765785030294028
2015-10-01,4627.080078125,0.0014977666663003042
2015-10-02,4707.77978515625,0.01744074138953544
2015-10-05,4781.259765625,0.015608202554510786
2015-10-06,4748.35986328125,-0.006881011272444337
2015-10-07,4791.14990234375,0.009011540888758773
2015-10-08,4810.7900390625,0.004099253231284239
2015-10-09,4830.47021484375,0.0040908407187700835
2015-10-12,4838.64013671875,0.0016913305561629954
2015-10-13,4796.60986328125,-0.008686381348872563
2015-10-14,4782.85009765625,-0.0028686439000038533
2015-10-15,4870.10009765625,0.01824226104070359
2015-10-16,4886.68994140625,0.003406468741368185
2015-10-19,4905.47021484375,0.0038431481560492475
2015-10-20,4880.97021484375,-0.0049944243725839055
2015-10-21,4840.1201171875,-0.008369257720938106
2015-10-22,4920.0498046875,0.016513988406231084
2015-10-23,5031.85986328125,0.02272539161843956
2015-10-26,5034.7001953125,0.0005644696212581124
2015-10-27,5030.14990234375,-0.0009037862816512199
2015-10-28,5095.68994140625,0.01302944054052202
2015-10-29,5074.27001953125,-0.0042035371306538005
2015-10-30,5053.75,-0.004043935275865662
2015-11-02,5127.14990234375,0.014523849091021557
2015-11-03,5145.1298828125,0.0035068177859458594
2015-11-04,5142.47998046875,-0.0005150311856270129
2015-11-05,5127.740234375,-0.0028662719446126417
2015-11-06,5147.1201171875,0.003779419769079251
2015-11-09,5095.2998046875,-0.010067826536038882
2015-11-10,5083.240234375,-0.002366802891834885
2015-11-11,5067.02001953125,-0.0031909203767436223
2015-11-12,5005.080078125,-0.012224135915685608
2015-11-13,4927.8798828125,-0.015424367663947725
2015-11-16,4984.6201171875,0.011514126911432943
2015-11-17,4986.02001953125,0.0002808443393556015
2015-11-18,5075.2001953125,0.017886044466711493
2015-11-19,5073.64013671875,-0.00030738858246237566
2015-11-20,5104.919921875,0.006165156438643127
2015-11-23,5102.47998046875,-0.0004779588012330249
2015-11-24,5102.81005859375,6.468974425444252e-05
2015-11-25,5116.14013671875,0.002612301451932364
2015-11-27,5127.52001953125,0.002224310223800652
2015-11-30,5108.669921875,-0.0036762601773270287
2015-12-01,5156.31005859375,0.009325350325484427
2015-12-02,5123.22021484375,-0.006417349494887481
2015-12-03,5037.52978515625,-0.016725892328271375
2015-12-04,5142.27001953125,0.020791983142934622
2015-12-07,5101.81005859375,-0.007868112873074762
2015-12-08,5098.240234375,-0.0006997171940450464
2015-12-09,5022.8701171875,-0.014783555447096308
2015-12-10,5045.169921875,0.004439653856705084
2015-12-11,4933.47021484375,-0.022139929627927657
2015-12-14,4952.22998046875,0.0038025496877545084
2015-12-15,4995.35986328125,0.00870918414181121
2015-12-16,5071.1298828125,0.015168080299520215
2015-12-17,5002.5498046875,-0.013523628798670195
2015-12-18,4923.080078125,-0.015885844152523032
2015-12-21,4968.919921875,0.009311212294450089
2015-12-22,5001.10986328125,0.0064782572294108665
2015-12-23,5045.93017578125,0.008962073164814122
2015-12-24,5048.490234375,0.0005073511730380176
2015-12-28,5040.990234375,-0.0014855926528157815
2015-12-29,5107.93994140625,0.013281062632241047
2015-12-30,5065.85009765625,-0.008240081957269885
2015-12-31,5007.41015625,-0.011536058169839603
2016-01-04,4903.08984375,-0.02083318706573145
2016-01-05,4891.43017578125,-0.0023780245396916033
2016-01-06,4835.759765625,-0.011381213296652759
2016-01-07,4689.43017578125,-0.03025989646630789
2016-01-08,4643.6298828125,-0.009766707521371654
2016-01-11,4637.990234375,-0.0012144913741670704
2016-01-12,4685.919921875,0.010334150155117516
2016-01-13,4526.06005859375,-0.03411493707670632
2016-01-14,4615.0,0.019650632173423555
2016-01-15,4488.419921875,-0.027427969257854845
2016-01-19,4476.9501953125,-0.002555404075853196
2016-01-20,4471.68994140625,-0.0011749636866091873
2016-01-21,4472.06005859375,8.276897377723635e-05
2016-01-22,4591.18017578125,0.026636519999008623
2016-01-25,4518.490234375,-0.01583251770202654
2016-01-26,4567.669921875,0.010884097330975617
2016-01-27,4468.169921875,-0.02178353552288992
2016-01-28,4506.68017578125,0.00861879798208065
2016-01-29,4613.9501953125,0.023802447776905877
2016-02-01,4620.3701171875,0.001391415512356886
2016-02-02,4516.9501953125,-0.02238347129167939
2016-02-03,4504.240234375,-0.00281383685626857
2016-02-04,4509.56005859375,0.0011810702675560947
2016-02-05,4363.14013671875,-0.03246878187063318
2016-02-08,4283.75,-0.01819564218225056
2016-02-09,4268.759765625,-0.003499325211555271
2016-02-10,4283.58984375,0.0034740952733911534
2016-02-11,4266.83984375,-0.003910271667218357
2016-02-12,4337.509765625,0.016562590690746504
2016-02-16,4435.9599609375,0.022697400267020384
2016-02-17,4534.06005859375,0.022114739204164735
2016-02-18,4487.5400390625,-0.010260124244070634
2016-02-19,4504.43017578125,0.00376378518558651
2016-02-22,4570.60986328125,0.01469213305954331
2016-02-23,4503.580078125,-0.014665391963279317
2016-02-24,4542.60986328125,0.008666390844436656
2016-02-25,4582.2001953125,0.008715327360878211
2016-02-26,4590.47021484375,0.0018048141021227426
2016-02-29,4557.9501953125,-0.0070842458417643694
2016-03-01,4689.60009765625,0.02888357632322136
2016-03-02,4703.419921875,0.002946908890089972
2016-03-03,4707.419921875,0.0008504450094699578
2016-03-04,4717.02001953125,0.002039354426750739
2016-03-07,4708.25,-0.0018592288128812529
2016-03-08,4648.81982421875,-0.012622561627196993
2016-03-09,4674.3798828125,0.005498182239842997
2016-03-10,4662.16015625,-0.0026141920145239528
2016-03-11,4748.47021484375,0.01851289009839019
2016-03-14,4750.27978515625,0.00038108490326904665
2016-03-15,4728.669921875,-0.004549176945066846
2016-03-16,4763.97021484375,0.007465163259852359
2016-03-17,4774.990234375,0.0023132007620267903
2016-03-18,4795.64990234375,0.004326640884000588
2016-03-21,4808.8701171875,0.0027567097500775795
2016-03-22,4821.66015625,0.0026596765458037908
2016-03-23,4768.85986328125,-0.010950645889115318
2016-03-24,4773.5,0.0009730075640255187
2016-03-28,4766.7900390625,-0.001405668992877307
2016-03-29,4846.6201171875,0.01674713538268202
2016-03-30,4869.2900390625,0.004677470345696433
2016-03-31,4869.85009765625,0.00011501853232331882
2016-04-01,4914.5400390625,0.0091768618150605
2016-04-04,4891.7998046875,-0.004627133809929851
2016-04-05,4843.93017578125,-0.009785688461817155
2016-04-06,4920.72021484375,0.015852837732144742
2016-04-07,4848.3701171875,-0.01470315207883599
2016-04-08,4850.68994140625,0.0004784750674307059
2016-04-11,4833.39990234375,-0.003564449443554274
2016-04-12,4872.08984375,0.008004705215368002
2016-04-13,4947.419921875,0.01546155357164336
2016-04-14,4945.89013671875,-0.00030920867450245915
2016-04-15,4938.22021484375,-0.0015507667301498662
2016-04-18,4960.02001953125,0.004414506388753514
2016-04-19,4940.330078125,-0.003969730228651547
2016-04-20,4948.1298828125,0.0015788023399563311
2016-04-21,4945.89013671875,-0.00045264496825958567
2016-04-22,4906.22998046875,-0.008018810599038417
2016-04-25,4895.7900390625,-0.0021278948291887367
2016-04-26,4888.27978515625,-0.0015340228740055029
2016-04-27,4863.14013671875,-0.005142841560304978
2016-04-28,4805.2900390625,-0.011895626288754735
2016-04-29,4775.35986328125,-0.006228588813150915
2016-05-02,4817.58984375,0.008843308499840052
2016-05-03,4763.22021484375,-0.01128564918758812
2016-05-04,4725.64013671875,-0.007889636932570943
2016-05-05,4717.08984375,-0.0018093406864211348
2016-05-06,4736.16015625,0.004042813075792351
2016-05-09,4750.2099609375,0.0029664969561806753
2016-05-10,4809.8798828125,0.012561533567081229
2016-05-11,4760.68994140625,-0.010226854433938004
2016-05-12,4737.330078125,-0.004906823080007117
2016-05-13,4717.68017578125,-0.004147885416404651
2016-05-16,4775.4599609375,0.012247499407202156
2016-05-17,4715.72998046875,-0.012507691606113647
2016-05-18,4739.1201171875,0.004960024601837976
2016-05-19,4712.52978515625,-0.005610816221942594
2016-05-20,4769.56005859375,0.012101838298643086
2016-05-23,4765.77978515625,-0.0007925832552813095
2016-05-24,4861.06005859375,0.019992588355480567
2016-05-25,4894.89013671875,0.006959403446413326
2016-05-26,4901.77001953125,0.0014055234377765569
2016-05-27,4933.5,0.006473167925529211
2016-05-31,4948.0498046875,0.002949185099321072
2016-06-01,4952.25,0.0008488587379458234
2016-06-02,4971.35986328125,0.003858824429552321
2016-06-03,4942.52001953125,-0.005801198171754285
2016-06-06,4968.7099609375,0.005298904466295662
2016-06-07,4961.75,-0.001400758142901748
2016-06-08,4974.64013671875,0.002597901288607929
2016-06-09,4958.6201171875,-0.003220337369331139
2016-06-10,4894.5498046875,-0.012920996363064874
2016-06-13,4848.43994140625,-0.009420654630399428
2016-06-14,4843.5498046875,-0.0010086000399814887
2016-06-15,4834.93017578125,-0.0017796098427454998
2016-06-16,4844.919921875,0.002066161398522226
2016-06-17,4800.33984375,-0.009201406595745643
2016-06-20,4837.2099609375,0.007680730612334541
2016-06-21,4843.759765625,0.0013540459769976199
2016-06-22,4833.31982421875,-0.0021553383964951767
2016-06-23,4910.0400390625,0.015873192264108216
2016-06-24,4707.97998046875,-0.04115242584301415
2016-06-27,4594.43994140625,-0.024116508467224906
2016-06-28,4691.8701171875,0.02120610499294706
2016-06-29,4779.25,0.018623678965963952
2016-06-30,4842.669921875,0.013269848171784338
2016-07-01,4862.56982421875,0.004109283239367434
2016-07-05,4822.89990234375,-0.008158221539034338
2016-07-06,4859.16015625,0.007518350917594008
2016-07-07,4876.81005859375,0.003632294836186434
2016-07-08,4956.759765625,0.016393852963447975
2016-07-11,4988.64013671875,0.006431695825736661
2016-07-12,5022.81982421875,0.0068515039295822255
2016-07-13,5005.72998046875,-0.003402440132850737
2016-07-14,5034.06005859375,0.00565952982592699
2016-07-15,5029.58984375,-0.0008879939436000628
2016-07-18,5055.77978515625,0.005207172397724502
2016-07-19,5036.3701171875,-0.0038391047066046458
2016-07-20,5089.93017578125,0.010634654989109427
2016-07-21,5073.89990234375,-0.003149409301089201
2016-07-22,5100.16015625,0.005175556162256845
2016-07-25,5097.6298828125,-0.0004961164669308182
2016-07-26,5110.0498046875,0.0024364110695591634
2016-07-27,5139.81005859375,0.005823867681084227
2016-07-28,5154.97998046875,0.0029514557351464354
2016-07-29,5162.1298828125,0.0013869893522069354
2016-08-01,5184.2001953125,0.004275427585323621
2016-08-02,5137.72998046875,-0.008963815650052998
2016-08-03,5159.740234375,0.004284042561583101
2016-08-04,5166.25,0.0012616459994692075
2016-08-05,5221.1201171875,0.010620879203968148
2016-08-08,5213.14013671875,-0.001528403922844146
2016-08-09,5225.47998046875,0.002367065420529224
2016-08-10,5204.580078125,-0.003999613896114362
2016-08-11,5228.39990234375,0.004576704337563298
2016-08-12,5232.89013671875,0.0008588161691662766
2016-08-15,5262.02001953125,0.005566691073465968
2016-08-16,5227.10986328125,-0.006634364012379712
2016-08-17,5228.66015625,0.000296587025966355
2016-08-18,5240.14990234375,0.002197455131983661
2016-08-19,5238.3798828125,-0.0003377803238907573
2016-08-22,5244.60009765625,0.0011874310345760808
2016-08-23,5260.080078125,0.002951603588549734
2016-08-24,5217.68994140625,-0.008058838665790824
2016-08-25,5212.2001953125,-0.0010521411113728618
2016-08-26,5218.919921875,0.0012892303270590766
2016-08-29,5232.330078125,0.002569527114947956
2016-08-30,5222.990234375,-0.001785025717136457
2016-08-31,5213.22021484375,-0.0018705797048880202
2016-09-01,5227.2099609375,0.002683513359730494
2016-09-02,5249.89990234375,0.0043407365642111895
2016-09-06,5275.91015625,0.004954428539606592
2016-09-07,5283.93017578125,0.001520120565690286
2016-09-08,5259.47998046875,-0.004627274490599187
2016-09-09,5125.91015625,-0.025396013429990427
2016-09-12,5211.89013671875,0.01677360270622663
2016-09-13,5155.25,-0.010867484776724168
2016-09-14,5173.77001953125,0.003592458082779748
2016-09-15,5249.68994140625,0.014674003983246031
2016-09-16,5244.56982421875,-0.0009753180177586307
2016-09-19,5235.02978515625,-0.0018190317570843106
2016-09-20,5241.35009765625,0.0012073116599873313
2016-09-21,5295.18017578125,0.010270269514923491
2016-09-22,5339.52001953125,0.008373623234351646
2016-09-23,5305.75,-0.006324542170030978
2016-09-26,5257.490234375,-0.009095748127031955
2016-09-27,5305.7099609375,0.009171624560940783
2016-09-28,5318.5498046875,0.00242000483338356
2016-09-29,5269.14990234375,-0.00928822783613148
2016-09-30,5312.0,0.008132260127424074
2016-10-03,5300.8701171875,-0.002095233963196552
2016-10-04,5289.66015625,-0.002114739786050035
2016-10-05,5316.02001953125,0.004983281062036493
2016-10-06,5306.85009765625,-0.0017249599966345786
2016-10-07,5292.39990234375,-0.002722932633594022
2016-10-10,5328.669921875,0.006853227307178411
2016-10-11,5246.7900390625,-0.015365913823329636
2016-10-12,5239.02001953125,-0.0014809091794033558
2016-10-13,5213.330078125,-0.004903577636748313
2016-10-14,5214.16015625,0.0001592222461574977
2016-10-17,5199.81982421875,-0.002750266888917996
2016-10-18,5243.83984375,0.008465681700396965
2016-10-19,5246.41015625,0.0004901584671894721
2016-10-20,5241.830078125,-0.000872992768120473
2016-10-21,5257.39990234375,0.00297030311679225
2016-10-24,5309.830078125,0.009972643655635993
2016-10-25,5283.39990234375,-0.0049775935185072395
2016-10-26,5250.27001953125,-0.006270561272070929
2016-10-27,5215.97021484375,-0.0065329601258417025
2016-10-28,5190.10009765625,-0.004959790052841528
2016-10-31,5189.14013671875,-0.00018496000451584393
2016-11-01,5153.580078125,-0.006852784402973544
2016-11-02,5105.56982421875,-0.009315903348438348
2016-11-03,5058.41015625,-0.009236905887574753
2016-11-04,5046.3701171875,-0.002380202215833349
2016-11-07,5166.169921875,0.02373979749909183
2016-11-08,5193.490234375,0.005288310859524525
2016-11-09,5251.06982421875,0.011086877464915323
2016-11-10,5208.7998046875,-0.008049791936929562
2016-11-11,5237.10986328125,0.005435044473829365
2016-11-14,5218.39990234375,-0.003572573695404091
2016-11-15,5275.6201171875,0.010965088133251477
2016-11-16,5294.580078125,0.00359388290216911
2016-11-17,5333.97021484375,0.0074397093135853964
2016-11-18,5321.509765625,-0.002336055267814219
2016-11-21,5368.85986328125,0.008897869165272354
2016-11-22,5386.35009765625,0.0032577185511246665
2016-11-23,5380.68017578125,-0.0010526463694714439
2016-11-25,5398.919921875,0.00338985880927245
2016-11-28,5368.81005859375,-0.005577016091543152
2016-11-29,5379.919921875,0.002069334388812516
2016-11-30,5323.68017578125,-0.010453640000304909
2016-12-01,5251.10986328125,-0.013631606351963144
2016-12-02,5255.64990234375,0.0008645865694500987
2016-12-05,5308.89013671875,0.010130095300156405
2016-12-06,5333.0,0.0045414131127887725
2016-12-07,5393.759765625,0.01139316812769553
2016-12-08,5417.35986328125,0.0043754447142150266
2016-12-09,5444.5,0.005009845645054023
2016-12-12,5412.5400390625,-0.005870137007530585
2016-12-13,5463.830078125,0.009476149588240945
2016-12-14,5436.669921875,-0.00497090060665295
2016-12-15,5456.85009765625,0.003711863341206989
2016-12-16,5437.16015625,-0.0036082980206304516
2016-12-19,5457.43994140625,0.003729848776468092
2016-12-20,5483.93994140625,0.0048557565973270655
2016-12-21,5471.43017578125,-0.0022811638636932585
2016-12-22,5447.419921875,-0.0043882957718310855
2016-12-23,5462.68994140625,0.0028031654893962976
2016-12-27,5487.43994140625,0.004530734906332379
2016-12-28,5438.56005859375,-0.008907593219138477
2016-12-29,5432.08984375,-0.0011896926344550085
2016-12-30,5383.1201171875,-0.00901489628689467
2017-01-03,5429.080078125,0.00853779219801476
2017-01-04,5477.0,0.008826526996365436
2017-01-05,5487.93994140625,0.001997433157978845
2017-01-06,5521.06005859375,0.006035072821699572
2017-01-09,5531.81982421875,0.00194885864504446
2017-01-10,5551.81982421875,0.003615446749085871
2017-01-11,5563.64990234375,0.002130846911384543
2017-01-12,5547.490234375,-0.0029045084166676727
2017-01-13,5574.1201171875,0.00480034784874217
2017-01-17,5538.72998046875,-0.006349008628218522
2017-01-18,5555.64990234375,0.003054837830091861
2017-01-19,5540.080078125,-0.0028025207657850215
2017-01-20,5555.330078125,0.002752667792693897
2017-01-23,5552.93994140625,-0.000430242071152831
2017-01-24,5600.9599609375,0.008647674932189098
2017-01-25,5656.33984375,0.009887569844943211
2017-01-26,5655.18017578125,-0.00020502091472307526
2017-01-27,5660.77978515625,0.0009901734694468534
2017-01-30,5613.7099609375,-0.008315077781717806
2017-01-31,5614.7900390625,0.0001924000585202812
2017-02-01,5642.64990234375,0.004961870895870968
2017-02-02,5636.2001953125,-0.0011430280352092703
2017-02-03,5666.77001953125,0.0054238357686751115
2017-02-06,5663.5498046875,-0.0005682628433218984
2017-02-07,5674.22021484375,0.001884049849339764
2017-02-08,5682.4501953125,0.0014504161201251975
2017-02-09,5715.18017578125,0.005759835870756902
2017-02-10,5734.1298828125,0.003315679724595899
2017-02-13,5763.9599609375,0.0052021978459910745
2017-02-14,5782.56982421875,0.0032286593604691216
2017-02-15,5819.43994140625,0.006376078163912391
2017-02-16,5814.89990234375,-0.0007801505141752374
2017-02-17,5838.580078125,0.004072327327888425
2017-02-21,5865.9501953125,0.004687803681933778
2017-02-22,5860.6298828125,-0.000906982214791352
2017-02-23,5835.509765625,-0.004286248695071104
2017-02-24,5845.31005859375,0.0016794236257611228
2017-02-27,5861.89990234375,0.0028381460664537173
2017-02-28,5825.43994140625,-0.006219819775994839
2017-03-01,5904.02978515625,0.013490799757696736
2017-03-02,5861.22021484375,-0.007250906900932441
2017-03-03,5870.75,0.001625904642196474
2017-03-06,5849.18017578125,-0.0036741173135885763
2017-03-07,5833.93017578125,-0.0026072029825894294
2017-03-08,5837.5498046875,0.000620444331211889
2017-03-09,5838.81005859375,0.00021588747820833198
2017-03-10,5861.72998046875,0.003925443993723743
2017-03-13,5875.77978515625,0.002396869991335926
2017-03-14,5856.81982421875,-0.003226799102545974
2017-03-15,5900.0498046875,0.007381135456820509
2017-03-16,5900.759765625,0.0001203313465143463
2017-03-17,5901.0,4.0712447979984745e-05
2017-03-20,5901.52978515625,8.977887752070757e-05
2017-03-21,5793.830078125,-0.01824945581095605
2017-03-22,5821.64013671875,0.0047999437710037895
2017-03-23,5817.68994140625,-0.0006785364982602182
2017-03-24,5828.740234375,0.0018994296842982372
2017-03-27,5840.3701171875,0.001995265245123168
2017-03-28,5875.14013671875,0.0059533931640609605
2017-03-29,5897.5498046875,0.0038143205859368923
2017-03-30,5914.33984375,0.002846951635602224
2017-03-31,5911.740234375,-0.0004395434560202638
2017-04-03,5894.68017578125,-0.0028857930012808897
2017-04-04,5898.60986328125,0.0006666498237080098
2017-04-05,5864.47998046875,-0.005786089197890143
2017-04-06,5878.9501953125,0.002467433581825107
2017-04-07,5877.81005859375,-0.0001939354273929883
2017-04-10,5880.93017578125,0.0005308298765009933
2017-04-11,5866.77001953125,-0.002407808939530409
2017-04-12,5836.16015625,-0.005217498415541422
2017-04-13,5805.14990234375,-0.005313468629376206
2017-04-17,5856.7900390625,0.008895573342197594
2017-04-18,5849.47021484375,-0.0012498013707047395
2017-04-19,5863.02978515625,0.0023180851965176608
2017-04-20,5916.77978515625,0.009167615033456311
2017-04-21,5910.52001953125,-0.0010579683294457132
2017-04-24,5983.81982421875,0.012401583015586137
2017-04-25,6025.490234375,0.006963847739464679
2017-04-26,6025.22998046875,-4.319215468395754e-05
2017-04-27,6048.93994140625,0.003935113018815439
2017-04-28,6047.60986328125,-0.0002198861516040651
2017-05-01,6091.60009765625,0.007273986809581023
2017-05-02,6095.3701171875,0.0006188882183353339
2017-05-03,6072.5498046875,-0.0037438764277253345
2017-05-04,6075.33984375,0.00045945099706656833
2017-05-05,6100.759765625,0.004184115214748152
2017-05-08,6102.66015625,0.00031150064877283334
2017-05-09,6120.58984375,0.0029380117917328086
2017-05-10,6129.14013671875,0.0013969720544959596
2017-05-11,6115.9599609375,-0.002150411882784309
2017-05-12,6121.22998046875,0.0008616831314969264
2017-05-15,6149.669921875,0.004646115486102387
2017-05-16,6169.8701171875,0.0032847609008486156
2017-05-17,6011.240234375,-0.025710408776775107
2017-05-18,6055.1298828125,0.007301263420902648
2017-05-19,6083.7001953125,0.004718364932368546
2017-05-22,6133.6201171875,0.008205519712076503
2017-05-23,6138.7099609375,0.0008298270275555186
2017-05-24,6163.02001953125,0.003960124968998668
2017-05-25,6205.259765625,0.00685374150333562
2017-05-26,6210.18994140625,0.0007945156153754684
2017-05-30,6203.18994140625,-0.0011271796943483903
2017-05-31,6198.52001953125,-0.0007528258717064418
2017-06-01,6246.830078125,0.007793805366688611
2017-06-02,6305.7998046875,0.009439944071633732
2017-06-05,6295.68017578125,-0.0016048129055298288
2017-06-06,6275.06005859375,-0.0032752802893042388
2017-06-07,6297.3798828125,0.0035569100550969512
2017-06-08,6321.759765625,0.0038714327650837266
2017-06-09,6207.919921875,-0.0180076193924692
2017-06-12,6175.4599609375,-0.005228798268341106
2017-06-13,6220.3701171875,0.00727235809706106
2017-06-14,6194.89013671875,-0.004096216139670927
2017-06-15,6165.5,-0.004744254711564144
2017-06-16,6151.759765625,-0.002228567735787834
2017-06-19,6239.009765625,0.014182933554645283
2017-06-20,6188.02978515625,-0.008171165358585197
2017-06-21,6233.9501953125,0.007420845042860558
2017-06-22,6236.68994140625,0.0004394879663636164
2017-06-23,6265.25,0.004579361626451117
2017-06-26,6247.14990234375,-0.0028889665466261816
2017-06-27,6146.6201171875,-0.016092103875806507
2017-06-28,6234.41015625,0.014282652480347213
2017-06-29,6144.35009765625,-0.014445642223822053
2017-06-30,6140.419921875,-0.0006396405997030064
2017-07-03,6110.06005859375,-0.004944264996127434
2017-07-05,6150.85986328125,0.006677480138696179
2017-07-06,6089.4599609375,-0.009982328277431396
2017-07-07,6153.080078125,0.010447579521929429
2017-07-10,6176.39013671875,0.003788356123727521
2017-07-11,6193.2998046875,0.0027377914274264725
2017-07-12,6261.169921875,0.010958635836768593
2017-07-13,6274.43994140625,0.002119415332410668
2017-07-14,6312.47021484375,0.00606114231591115
2017-07-17,6314.43017578125,0.0003104903264163905
2017-07-18,6344.31005859375,0.0047319998765846805
2017-07-19,6385.0400390625,0.006419922748507334
2017-07-20,6390.0,0.0007768096843803196
2017-07-21,6387.75,-0.00035211267605639307
2017-07-24,6410.81005859375,0.003610044005126989
2017-07-25,6412.169921875,0.0002121203512226444
2017-07-26,6422.75,0.0016499996497139069
2017-07-27,6382.18994140625,-0.00631506108656732
2017-07-28,6374.68017578125,-0.001176675356569734
2017-07-31,6348.1201171875,-0.004166492727691207
2017-08-01,6362.93994140625,0.002334521708029058
2017-08-02,6362.64990234375,-4.558255541786682e-05
2017-08-03,6340.33984375,-0.0035064098977899416
2017-08-04,6351.56005859375,0.0017696551163279839
2017-08-07,6383.77001953125,0.0050711889111274555
2017-08-08,6370.4599609375,-0.0020849840381197415
2017-08-09,6352.330078125,-0.002845929952259185
2017-08-10,6216.8701171875,-0.021324452487752832
2017-08-11,6256.56005859375,0.006384232042506488
2017-08-14,6340.22998046875,0.013373150915425791
2017-08-15,6333.009765625,-0.0011387938396544284
2017-08-16,6345.10986328125,0.001910639349070431
2017-08-17,6221.91015625,-0.0194164813038461
2017-08-18,6216.52978515625,-0.000864745867206973
2017-08-21,6213.1298828125,-0.0005469132234946494
2017-08-22,6297.47998046875,0.013576104032460234
2017-08-23,6278.41015625,-0.0030281675015869647
2017-08-24,6271.330078125,-0.0011276864602342007
2017-08-25,6265.64013671875,-0.0009072942000130091
2017-08-28,6283.02001953125,0.0027738399322756457
2017-08-29,6301.89013671875,0.0030033514343168477
2017-08-30,6368.31005859375,0.01053968260855509
2017-08-31,6428.66015625,0.009476626781827369
2017-09-01,6435.330078125,0.0010375290827149275
2017-09-05,6375.56982421875,-0.009286276411739514
2017-09-06,6393.31005859375,0.002782533148270261
2017-09-07,6397.8701171875,0.0007132547228207997
2017-09-08,6360.18994140625,-0.005889487453023534
2017-09-11,6432.259765625,0.011331394955606422
2017-09-12,6454.27978515625,0.0034233722414209744
2017-09-13,6460.18994140625,0.0009156957006406508
2017-09-14,6429.080078125,-0.004815626717389998
2017-09-15,6448.47021484375,0.003016004853435339
2017-09-18,6454.64013671875,0.0009568039658145455
2017-09-19,6461.31982421875,0.001034865981451194
2017-09-20,6456.0400390625,-0.0008171372567660207
2017-09-21,6422.68994140625,-0.005165720388111583
2017-09-22,6426.919921875,0.000658599513185365
2017-09-25,6370.58984375,-0.008764708259904053
2017-09-26,6380.16015625,0.0015022647407427758
2017-09-27,6453.259765625,0.011457331412502603
2017-09-28,6453.4501953125,2.9509068969257868e-05
2017-09-29,6495.9599609375,0.006587137784975328
2017-10-02,6516.72021484375,0.0031958715926649894
2017-10-03,6531.7099609375,0.002300197890897193
2017-10-04,6534.6298828125,0.00044703789550704087
2017-10-05,6585.35986328125,0.007763252300207579
2017-10-06,6590.18017578125,0.0007319740454696522
2017-10-09,6579.72998046875,-0.001585722246396859
2017-10-10,6587.25,0.0011429070119248763
2017-10-11,6603.5498046875,0.0024744475596796267
2017-10-12,6591.509765625,-0.0018232676997382846
2017-10-13,6605.7998046875,0.0021679462779564673
2017-10-16,6624.0,0.002755184209425332
2017-10-17,6623.66015625,-5.1304913949223874e-05
2017-10-18,6624.22021484375,8.455424652509258e-05
2017-10-19,6605.06982421875,-0.0028909652764995686
2017-10-20,6629.0498046875,0.0036305415547346342
2017-10-23,6586.830078125,-0.006368895664752072
2017-10-24,6598.43017578125,0.0017611047375845068
2017-10-25,6563.89013671875,-0.005234584309048995
2017-10-26,6556.77001953125,-0.0010847404571368013
2017-10-27,6701.259765625,0.022036726263594097
2017-10-30,6698.9599609375,-0.00034318990278470185
2017-10-31,6727.669921875,0.00428573406990207
2017-11-01,6716.52978515625,-0.0016558685024852249
2017-11-02,6714.93994140625,-0.00023670612665394053
2017-11-03,6764.43994140625,0.007371622148810042
2017-11-06,6786.43994140625,0.0032523017708139257
2017-11-07,6767.77978515625,-0.0027496237218793684
2017-11-08,6789.1201171875,0.0031532249435857196
2017-11-09,6750.0498046875,-0.005754841838942926
2017-11-10,6750.93994140625,0.00013187113347390422
2017-11-13,6757.60009765625,0.000986552436817112
2017-11-14,6737.8701171875,-0.002919672692024644
2017-11-15,6706.2099609375,-0.004698837421819535
2017-11-16,6793.2900390625,0.012984991318826244
2017-11-17,6782.7900390625,-0.0015456428239665199
2017-11-20,6790.7099609375,0.0011676495703669687
2017-11-21,6862.47998046875,0.010568853616793605
2017-11-22,6867.35986328125,0.0007110961090435186
2017-11-24,6889.16015625,0.0031744794801438214
2017-11-27,6878.52001953125,-0.001544475157700731
2017-11-28,6912.35986328125,0.004919640221139554
2017-11-29,6824.39013671875,-0.012726439060240291
2017-11-30,6873.97021484375,0.007265129503401857
2017-12-01,6847.58984375,-0.0038377197266267205
2017-12-04,6775.3701171875,-0.01054673661980754
2017-12-05,6762.2099609375,-0.0019423523766791684
2017-12-06,6776.3798828125,0.0020954572479787714
2017-12-07,6812.83984375,0.005380448199189036
2017-12-08,6840.080078125,0.003998367053937191
2017-12-11,6875.080078125,0.005116899159109511
2017-12-12,6862.31982421875,-0.001856015313458026
2017-12-13,6875.7998046875,0.0019643474530546268
2017-12-14,6856.52978515625,-0.0028025858923514946
2017-12-15,6936.580078125,0.01167504488087423
2017-12-18,6994.759765625,0.008387373438313528
2017-12-19,6963.85009765625,-0.004418974919003227
2017-12-20,6960.9599609375,-0.0004150199499157736
2017-12-21,6965.35986328125,0.0006320826967027848
2017-12-22,6959.9599609375,-0.0007752510207285068
2017-12-26,6936.25,-0.003406623180387758
2017-12-27,6939.33984375,0.0004454631465129477
2017-12-28,6950.16015625,0.0015592711617582466
2017-12-29,6903.39013671875,-0.0067293441416873545
2018-01-02,7006.89990234375,0.014994048369718627
2018-01-03,7065.52978515625,0.008367449746625955
2018-01-04,7077.91015625,0.0017522212021183758
2018-01-05,7136.56005859375,0.00828633043497451
2018-01-08,7157.39013671875,0.002918784113631334
2018-01-09,7163.580078125,0.0008648321927422487
2018-01-10,7153.56982421875,-0.0013973814485326308
2018-01-11,7211.77978515625,0.0081371905730796
2018-01-12,7261.06005859375,0.0068333025834943495
2018-01-16,7223.68994140625,-0.005146647581198649
2018-01-17,7298.27978515625,0.010325726097745402
2018-01-18,7296.0498046875,-0.00030554877784838563
2018-01-19,7336.3798828125,0.00552765937796762
2018-01-22,7408.02978515625,0.009766383896178787
2018-01-23,7460.2900390625,0.007054541547735882
2018-01-24,7415.06005859375,-0.006062764347220195
2018-01-25,7411.16015625,-0.0005259434600574098
2018-01-26,7505.77001953125,0.012765864086942358
2018-01-29,7466.509765625,-0.005230676373521703
2018-01-30,7402.47998046875,-0.008575597858458073
2018-01-31,7411.47998046875,0.0012158087591922495
2018-02-01,7385.85986328125,-0.00345681527239039
2018-02-02,7240.9501953125,-0.01961987780043961
2018-02-05,6967.52978515625,-0.03776029426818206
2018-02-06,7115.8798828125,0.021291634514759794
2018-02-07,7051.97998046875,-0.008979901768450649
2018-02-08,6777.16015625,-0.03897059052633367
2018-02-09,6874.490234375,0.014361484143950776
2018-02-12,6981.9599609375,0.015633119387545413
2018-02-13,7013.509765625,0.004518760471846628
2018-02-14,7143.6201171875,0.01855138951972446
2018-02-15,7256.43017578125,0.015791721388197733
2018-02-16,7239.47021484375,-0.002337232017212143
2018-02-20,7234.31005859375,-0.0007127809213746117
2018-02-21,7218.22998046875,-0.0022227521345865586
2018-02-22,7210.08984375,-0.0011277192249036228
2018-02-23,7337.39013671875,0.017655853911321184
2018-02-26,7421.4599609375,0.011457728518214694
2018-02-27,7330.35009765625,-0.012276541780296912
2018-02-28,7273.009765625,-0.007822318343237544
2018-03-01,7180.56005859375,-0.01271134097305937
2018-03-02,7257.8701171875,0.010766577810490618
2018-03-05,7330.7099609375,0.010035980607796535
2018-03-06,7372.009765625,0.005633806944698394
2018-03-07,7396.64990234375,0.003342390677999907
2018-03-08,7427.9501953125,0.004231685071214741
2018-03-09,7560.81005859375,0.01788647739790883
2018-03-12,7588.31982421875,0.003638468022845176
2018-03-13,7511.009765625,-0.01018803376565769
2018-03-14,7496.81005859375,-0.0018905190479496792
2018-03-15,7481.740234375,-0.002010164870253739
2018-03-16,7481.990234375,3.341468591111507e-05
2018-03-19,7344.240234375,-0.018410876743346405
2018-03-20,7364.2998046875,0.0027313336263987686
2018-03-21,7345.2900390625,-0.0025813405387026256
2018-03-22,7166.68017578125,-0.024316243787705694
2018-03-23,6992.669921875,-0.024280454776577365
2018-03-26,7220.5400390625,0.0325869974892794
2018-03-27,7008.81005859375,-0.029323288746175402
2018-03-28,6949.22998046875,-0.008500740871404622
2018-03-29,7063.4501953125,0.016436384342549237
2018-04-02,6870.1201171875,-0.027370487903107033
2018-04-03,6941.27978515625,0.010357849172203615
2018-04-04,7042.10986328125,0.014526150975879393
2018-04-05,7076.5498046875,0.0048905714444793524
2018-04-06,6915.10986328125,-0.022813368924403332
2018-04-09,6950.33984375,0.005094637853234829
2018-04-10,7094.2998046875,0.020712650629156615
2018-04-11,7069.02978515625,-0.003562017426237518
2018-04-12,7140.25,0.010074963185655372
2018-04-13,7106.64990234375,-0.004705731263786261
2018-04-16,7156.27978515625,0.006983583473857635
2018-04-17,7281.10009765625,0.01744206714205143
2018-04-18,7295.240234375,0.0019420330072514869
2018-04-19,7238.06005859375,-0.007838011353185959
2018-04-20,7146.1298828125,-0.012700941279438771
2018-04-23,7128.60009765625,-0.0024530459764539048
2018-04-24,7007.35009765625,-0.017008949630919035
2018-04-25,7003.740234375,-0.0005151538357498486
2018-04-26,7118.68017578125,0.016411222798086378
2018-04-27,7119.7998046875,0.00015728040572171587
2018-04-30,7066.27001953125,-0.007518439650649578
2018-05-01,7130.7001953125,0.009117989491367329
2018-05-02,7100.89990234375,-0.004179153821154857
2018-05-03,7088.14990234375,-0.0017955470680260932
2018-05-04,7209.6201171875,0.017137083232901862
2018-05-07,7265.2099609375,0.007710509409154076
2018-05-08,7266.89990234375,0.00023260737340513593
2018-05-09,7339.91015625,0.010046960173856645
2018-05-10,7404.97021484375,0.008863876697230433
2018-05-11,7402.8798828125,-0.00028228770279992155
2018-05-14,7411.31982421875,0.0011400889302344286
2018-05-15,7351.6298828125,-0.008053888217209981
2018-05-16,7398.2998046875,0.006348241494598339
2018-05-17,7382.47021484375,-0.0021396253546958066
2018-05-18,7354.33984375,-0.0038104279834666466
2018-05-21,7394.0400390625,0.005398199723696262
2018-05-22,7378.4599609375,-0.002107113031940666
2018-05-23,7425.9599609375,0.006437657756696025
2018-05-24,7424.43017578125,-0.00020600503696455164
2018-05-25,7433.85009765625,0.0012687737175747227
2018-05-29,7396.58984375,-0.005012241761237268
2018-05-30,7462.4501953125,0.00890415082541729
2018-05-31,7442.1201171875,-0.002724316758290768
2018-06-01,7554.330078125,0.015077687429198017
2018-06-04,7606.4599609375,0.00690066257012667
2018-06-05,7637.85986328125,0.004128057270399443
2018-06-06,7689.240234375,0.006727063865201277
2018-06-07,7635.06982421875,-0.007044962636760799
2018-06-08,7645.509765625,0.0013673668540834516
2018-06-11,7659.93017578125,0.0018861280147839388
2018-06-12,7703.7900390625,0.0057258829094712915
2018-06-13,7695.7001953125,-0.0010501121797167334
2018-06-14,7761.0400390625,0.008490435190003698
2018-06-15,7746.3798828125,-0.0018889422263270728
2018-06-18,7747.02978515625,8.389755648208208e-05
2018-06-19,7725.58984375,-0.0027675047083631776
2018-06-20,7781.509765625,0.0072382721586286
2018-06-21,7712.9501953125,-0.008810574345786137
2018-06-22,7692.81982421875,-0.0026099443901483887
2018-06-25,7532.009765625,-0.02090391589407614
2018-06-26,7561.6298828125,0.003932564894257196
2018-06-27,7445.080078125,-0.015413317828794626
2018-06-28,7503.68017578125,0.007870982855970654
2018-06-29,7510.2998046875,0.0008821843083899328
2018-07-02,7567.68994140625,0.007641524068443983
2018-07-03,7502.669921875,-0.00859179221594375
2018-07-05,7586.43017578125,0.011164059565253792
2018-07-06,7688.39013671875,0.013439781105874404
2018-07-09,7756.2001953125,0.008819799384255811
2018-07-10,7759.2001953125,0.00038678733457819803
2018-07-11,7716.60986328125,-0.005489010588614507
2018-07-12,7823.919921875,0.013906373458683507
2018-07-13,7825.97998046875,0.0002633026173990416
2018-07-16,7805.72021484375,-0.0025887832163591362
2018-07-17,7855.1201171875,0.006328679607271681
2018-07-18,7854.43994140625,-8.659011843270559e-05
2018-07-19,7825.2998046875,-0.0037100209481686353
2018-07-20,7820.2001953125,-0.0006516823000116689
2018-07-23,7841.8701171875,0.002771018814580861
2018-07-24,7840.77001953125,-0.000140285115643346
2018-07-25,7932.240234375,0.01166597344596254
2018-07-26,7852.18017578125,-0.01009299469358016
2018-07-27,7737.419921875,-0.01461508158717617
2018-07-30,7630.0,-0.0138831707416196
2018-07-31,7671.7900390625,0.0054770693397772074
2018-08-01,7707.2900390625,0.004627342487117714
2018-08-02,7802.68994140625,0.01237787884720043
2018-08-03,7812.009765625,0.0011944373400374353
2018-08-06,7859.68017578125,0.006102195412762246
2018-08-07,7883.66015625,0.0030510122463560663
2018-08-08,7888.330078125,0.0005923545386843365
2018-08-09,7891.77978515625,0.0004373177842564857
2018-08-10,7839.10986328125,-0.0066740232633033525
2018-08-13,7819.7099609375,-0.002474758318494863
2018-08-14,7870.89013671875,0.006545022262579359
2018-08-15,7774.1201171875,-0.012294672883287339
2018-08-16,7806.52001953125,0.004167661658856847
2018-08-17,7816.330078125,0.0012566493865648898
2018-08-20,7821.009765625,0.000598706484146172
2018-08-21,7859.169921875,0.004879185347360426
2018-08-22,7889.10009765625,0.0038083125926495764
2018-08-23,7878.4599609375,-0.0013487136158800705
2018-08-24,7945.97998046875,0.008570205327693925
2018-08-27,8017.89990234375,0.00905110786231278
2018-08-28,8030.0400390625,0.0015141292441429588
2018-08-29,8109.68994140625,0.009918991929839693
2018-08-30,8088.35986328125,-0.0026301965030861574
2018-08-31,8109.5400390625,0.0026185995849914434
2018-09-04,8091.25,-0.0022553731746066674
2018-09-05,7995.169921875,-0.011874565502858037
2018-09-06,7922.72998046875,-0.009060463018809917
2018-09-07,7902.5400390625,-0.002548356621520975
2018-09-10,7924.16015625,0.002735844055282266
2018-09-11,7972.47021484375,0.006096552523064069
2018-09-12,7954.22998046875,-0.0022879024798410086
2018-09-13,8013.7099609375,0.007477779824671904
2018-09-14,8010.0400390625,-0.0004579554155177412
2018-09-17,7895.7900390625,-0.014263349426824057
2018-09-18,7956.10986328125,0.007639491921686448
2018-09-19,7950.0400390625,-0.0007629135749825933
2018-09-20,8028.22998046875,0.00983516322207989
2018-09-21,7986.9599609375,-0.005140612517535281
2018-09-24,7993.25,0.0007875385745343966
2018-09-25,8007.47021484375,0.0017790279102680717
2018-09-26,7990.3701171875,-0.002135518109646073
2018-09-27,8041.97021484375,0.006457785671937444
2018-09-28,8046.35009765625,0.0005446280818617311
2018-10-01,8037.2998046875,-0.0011247699713421433
2018-10-02,7999.5498046875,-0.004696851046664174
2018-10-03,8025.08984375,0.0031926845492646905
2018-10-04,7879.509765625,-0.018140616611087346
2018-10-05,7788.4501953125,-0.011556501993278179
2018-10-08,7735.9501953125,-0.006740750557998942
2018-10-09,7738.02001953125,0.0002675591448357828
2018-10-10,7422.0498046875,-0.04083347084218203
2018-10-11,7329.06005859375,-0.012528849649462215
2018-10-12,7496.89013671875,0.02289926358676908
2018-10-15,7430.740234375,-0.008823645690065107
2018-10-16,7645.490234375,0.02890021629427375
2018-10-17,7642.7001953125,-0.0003649261168310325
2018-10-18,7485.14013671875,-0.020615758117842442
2018-10-19,7449.02978515625,-0.00482427194453694
2018-10-22,7468.6298828125,0.0026312282567735323
2018-10-23,7437.5400390625,-0.00416272385133809
2018-10-24,7108.39990234375,-0.04425389779282962
2018-10-25,7318.33984375,0.029534064527943826
2018-10-26,7167.2099609375,-0.02065084240950732
2018-10-29,7050.2900390625,-0.016313171026415163
2018-10-30,7161.64990234375,0.015795075474094755
2018-10-31,7305.89990234375,0.020142006655867517
2018-11-01,7434.06005859375,0.017542008234863182
2018-11-02,7356.990234375,-0.010367124237805614
2018-11-05,7328.85009765625,-0.0038249523000951635
2018-11-06,7375.9599609375,0.006428002026718449
2018-11-07,7570.75,0.026408771209997406
2018-11-08,7530.8798828125,-0.005266336517187886
2018-11-09,7406.89990234375,-0.01646288115040928
2018-11-12,7200.8701171875,-0.0278159267537903
2018-11-13,7200.8701171875,0.0
2018-11-14,7136.39013671875,-0.008954470698595896
2018-11-15,7259.02978515625,0.01718510985077515
2018-11-16,7247.8701171875,-0.0015373497972924755
2018-11-19,7028.47998046875,-0.030269601023684367
2018-11-20,6908.81982421875,-0.017025040489909715
2018-11-21,6972.25,0.009181043563894375
2018-11-23,6938.97998046875,-0.004771776618917811
2018-11-26,7081.85009765625,0.02058949839740687
2018-11-27,7082.7001953125,0.00012003892267231642
2018-11-28,7291.58984375,0.029492939511367222
2018-11-29,7273.080078125,-0.002538508887861446
2018-11-30,7330.5400390625,0.007900361376512288
2018-12-03,7441.509765625,0.01513800156211853
2018-12-04,7158.43017578125,-0.03804061255840796
2018-12-06,7188.259765625,0.004167057456908818
2018-12-07,6969.25,-0.030467703278104552
2018-12-10,7020.52001953125,0.007356605019370743
2018-12-11,7031.830078125,0.001611000119974726
2018-12-12,7098.31005859375,0.009454150588132038
2018-12-13,7070.330078125,-0.0039417805418171525
2018-12-14,6910.66015625,-0.022583093025459355
2018-12-17,6753.72998046875,-0.0227084203582667
2018-12-18,6783.91015625,0.004468667812975724
2018-12-19,6636.830078125,-0.021680723172534222
2018-12-20,6528.41015625,-0.016336100306734158
2018-12-21,6332.990234375,-0.029933769049102055
2018-12-24,6192.919921875,-0.02211756331783188
2018-12-26,6554.35986328125,0.05836341273032608
2018-12-27,6579.490234375,0.0038341457622024233
2018-12-28,6584.52001953125,0.000764464263503406
2018-12-31,6635.27978515625,0.007708954559244141
2019-01-02,6665.93994140625,0.00462077821022544
2019-01-03,6463.5,-0.030369301731743903
2019-01-04,6738.85986328125,0.04260228410013922
2019-01-07,6823.47021484375,0.01255558852373917
2019-01-08,6897.0,0.01077601027645625
2019-01-09,6957.080078125,0.008711045110192828
2019-01-10,6986.06982421875,0.004166941557119941
2019-01-11,6971.47998046875,-0.0020884193999065603
2019-01-14,6905.919921875,-0.009404037417796829
2019-01-15,7023.830078125,0.01707377982714675
2019-01-16,7034.68994140625,0.001546145501878149
2019-01-17,7084.4599609375,0.007074941460931017
2019-01-18,7157.22998046875,0.010271780761341276
2019-01-22,7020.35986328125,-0.01912333648087361
2019-01-23,7025.77001953125,0.000770638023600112
2019-01-24,7073.4599609375,0.006787859732623636
2019-01-25,7164.85986328125,0.01292152678441627
2019-01-28,7085.68017578125,-0.011051114608086499
2019-01-29,7028.2900390625,-0.008099453446249072
2019-01-30,7183.080078125,0.022023854764415374
2019-01-31,7281.740234375,0.01373507676051866
2019-02-01,7263.8701171875,-0.0024540997910280637
2019-02-04,7347.5400390625,0.011518642338747664
2019-02-05,7402.080078125,0.007422897836900866
2019-02-06,7375.27978515625,-0.003620643479385177
2019-02-07,7288.35009765625,-0.011786629122187087
2019-02-08,7298.2001953125,0.0013514852503335728
2019-02-11,7307.89990234375,0.0013290546671329562
2019-02-12,7414.6201171875,0.014603404024393196
2019-02-13,7420.3798828125,0.0007768119652749039
2019-02-14,7426.9501953125,0.0008854415277603778
2019-02-15,7472.41015625,0.006120945979440018
2019-02-19,7486.77001953125,0.0019217177565178378
2019-02-20,7489.06982421875,0.00030718249411965104
2019-02-21,7459.7099609375,-0.003920361803318229
2019-02-22,7527.5400390625,0.009092857293405476
2019-02-25,7554.4599609375,0.003576191124232464
2019-02-26,7549.2998046875,-0.0006830609039801816
2019-02-27,7554.509765625,0.0006901250542818982
2019-02-28,7532.52978515625,-0.0029095177782103576
2019-03-01,7595.35009765625,0.008339869113268561
2019-03-04,7577.56982421875,-0.002340941919581341
2019-03-05,7576.35986328125,-0.00015967664641414192
2019-03-06,7505.919921875,-0.009297333109483996
2019-03-07,7421.4599609375,-0.011252446311257991
2019-03-08,7408.14013671875,-0.0017947714181385521
2019-03-11,7558.06005859375,0.020237187621750863
2019-03-12,7591.02978515625,0.0043621943073888225
2019-03-13,7643.41015625,0.006900298454391107
2019-03-14,7630.91015625,-0.0016353956865416963
2019-03-15,7688.52978515625,0.00755081998430529
2019-03-18,7714.47998046875,0.0033751830372823477
2019-03-19,7723.9501953125,0.0012275895287467975
2019-03-20,7728.97021484375,0.0006499290394565982
2019-03-21,7838.9599609375,0.014230840983513016
2019-03-22,7642.669921875,-0.0250403165777906
2019-03-25,7637.5400390625,-0.0006712160625722552
2019-03-26,7691.52001953125,0.007067718164836645
2019-03-27,7643.3798828125,-0.006258858664673128
2019-03-28,7669.169921875,0.0033741668552276227
2019-03-29,7729.31982421875,0.007843078580405782
2019-04-01,7828.91015625,0.01288474720882915
2019-04-02,7848.68994140625,0.0025265055750396392
2019-04-03,7895.5498046875,0.005970405714976534
2019-04-04,7891.77978515625,-0.00047748663798075075
2019-04-05,7938.68994140625,0.005944179580154252
2019-04-08,7953.8798828125,0.00191340655931449
2019-04-09,7909.27978515625,-0.005607338596177014
2019-04-10,7964.240234375,0.006948856370196488
2019-04-11,7947.35986328125,-0.0021195205816232354
2019-04-12,7984.16015625,0.00463050542593102
2019-04-15,7976.009765625,-0.0010208200318502225
2019-04-16,8000.22998046875,0.003036633047784676
2019-04-17,7996.080078125,-0.0005187228809523381
2019-04-18,7998.06005859375,0.0002476188894313669
2019-04-22,8015.27001953125,0.0021517669049018195
2019-04-23,8120.81982421875,0.013168590007610614
2019-04-24,8102.009765625,-0.002316275819548741
2019-04-25,8118.68017578125,0.00205756480657171
2019-04-26,8146.39990234375,0.003414314391296136
2019-04-29,8161.85009765625,0.0018965672564215108
2019-04-30,8095.39013671875,-0.008142756867904777
2019-05-01,8049.64013671875,-0.005651364446598972
2019-05-02,8036.77001953125,-0.0015988437953632362
2019-05-03,8164.0,0.01583098435808794
2019-05-06,8123.2900390625,-0.004986521427915225
2019-05-07,7963.759765625,-0.01963862827381102
2019-05-08,7943.31982421875,-0.0025666195374799416
2019-05-09,7910.58984375,-0.004120440973427564
2019-05-10,7916.93994140625,0.0008027337760745379
2019-05-13,7647.02001953125,-0.034093971139442014
2019-05-14,7734.490234375,0.01143847075335791
2019-05-15,7822.14990234375,0.011333606393238105
2019-05-16,7898.0498046875,0.009703202225900487
2019-05-17,7816.27978515625,-0.010353191174195864
2019-05-20,7702.3798828125,-0.014572137317813927
2019-05-21,7785.72021484375,0.010820075522011141
2019-05-22,7750.83984375,-0.004480044251686466
2019-05-23,7628.27978515625,-0.01581248755805198
2019-05-24,7637.009765625,0.0011444232139645738
2019-05-28,7607.35009765625,-0.0038836755325691863
2019-05-29,7547.31005859375,-0.007892372283615279
2019-05-30,7567.72021484375,0.0027042954498417426
2019-05-31,7453.14990234375,-0.015139343058068633
2019-06-03,7333.02001953125,-0.01611800170216937
2019-06-04,7527.1201171875,0.02646932602655805
2019-06-05,7575.47998046875,0.0064247497752591975
2019-06-06,7615.5498046875,0.00528941061451671
2019-06-07,7742.10009765625,0.016617354782560323
2019-06-10,7823.169921875,0.010471296314457534
2019-06-11,7822.56982421875,-7.670773640899853e-05
2019-06-12,7792.72021484375,-0.003815831631516442
2019-06-13,7837.1298828125,0.005698865960073629
2019-06-14,7796.66015625,-0.005163845332109895
2019-06-17,7845.02001953125,0.0062026383492530535
2019-06-18,7953.8798828125,0.013876301527622426
2019-06-19,7987.31982421875,0.004204230124031705
2019-06-20,8051.33984375,0.008015206720173085
2019-06-21,8031.7099609375,-0.002438088963259699
2019-06-24,8005.7001953125,-0.003238384572089803
2019-06-25,7884.72021484375,-0.015111730081971642
2019-06-26,7909.97021484375,0.0032023964467964294
2019-06-27,7967.759765625,0.007305912564980588
2019-06-28,8006.240234375,0.004829521707722106
2019-07-01,8091.16015625,0.010606716684617323
2019-07-02,8109.08984375,0.0022159600296813853
2019-07-03,8170.22998046875,0.0075397039491273965
2019-07-05,8161.7900390625,-0.0010330114851633265
2019-07-08,8098.3798828125,-0.00776914818275376
2019-07-09,8141.72998046875,0.005352934572537604
2019-07-10,8202.5302734375,0.007467736355124099
2019-07-11,8196.0400390625,-0.0007912478416589597
2019-07-12,8244.1396484375,0.005868640117148827
2019-07-15,8258.1904296875,0.0017043356674171228
2019-07-16,8222.7998046875,-0.0042855181533201225
2019-07-17,8185.2099609375,-0.004571416627286884
2019-07-18,8207.240234375,0.002691473223366936
2019-07-19,8146.490234375,-0.007402000948571796
2019-07-22,8204.1396484375,0.007076595245795847
2019-07-23,8251.400390625,0.005760596992824274
2019-07-24,8321.5,0.008495480288975621
2019-07-25,8238.5400390625,-0.009969351792044723
2019-07-26,8330.2099609375,0.011126961990881146
2019-07-29,8293.330078125,-0.004427245289787329
2019-07-30,8273.6103515625,-0.002377781467364226
2019-07-31,8175.419921875,-0.011867905970330939
2019-08-01,8111.1201171875,-0.007865015534609165
2019-08-02,8004.06982421875,-0.01319796667070805
2019-08-05,7726.0400390625,-0.03473605194134943
2019-08-06,7833.27001953125,0.01387903504597432
2019-08-07,7862.830078125,0.003773655002322851
2019-08-08,8039.16015625,0.022425777534677227
2019-08-09,7959.14013671875,-0.009953778501233024
2019-08-12,7863.41015625,-0.012027678722115853
2019-08-13,8016.35986328125,0.01945081128824011
2019-08-14,7773.93994140625,-0.030240648624745403
2019-08-15,7766.6201171875,-0.0009415848686664674
2019-08-16,7895.990234375,0.01665719646841035
2019-08-19,8002.81005859375,0.01352836326388962
2019-08-20,7948.56005859375,-0.00677886887265855
2019-08-21,8020.2099609375,0.009014199026688319
2019-08-22,7991.39013671875,-0.003593400217589915
2019-08-23,7751.77001953125,-0.029984785261139457
2019-08-26,7853.740234375,0.01315444273847488
2019-08-27,7826.9501953125,-0.0034111185579124292
2019-08-28,7856.8798828125,0.003823927168710606
2019-08-29,7973.39013671875,0.014829074090991767
2019-08-30,7962.8798828125,-0.001318166266297216
2019-09-03,7874.16015625,-0.011141663301238225
2019-09-04,7976.8798828125,0.013045166027130906
2019-09-05,8116.830078125,0.01754447821309757
2019-09-06,8103.06982421875,-0.0016952743588083408
2019-09-09,8087.43994140625,-0.0019288841329967443
2019-09-10,8084.16015625,-0.0004055405888652164
2019-09-11,8169.68017578125,0.010578714161808556
2019-09-12,8194.4697265625,0.0030343355245090464
2019-09-13,8176.7099609375,-0.0021672867455269085
2019-09-16,8153.5400390625,-0.0028336484950168828
2019-09-17,8186.02001953125,0.0039835433827690725
2019-09-18,8177.39013671875,-0.0010542220507535616
2019-09-19,8182.8798828125,0.0006713322957527801
2019-09-20,8117.669921875,-0.007969072242459352
2019-09-23,8112.4599609375,-0.00064180497453592
2019-09-24,7993.6298828125,-0.01464784771785399
2019-09-25,8077.3798828125,0.010477092538406785
2019-09-26,8030.66015625,-0.005784019971861509
2019-09-27,7939.6298828125,-0.01133534126290403
2019-09-30,7999.33984375,0.007520496776147967
2019-10-01,7908.68017578125,-0.011333393722431251
2019-10-02,7785.25,-0.015606924674894551
2019-10-03,7872.259765625,0.011176232699656508
2019-10-04,7982.47021484375,0.013999849153859767
2019-10-07,7956.2900390625,-0.003279708545929405
2019-10-08,7823.77978515625,-0.016654779206850545
2019-10-09,7903.740234375,0.010220181474235313
2019-10-10,7950.77978515625,0.005951555768073602
2019-10-11,8057.0400390625,0.013364758775564756
2019-10-14,8048.64990234375,-0.0010413423140598344
2019-10-15,8148.7099609375,0.012431905947929645
2019-10-16,8124.18017578125,-0.0030102660757148625
2019-10-17,8156.85009765625,0.0040213192184475055
2019-10-18,8089.5400390625,-0.00825196709365672
2019-10-21,8162.990234375,0.00907965038281855
2019-10-22,8104.2998046875,-0.007189819906968653
2019-10-23,8119.7900390625,0.0019113599876994236
2019-10-24,8185.7998046875,0.008129491687277834
2019-10-25,8243.1201171875,0.007002408300674112
2019-10-28,8325.990234375,0.010053246344756017
2019-10-29,8276.849609375,-0.005902075743148938
2019-10-30,8303.98046875,0.0032779210273761183
2019-10-31,8292.3603515625,-0.0013993430296747045
2019-11-01,8386.400390625,0.011340563491645694
2019-11-04,8433.2001953125,0.005580440058623459
2019-11-05,8434.6796875,0.00017543662586394504
2019-11-06,8410.6298828125,-0.0028513002957469835
2019-11-07,8434.51953125,0.0028404113330822156
2019-11-08,8475.3095703125,0.004836083301647864
2019-11-11,8464.2802734375,-0.0013013444268317187
2019-11-12,8486.08984375,0.0025766597522700607
2019-11-13,8482.099609375,-0.0004702088297990903
2019-11-14,8479.01953125,-0.00036312685146910884
2019-11-15,8540.830078125,0.0072898224431721115
2019-11-18,8549.9404296875,0.0010666822169702606
2019-11-19,8570.66015625,0.0024233767162349373
2019-11-20,8526.73046875,-0.005125589709442102
2019-11-21,8506.2099609375,-0.0024066091789468613
2019-11-22,8519.8798828125,0.0016070520170294866
2019-11-25,8632.490234375,0.013217363755288813
2019-11-26,8647.9296875,0.001788528304789594
2019-11-27,8705.1796875,0.006620081576605763
2019-11-29,8665.4697265625,-0.004561647474608743
2019-12-02,8567.990234375,-0.011249187322032173
2019-12-03,8520.6396484375,-0.005526451903216212
2019-12-04,8566.669921875,0.005402208676427378
2019-12-05,8570.7001953125,0.00047045975557069575
2019-12-06,8656.5302734375,0.01001436010700063
2019-12-09,8621.830078125,-0.0040085570334083
2019-12-10,8616.1796875,-0.0006553586157230784
2019-12-11,8654.0498046875,0.004395232987357556
2019-12-12,8717.3203125,0.00731108662885549
2019-12-13,8734.8798828125,0.002014331203055608
2019-12-16,8814.23046875,0.009084336247558111
2019-12-17,8823.3603515625,0.0010358116735056377
2019-12-18,8827.740234375,0.0004963962297792612
2019-12-19,8887.2197265625,0.006737793660475999
2019-12-20,8924.9599609375,0.004246573792048958
2019-12-23,8945.650390625,0.002318265827304211
2019-12-24,8952.8798828125,0.0008081572464619935
2019-12-26,9022.3896484375,0.0077639560158115906
2019-12-27,9006.6201171875,-0.001747822014396272
2019-12-30,8945.990234375,-0.006731702017363728
2019-12-31,8972.599609375,0.0029744471324988364
2020-01-02,9092.1904296875,0.013328447219192352
2020-01-03,9020.76953125,-0.007855191660339544
2020-01-06,9071.4697265625,0.005620384728471706
2020-01-07,9068.580078125,-0.00031854247708495986
2020-01-08,9129.240234375,0.006689046766684248
2020-01-09,9203.4296875,0.008126574744484083
2020-01-10,9178.8603515625,-0.0026695847930331418
2020-01-13,9273.9296875,0.010357422631592339
2020-01-14,9251.330078125,-0.002436896778014286
2020-01-15,9258.7001953125,0.0007966548728952638
2020-01-16,9357.1298828125,0.010631048141058974
2020-01-17,9388.9404296875,0.003399605143178608
2020-01-21,9370.8095703125,-0.0019310868474221587
2020-01-22,9383.76953125,0.0013830140117838674
2020-01-23,9402.48046875,0.0019939681423002398
2020-01-24,9314.91015625,-0.009313533039611022
2020-01-27,9139.3095703125,-0.018851559810233676
2020-01-28,9269.6796875,0.014264766521421501
2020-01-29,9275.16015625,0.0005912252564013176
2020-01-30,9298.9296875,0.002562708443798023
2020-01-31,9150.9404296875,-0.015914654996416755
2020-02-03,9273.400390625,0.01338222687366808
2020-02-04,9467.9697265625,0.02098144453400308
2020-02-05,9508.6796875,0.0042997561370825554
2020-02-06,9572.150390625,0.006675027996624783
2020-02-07,9520.509765625,-0.005394882329740391
2020-02-10,9628.3896484375,0.011331313707803048
2020-02-11,9638.9404296875,0.0010957991559588098
2020-02-12,9725.9599609375,0.009027914622439681
2020-02-13,9711.9697265625,-0.0014384425219915453
2020-02-14,9731.1796875,0.001977967547093895
2020-02-18,9732.740234375,0.00016036564169130685
2020-02-19,9817.1796875,0.008675814939226312
2020-02-20,9750.9697265625,-0.006744295515116572
2020-02-21,9576.58984375,-0.017883337524623233
2020-02-24,9221.2802734375,-0.03710188867954778
2020-02-25,8965.6103515625,-0.027726076455074633
2020-02-26,8980.7802734375,0.0016920121754293582
2020-02-27,8566.48046875,-0.04613182731047061
2020-02-28,8567.3701171875,0.00010385226940567982
2020-03-02,8952.169921875,0.044914576985011
2020-03-03,8684.08984375,-0.029945821009265572
2020-03-04,9018.08984375,0.038461140546626416
2020-03-05,8738.58984375,-0.030993259641753035
2020-03-06,8575.6201171875,-0.018649430797928912
2020-03-09,7950.68017578125,-0.07287402343694394
2020-03-10,8344.25,0.04950140308971451
2020-03-11,7952.0498046875,-0.047002450227701664
2020-03-12,7201.7998046875,-0.09434674309481184
2020-03-13,7874.8798828125,0.09345998172386105
2020-03-16,6904.58984375,-0.12321331290147408
2020-03-17,7334.77978515625,0.06230492341201921
2020-03-18,6989.83984375,-0.047027988775385166
2020-03-19,7150.580078125,0.022996268579562162
2020-03-20,6879.52001953125,-0.037907422283539605
2020-03-23,6860.669921875,-0.0027400309327879624
2020-03-24,7417.85986328125,0.08121509236724389
2020-03-25,7384.2998046875,-0.004524223861369192
2020-03-26,7797.5400390625,0.055962006595761116
2020-03-27,7502.3798828125,-0.03785298373222423
2020-03-30,7774.14990234375,0.03622450792632592
2020-03-31,7700.10009765625,-0.00952513208745509
2020-04-01,7360.580078125,-0.04409293583528773
2020-04-02,7487.31005859375,0.017217390358319706
2020-04-03,7373.080078125,-0.01525647790392215
2020-04-06,7913.240234375,0.0732611270359842
2020-04-07,7887.259765625,-0.0032831644156512407
2020-04-08,8090.89990234375,0.025818870275615025
2020-04-09,8153.580078125,0.007746996815903406
2020-04-13,8192.419921875,0.004763532506929291
2020-04-14,8515.740234375,0.039465788568367355
2020-04-15,8393.1796875,-0.014392236435332606
2020-04-16,8532.3603515625,0.016582590775434225
2020-04-17,8650.1396484375,0.01380383528380058
2020-04-20,8560.73046875,-0.010336154480887538
2020-04-21,8263.23046875,-0.03475170735558031
2020-04-22,8495.3798828125,0.028094268330097538
2020-04-23,8494.75,-7.41441608484994e-05
2020-04-24,8634.51953125,0.016453636805085603
2020-04-27,8730.16015625,0.011076542783169163
2020-04-28,8607.73046875,-0.014023761913732113
2020-04-29,8914.7099609375,0.03566323240510094
2020-04-30,8889.5498046875,-0.0028223191063138087
2020-05-01,8604.9501953125,-0.03201507563689321
2020-05-04,8710.7099609375,0.01229057266160738
2020-05-05,8809.1201171875,0.0112976045226294
2020-05-06,8854.3896484375,0.005138939036791523
2020-05-07,8979.66015625,0.014147842232649754
2020-05-08,9121.3203125,0.01577567010165759
2020-05-11,9192.33984375,0.0077861021011040865
2020-05-12,9002.5498046875,-0.020646542913830723
2020-05-13,8863.169921875,-0.015482267339407163
2020-05-14,8943.7197265625,0.009088148528969997
2020-05-15,9014.5595703125,0.00792062429456597
2020-05-18,9234.830078125,0.024434971680470374
2020-05-19,9185.099609375,-0.005385098407798439
2020-05-20,9375.7802734375,0.020759781839260194
2020-05-21,9284.8798828125,-0.009695234740358605
2020-05-22,9324.58984375,0.004276841643477525
2020-05-26,9340.2197265625,0.0016762005701491667
2020-05-27,9412.3603515625,0.00772365395161323
2020-05-28,9368.990234375,-0.0046077833367589305
2020-05-29,9489.8701171875,0.012902124966358564
2020-06-01,9552.0498046875,0.006552216914684994
2020-06-02,9608.3798828125,0.005897171735574247
2020-06-03,9682.91015625,0.007756799205120846
2020-06-04,9615.8095703125,-0.006929795366756419
2020-06-05,9814.080078125,0.02061922153956064
2020-06-08,9924.75,0.011276647530284345
2020-06-09,9953.75,0.0029219879593944675
2020-06-10,10020.349609375,0.0066909063795053125
2020-06-11,9492.73046875,-0.05265476367524757
2020-06-12,9588.8095703125,0.010121334623245826
2020-06-15,9726.01953125,0.014309384280850601
2020-06-16,9895.8701171875,0.017463525072283215
2020-06-17,9910.5302734375,0.0014814418617457026
2020-06-18,9943.0498046875,0.0032813109241147664
2020-06-19,9946.1201171875,0.00030878981402193695
2020-06-22,10056.48046875,0.011095819300612542
2020-06-23,10131.3701171875,0.007446904378745289
2020-06-24,9909.169921875,-0.021931899905181185
2020-06-25,10017.0,0.010881847720358495
2020-06-26,9757.2197265625,-0.025933939646351156
2020-06-29,9874.150390625,0.011984014641401863
2020-06-30,10058.76953125,0.018697217818384404
2020-07-01,10154.6298828125,0.009530027630585192
2020-07-02,10207.6298828125,0.005219294116244111
2020-07-06,10433.650390625,0.022142310252948327
2020-07-07,10343.8896484375,-0.008603004588705887
2020-07-08,10492.5,0.01436696993233566
2020-07-09,10547.75,0.005265665951870391
2020-07-10,10617.4404296875,0.006607137037519806
2020-07-13,10390.83984375,-0.021342298780777758
2020-07-14,10488.580078125,0.00940638445445674
2020-07-15,10550.490234375,0.005902625120736804
2020-07-16,10473.830078125,-0.00726602788562658
2020-07-17,10503.1904296875,0.0028032106061965933
2020-07-20,10767.08984375,0.02512564309189158
2020-07-21,10680.3603515625,-0.00805505419255359
2020-07-22,10706.1298828125,0.002412796048237187
2020-07-23,10461.419921875,-0.022856995349024745
2020-07-24,10363.1796875,-0.009390717044975738
2020-07-27,10536.26953125,0.01670238758465037
2020-07-28,10402.08984375,-0.012735028000378179
2020-07-29,10542.9404296875,0.013540604633609066
2020-07-30,10587.8095703125,0.00425584692659875
2020-07-31,10745.26953125,0.014871816487803668
2020-08-03,10902.7998046875,0.014660430152948933
2020-08-04,10941.169921875,0.0035192902625804656
2020-08-05,10998.400390625,0.005230744898274242
2020-08-06,11108.0703125,0.00997144293532748
2020-08-07,11010.98046875,-0.008740477960491821
2020-08-10,10968.3603515625,-0.0038706922883442463
2020-08-11,10782.8203125,-0.01691593210976783
2020-08-12,11012.240234375,0.021276430027220572
2020-08-13,11042.5,0.0027478301400056804
2020-08-14,11019.2998046875,-0.002100991198777491
2020-08-17,11129.73046875,0.010021568159487293
2020-08-18,11210.83984375,0.007287631558350771
2020-08-19,11146.4599609375,-0.005742645841862681
2020-08-20,11264.9501953125,0.010630301888693516
2020-08-21,11311.7998046875,0.0041588829566681085
2020-08-24,11379.7197265625,0.0060043426375751
2020-08-25,11466.4697265625,0.007623210596084284
2020-08-26,11665.0595703125,0.017319179179443367
2020-08-27,11625.33984375,-0.003405017035968405
2020-08-28,11695.6298828125,0.006046278217000989
2020-08-31,11775.4599609375,0.0068256330719147496
2020-09-01,11939.669921875,0.013945099510527026
2020-09-02,12056.4404296875,0.009780044890400408
2020-09-03,11458.099609375,-0.04962831474198304
2020-09-04,11313.1298828125,-0.012652161484430269
2020-09-08,10847.6904296875,-0.04114152829024975
2020-09-09,11141.5595703125,0.02709047999938785
2020-09-10,10919.58984375,-0.01992268004866704
2020-09-11,10853.5498046875,-0.006047849782590431
2020-09-14,11056.650390625,0.01871282571991184
2020-09-15,11190.3203125,0.012089549470456262
2020-09-16,11050.4697265625,-0.012497460486567302
2020-09-17,10910.2802734375,-0.012686289053217337
2020-09-18,10793.2802734375,-0.010723830833645143
2020-09-21,10778.7998046875,-0.0013416188946410168
2020-09-22,10963.6396484375,0.01714846245401236
2020-09-23,10632.990234375,-0.030158726906864608
2020-09-24,10672.26953125,0.003694096957600479
2020-09-25,10913.5595703125,0.022609065331040012
2020-09-28,11117.5302734375,0.018689658659109654
2020-09-29,11085.25,-0.0029035471587268713
2020-09-30,11167.509765625,0.007420650470219448
2020-10-01,11326.509765625,0.014237731001536469
2020-10-02,11075.01953125,-0.02220368318034316
2020-10-05,11332.490234375,0.023247878019402535
2020-10-06,11154.599609375,-0.01569739936421055
2020-10-07,11364.599609375,0.01882631446703864
2020-10-08,11420.98046875,0.004961095094673684
2020-10-09,11579.9404296875,0.013918241202884873
2020-10-12,11876.259765625,0.02558902074986724
2020-10-13,11863.900390625,-0.0010406790726970039
2020-10-14,11768.73046875,-0.008021807225404909
2020-10-15,11713.8701171875,-0.004661535218957846
2020-10-16,11671.5595703125,-0.003612004098706767
2020-10-19,11478.8798828125,-0.016508478266271776
2020-10-20,11516.490234375,0.0032764827183890954
2020-10-21,11484.6904296875,-0.0027612409718876796
2020-10-22,11506.009765625,0.0018563265651803107
2020-10-23,11548.2802734375,0.0036737764588716804
2020-10-26,11358.9404296875,-0.01639550125792366
2020-10-27,11431.349609375,0.006374642083539106
2020-10-28,11004.8701171875,-0.037307886361706455
2020-10-29,11185.58984375,0.01642179549945344
2020-10-30,10911.58984375,-0.024495802530529853
2020-11-02,10957.6103515625,0.0042175804325030875
2020-11-03,11160.5703125,0.018522283091455094
2020-11-04,11590.7802734375,0.03854730976029597
2020-11-05,11890.9296875,0.02589553136041678
2020-11-06,11895.23046875,0.0003616858700730141
2020-11-09,11713.7802734375,-0.01525402940188414
2020-11-10,11553.8603515625,-0.013652289708527277
2020-11-11,11786.4296875,0.020129145485651367
2020-11-12,11709.58984375,-0.006519348588783558
2020-11-13,11829.2900390625,0.010222407181613713
2020-11-16,11924.1298828125,0.008017374114323017
2020-11-17,11899.33984375,-0.0020789809660017866
2020-11-18,11801.599609375,-0.008213920743371017
2020-11-19,11904.7099609375,0.00873698100049003
2020-11-20,11854.9697265625,-0.00417819791815266
2020-11-23,11880.6298828125,0.0021645062654613856
2020-11-24,12036.7900390625,0.01314409739132727
2020-11-25,12094.400390625,0.004786188956984239
2020-11-27,12205.849609375,0.009214943705385448
2020-11-30,12198.740234375,-0.000582456381777785
2020-12-01,12355.1103515625,0.012818546356685445
2020-12-02,12349.3701171875,-0.0004646040554606712
2020-12-03,12377.1796875,0.0022519019228190995
2020-12-04,12464.23046875,0.007033167769060933
2020-12-07,12519.9501953125,0.00447037036920972
2020-12-08,12582.76953125,0.005017538804668709
2020-12-09,12338.9501953125,-0.019377239274069313
2020-12-10,12405.8095703125,0.005418562676863692
2020-12-11,12377.8701171875,-0.002252126551407052
2020-12-14,12440.0400390625,0.0050226671702324754
2020-12-15,12595.0595703125,0.012461337002391382
2020-12-16,12658.1904296875,0.005012350995449388
2020-12-17,12764.75,0.008418230939438498
2020-12-18,12755.6396484375,-0.0007137117109617952
2020-12-21,12742.51953125,-0.0010285738347199924
2020-12-22,12807.919921875,0.00513245363011694
2020-12-23,12771.1103515625,-0.002873969429620815
2020-12-24,12804.73046875,0.0026325132476352486
2020-12-28,12899.419921875,0.0073948806151047375
2020-12-29,12850.2197265625,-0.0038141401404465647
2020-12-30,12870.0,0.0015392945691514726
