date,Headline_and_Subtitle,Label,Reviewed_Label
2017-02-08,"Applied Genetic beats by $0.09, misses on revenue",0,0
2019-08-09,"Agenus (AGEN) Q2 Earnings Miss Estimates, Revenues Beat",0,0
2017-02-23,Acadia down 9% after hours on Q4 revenue miss,0,0
2017-01-26,Arthur J.Gallagher misses by $0.12,0,0
2016-04-26,Barrick Gold: Low-Cost Gold (For Now),0,0
2017-01-23,Auto parts retailers swing lower on Amazon anxiety,0,0
2015-04-28,"Alliance Holdings misses by $0.04, misses on revenue",0,0
2015-11-19,The Vetr community has downgraded $A to 4-Stars,0,0
2016-11-03,"AAC Holdings misses by $0.04, misses on revenue",0,0
2018-08-09,Farmer Mac slumps after Q2 miss,0,0
2015-08-06,"Agios Pharmaceuticals misses by $0.39, misses on revenue",0,0
2017-07-12,IndexIQ Lowers Fees For Its Suite Of 5… Percent Currency Hedged International Equity ETFs,0,0
2018-05-29,"Gold Falls And Sits At The $1,300 Level",0,0
2019-03-08,US Steel Imports Drop in 2018 as First Year of Tariffs Nears,0,0
2019-10-11,The EU Looks Ready For A Halloween Brexit,0,0
2015-08-06,U.S. Gold Production Continues To Decline In April,0,0
2019-05-14,"Mission Wealth Management, Llc Buys PIMCO Enhanced Short Maturity Active Exchange-Trad, Fifth ...",0,0
2018-08-01,"Kadant (KAI) Q2 Earnings Beat, Forex & Tariff Woes Hurt View",0,0
2012-05-14,"Donald Smith Buys Low P/B Stocks: EXC, WPX, AAV, RSH, VLO",0,0
2015-10-15,Syngenta (SYT) Q3 Results Hurt by Currency & Credit Woes,0,0
2019-04-29,AllianceBernstein (AB) Stock Down 2.9% on Q1 Earnings Miss,0,0
2014-02-21,Steiner Leisure (STNR) in Focus: Stock Plunged 11.4% - Tale of the Tape,0,0
2018-02-13,Big outflow for popular senior loan ETF,0,0
2018-06-21,An IoT Company Trading At 11 Times Free Cash Flow,0,0
2018-12-09,Don't Fall Into The Inverted Yield Curve Trap. It's Like Hotel California,0,0
2018-03-15,Trouble In Paradise: Assured Guaranty's Exposure To Puerto Rican Debt Provides An Opportunity,0,0
2015-07-05,Swiss Gold Flows Counter Reports Of Slackening Gold Demand,0,0
2019-11-06,"Federal Agricultural Mortgage EPS misses by $0.03, misses on revenue",0,0
2018-07-02,AES Corp. -2% after BAML downgrade,0,0
2016-10-24,Biotech Forum Daily Digest: Election Worries Overblown? Spotlight On Akorn,0,3
2015-01-30,"Acacia drops 8%, posts 26% decline for January",0,0
2015-02-06,Take Advantage Of European Weakness - Cramer's Mad Money (2/5/15),0,0
2013-02-25,"A Deep Post-Decline Analysis, Part 3",0,0
2018-11-01,"Agios Pharmaceuticals misses by $0.12, misses on revenue",0,0
2019-01-22,Chubb Releases Q4 Global Catastrophe Loss Estimate of $505M,0,0
2018-07-09,"AK Steel, Ryerson downgraded to Hold from Buy at Deutsche Bank",0,0
2015-10-16,"Winnebago's (WGO) Q4 Earnings Miss Estimates, Decline Y/Y",0,0
2019-01-22,Global Silver Production May Decline More Than Analysts' Forecasts,0,0
2017-12-12,AllianceBernstein sees modest inflows in November,0,0
2018-12-08,6 Low-P/E Stocks in Gurus' Portfolios,0,0
2019-02-14,"Copa Holdings (CPA) Misses Q4 Earnings Estimates, Down Y/Y",0,0
2018-09-17,Another $200 Billion In Tariffs Looks More Likely Than Not,0,0
2014-12-18,Barrick to Suspend Operations at Lumwana Following Passage of New Mining Royalty,0,0
2015-12-03,"Analog Devices selling $1.25B in debt, partly to refinance",0,0
2019-05-09,"Assured Guaranty beats by $0.07, misses on revenue",0,0
2018-07-11,Cost Cuts to Aid Noodles & Company's (NDLS) Q2 Earnings,0,0
2019-12-15,Good News Becomes Bad News For REITs,0,0
2017-02-17,"UnitedHealth, Health Insurers Fall As DOJ Joins Whistleblower Suit",0,0
2019-05-01,"Southern Company (SO) Q1 Earnings In Line, Retail Sales Fall",0,0
2018-11-15,Stocks Fall on Thursday,0,0
2019-08-12,"Corn futures, ag stocks plunge following bearish USDA report",0,0
2016-06-27,"Biotech Forum Daily Digest: Biotech Tumbles On Brexit Vote, Spotlight On Agios Pharmaceuticals",0,0
2018-03-09,"Pharma Stocks Weighed Down by Competition, Generic Pressure",0,0
2020-05-19,Moderna Short Sellers Take $450M Hit Following Coronavirus Vaccine Data,0,0
2012-07-03,"MUX, AAU, DNN: Stocks Heading Lower as US Factories Cut Output",0,0
2015-01-12,Five Below: Avoiding The Specialty Retail Trap,0,0
2016-03-02,Chinese Steel Cuts Mark A Likely Bottom In Steel Prices,0,0
2019-08-28,Chalco's H1 aluminum production drops more than 8%,0,0
2019-05-07,"Advanced Emissions Solutions, Inc. 2019 Q1 - Results - Earnings Call Slides",0,0
2015-08-21,Don't Fall For The Fallacy That The Gold Price Is Below The Cost Of Production,0,0
2019-11-12,Advance Auto Parts: Let It Fall,0,2
2015-10-22,"Caterpillar Q3 Earnings Lag Y/Y, Cuts 2015 EPS Guidance",0,0
2020-05-08,Ares Commercial Real Estate (ACRE) Misses Q1 Earnings Estimates,0,0
2018-09-27,Aehr Receives Follow-on Order for FOX-XP™ Wafer Level Test and Burn-in System for Production ...,0,0
2020-02-13,U.S. Weekly FundFlows Insight Report: Taxable Bond Funds Drive Overall Net Inflows,0,0
2018-05-18,"Deere slightly lower as analysts digest earnings miss, 'tepid' guidance",0,0
2018-08-13,Cambium Learning Group (ABCD) Q2 Earnings Miss Estimates,0,0
2014-11-17,"Guru Stocks at 52-Week Lows: IBM, BBL, SAN, ABEV, RIO",0,0
2012-10-05,"F5, Adtran Shares Slide On Barclays Downgrade",0,0
2020-03-11,Werner Lieberherr Takes Over as Chief Executive Officer of Landis+Gyr,0,0
2018-12-11,"American Eagle Outfitters beats by $0.01, misses on revenue",0,0
2018-12-10,"U.S. junk bonds decline amid trade uncertainty, oil rebound",0,0
2016-08-24,Gold miners sink as metal settles below 50-day moving average,0,0
2018-03-06,"Target's (TGT) Q4 Earnings Miss, Sales Beat Estimates",0,0
2019-07-29,"No 'Slow Lane' For Widows & Orphans, As 'Moderate' Income Factory Returns Over 20% YTD",0,0
2012-08-02,"Acacia Research Corp. (ACTG) Executive Chairman Robert L Ii Harris sells 4,167 Shares",0,0
2016-05-03,"Gold ETFs Fall, But Bonds Rise, As U.S., Foreign Stock Indexes Drop",0,0
2017-05-31,Stocks Close In The Red; Banks Crumble On Slow JPMorgan Trade Revenue,0,0
2014-07-25,"Three Tax Inversion Stocks That Moved to Sunny (and Low Tax) Bermuda: TWGP, AGII & LAZ",0,0
2019-08-15,Advanced Emissions Solutions Announces Additional Refined Coal Facility Closure with ...,0,0
2018-03-03,"Tariffs, Wages And Target In The Bull's-eye",0,0
2013-12-11,Why Pfizer's Expiring Viagra Patent Hurts Lilly Most,0,0
2015-03-31,"U.S. Steel to operate at loss this year, J.P. Morgan says in short call",0,0
2019-11-06,"AcelRx Pharmaceuticals (ACRX) Reports Q3 Loss, Misses Revenue Estimates",0,0
2018-08-29,"Stocks Mixed; This Hot IPO Stock Stumbles, But PayPal Breaks Out",0,0
2014-06-16,GNC Holdings (GNC) Falls: Stock Goes Down 5.5% - Tale of the Tape,0,0
2018-11-02,Silver Needs To Make A Move - A Halloween Head Fake Inspired By The Dollar,0,0
2016-09-22,Bond ETFs see rare bout of outflows,0,0
2020-02-14,"Long Pond Capital, LP Buys Ventas Inc, Sabra Health Care REIT Inc, Lowe's Inc, Sells Hilton ...",0,0
2019-11-06,"AcelRx Pharmaceuticals EPS beats by $0.06, misses on revenue",0,0
2015-09-15,Lodging names socked by Pebblebrook Hotel warning,0,0
2019-05-09,"GV Capital Management Buys Aaron's Inc, Invesco S&P 5…… Low Volatility, iShares MSCI ...",0,0
2019-06-03,AEterna Zentaris: A Slow Bleed After Vexing Q1 Earnings,0,0
2014-01-28,Weakness Seen in ACCO Brands (ACCO): Stock Tanks 8.2% - Tale of the Tape,0,0
2015-02-09,Three Stocks Below Peter Lynch Earning Line,0,0
2019-02-14,"Agios Pharmaceuticals (AGIO) Reports Q4 Loss, Tops Revenue Estimates",0,0
2013-05-25,My 3 Favorite High-Yields With Low Debt And Payout Ratios,0,0
2015-10-14,U.S. Raw Steel Production Slips on Lower Utilization,0,0
2016-10-20,"Major ETFs Fall, But Biotech And Pharma Stocks Defy General Malaise",0,0
2015-06-05,Larry Fink dismisses bond ETF fears,0,0
2019-10-02,"ADP Posts 135K New Jobs, Slowing Across the Board",0,0
2016-12-14,Gold And Mining ETFs Slump After Fed Raises Rates For First Time In 2016,0,0
2015-09-14,"Stocks Quietly Lower As Apple Tops Dow, Tyler Tech Breaks Out",0,0
2018-10-24,"Aspen Insurance Holdings misses by $0.17, misses on net earned premiums",0,0
2019-05-20,Adamis: Cuts Op-Ex And Prepares For 'Zimhi' Approval,0,0
2018-05-05,ACETO SHAREHOLDER ALERT: CLAIMSFILER REMINDS INVESTORS WITH LOSSES IN EXCESS OF ...,0,0
2018-10-17,US Market Indexes Fall After Big Rally,0,0
2016-12-09,Aflac cut to Underperform at RBC Capital,0,0
2015-07-20,"It's a sea of red for gold mining stocks as gold drops to $1,100",0,0
2018-11-26,Futures Rebound After Black Friday Losses (Wall Street Breakfast Podcast),0,0
2015-01-02,IBD 50 Tone Darkens; More Leaders Below 10-Week Line,0,0
2019-11-05,Acadia Healthcare (ACHC) Q3 Earnings and Revenues Miss Estimates,0,0
2015-01-09,Astoria Financial and Webster Financial slump after downgrades,0,0
2016-11-14,"The Good, The Bad, And The Beautiful From The Perspective Of A Preferred Investor",0,0
2015-05-30,The 5 Best Low PE Companies For Defensive Investors,0,0
2015-09-01,Why The Drop In Stocks Feels So Painful,0,0
2018-05-31,Paccar -3% as Goldman downgrades amid dim view of trucking stocks,0,0
2016-01-15,S&P 500 Takes Out August Low; Apple Hit By New iPhone Worries,0,0
2017-02-28,Broker-Dealer ETF Books A Hefty Loss Amid Schwab-Fidelity Shootout,0,0
2016-03-02,Steel tariffs look like a big win for U.S. steel stocks,0,0
2017-08-15,Advance Auto Parts (AAP) Misses on Q2 Earnings,0,0
2018-06-09,ADT SHAREHOLDER ALERT: CLAIMSFILER Reminds Investors with Losses in Excess of ...,0,0
2016-01-05,GE Close to Kissing Connecticut Goodbye,0,2
2016-03-22,Stocks Close Mixed; Nike Slips After Hours On Sales Miss,0,0
2015-01-14,"Gold sector's bad bets wiping out retained earnings, investor confidence",0,0
2018-10-03,"Cocoa Probes Below $2,000 Per Ton - Time To Buy NIB?",0,0
2016-07-05,Ocwen complex tumbles,0,0
2016-01-06,"Premarket Biotech Digest: Gilead's HBV Data, Eli Lilly's Guidance, MannKind Slumps",0,0
2020-05-08,ProAssurance (PRA) Misses Q1 Earnings & Revenue Estimates,0,0
2015-02-23,The Vetr community has downgraded $AFMD to 4-Stars,0,0
2015-02-02,Applied Industrial Technologies Slumps: AIT Tumbles 7.6% in Session - Tale of the Tape,0,0
2019-08-12,Asian Shares Tumble on Recessionary Fears: ETFs in Focus,0,0
2019-10-29,"AGCO EPS beats by $0.02, misses on revenue",0,0
2019-07-06,Stocks That Fell to '-Year Lows in the Week of July 5,0,0
2019-11-13,Adecoagro EPS misses by $0.25,0,0
2018-05-10,"Falling Earnings Estimates Signal Weakness Ahead for AAON, Inc. (AAON)",0,0
2020-04-25,"AARON'S DEADLINE ALERT: Faruqi & Faruqi, LLP Encourages Investors Who Suffered Losses ...",0,0
2015-05-13,"Commodities Today: Coal And Solar Companies Under Pressure, Big Buyback Announced",0,0
2016-05-26,Acasti Pharma FQ4 net loss improves by 17%,0,0
2017-08-11,"EnerSys (ENS) Q1 Earnings Miss, Revenues Beat Estimates",0,0
2018-04-19,Aceto slumps 51% premarket as business deteriorates,0,0
2019-08-05,"Schneider (SNDR) Q2 Earnings Miss, '19 EPS View Bearish",0,0
2018-10-23,TI's embedded processor peers drop after revenue miss,0,0
2018-06-27,Market Volatility Bulletin: Spot VIX Prints Below 15 Despite More Than 2% Intraday Move In S&P Futures,0,2
2016-05-11,Smart Money Flows Into Pershing Gold,0,0
2017-03-14,High-yield default rate to drop below 3% - Fitch,0,0
2018-02-06,Utilities plunge as bearish sentiment seen persisting,0,2
2015-03-23,Amicus Therapeutics Slumps: FOLD Falls 6.8% in Session - Tale of the Tape,0,0
2019-11-08,Mall stocks follow Gap lower,0,0
2019-05-14,"Agilent down 8% after hours on FQ2 miss, revenue guidance cut",0,0
2019-04-22,Bull Of The Day: Advanced Emissions Solutions (ADES),0,0
2015-12-04,"Barclays downgrades ADI, doesn't expect Force Touch in 2016 iPads",0,0
2016-08-09,Advanced Emissions Solutions reports Q2 results,0,0
2015-04-27,"Akorn Downgraded, Stock Falls On 'Credibility Gap'",0,0
2016-10-04,Was Gold ETF's Tumble To Its Lowest Level Since Brexit Vote Foreshadowed?,0,0
2015-12-07,El Nino Leads To La Nina And Low Grain Prices Could Become A Distant Memory,0,0
2018-02-21,Cotton Has Been Trending Lower - An Opportunity,0,0
2018-12-14,"Market Volatility Bulletin: Stocks Close Flat Thursday, Jolt Lower Into Friday",0,0
2020-03-05,"ADT (ADT) Reports Q4 Loss, Tops Revenue Estimates",0,0
2016-01-25,"Abengoa to move ahead with debt talks, asset sales",0,0
2019-10-15,Ameren appoints Moehn as new CFO; Lyons becomes Ameren Missouri chief,0,2
2016-08-17,Analog Devices (ADI) Moves Lower Ahead of Earnings,0,0
2018-09-04,Analog Devices -1.4% after Evercore downgrade,0,0
2013-03-10,"Guru Stocks at 52-Week Lows: APPL, BIDU, ABX, GG, NEM",0,0
2016-07-05,Technically Speaking: The Bond Ratio Warning,0,0
2018-08-30,Copper edges lower on U.S.-China trade fight worries,0,0
2014-11-18,Zoetis 2015 Guidance Misses As Buyout Theories Abound,0,0
2018-06-07,Semi equipment stocks drop on analyst warning about memory push-outs,0,0
2018-07-11,6 Low Price-Sales Stocks in Gurus' Portfolios,0,0
2019-08-01,Abiomed sinks 15% premarket on lowered guidance,0,0
2016-11-09,"Advanced Emissions Solutions, Inc. 2016 Q3 - Results - Earnings Call Slides",0,0
2015-10-13,Looking At The Bond Markets: Growing Weaknesses?,0,0
2018-10-31,"Applied Industrial Technologies beats by $0.12, misses on revenue",0,0
2018-02-07,"AGCO Corp (AGCO) Misses on Q4 Earnings, Issues 2018 View",0,0
2019-05-09,"Ameren beats by $0.10, misses on revenue",0,0
2019-08-30,Rick Rule: Silver Demand Increasing As Negative-Yielding Debt Continues To Grow,0,0
2015-06-17,Increasing Pressures For Alliance Holdings,0,0
2019-02-28,Ashford Hospitality Q4 adjusted FFO declines 28% Y/Y,0,0
2016-12-21,"AAR EPS in-line, misses on revenue",0,0
2019-03-21,"Alcoa, New York reach deal on low-cost power for Massena smelter",0,0
2016-03-24,Barrick Gold cuts chairman's pay by 76% after investor criticism,0,0
2019-06-02,Powell Channels Bernanke: 'Subprime Debt Is Contained',0,0
2014-10-15,Stocks Pare Losses; Netflix Plunges After Hours,0,0
2016-02-02,"ADT beats by $0.03, misses on revenue",0,0
2016-07-26,"Centene Earnings Top, But Stock Dives On Health Net Losses",0,0
2011-03-11,"Berkshire, AIG May Face Japan Quake Loss: Analyst",0,0
2016-09-26,Arthur J. Gallagher estimates cut at Barclays,0,0
2018-08-16,White House proposing cuts in opioid production,0,0
2020-04-22,"W.R. Berkley (WRB) Q1 Earnings Miss Estimates, Revenues Beat",0,0
2020-04-16,Dow Jones Sharply Lower After New York To Remain Shut Down To Fight Coronavirus,0,0
2016-02-03,Commodity Play: Ditch Debt-Ridden Deere For The Safety Of AGCO,0,0
2019-07-26,Insperity Stock Benefits As It Doubles Market And Cuts Churn,0,0
2016-09-29,Aetna subsidizing Apple Watch: Fitbit gets downgrade,0,0
2019-01-28,AK Steel -4% as Morgan Stanley downgrades on pricing concerns,0,0
2016-05-19,Rough day for lodging REITs; RLJ downgraded,0,0
2017-02-28,"Advisory Board beats by $0.47, misses on revenue",0,0
2017-12-21,"AAR misses by $0.01, revenue in-line",0,0
2019-10-29,"Further Restructuring At Alcoa Is Welcome, But Macro Pressures Are Still In Play",0,0
2018-02-28,"Acorda inks deal with activist investor, allows two board seats",0,0
2019-07-29,Rockwell Automation Pressured As Short-Cycle Headwinds Spread,0,0
2019-02-28,"GreenLight Capital's (GLRE) Q4 Loss Widens, Premiums Down",0,0
2016-04-06,Chart Of The Day: Global Bond Yields Reach All-Time Low,0,0
2016-11-24,Does Adeptus Healthcare Concerns Justify Medical Properties Trust's Drop In Value?,0,0
2013-12-18,The Fall of a Giant: Gurus' Exodus from Newmont Mining Corporation,0,0
2018-10-31,"Ameren beats by $0.19, misses on revenue",0,0
2017-03-13,Gold And Precious Metals Correct Lower,0,0
2015-10-16,Global Steel Demand to Shrink in 2015 on China Slowdown,0,0
2015-01-13,Sarepta Therapeutics Slumps: SRPT Falls 14.6% in Session - Tale of the Tape,0,0
2012-02-29,2 Top Insurers Make the Cut,0,0
2016-06-06,Adamis Pharma's NDA for epinephrine pre-filled syringe rejected a second time by FDA; shares plummet 49% premarket,0,0
2012-12-11,"Acacia Research Coroporation (ACTG) Executive Chairman Robert L Ii Harris sells 4,167 Shares",0,0
2018-08-13,"Verisk Rides on Data Analysis Expertise, Debt Woes Remain",0,0
2020-02-28,Financial Markets Plunge on Coronavirus Outbreak,0,0
2016-04-13,"GHII: The Good, The Bad And The Yield",0,0
2015-07-27,A.H. Belo posts Q2 loss as print ads continue decline,0,0
2019-02-15,Gold-Stock Mega-Mergers Bad,0,0
2016-04-25,"American Campus misses by a penny, maintains guidance",0,0
2019-05-07,"ADT (ADT) Reports Q1 Loss, Tops Revenue Estimates",0,0
2020-05-28,"Blow-Fill-Seal (BFS) Technology Market —…—… by Company, Type and Application, Forecast ...",0,0
2019-02-13,Agile Therapeutics: Positive Study Moves Company Closer To NDA Resubmission,0,2
2013-07-16,Gold Mining Stocks: Guess How Low Year-To-Date,0,0
2020-02-24,"Nicola Wealth Management Ltd. Buys Bank of Nova Scotia, Lowe's Inc, Accenture PLC, Sells Valero ...",0,0
2014-08-18,Dillard's (DDS) in Focus: Stock Tumbles 8.2% - Tale of the Tape,0,0
2018-11-17,Stocks That Fell to '-Year Lows in the Week of Nov. –6,0,0
2016-12-06,Not-So-Strange Bedfellows: Big Tech And Electric Utilities,0,0
2014-07-31,Many Leading Stocks Damaged As Market Tumbles Broadly,0,0
2018-06-18,The Tariffs Saga Means Cheap Meat - Don't Get Used To It,0,0
2020-02-21,"Fitbit (FIT) Q4 Loss Wider Than Estimated, Revenues Lag",0,0
2016-01-05,American Eagle And The Gap Offer Wildly Different Strategies As Retailers Convert Inventory From Fall/Winter '15 To Transition/Spring '16,0,0
2018-02-28,"Middleby's (MIDD) Q4 Earnings Meet, Revenues Miss Estimates",0,0
2015-09-21,NRC starts special inspection at Ameren nuclear plant in Missouri,0,0
2017-08-09,5 Value Picks With Strikingly Low EV/EBITDA Ratios,0,0
2019-05-08,"U.S. Steel cut to Sell, Street-low $10 price target at UBS",0,0
2020-05-12,DPL Teams With Transamerica; Adds Low-cost Variable Annuity With Several Living Benefit Options,0,0
2015-01-28,"Astoria Financial beats by $0.01, misses on revenue",0,0
2015-10-15,Active Power Joins Grid Edge Executive Council,0,0
2015-02-25,"Ameren beats by $0.06, misses on revenue",0,0
2015-06-22,Corium International (CORI) in Focus: Stock Falls by 5.2% - Tale of the Tape,0,0
2016-01-28,"Arctic Cat misses by $0.29, misses on revenue",0,0
2018-08-12,These Five 95+ Composite Rating Stocks Are Just Below Buy Points,0,0
2018-03-05,"5 Stocks to ""Steel"" the Show on Proposed Trump Tariffs",0,0
2014-06-03,Neonode (NEON) Crumbles: Stock Falls by 11.1% - Tale of the Tape,0,0
2015-09-24,Nervous equity markets and slowdown signs have gold on the move,0,0
2015-10-01,"Chip stocks underperform amid market drop, iPhone order report",0,0
2018-07-25,"Barrick Gold misses by $0.05, misses on revenue",0,0
2016-11-01,"Advisory Board misses by $0.12, misses on revenue",0,0
2019-12-11,Wells cuts view on Cigna in premarket analyst action,0,0
2012-02-11,Stocks Logged Weekly Loss amid Greek Drama,0,0
2019-09-24,Financials drop as Treasurys rally,0,2
2015-07-14,First Majestic Silver Sees Its Silver Production Drop By 14%,0,0
2016-03-03,"Agenus misses by $0.01, misses on revenue",0,0
2017-07-05,Here's Why O'Reilly Automotive (ORLY) Shares Plunged Today,0,0
2017-10-16,Health Care Stocks Stumble on Trump's Executive Order,0,0
2015-05-28,Abercrombie Pops On Hollister Comps Despite Q1 Miss,0,0
2019-08-06,"AES Corp (AES) Q2 Earnings Miss Estimates, Revenues Down Y/Y",0,0
2019-05-01,"Sigma Planning Corp Buys Invesco S&P 5…… Low Volatility, iShares Core U.S. ...",0,0
2016-07-10,A Few More Thoughts On The Long Bond Blowoff,0,0
2015-09-09,What Falling Estimates & Price Mean for Merus Labs International (MSLI),0,0
2015-02-12,Advance Auto's earnings miss,0,0
2019-11-11,First Majestic Silver Just Saw AISC Plunge 27% In Q3,0,0
2019-04-25,"Arthur J.Gallagher beats by $0.02, misses on revenue",0,0
2015-08-07,Alphamin Announces Resignation of Chief Executive Officer,0,0
2012-09-07,Audience falls on loss of Apple,0,2
2016-01-28,Cloud software stocks slump as ServiceNow plunges post-earnings,0,0
2013-05-22,The Recovery Proving Slow To Arrive For Analog Devices,0,0
2015-08-17,Lowe's (LOW) to Report Q2 Earnings: What to Expect?,0,0
2015-08-06,"Barrick Gold lays out ""scenario planning"" if gold sinks as low as $900",0,0
2016-12-22,Barrick Gold Downgraded at TD Securities,0,0
2016-02-24,Polaris: Still A Strong Buy Despite Price Drop,0,0
2015-02-09,"Argo Group misses by $0.13, misses on revenue",0,0
2016-12-20,NYCB -2.4% after nixing Astoria purchase; BAML downgrades,0,0
2018-07-25,"U.S. Steel, AK Steel slump as U.S., EU pledge to 'resolve' tariffs",0,0
2019-10-22,"Lennox (LII) Misses Q3 Earnings Estimates, Trims '19 View",0,0
2018-06-25,Owens-Illinois Slips to 52-Week Low: What's Taking it Down?,0,0
2012-10-19,"iShares Cuts Fees on Six ETFs, Debuts Four Low Cost Funds - ETF News And Commentary",0,0
2017-11-01,"Pitney Bowes (PBI) Q3 Earnings Miss Estimates, Sales Up Y/Y",0,0
2017-10-31,Rent-A-Center (RCII) Reports Wider-Than-Expected Q3 Loss,0,0
2017-06-20,Stocks Move Lower As Oil Drops; NTSB Clears Tesla; AmEx Breaks Out,0,0
2014-09-03,Weakness Seen in Finisar (FNSR): Stock Falls 6.8% - Tale of the Tape,0,0
2016-02-11,"Advance Auto Parts beats by $0.01, misses on revenue",0,0
2015-05-05,"Notable tech decliners: RKUS, ACTG, BSFT, VECO, ELLI, BCOV",0,0
2019-01-31,5 Undervalued Companies For Value Investors With A Low Beta – January 2019,0,0
2014-10-31,Why Hercules Offshore (HERO) Could Be Positioned for a Slump - Tale of the Tape,0,0
2017-02-16,Reuters: India may cut potash subsidy in potential blow to demand,0,0
2016-10-28,Stocks Fall As ETFs Signal The Market May Be Range-Bound For A While,0,0
2017-12-19,AGCO -4% as 2018 earnings guidance misses consensus,0,0
2019-05-15,The People's Republic Of China Is Destined To Decline,0,0
2019-01-24,"Applied Industrial Technologies misses by $0.07, misses on revenue",0,0
2017-08-21,Why Did Francesca's (FRAN) Stock Hit New Low?,0,0
2018-01-15,Fujifilm Downgraded on Oceania Market Distress & Macro Risks,0,0
2016-11-08,Advanced Emissions Solutions reports Q3 results,0,0
2019-02-22,"ProAssurance (PRA) Q4 Earnings Meet Estimates, Tumble Y/Y",0,0
2020-05-07,AAON Announces Executive Leadership Transitions,0,0
2019-01-10,"Advaxis misses by $0.19, misses on revenue",0,0
2016-10-31,"Aegion misses by $0.03, misses on revenue",0,0
2016-12-22,"Neuberger staying underweight Treasurys, dour on developed-market debt",0,0
2017-02-21,The 60/40 Substitute: Tracking Low Vol. And Bonds Since 1976,0,0
2015-09-22,Assured Guaranty Poised to Grow on Loss Recovery Plans,0,0
2019-02-06,"American Equity beats by $0.09, misses on revenue",0,0
2018-10-18,"Aegion Banks on Strong Order Flow, Cost Concerns Remain",0,0
2019-09-14,The Fear of Missing Out Trade Is Slowly Taking Hold,0,0
2018-09-04,The Next Economic Collapse Could Start In Fall 2018,0,0
2015-03-25,IHS Inc. (IHS) Crumbles: Stock Falls by 7.3% - Tale of the Tape,0,0
2015-09-17,What Falling Estimates & Price Mean for Finisar (FNSR),0,0
2019-08-08,"Air Lease EPS beats by $0.27, misses on revenue",0,0
2014-11-03,Crown Castle International (CCI) Crumbles: Stock Falls nearly 6.2% - Tale of the Tape,0,0
2014-04-20,"5-Year Lows: American Eagle Outfitters, Intrexon Corp, Mack-Cali Realty Corp, and Weight ...",0,0
2015-09-16,U.S. Raw Steel Production Retreats as Capacity Drops,0,0
2016-11-30,American Eagle Outfitters (AEO) Falls Ahead of Earnings,0,0
2017-02-07,"Assurant misses by $0.04, misses on net earned premiums",0,0
2018-12-13,"Soybean futures fall 1.6%, as China purchase barely dents huge U.S. stockpile",0,0
2018-05-31,Market Volatility Bulletin: Nasdaq Manages Gains While S&P Slumps On Tariff Headlines,0,0
2015-05-05,"Advisory Board misses by $0.01, misses on revenue",0,0
2019-09-24,ACCO Brands Corporation to Present at Sidoti Fall Conference,0,0
2016-07-31,Generating 6% Returns In A 0% World Part II - The Month In Exchange Traded Debt,0,0
2012-11-26,"Aeropostale Seen Hurt By Abercrombie, American Eagle",0,0
2018-05-29,AECOM Falls Despite Securing Government Contract,0,0
2015-03-09,Codexis (CDXS) in Focus: Stock Falls 7.3% - Tale of the Tape,0,0
2019-08-02,"Emergent (EBS) Earnings Miss in Q2, Revenues Beat Estimates",0,0
2019-05-07,"Akorn (AKRX) Reports Q1 Loss, Tops Revenue Estimates",0,0
2019-03-29,Albany appoints new finance executive,0,0
2014-10-29,Artisan Partners (APAM) Falls: Stock Goes Down 5.4% - Tale of the Tape,0,0
2019-05-01,"Acadia Pharmaceuticals (ACAD) Reports Q1 Loss, Tops Revenue Estimates",0,0
2018-08-02,"Adamas Pharmaceuticals (ADMS) Reports Q2 Loss, Tops Revenue Estimates",0,0
2016-03-22,Look Beyond Large Caps For Low-Volatility Ideas,0,0
2018-10-12,Why Lower Rates On Treasury Bonds Won't Be Good For Stocks,0,0
2019-07-18,"Alliance Data Systems EPS misses by $0.12, misses on revenue",0,0
2016-10-14,S&P 500 ETFs Fall For A Second Week; Gold's Appeal Continues To Fade,0,0
2015-08-06,Contractions In Money Flows And Market Liquidity - Part 6,0,0
2016-11-01,"Adeptus Health misses by $0.50, misses on revenue",0,0
2015-05-13,AES (AES) falls on share offering,0,0
2019-05-13,Achillion (ACHN) Reports Wider-Than-Expected Loss in Q1,0,0
2018-07-02,Assessing The Impact Of Safe-Haven Treasury Flows,0,0
2015-09-25,Government Downgrades Galore,0,0
2014-03-26,Why Barrick Gold (ABX) Could Be Positioned for a Slump - Tale of the Tape,0,0
2016-03-14,Gold ETF Slumps As Major Indexes Finish Mixed; IBB In Sell Range,0,0
2015-10-14,Barrick Announces Early Tender Date Results of Debt Tender Offer and Amendment to Maximum ...,0,0
2019-09-05,mREITs Are Underperforming As Interest Rates Decline. Why?,0,0
2018-11-09,"Adamis Pharmaceuticals (ADMP) Reports Q3 Loss, Lags Revenue Estimates",0,0
2016-04-05,Acadia Realty lower after secondary offering,0,0
2010-04-01,Mosaic Misses; Fertilizer Woes Ahead?,0,0
2018-06-01,"US Pushes Ahead With Steel Tariffs, Reignites Trade War Fears",0,0
2019-12-12,American Eagle (AEO) Slumps 7% Despite In-Line Earnings in Q3,0,0
2019-08-08,"Adamis Pharmaceuticals EPS misses by $0.03, misses on revenue",0,0
2015-03-27,American Eagle Outfitters dropped to Sell by Goldman Sachs,0,0
2016-10-18,Acadia divests 22 behavioral health facilities in UK for a loss; shares down 7% after hours,0,0
2018-06-01,Don't Fall For This BDC Lie,0,0
2018-07-26,Barrick Gold Sales Fall —–%,0,0
2013-02-14,5 Stocks Seeing Bullish Options Flow,0,3
2016-01-26,The Lows Appear To Be In... What's Next?,0,0
2017-04-20,The Vetr community has downgraded $AEO to 4-Stars,0,0
2018-06-15,"Tariff Tensions: Homebuilders Dive, REITs Hold Steady",0,0
2018-08-08,"ADT misses by $0.18, revenue in-line",0,0
2019-11-06,Intercept (ICPT) Earnings and Sales Miss Estimates in Q3,0,0
2015-04-22,Dow Jones Still Lower In Gold Terms,0,0
2018-11-08,"ADMA Biologics misses by $0.03, misses on revenue",0,0
2014-05-05,eHealth Slumps: EHTH Falls 12.2% in Session - Tale of the Tape,0,0
2018-05-03,"AIG Q1 Earnings Miss Estimates & Fall Y/Y, Shares Decline",0,0
2017-08-31,Why Briggs & Stratton (BGG) Could Be Positioned for a Slump,0,0
2018-08-16,Industrial Output Slows Down in July: 4 Solid ETFs & Stocks,0,0
2019-05-01,Cognex Hammered On Ongoing Weakness In Core Markets,0,0
2016-05-23,Second downgrade in a week for Aflac,0,2
2020-02-05,ADP Posts Blowout +291K New Jobs for January,0,0
2013-07-03,Insider Buys Reported in Ares as Price and P/B Ratio Hit Lows,0,0
2015-03-03,Stocks In Red Ahead Of Close; Alibaba At Post-IPO Low,0,0
2014-02-21,Why Markets Like The Current One Can Breed Bad Ideas,0,0
2018-04-16,Barrick Gold Reports Low Gold Production For The First-Quarter 2018,0,0
2015-01-08,Barrick Gold downgraded at RBC following recent bump,0,0
2018-08-02,Cordier To TD Ameritrade: Gold And Silver 'Quite Close' To A Low,0,0
2018-03-01,"No Trump announcement on tariffs today, CNBC reports",0,0
2015-08-05,"Barrick Gold cuts dividend, eyes asset sales as debt reduction target nears",0,0
2010-05-07,AES Lowers Guidance,0,0
2019-09-13,Investors re-think rate cut odds,0,0
2018-10-18,Retail stocks slump amid broad market sell-off,0,2
2018-11-08,"Achaogen misses by $0.03, misses on revenue",0,0
2016-11-08,"Stock Futures Down, But Well Off Lows, As Trump Wins White House",0,0
2018-01-13,U.S. Fund-Flows Weekly Report: Equity Funds And Taxable Bond Funds Drive Weekly Net Inflows,0,0
2016-05-17,Aegerion Pharmaceuticals (AEGR) Drop Sharply on Q1 Loss,0,0
2011-11-09,U.S. Stocks Worsen; Spreadtrum To Report After Close,0,0
2018-07-02,Soybean futures fall to lowest in nearly a decade,0,0
2015-04-23,"Chip stocks slump after TI, Xilinx, Qualcomm offer soft guidance",0,0
2019-02-26,US Markets Lower on Tuesday,0,0
2012-12-19,"Advanced Emissions Solutions Inc (ADES) CTO Sharon Sjostrom sells 1,000 Shares",0,0
2012-08-10,"Acacia Research Corp. (ACTG) Executive Chairman Robert L Ii Harris sells 12,500 Shares",0,0
2015-04-28,"Aetna beats by $0.44, misses on revenue",0,0
2018-03-15,Timing Economic Expansion: 3 Stocks for Good Times & Bad,0,0
2018-07-02,Global Stocks In The Red; EU Threatens Retaliation Over Tariffs (Wall Street Breakfast Podcast),0,0
2014-05-09,Falling Earnings Estimates Signal Weakness Ahead for ABB Ltd. (ABB) - Tale of the Tape,0,0
2018-12-05,The Chemist's Closed-End Fund Report - November 2018: Discounts Blow Out As The Stock Market Corrects,0,0
2018-08-14,Canada moves toward new steel tariffs amid dumping fears,0,0
2015-05-21,UBS and JMP Securities Downgrade Achillion Pharmaceuticals Inc. ...,0,0
2014-02-18,Agilent Technologies (A) in Focus: Stock Drops 8.0% - Tale of the Tape,0,0
2014-07-30,Weakness Seen in Alliance Fiber Optic Products (AFOP): Stock Plunges 20.6% - Tale of the Tape,0,0
2013-12-24,"Stock Futures Slightly Positive; Vipshop, SouFun Under Pressure",0,0
2015-04-08,Aixtron drops on Berenberg downgrade; Veeco also off,0,2
2017-08-17,Briggs & Stratton (BGG) Misses on Q4 Earnings & Revenues,0,0
2018-07-13,Silver Sits Not Far Off The 2018 Low,0,0
2015-12-23,"U.S. Steel, AK Steel lower as steel import tariffs disappoint",0,2
2014-01-30,Streamline Health Solutions (STRM) Crumbles: Stock Falls by 6.4% - Tale of the Tape,0,0
2016-06-08,The Vetr community has downgraded $AGIO to 3-Stars,0,0
2016-12-20,"Annaly Capital -0.7%, Arlington Asset -3.1% after downgrades",0,0
2015-06-12,"Agios/Celgene Leukemia Drug Scores, But Stocks Fall",0,0
2017-01-24,"AK Steel reverses sharply, -3.5% as shipments continue to fall",0,0
2014-06-23,Asanko Gold (AKG) in Focus: Stock Tumbles 9.7% - Tale of the Tape,0,0
2019-03-29,"Corn futures plunge following USDA reports; wheat, soybeans slip",0,0
2014-09-21,"Guru Stocks at 52-Week Lows: BHP, GSK, EC, VALE, ABB",0,0
2015-08-04,Contractions In Money Flows And Market Liquidity - Part 4,0,2
2017-01-06,Gold miners open lower as yellow metal retreats following jobs report,0,0
2015-11-27,10 Low PE Stocks for the Enterprising Investor,0,0
2015-07-23,Arctic Cat (ACAT) Falls: Stock Goes Down 5.1% - Tale of the Tape,0,0
2016-01-22,AK Steel: Ten-Year Low But Still Expensive,0,2
2015-04-09,Agios Pharmaceuticals Stock Is Headed Much Lower,0,2
2016-12-06,Can Muni Investors Overcome November's Losses?,0,0
2019-10-25,Wall Street Breakfast: China Seeks Removal Of U.S. Tariffs In Return For Ag Buys,0,0
2013-09-12,Gold falls as Syrian tensions ease,0,0
2020-05-12,US Indexes End Lower Tuesday,0,0
2015-01-12,Stocks Close Sharply Lower; Medicals Move On Announcements,0,2
2018-02-20,Barrick Gold: Accumulate On Any Weakness,0,0
2018-10-23,Big 5 Sporting Goods slides 3.7% after drop from SmallCap 600,0,0
2019-11-07,14 Large-Cap Stocks With Low PEG Ratio To Review,0,0
2015-05-04,Applied Genetic Tech drops in concert with Spark in response to gene therapy study,0,0
2017-02-28,"Aegion beats by $0.09, misses on revenue",0,0
2018-04-06,ABB hopes for U.S. concessions for tariffs on Chinese special steel,0,0
2017-11-21,"Signet's (SIG) Q3 Earnings Meet, Stock Plunges on Bleak View",0,0
2016-09-20,Barrick Gold's Latest Veladero Spill Bad News For Argentinean Gold Mining,0,0
2019-11-27,Analog Devices (ADI) Q4 Earnings & Revenues Miss Estimates,0,0
2015-01-13,Live Long And Prosper: The Beauty Of Low-Cost Production,0,0
2018-08-06,"Advanced Emissions Solutions beats by $0.27, misses on revenue",0,0
2016-09-13,Stocks Tumble As Energy Sector Leads Broad Losses,0,0
2015-10-22,"Arctic Cat misses by $0.15, misses on revenue",0,0
2018-12-11,AK Steel: Perfect Storm Pushes Shares To New Lows,0,0
2019-05-29,Advanced Emissions Solutions Is Exactly What The Name Says,0,0
2017-04-05,American Eagle (AEO) Drops to 52-Week Low: Can it Rebound?,0,0
2019-01-30,"American Financial misses by $0.18, revenue in-line",0,0
2011-08-03,13 Stocks the Debt Deal Could Hurt: Magic Formula,0,0
2018-08-07,"Regal Beloit (RBC) Q2 Earnings Miss Estimates, Sales Up Y/Y",0,0
2019-06-11,U.S. Imports From China Plunge As Other Emerging Markets Fill The Gap,0,0
2017-02-01,Aflac lower by 3% after earnings miss,0,0
2014-03-10,JAVELIN Mortgage Slumps: JMI Falls 5.1% in Session - Tale of the Tape,0,0
2014-02-10,"IPOs and Follow-on Offers Dominate Small Cap Biotech News: OMER, ARGS, RVNC & TNIB",0,0
2012-07-11,Drought Cuts Corn Crop Size,0,0
2017-01-22,Advanced Emissions Solutions: A Strong Energy Play On Offer,0,0
2018-07-30,"Acadia Healthcare EPS in-line, misses on revenue",0,0
2014-06-25,Neonode (NEON) Crumbles: Stock Falls by 5.8% - Tale of the Tape,0,0
2016-11-16,AngloGold Ashanti: Free Cash Flow Machine?,0,0
2013-05-29,Gold Mining Hedges: Bad For Gold Investors?,0,0
2017-03-11,'You Are Here' (And That's Bad),0,0
2015-12-22,Alternative Reinsurance Capital To Pressure Casualty: Morgan Stanley,0,0
2019-05-03,"Unisys' (UIS) Q1 Earnings Miss, Revenues Beat Estimates",0,0
2015-07-17,Barrick Gold hits 24-year low as metal price tumbles,0,0
2013-10-25,Top-Performing Stock ETFs Follow Separate Paths,0,0
2016-06-06,Gabelli Research Says Gilead's HCV Sales To Crash Badly And Soon: Analysis,0,0
2016-07-31,Late July S&P Aristocrats Follow Dow Dogs To Overboughtville,0,0
2016-04-19,Apple Suppliers Downgraded On 'Modestly Lower' iPhone Demand,0,0
2018-02-16,"Acorda (ACOR) Q4 Earnings Miss Estimates, Revenues Beat",0,0
2020-03-03,AAN LOSSES ALERT: Bernstein Liebhard is Investigating Aarons Inc. ...,0,0
2016-05-16,"Low PS for Caterpillar, L-', Advanced Auto Parts",0,0
2018-10-27,ACADIA HEALTHCARE SHAREHOLDER ALERT: CLAIMSFILER Reminds Investors with Losses in Excess of ...,0,0
2015-04-30,"Applied Industrial Technologies misses by $0.06, misses on revenue",0,0
2014-02-20,Meadowbrook Insurance Group (MIG) Crumbles: Stock Falls by 6.1% - Tale of the Tape,0,0
2011-01-25,U.S. Steel Misses Expectations,0,0
2014-07-18,Falling Earnings Estimates Signal Weakness Ahead for FXCM (FXCM) - Tale of the Tape,0,0
2018-05-07,"Agios (AGIO) Q1 Loss Wider than Expected, Revenues Miss",0,0
2017-12-29,Adtran -14% after warning on Q4 earnings,0,0
2016-01-08,Acasti Pharma (ACST) Drops on Neptune Deal,0,0
2017-02-02,"Aceto misses by $0.08, misses on revenue",0,0
2017-05-30,"Modest Losses For Indexes; Amazon Takes Out 1,000; Alphabet Next?",0,0
2019-05-17,Agile Therapeutics Resubmits New Drug Application (NDA) for its Transdermal Low-Dose ...,0,0
2017-02-28,Tenet Healthcare (THC) Q4 Earnings & Revenues Miss Estimates,0,0
2011-02-09,Cash Flow vs. Income: Why It Matters to Investors,0,0
2019-07-29,Looking At Signs That The Market Is Stalling Out. Sell Before Powell's Interest Rate Cut News,0,0
2020-04-15,US Indexes Close Lower Wednesday,0,0
2020-01-21,Alliance Data Included In —…—… Bloomberg Gender-Equality Index For Second Consecutive Year,0,0
2019-05-28,Drop in hot-rolled coil steel price sinks AK Steel shares,0,0
2019-03-14,6 Large-Cap Stocks With Low Price-Sales Ratios,0,2
2016-10-27,"ABB beats by $0.02, misses on revenue",0,0
2016-02-04,"Aceto beats by $0.06, misses on revenue",0,0
2015-05-18,"Grain Markets Settle, Allowing Farmland Values To Improve",0,0
2019-08-22,Financials claw back some from yesterday's decline,0,0
2015-12-01,UNH CEO: Early ObamaCare Entry A 'Bad Decision',0,0
2019-08-16,Old Mission Capital Llc Buys iShares Core U.S. ...,0,0
2016-11-15,Alcobra misses by $0.02,0,0
2014-12-22,Energy Sector Seen as Biggest Risk to Deal Flow in 2015,0,0
2017-07-07,BMO Capital Markets Downgrades Barrick Gold,0,0
2015-04-29,"ACCO Brands beats by $0.02, misses on revenue",0,0
2018-08-02,"AllianceBernstein: As AUM Falls, A Key Market Is Neglected",0,0
2014-04-02,Four Top World Stocks Offer Follow-On Buy Points,0,0
2015-10-22,"Adeptus Health beats by $0.07, misses on revenue",0,0
2013-10-10,"As Wildfire Losses Rage, Home Insurers Feel The Heat",0,0
2016-05-18,Fed Fallout: Bank ETFs Spike As A June Rate Hike Is Back On The Table,0,0
2016-11-29,"U.S. Steel downgraded at Argus, which says shares look overbought",0,0
2019-07-24,"Decline Of Stock Price As An Asset With Allan Rewak, Emerald Health Therapeutics",0,0
2014-12-22,Weakness Seen in AAR Corp (AIR): Stock Falls 6.5% - Tale of the Tape,0,0
2016-05-22,The Vetr community has downgraded $ADI to 4-Stars,0,0
2014-10-16,KeyCorp (KEY) in Focus: Stock Falls 5.8% - Tale of the Tape,0,0
2020-04-01,Advanced Emissions Solutions Announces CEO Transition,0,0
2019-10-27,The European Union - Going From Bad To Worse,0,0
2019-12-07,Silver Sat At $17 And Then Fell To A Lower Low,0,0
2018-01-30,Can Low 777 Demand Hit Spirit AeroSystems' (SPR) Q4 Earnings?,0,0
2018-08-02,"AcelRx Pharmaceuticals EPS in-line, misses on revenue",0,0
2019-10-21,Alcoa cut at Gabelli as aluminum may be challenged by increased China scrap,0,0
2015-03-04,Today's Market: Interest Rate Cuts And News Moving These Stocks,0,2
2016-01-07,Baird downgrades handful of REITs,0,0
2016-04-13,"Gilead, Fossil Among Stocks Trading Below Lynch Earnings Line",0,0
2017-01-04,The Advisory Board Company (ABCO) Dips on Cutting Jobs,0,0
2014-09-12,What Falling Estimates & Price Mean for ImageWare Systems (IWSY) - Tale of the Tape,0,0
2018-11-06,"AES beats by $0.05, misses on revenue",0,0
2018-05-15,"Aerocentury misses by $0.01, misses on revenue",0,0
2015-12-01,FfD3 Hopes Meet EM Slowdown In Africa,0,0
2015-02-19,"Under activist pressure, Associated Estates names new board member",0,0
2018-10-25,Aaron's (AAN) Q3 Earnings Miss Estimates,0,0
2020-04-21,"BancorpSouth (BXS) Q1 Earnings Top Estimates, Revenues Miss",0,0
2017-04-20,The Vetr community has downgraded $AET to 2.5-Stars,0,0
2017-03-14,"Achaogen misses by $0.55, misses on revenue",0,0
2017-01-04,Gold ETF Continues To Rally Off Its December Low: Is A Bottom In?,0,0
2019-10-04,Weekly Review: Municipal Bond CEFs - Second Consecutive Positive Week For The Sector,0,0
2016-09-07,Adeptus chief Hall to retire; shares slump 17%,0,0
2019-02-26,"AllianceBernstein Executing Well, But Operating Conditions Are Increasingly Challenging",0,0
2019-08-07,"First Majestic Silver EPS in-line, misses on revenue",0,0
2014-12-09,Weakness Seen in ADT Corporation (ADT): Stock Falls 6.6% - Tale of the Tape,0,0
2015-06-12,Mom And Pop Investors Must Heed Bond Warnings,0,0
2014-12-16,bluebird bio (BLUE) Crumbles: Stock Falls by 5.6% - Tale of the Tape,0,0
2019-08-14,Direxion Daily Semiconductor 3x Bear Shares ETF: Trump's New Tariff And The Unstoppable Future,0,0
2019-07-16,Seeking Income In Emerging Market Debt,0,0
2016-03-04,ABB lowered at Nomura,0,0
2015-05-14,Buy Agrium Despite of Recent Miss,0,0
2019-01-10,Retail declines extend from malls to online,0,0
2015-08-13,"Advance Auto Parts beats by $0.02, misses on revenue",0,0
2019-02-21,"Air Lease beats by $0.41, misses on revenue",0,0
2018-02-21,Rent-A-Center (RCII) Incurs Wider-Than-Expected Q4 Loss,0,0
2014-07-16,Weakness Seen in Independence Realty Trust (IRT): Stock Falls by 6% - Tale of the Tape,0,0
2019-02-14,Ameren (AEE) Misses on Q4 Earnings Estimates,0,0
2019-12-14,Silver Makes A Lower Low - On Sale For 2020,0,0
2017-12-20,TherapeuticsMD Falls Despite Acceptance of NDA: Here's Why,0,0
2016-11-13,Resource Sector Digest: Gold Falls $120/oz In Less Than 72 Hours... What's Next?,0,0
2019-03-27,"Norsk Hydro, Brazil prosecutor reach deal for possible Alunorte full restart",0,0
2015-08-26,What Falling Estimates & Price Mean for Carbylan Therapeutics (CBYL),0,0
2013-06-26,3 Stocks of David Einhorn Trading at Their 52-Week Low Price,0,0
2019-09-16,"ADT to Revise Debt Profile, Prices $600M Notes Offering",0,0
2018-01-18,Generic firms under pressure on possible hospital drug-making venture,0,0
2018-05-02,"Aspen Insurance Holdings beats by $0.07, misses on revenue",0,0
2018-01-18,6.98% Yield Baby Bonds Trump The Bad Preferred Share,0,0
2019-03-19,Aerocentury misses on revenue,0,0
2016-03-04,Forward Perspectives - Debt: A Cause For Caution (Video),0,0
2018-10-01,Barrick Executive Chairman increases shareholding in company to 5M shares,0,0
2018-11-23,ACADIA HEALTHCARE SHAREHOLDER ALERT: CLAIMSFILER REMINDS INVESTORS WITH LOSSES IN EXCESS OF ...,0,0
2019-09-05,Gold slammed with biggest daily dollar loss in three years,0,0
2020-04-21,"Oil Drilled Below Zero, Equity Rally Stalls, Greenback Advances",0,0
2019-10-18,Low ROIC And Poor Corporate Governance Put Safehold At Risk,0,0
2016-10-27,Internet ETF Falls With Amazon Dropping 7% After The Closing Bell,0,0
2018-05-29,"Junk bond sales fall on fewer LBOs, more loans: Bloomberg",0,0
2018-04-14,Stocks That Fell to '-Year Lows in the Week of April –',0,0
2014-02-05,ADT - Does a Lower Stock Price Mean It's Safe to Invest?,0,0
2019-04-29,Philosopher David Hume Vs. The National Debt,0,0
2015-02-17,Ironwood Pharmaceuticals (IRWD) Falls: Stock Goes Down 5.3% - Tale of the Tape,0,0
2016-01-25,Barrick And Agnico: Ignore The Old Wisdom And Follow NYMEX And DXY Movements,0,0
2019-11-06,Weekly Review: Municipal Bond CEFs - Positive Impulse For The Sector After The Rate Cut,0,0
2018-09-28,Aehr Test Systems down 5% post Q1 earnings miss,0,0
2019-01-02,WSJ: Tariff exclusions for certain steel imports sow confusion,0,0
2018-02-22,"Adamas Pharma misses by $0.09, misses on revenue",0,0
2015-07-28,Is Something Really Bad Going To Happen Soon? - Part II,0,0
2018-11-26,Lumber Recovers Marginally While WY Sits Near The Lows,0,0
2015-12-22,"Avalanche Bio implements restructuring plan, 20% of workforce cut",0,0
2013-04-22,Strong Execution Justifies Honeywell's Price,0,0
2017-12-22,AAR Corp (AIR) Misses Earnings and Revenue Estimates in Q2,0,0
2012-08-02,"Facebook Inc. - Class A, Abercrombie & Fitch Among Stocks hitting 52-Week Lows Thursday",0,0
2014-05-30,Weakness Seen in Renewable Energy (REGI): Stock Tumbles 8.6% - Tale of the Tape,0,0
2013-09-27,Stocks Fall In Mixed Volume; MercadoLibre Breaks Out,0,0
2015-09-10,Conns Slumps on Y/Y Drop in Q2 Earnings; Provides Update,0,0
2015-10-15,HCA Holdings' Preliminary Results Point to Below Par Q3,0,0
2015-09-24,Coach's Shares Down Over 20% YTD: Is the Slump Justified?,0,0
2018-08-21,"Nordson (NDSN) Q3 Earnings Match Estimates, Decline Y/Y",0,0
2016-06-27,"AGCO, PACCAR downgraded at J.P. Morgan, partly on European weakness",0,0
2019-10-30,"AK Steel misses Q3 numbers, cuts full-year earnings guidance",0,0
2017-02-23,"AAON misses by $0.04, misses on revenue",0,0
2017-08-21,Falling Earnings Estimates Signal Weakness Ahead for Adamas (ADMS),0,0
2016-10-05,More shots fired in ETF fee war - BlackRock cuts,0,0
2015-08-19,"Stock Futures Lower Ahead Of Fed; Target, Hormel, MI Homes Jump",0,0
2018-02-26,La Nina Could Stoke Inflationary Pressures,0,0
2019-07-30,Cocoa Falls Into The Buy Zone,0,0
2019-02-15,"Schneider Slowing, But May Be Better Positioned For The Downturn Than The Street Thinks",0,0
2019-03-11,ADT lower on light EBITDA guidance,0,0
2018-02-11,"Market Volatility Bulletin: Realized Vol Sucker Punches Stocks, Implied Vol More Hesitant To Follow Suit",0,0
2017-12-05,Gold slides to four-month lows as sentiment stays bearish,0,0
2015-02-09,ABB to strengthen transmission grid in Kenya,0,0
2016-09-13,Gold Warning - Pay Attention!,0,0
2018-11-15,"Berkshire Hathaway (BRK.B) Rejigs Portfolio, Drops Walmart",0,0
2016-06-02,"Potash output cuts hurting industry's long-term recovery, some analysts say",0,0
2019-04-17,"Alcoa misses by $0.10, misses on revenue",0,0
2018-08-08,"ACADIA Q2 miss and softer guidance pressures shares, down 11% after hours",0,0
2018-07-17,Banks Keep Dow in the Green While the Rest Stumble,0,0
2016-11-14,"Acura Pharmaceuticals beats by $0.08, misses on revenue",0,0
2017-07-28,Southern Company (SO) to Post Q2 Earnings: Hit or Miss?,0,0
2019-01-30,AK Steel double downgraded at BofA Merrill after weak guidance,0,0
2019-02-19,Missing Mother Of 2 Vanished Without A Trace 37 Days Ago From Acadia Healthcare Flagship Facility,0,0
2020-03-21,Bad Week Gets Worse as Morning Rally Falters,0,0
2010-05-11,Bad Day for Bond Insurers,0,0
2015-08-27,"Tiffany Misses on Q2 Earnings & Sales, Lowers Guidance",0,0
2015-05-21,"Acxiom beats by $0.02, misses on revenue",0,0
2018-02-09,"Manitowoc (MTW) Reports Wider Q4 Loss, Revenues Top Estimates",0,0
2016-08-22,Steel Tariffs: Are They Enough To Deter Imports?,0,0
2015-04-28,"AGCO beats by $0.14, misses on revenue",0,0
2015-01-29,"Advanced Emissions loses accountant, expects to be delisted from Nasdaq",0,2
2017-08-22,Grainger (GWW) Hits 52-Week Low: What's Dragging it Down?,0,0
2019-08-13,"Advance Auto Parts EPS misses by $0.21, misses on revenue",0,0
2018-08-02,"ACI Worldwide (ACIW) Reports Q2 Loss, Tops Revenue Estimates",0,0
2014-07-09,What Falling Estimates & Price Mean for NorthStar Realty Finance (NRF) - Tale of the Tape,0,0
2017-11-08,VelocityEHS Preparing Employers for OSHA's New ITA Submission Process Ahead of December – ...,0,0
2018-06-20,Gold slides to fresh 2018 low amid dollar strength,0,0
2017-07-14,Ericsson (ERIC) Q2 Earnings: Another Earnings Miss in Store?,0,0
2015-01-14,"Notable tech decliners: P, CREE, WDAY, AMBA, PXLW, OLED, LC",0,0
2019-03-22,"The Good, The Bad, And The Ugly Of Stock Buybacks",0,0
2015-06-29,Buy Lowe's - Cramer's Lightning Round (6/26/15),0,0
2015-07-21,"Premarket Biotech Digest: Sanofi And Cholesterol, Novartis Misses, Alzheimer's IPO",0,0
2016-03-25,Guru Picks Gone Bad: 2 Screens That Weeded Out The Worst,0,0
2018-10-30,"ACCO Brands misses by $0.01, misses on revenue",0,0
2018-04-20,Can Catastrophe Loss Mar Chubb's (CB) Q1 Earnings Prospects?,0,0
2012-05-14,"Stocks Down In Lower Trade; Genesco, Ancestry.com Slide",0,0
2015-08-21,"Gap (GPS) Q2 Earnings in Line, Sales Miss; View Reiterated",0,0
2018-04-17,Why Every Investor Should Analyze Free Cash Flow,0,0
2015-06-01,Greif (GEF) in Focus: Stock Tumbles 8.6% - Tale of the Tape,0,0
2018-05-21,NMIH falls after introducing new risk-based pricing platform,0,0
2016-06-29,The Lowdown On Unconstrained Bond ETFs,0,0
2015-03-31,BioDelivery Sciences International (BDSI) Crumbles: Stock Falls 24.3% - Tale of the Tape,0,0
2017-03-21,America's Sovereign Debt Problem Is Getting Worse,0,0
2018-07-12,Mall retailers fall after monthly sales reports disappoint,0,0
2018-03-14,Precious Metals - Followers Not Leaders,0,0
2018-06-26,Slump in leveraged loan market,0,0
2016-05-19,Lodging stocks weak after BAML warning,0,0
2014-06-05,Aegion (AEGN) Falls: Stock Goes Down 5.7% - Tale of the Tape,0,0
2019-06-11,Novavax' Shares Drop as FDA Advises Another Study for Resvax,0,0
2014-02-10,Apparel Retailer Pushed Down by Teen Fickle Trends and Pricing Pressure,0,0
2015-07-28,"American Campus Communities lower after inline quarter, unchanged guidance",0,0
2019-04-23,Waters Q1 miss and lower guidance pressures life sciences kit makers,0,0
2019-09-15,Lower Yields Coming To The United States,0,0
2016-11-30,"Energy Stocks Lead As OPEC Cuts Production, But Nasdaq Falls",0,0
2016-08-19,"Stocks End With Mild Losses, But Steel Makers Get Crushed",0,0
2015-08-04,"Affimed misses by €0.03, misses on revenue",0,0
2018-03-26,"Barrick Gold cuts 2017 compensation for Thornton, Dushniksy",0,0
2015-07-27,Contractions In Money Flows And Market Liquidity,0,0
2019-03-14,"Agenus (AGEN) Reports Q4 Loss, Lags Revenue Estimates",0,0
2011-05-09,10 Cities Unaffected by a Bad Economy,0,0
2016-11-18,Agios Pharmaceuticals (AGIO) Drops on Study Release,0,0
2019-05-05,Stocks That Fell to '-Year Lows the Week of May ',0,0
2015-10-06,"Biotechs, Medicals Whacked As Nasdaq Trades Near Day's Low",0,2
2015-07-27,"Aspen Insurance Holdings misses by $0.39, misses on revenue",0,0
2019-10-25,"The Parnassus Fund Exits Cognizant, Cuts Alliance Data Systems",0,0
2017-02-03,Levi & Korsinsky Files in U.S. District Court to Recover Losses Suffered by Investors in Aetna Inc. (AET),0,0
2018-12-19,AAR Corporation down 6% post Q2 results; lowers FY revenue guidance,0,0
2017-12-20,Advaxis fiscal 2017 net loss $93.4M,0,0
2017-06-19,Lincoln Electric Downgraded to Hold on Lingering Concerns,0,0
2016-08-03,American Capital misses by $0.04,0,0
2019-03-21,"Adamis Pharmaceuticals: Refused, Accepted, Missed, And Predictable",0,0
2019-12-09,Stocks Drop Looking For Gaps To Fill May Have Further To Fall,0,0
2015-06-19,Credit Market Warning,0,0
2019-11-18,AerCap and EGYPTAIR Reach Agreement on the Conversion of 7 Previously Executed Leases for ...,0,0
2015-08-10,The AES Corp. (AES) Misses on Q2 Earnings and Revenues - Tale of the Tape,0,0
2018-05-07,Agenus misses by $0.23,0,0
2015-06-28,"5-year lows: Dorchester Minerals LP, First Potomac Realty Trust, Acacia Research Corporation, ...",0,0
2015-02-23,Should Advanced Emissions (ADES) Be On Your Radar Now? - Tale of the Tape,0,0
2016-09-01,Mining Funds Rally 5% As Gold Rebounds From 2-Month Lows On Manufacturing Data,0,0
2016-08-01,"Atlas Financial Holdings EPS in-line, misses on revenue",0,0
2019-08-14,"Market Volatility Bulletin: Stocks Fall In The Early Session, Neg-Rate Corporate Instruments Approach $1T First Time Ever",0,0
2017-02-15,Barrick Gold: A Blowout Earnings,0,0
2014-07-28,EPR Properties (EPR) Crumbles: Stock Tumbles 9.3% - Tale of the Tape,0,0
2015-09-29,Acasti Pharma (ACST) Drops on Share Consolidation,0,2
2018-07-31,"Acadia Healthcare (ACHC) Posts In-Line Q2 Earnings, Cuts View",0,0
2018-10-24,"Barrick Gold beats by $0.01, misses on revenue",0,0
2018-11-15,Akers Biosciences misses on revenue,0,2
2019-02-15,Era of Commission-Free ETFs Knocking on Investors' Door?,0,0
2019-01-31,"American Financial (AFG) Q4 Earnings Miss, Revenues Beat",0,0
2012-12-27,"Acadia Healthcare Company, Inc. (ACHC) Executive Vice Chairman Bruce A Shear sells 7,500 Shares",0,0
2012-07-05,"ACH, YZC, GURE: Stocks to Play China's Rate Cut",0,0
2016-08-30,Alcobra net loss widens in Q2,0,0
2016-10-31,Energy ETF Falls But Sector Tops S&P 500 As Earnings Seen To Improve,0,0
2018-08-12,Is The Reality Really That Bad For American Retirees?,0,3
2018-04-23,"The More It Drops, The More I Buy - Part 3",0,0
2018-02-19,Barrick Gold: Market Won't Like Falling Production Levels,0,0
2017-01-23,Which Indicators Point To A Lower S&P? Very Few,0,0
2015-12-18,"Acacia drops 15.6%, gets halted",0,0
2018-11-12,JPMorgan downgrades Infinity Pharma to Underweight in premarket analyst action,0,0
2018-03-12,Agile Therapeutics misses by $0.05,0,0
2019-11-07,First Majestic Silver (AG) Q3 Earnings and Revenues Miss Estimates,0,0
2019-08-20,Terex Plunges 36% in a Year: What's Pulling the Stock Down?,0,0
2019-07-26,"Altra Industrial (AIMC) Q2 Earnings & Sales Miss, View Down",0,0
2015-07-29,SilverCrest's Management Accepts A Low Offer,0,0
2016-04-14,"Cowen cuts Potash, Mosaic, Intrepid Potash, CF Industries",0,0
2015-03-05,Achillion Pharmaceuticals misses by $0.03,0,0
2017-12-20,A Big Event In The Cocoa Market - Anthony Ward Follows In Andy Hall's Footsteps,0,0
2015-10-21,Leveraged loan slump bodes ill for M&A frenzy,0,0
2015-03-04,Wall Street Breakfast: The Interest Rate Cuts Continue,0,0
2019-11-21,"Acorn Wealth Advisors, LLC Buys Invesco S&P MidCap Low Volatility ETF, Aflac Inc, Invesco ...",0,0
2018-05-08,"AES Corp. (AES) Q1 Earnings Top Estimate, Misses on Sales",0,0
2018-06-18,Silver: Wait For A Swing Low,0,0
2018-10-24,Barrick Gold little changed following mixed Q3 results,0,0
2016-04-26,Small-Cap Funds Pop Amid Anemic S&P 500 Results; Apple Falls After Hours,0,0
2014-06-12,Achillion Pharmaceuticals (ACHN) in Focus: Stock Falls 6.4% - Tale of the Tape,0,0
2020-03-12,"Agenus (AGEN) Reports Q4 Loss, Tops Revenue Estimates",0,0
2019-07-26,5 Low-Beta Stocks to Help You Fend Off Market Volatility,0,0
2019-07-18,"Alliance Data to start stock buyback, explains Q2 shortfall",0,0
2015-02-12,"Advance Auto Parts misses by $0.11, misses on revenue",0,0
2014-03-18,Fortuna Silver Mines (FSM) in Focus: Stock Plunges 14.4% - Tale of the Tape,0,0
2016-05-06,Major Stock ETFs Recover After Big Jobs Miss; What Next For Rates?,0,0
2018-10-23,"Hexcel (HXL) Q3 Earnings Match Estimates, Revenues Miss",0,0
2018-09-28,Reuters: Barrick eyes China money to lower Africa risk after Randgold deal,0,0
2016-03-21,Barrick Announces Final Results and Settlement of $750 Million Debt Tender Offer,0,0
2019-05-08,Asanko Gold misses by $0.04,0,0
2018-02-23,"U.S. Steel, AK Steel jump on report that Trump wants 24% steel tariff",0,0
2019-11-19,OneConnect Financial Files For U.S. IPO Amid Steep Losses,0,0
2016-02-09,"Transportation, Jets ETFs Speed Up As Oil Falls Below $28",0,0
2015-02-17,Taubman Centers (TCO) Falls: Stock Goes Down 6.5% - Tale of the Tape,0,0
2019-11-05,"Aaron's (AAN) Misses Q3 Earnings Estimates, Revises View",0,0
2018-08-10,"Adamis Pharmaceuticals (ADMP) Reports Q2 Loss, Misses Revenue Estimates",0,0
2019-09-30,Falling Too Far? What Sets Fallen Angels Apart,0,0
2018-03-12,Grains Mixed After WASDE While Cotton Rallies And Meats Move Lower,0,0
2020-05-26,"Axcelis Technologies Inc (ACLS) EVP, Engineering Russell Low Sold $798,…–… of Shares",0,0
2016-11-03,Ares Commercial Real Estate misses by $0.01,0,0
2015-11-27,Coal Is Dead And What Happened With Advanced Emissions Is A Dead Cat Bounce,0,0
2011-03-17,Momentum Fund Seeks to Cut Volatility,0,0
2015-08-10,"AES misses by $0.02, misses on revenue",0,0
2017-12-06,"Your Daily Pharma Scoop: Acadia Valuation, Galectin Plunges, Revance Positive Result",0,0
2020-02-28,Dow Sees Biggest Fall Ever As Stocks Enter Correction Territory,0,0
2018-08-09,Cincinnati Bell (CBB) Reports Wider-Than-Expected Loss in Q2,0,0
2018-08-17,Deere drops as costs squeeze margins,0,0
2019-01-04,"Daniel Loeb, Bill Ackman Post Losses for the Year",0,0
2020-02-17,"Old Mission Capital Llc Buys iShares MSCI Eurozone, iShares MSCI EAFE, Vanguard FTSE Developed ...",0,0
2016-03-21,U.S. Steel downgraded to Underperform at Jefferies,0,0
2015-04-29,"Atlantic Coast Federal misses by $0.01, misses on revenue",0,0
2018-11-20,Acadia Health deal now in question; shares tumble 7%,0,0
2018-07-30,AK Steel (AKS) Q2 Earnings Miss Estimates,0,0
2017-09-27,ADVISORY BOARD SHAREHOLDER ALERT: CLAIMSFILER REMINDS INVESTORS WITH LOSSES IN EXCESS OF ...,0,0
2019-11-04,"Agenus (AGEN) Reports Q3 Loss, Tops Revenue Estimates",0,0
2020-05-08,Arbor Realty Trust (ABR) Q1 FFO Miss Estimates,0,0
2015-05-05,"Agrium misses by $0.22, misses on revenue",0,0
2013-01-17,"Advanced Emissions Solutions Inc (ADES) COO C Jean Bustard sells 2,500 Shares",0,0
2015-03-06,Greif (GEF) in Focus: Stock Plunges 13.5% - Tale of the Tape,0,0
2019-02-19,"Arlington Asset Investment misses by $0.02, misses on revenue",0,0
2016-02-22,Resource Sector Digest: About Yellow Gold And Black Gold,0,0
2018-08-10,"ADMA Biologics misses by $0.04, misses on revenue",0,0
2016-08-16,"Stock Open Lower; Dollar Slips; Fabrinet, Momo, Vipshop Climb",0,0
2016-08-03,"Agrium EPS in-line, misses on revenue",0,0
2016-05-06,First Majestic: A Case Of Cost Cutting Into Your Own Flesh,0,0
2016-04-20,AllianceBernstein raises $1.55B for commercial property debt fund,0,0
2015-04-28,"AK Steel loss widens, but Q/Q shipments fall a bit less than feared",0,0
2019-09-27,Eyes on REITs for WeWork fallout,0,0
2013-01-25,"Advanced Emissions Solutions Inc (ades) CTO Sharon Sjostrom sells 2,455 Shares",0,0
2019-10-31,"Aegion's (AEGN) Q3 Earnings Meet Estimates, Revenue Miss",0,0
2019-07-18,American Electric Tech plunges on share exchange,0,0
2015-02-23,Adtran slumps after disclosing CFO's retirement,0,0
2016-03-15,Preparing For A Drop In Barrick Gold Stock,0,0
2019-11-13,Acasti Pharma EPS misses by $0.25,0,0
2015-03-20,AcelRx names interim CEO; cuts 36% of workforce,0,0
2014-02-11,ACI Worldwide (ACIW) Crumbles: Stock Falls by 6.6% - Tale of the Tape,0,0
2018-05-01,Steel equities stumble after Trump delays tariffs,0,0
2014-02-25,Dillard's (DDS) Crumbles: Stock Falls by 6.4% - Tale of the Tape,0,0
2018-11-13,AES Corp. eyes 70% cut in carbon intensity by 2030,0,0
2019-05-06,"Schneider (SNDR) Q1 Earnings & Revenues Lag, '19 EPS View Cut",0,0
2014-06-24,Weakness Seen in Alcobra (ADHD): Stock Falls 6.7% - Tale of the Tape,0,0
2019-12-12,Constellation Dumps Ballast Point For A Nearly $900 Million Loss,0,0
2018-12-11,Acorda down 12% on Goldman cut in premarket analyst action,0,0
2017-10-10,Validus Holdings Projects Q3 Cat Loss Estimates of $378.9M,0,0
2019-07-29,"Kirby (KEX) Misses on Q2 Earnings, Cuts 2019 Earnings View",0,0
2018-10-23,"Arlington Asset Investment misses by $0.06, misses on revenue",0,0
2018-12-18,Black Hills' Renewable Tariffs Program to Meet Energy Needs,0,0
2016-11-08,"Aixtron Aktiengesellschaft misses by €0.02, misses on revenue",0,0
2019-08-09,Stocks Drop On August 9: One And Done Or More Pain To Come?,0,0
2017-08-08,"Sealed Air (SEE) Q2 Earnings Miss Estimates, Updates View",0,0
2015-02-24,Allergan chief set for golden parachute if fired following Actavis takeover,0,0
2019-05-15,Steels Tariffs: One Year Later,0,0
2020-01-30,"Schneider (SNDR) Q4 Earnings Miss Estimates, Decrease Y/Y",0,0
2018-11-26,Wall Street Breakfast: Futures Rebound After Black Friday Losses,0,0
2015-08-05,"Agrium beats by $0.12, misses on revenue",0,0
2018-11-05,"Atlas Financial Holdings beats by $0.15, misses on revenue",0,0
2019-10-24,"Altra Holdings EPS beats by $0.03, misses on revenue",0,0
2019-11-06,Applied Industrial Technologies: Long-Term Compounder At Low Valuation,0,0
2019-08-16,Alliance Data Systems loses a bull as Deutsche Bank downgrades,0,0
2019-10-17,Ameren Missouri Charges Ahead with Electric Car Infrastructure,0,0
2014-12-10,Rosetta Stone (RST) Falls: Stock Goes Down 5.5% - Tale of the Tape,0,0
2020-01-13,"Fiserv (FISV) Rides on Buyouts, Product Suite Amid Debt Woes",0,0
2015-04-17,Following The Footsteps Of Dr. Michael Castor: Adamis Pharmaceuticals,0,0
2017-11-28,Examining Silver Manipulation: What Some Analysts Miss,0,0
2015-02-05,"Aceto beats by $0.02, misses on revenue",0,0
2018-05-07,Agile Therapeutics misses by $0.01,0,0
2018-04-26,Opioid prescriptions dropped 12% in 2017,0,0
2017-01-15,Another Missed Opportunity By The Gold Majors,0,0
2018-09-10,"Applied Genetic misses by $0.20, misses on revenue",0,0
2016-12-22,"Wal-Mart, Target, Macy's Drop Amid Tariff Talk: Investing Action Plan",0,0
2015-08-10,United Launches Promissum Re Collateralized Reinsurance Facility,0,0
2018-06-16,ACETO SHAREHOLDER ALERT: CLAIMSFILER Reminds Investors with Losses in Excess of ...,0,0
2015-05-07,Murray Stahl's Undervalued stocks trading at low P/E,0,0
2015-09-11,Optical networking/component stocks sell off following Finisar's earnings,0,0
2016-02-11,"AllianceBernstein beats by $0.02, misses on revenue",0,0
2015-09-11,Good Execution On Arctic Cat's Turnaround Efforts Are Key To Its Future,0,0
2019-01-16,"Alcoa +2% after Q4 earnings top estimates, sees 2019 aluminum deficit",0,0
2016-03-17,"Barrick Announces Appointment of Rob Krcmarov as Executive Vice President, Exploration and ...",0,0
2016-01-13,First annual net outflows for active mutual funds since financial crisis,0,0
2018-03-16,U.S. Weekly FundFlows Insight Report: Equity Funds Attract Net New Money For The Week In Spite Of Fears Of Inflation And A Trade War,0,0
2017-11-21,House Passes Watered Down Tax Cuts; Ed Steer: Gold/Silver Price Management Scheme,0,0
2017-02-17,Aluminum Corp. of China (ACH) Down After Thursday Fall,0,0
2018-06-11,Atlantic American names Rick Burns as Executive Vice President of Atlantic American Corporation ...,0,0
2012-09-12,"Francesca's, Polaris Rejoin IBD 50, Google Drops Off",0,0
2018-08-07,"Advanced Emissions Solutions, Inc. 2018 Q2 - Results - Earnings Call Slides",0,0
2018-04-03,Aehr Test Systems Announces Follow-on Order for Multiple ABTS™ Burn-in and Test Systems From ...,0,0
2012-07-30,"Aaron'S Inc. (AAN) Executive VP, CFO Gilbert L Danielson sells 45,000 Shares",0,0
2018-11-29,"Atmos Energy to Issue Equity to Repay Debts, Fund Projects",0,0
2016-02-18,"HollySys Executing Well, But Process Automation Is A Rough Neighborhood",0,0
2017-03-28,The Vetr community has downgraded $AKRX to 2.5-Stars,0,0
2016-12-09,Aixtron considers options following merger breakdown,0,0
2018-04-21,U.S. Fund-Flows Weekly Report: Net Outflows From Money Markets Funds Dominate,0,0
2016-08-15,–… Low PE Stock Picks for the Defensive Investor,0,0
2019-05-09,"First Majestic Silver (AG) Reports Q1 Loss, Lags Revenue Estimates",0,0
2019-08-28,"Flow Meter Market —…–9 – Global Size, Share, Analysis, Research, Demand To —…—8",0,0
2018-10-30,"Aegion misses by $0.01, misses on revenue",0,0
2014-07-18,"Enable Partners, Other Leaders Facing Market Pressure",0,0
2018-09-11,AAR -6% after SunTrust downgrades on tight labor conditions in MRO unit,0,0
2012-11-12,The Hollow Man and the Fallen Angel: The Two Types of Contrarian Stocks,0,0
2019-10-25,"Triton's (TRTN) Q3 Earnings In Line, Down on Low Revenues",0,0
2018-03-02,Top 5 Trends I Am Following In 2018,0,0
2016-04-27,The Vetr community has downgraded $AEO to 3.5-Stars,0,0
2018-02-01,"Aceto misses by $0.01, misses on revenue",0,0
2017-05-11,The Vetr community has downgraded $AKAO to 4-Stars,0,0
2016-05-09,"AES misses by $0.07, misses on revenue",0,0
2014-03-10,"5-year lows: Staples Inc, Sprouts Farmers Market Inc, The ADT Corporation, and Peabody Energy ...",0,0
2015-11-24,"Stocks Stumble In Heavy Trade; Dycom, Skyworks Climb",0,0
2018-05-09,"AcelRx Pharmaceuticals beats by $0.01, misses on revenue",0,0
2015-12-07,EU probe into crude oil price fixing drops oil firms,0,0
2019-03-06,"ADP In-Line at 183K; Trade Deficit -$59.8B, Lowest Since 2008",0,0
2015-12-09,"AEterna Zentaris (AEZS) Plummets on Share, Warrant Offering",0,0
2016-12-05,"Apple Price Target Cut; Broadcom, ADI Still Buys",0,0
2016-08-17,The Vetr community has downgraded $AFL to 2.5-Stars,0,0
2015-05-20,Urban Outfitters (URBN) Falls: Stock Plunges 15% - Tale of the Tape,0,0
2018-05-14,"ADMA Biologics misses by $0.08, misses on revenue",0,0
2020-05-28,"United Airlines (UAL) COO to Step Down, Focus on Cost Cuts",0,0
2019-11-12,Applied Genetic EPS misses by $0.04,0,0
2019-03-28,"Achaogen misses by $0.26, misses on revenue",0,0
2018-02-05,Prospect Capital's Fiscal Q2 2018 NII And NAV Projection (Impacts From Tax Cuts And Jobs Act),0,0
2015-09-10,Brazil's Problems Deepen With S&P Credit Downgrade,0,0
2015-09-25,CNO Financial's Huge Expense & Debt Levels Raise Caution,0,0
2015-06-08,Synthesis Energy +10% on commissioning of syngas gasification plants,0,0
2017-06-06,7 Valuable Low Price-to-Sales Stocks for Good Returns,0,0
2019-01-09,"ABB looks to save $500M with reorg, HQ cuts",0,0
2015-04-29,"Commodities Today: Big Rally Underway As Dollar Falls, Steel Names Under Pressure",0,0
2014-01-28,Top Performing Manager of 2013 Larry Robbins' Stocks at 52-Week Lows,0,0
2018-09-12,Surviving A Bad Stock Pick: Agenus,0,0
2017-02-10,Biotech Forum Daily Digest: Buyout Rumors On The Rise; Aratana Therapeutics' Decline Is Overblown,0,0
2018-02-15,"Agios (AGIO) Q4 Loss Wider Than Expected, Revenues Slump Y/Y",0,0
2018-11-01,"Agios Pharmaceuticals (AGIO) Reports Q3 Loss, Tops Revenue Estimates",0,0
2019-05-09,"ACI Worldwide (ACIW) Reports Q1 Loss, Misses Revenue Estimates",0,0
2013-05-18,Gold Guru John Paulson Drops Gold ABX in First Quarter Sells,0,0
2018-12-05,"Donaldson (DCI) Misses on Q1 Earnings, Tweaks EPS View",0,0
2015-10-14,Barrick Announces Pricing for Debt Tender Offer,0,0
2014-05-15,"Stocks Head South In Firm Trade; Arctic Cat, Bristol Myers Tumble",0,0
2014-12-22,Big Equity Outflows - Is It That Time Of The Year?,0,0
2016-11-11,Gold tumbles to weakest since early June,0,0
2019-08-23,Strategic Value Investing: Estimates of Cash Flows,0,0
2016-07-25,Deere downgraded at Piper Jaffray ahead of exceptionally strong corn crop,0,0
2015-12-26,"Enjoy the holiday slowdown, bond traders - things could get a lot more volatile",0,0
2018-06-15,Steel firms favored by Trump tumble after latest tariff moves,0,0
2014-06-23,Aquinox Pharmaceuticals (AQXP) in Focus: Stock Plunges 15.1% - Tale of the Tape,0,0
2016-09-08,"John Hussman Cuts Xilinx, Kroger",0,0
2019-03-27,"Vornado (VNO) Extends Credit Facility, Lowers Cost of Debt",0,0
2018-11-20,"Peter Schiff: When Everything Blows, Gold Is Going Ballistic",0,0
2019-09-23,Ameren Missouri Announces Pricing of First Mortgage Bonds Offering due —…49,0,0
2016-09-08,Gundlach: 'Clearly a bad time to raise rates',0,0
2016-08-03,AXA: A French-Based Forsaken Financial Colossus,0,0
2015-01-13,Obama reportedly set to introduce plan to cut methane emissions,0,0
2019-08-03,Stocks To Watch: Trading Tariff Turbulence,0,0
2015-06-02,Conn's Stock Jumps As It Drops Low-Margin Products,0,0
2016-11-25,Why Some Strategists Still Like Gold Despite Its Recent Weakness,0,0
2017-11-14,Glaxo's Subcutaneous Formulation of Benlysta Approved in EU,0,0
2012-03-13,ADDvantage Technologies: Nearly Debt Free!,0,0
2015-02-09,"Albany misses by $0.04, misses on revenue",0,0
2016-04-06,Asanko Gold (AKG) Fall on Production News,0,0
2018-04-13,"Alternative Energy Sees Cost Cuts, Corporate Ventures",0,0
2018-08-03,"Almaden Minerals: Low Price, Attractive Project, Permitting Issues",0,0
2013-03-25,"Guru Stocks at 52-Week Lows: BIDU, ABX, APA, PKX, MT",0,0
2015-08-07,Contractions In Money Flows And Market Liquidity - Part 7,0,0
2014-10-03,Medical Stocks Hang Tough As Market Falls,0,0
2019-11-10,American Eagle Outfitters: Mr. Market Has Already Priced In Lower Margins And Why It Could Be A Buy Signal,0,0
2015-08-26,Grief Downgraded by Moody's; Ratings Revised to Negative,0,0
2015-10-20,Aspen Discloses Cat Loss Estimate of Tianjin Explosion,0,0
2018-07-17,"As Risks Balloon, Yield Chasers Blow Off The Fed",0,0
2017-01-12,8 Undervalued Stocks With Low P/E Ratios,0,0
2017-02-10,"Comfort Systems USA, Inc. - Awaiting Execution",0,0
2015-08-17,"Agilent's revenue guidance light, EPS guidance in-line; orders drop 6%",0,0
2020-05-05,"Akebia Therapeutics (AKBA) Reports Q1 Loss, Tops Revenue Estimates",0,0
2014-03-28,Five Star Quality Care (FVE) in Focus: Stock Tumbles 9.5% - Tale of the Tape,0,0
2012-11-22,52 Week Low: Ameren,0,0
2018-08-02,"Parker-Hannifin (PH) Q4 Earnings Top, Revenues Miss Estimates",0,0
2020-01-15,Alcoa Reports Q4 Earnings Miss,0,0
2018-08-16,How Far Could Aetna Fall? (And When I'll Start Buying),0,0
2018-10-25,"ABB EPS in-line, misses on revenue",0,0
2016-04-26,AK Steel +4% after lighter than expected loss despite fewer shipments,0,0
2019-05-23,"Lower hot-rolled coil price view prompts AK Steel, Steel Dynamics downgrades",0,0
2019-06-07,Jobs Data Depicts Weakness: 75K in May,0,0
2019-01-16,Hanover Estimates Cat Loss to Affect Q4 Results by $50M,0,0
2016-07-28,"ACI Worldwide misses by $0.06, misses on revenue",0,0
2014-04-10,"Biotech IPOs Adamas, Cerulean Slump In Trading Debut",0,0
2016-05-31,"Adeptus Health commences exit-enabling equity offering for certain executives, directors and an institutional investor; shares off 7% after hours",0,0
2019-05-13,"AllianceBernstein April AUM +2.3% M/M on market action, net inflows",0,0
2019-09-03,AECOM (ACM) Rides on Strategic Initiatives Amid Low Demand,0,2
2020-02-14,"Acorda (ACOR) Q4 Earnings Top Estimates, Revenues Fall Y/Y",0,0
2019-08-01,Aaon (AAON) Q2 Earnings and Revenues Miss Estimates,0,0
2018-02-12,The Stock Market - Dow And SPX - Could Easily Drop 50%,0,0
2018-04-15,Market Volatility Bulletin: VIX Falls Despite A Choppy Day For Stocks,0,2
2015-08-24,"Tech stocks seeing major losses: SCTY, AMBA, SEDG, VHC, CSIQ, FTNT, FIT",0,0
2020-02-29,2020 Value Stocks List: Lowest P/E Stocks (+The Top 3 Value Stocks Now),0,0
2019-02-28,This 18% Yield Is Practically Guaranteed to Be Cut,0,0
2015-08-04,Stocks Set For Lower Start; Regeneron Jumps On Earnings,0,0
2018-08-28,Tesla: Why The Slow Demise Of The Models S And X Is A Bigger Problem Than Model 3's Production Ramp,0,0
2018-01-12,Aflac responds; shares remain sharply lower,0,0
2016-06-08,Steel Tariffs Can't Slow Down AAON From Taking Share In HVAC,0,0
2015-11-18,Screening for Stocks Based on Price-to-Free Cash Flow Ratio,0,0
2012-11-13,"Futures Lower amid Greece Jitters. Stocks to Watch: AKS, AAPL, CSCO, DKS, HOLX, HD, KORS, SKS, TJX",0,0
2020-01-16,"HBW Advisory Services LLC Buys SPDR Russell –……… Low Volatility ETF, Starbucks Corp, ...",0,0
2014-11-12,Stocks Down At Midday; Citi Leads Bank Stocks Lower,0,0
2016-08-09,Acadia Realty edges lower after capital raise,0,0
2019-03-26,No analyst rates Abiomed a Sell but shares plunge to three month low,0,0
2020-05-14,Dow Jones Recovers Losses on Thursday,0,0
2016-07-06,Aton Resources Inc. Announces Shares for Debt Transaction and Grant of Stock Options,0,0
2017-11-20,"Salesforce, Analog Devices, Lowe's Lead 7 Earnings Reports Tuesday: Investing Action Plan",0,0
2016-08-30,Conventional Oil Discovery Hits Multi-Decade Low - Oil Markets Daily,0,0
2019-01-11,Aehr Test Systems witnesses ~17% decline post Q2 results,0,0
2012-06-11,"Stocks Slumping to 52-Week Lows: Diamond Foods, SuperValu",0,0
2018-10-27,Stocks That Fell to '-Year Lows in the Week of Oct. —6,0,0
2019-07-29,Stock Returns After 1st Fed Cuts,0,0
2015-12-15,"Premarket Biotech Digest: Biogen Looks Stronger, Atara Plunges, Akebia Collaboration",0,0
2018-08-29,Silver Producers Are Less Vulnerable To Lower Precious Metals Prices,0,0
2014-03-25,Stocks On Pace To End Two-Session Slump,0,0
2016-09-12,"Applied Genetic beats by $0.08, misses on revenue",0,0
2016-05-02,Tech-Heavy QQQ ETF Halts Row Of Losses As Amazon Eyes $700,0,0
2019-08-15,"Aegon -7.2% as H1 hit by outflows, fair value losses",0,0
2019-05-07,CEF Report May 2019: Distribution Cuts Subside,0,0
2016-07-27,"Astoria Financial EPS in-line, misses on revenue",0,0
2011-02-24,Intrepid Potash Follows the Leaders,0,0
2017-03-23,This Is How Far Oil Prices Have To Fall To Trigger Junk Bond Chaos,0,0
2015-11-28,10 Low P/E Stocks For The Enterprising Investor - November 2015,0,0
2019-07-25,Tesla (TSLA) Earnings and Revenues Miss Estimates in Q2,0,0
2014-09-03,Select Income REIT (SIR) Crumbles: Stock Falls by 5.5% - Tale of the Tape,0,0
2013-10-19,Sector Watch: Numerous Billionaires Hold Apparel on 52-week Low,0,0
2020-05-06,"Who's In? Who's Out? Walmart & Twitter Dropped from the S&P 500 ESG Index, Among Other Major Changes",0,0
2015-04-27,"Barrick Gold misses by $0.04, misses on revenue",0,0
2020-02-13,Household Inflation Lower in January,0,0
2015-11-25,ObamaCare Enrollment Off To Slow Start For 2016,0,0
2015-03-17,"Commodities Today: More Bearish Calls For Oil And Precious Metals, Airlines Rally On Lower Oil Prices",0,0
2018-07-16,CVS responds to Trump Administration's request for info on now to lower drug prices,0,0
2017-07-14,AKG LOSS NOTICE: Rosen Law Firm Reminds Asanko Gold Inc. ...,0,0
2019-10-16,"Alcoa EPS misses by $0.15, misses on revenue",0,0
2018-02-16,"Ameren beats by $0.03, misses on revenue",0,0
2016-11-24,Hustle And Flow,0,0
2015-03-18,Stock Market Stays Lower As Fed Statement Looms,0,0
2016-07-15,Generating 6% Yield In A 0% World - Building Exchange Traded Debt Ladders,0,3
2017-10-30,Can Lower Revenues Affect Genworth's (GNW) Q3 Earnings?,0,0
2016-11-23,"Health Care ETFs Fall As Eli Lilly, Juno Add To Troubled Sector's Woes",0,0
2019-01-10,Advaxis net loss for fiscal 2018 ($66.5M),0,0
2014-07-16,Market Losses Its Swagger In Afternoon Trade,0,0
2013-01-31,"Advanced Emissions Solutions Inc (ADES) COO C Jean Bustard sells 1,000 Shares",0,0
2018-12-30,Stocks That Fell to '-Year Lows in the Week of Dec. —8,0,0
2015-09-11,Avery Dennison Targets 26% Cut in GHG Emissions by 2025,0,0
2017-09-18,"Fall in August Retail Sales, Just Make Things Tough for Fed",0,0
2017-11-01,Dr. Reddy's (RDY) Q2 Earnings and Revenues Decline Y/Y,0,0
2016-03-23,Akers Biosciences Allowed US Patent for Heparin/PF4 Antibody Detection,0,0
2018-04-19,Aaron's falls after Off Wall Street warns,0,0
2017-03-03,5 Undervalued Stocks Trading Below Graham Number,0,0
2019-11-26,"Analog Devices EPS misses by $0.03, misses on revenue",0,0
2016-07-13,Aspen reports pre-tax loss in 2Q16,0,0
2020-03-10,Altra Industrial (AIMC) Declines 40% YTD: What's Hurting it?,0,0
2012-02-07,"Growth & Income Stock Picks-Feb.8, 2012 - Zacks Rank Buys",1,1
2015-02-02,Economy And ObamaCare Lift Walk-In Surgery At AmSurg,1,1
2019-09-30,Arthur J. Gallagher to Acquire Michigan-Based LSG Insurance,1,1
2015-04-08,"Stocks Open Higher, Trade Mixed; Noah Holdings Up",1,1
2019-07-10,"AAR EPS beats by $0.02, beats on revenue",1,1
2020-02-13,Acorda (ACOR) Beats Earnings & Revenues Estimates in Q4,1,1
2018-03-21,"AAR Corp (AIR) Beats Q3 Earnings Estimates, Revenues Lag",1,1
2018-06-08,Is American Eagle Flying A Little Too High Again?,1,1
2019-07-22,Advaxis down 13% on upsized capital raise,1,1
2019-11-22,"Class Actions Against Match Group, Inc. (MTCH), Vivint Solar, Inc. (VSLR) & ADTRAN, Inc. ...",1,1
2015-04-08,Clovis Oncology (CLVS) in Focus: Stock Moves 8% Higher - Tale of the Tape,1,1
2019-11-15,Alliance Data Provides Card Services Performance Update For October —…–9,1,1
2015-01-06,Cempra (CEMP) in Focus: Stock Rises 7.2% - Tale of the Tape,1,1
2014-11-12,"Adept Technology (ADEP) Shares March Higher, Can It Continue? - Tale of the Tape",1,1
2016-06-22,Pioneer Investments' Largest Buys of the Last — Quarters,1,1
2018-05-28,2 Free Stocks And M&A Updates,1,1
2017-09-06,IBD Rating Upgrades: First Industrial Realty Trust Shows Improved Price Strength,1,1
2018-09-27,Acxiom & Thunder Team Up to Bring Precision in Targeting Ads,1,1
2017-01-05,6 Companies That Beat the S&P 5…… Index,1,1
2019-10-31,Akorn up 2% on preliminary Q3 results,1,1
2019-06-24,Stock Upgrades: Acadia Healthcare Shows Rising Relative Strength,1,1
2015-05-28,"Avalanche Biotechnologies (AAVL) Shares March Higher, Can It Continue? - Tale of the Tape",1,1
2015-03-18,Equity REITs higher across the board after Fed,1,1
2016-02-23,How You Hunt For Stocks Matters In A New Market Uptrend,1,1
2016-07-15,Dividend Champions and Contenders That Appear Enticingly Valued,1,1
2018-10-22,American Campus Communities (ACC) Q3 FFO and Revenues Surpass Estimates,1,1
2017-04-18,The Vetr community has upgraded $AFL to 3.5-Stars.,1,1
2019-09-01,Dividend Challenger Highlights: Week Of September 1,1,1
2020-05-15,"Silvercrest Asset Management Group Llc Buys The Simply Good Foods Co, Envista Holdings Corp, ...",1,1
2017-03-10,Everest Re Group's (RE) Prospects Look Bright: Time to Buy?,1,3
2017-10-25,MKS Instruments (MKSI) Beats on Q3 Earnings and Revenues,1,1
2018-04-16,Healthcare - Top 5 Gainers / Losers as of 11:00 AM (04/16/2018),1,1
2019-04-30,Oxbridge Re Holdings leads financial gainers; Greenhill and Kingstone Companies among losers,1,1
2018-09-22,High Yield For Granny (Part 2): Savvy 'Widows & Orphans' Portfolio Re-Visited,1,1
2019-06-26,Should Value Investors Buy American Equity Investment (AEL) Stock?,1,1
2019-11-12,Uber Co-Founder Kalanick Sells 21% Stake as Lock-Up Expires,1,1
2018-10-10,CVS and Aetna up premarket on looming DOJ signoff on merger,1,1
2019-02-21,Agilent (A) Surpasses Earnings and Revenue Estimates in Q1,1,1
2018-07-19,5 Biotech Stocks Well Poised to Beat Q2 Earnings Estimates,1,1
2018-07-09,"Arthur J. Gallagher acquires Reassurance Holdings, Inc.",1,1
2017-12-08,"Philip Morris: Good High Dividend Income, Poor Total Return",1,2
2012-05-02,"American Eagle Outfitters, Lennar Corporation Among Stocks Hitting 52-Week Highs Wednesday",1,1
2012-03-16,Three Ways to Play China's Hard Landing - Investment Ideas,1,1
2020-03-17,"Hyperthermia Treatment for Cancer Market to Grow with a High CAGR- Global Industry Analysis, ...",1,1
2012-07-26,"Sprint Nextel, Seagate Technology Among Stocks Gapping Up Thursday",1,1
2020-04-30,Abiomed (ABMD) Beats Q4 Earnings Estimates,1,1
2015-08-17,ChinaCord (CO) at 52-Week High on Fresh Takeover Proposal,1,1
2015-09-29,Microsoft Changes Financial Segments Again; Effective FY16,1,1
2012-04-19,5 Big Stocks to Trade for Gains,1,1
2018-02-08,"High Monthly Income In This Diversified, High Occupancy Rate, Retail REIT",1,1
2015-05-22,"Autobytel Inc (ABTL) Boosts Guidance Significantly, Pershing Square Capital Sees Potential In Actavis plc (ACT)",1,1
2016-09-27,Real Estate Leader CXW Gains Upside As Price Sags,1,1
2018-07-13,Healthcare - Top 5 Gainers / Losers as of 11:00 am (7/13/2018),1,1
2019-05-14,ABIOMED's Impella 5.0 and LD Receive Expanded FDA Approvals,1,1
2018-11-14,"Zacks.com featured highlights include: Papa Murphy's, Penumbra, Tesla, Ameren and Arbor Realty",1,1
2017-03-15,Federal Agricultural Mortgage goes ex-dividend tomorrow,1,1
2017-09-07,Arthur J. Gallagher's Buyout to Shore up Scandinavian Base,1,1
2019-11-26,AK Steel Purchases Group Annuity Contract From MassMutual,1,1
2016-07-07,Acorda Therapeutics Has Significant Upside From Its Current Stock Price,1,1
2014-11-17,Strength Seen in Geron (GERN): Stock Surges 19.5% - Tale of the Tape,1,1
2016-02-12,High Yield: Opportunity Amid The Carnage?,1,2
2020-05-05,Agco (AGCO) Beats Q1 Earnings and Revenue Estimates,1,1
2015-04-15,"Stock Futures Grapple Higher; Biogen, Akorn Lead IBD 50 List",1,1
2019-08-08,Aaron's declares $0.035 dividend,1,1
2013-03-11,3 Highest Dividend Paying Mortgage Stocks,1,1
2018-08-21,Anthem Ties Up With Walmart to Better Serve Medicare Members,1,1
2014-10-29,Barrick Gold Announces Dividend,1,1
2016-07-21,E-Commerce Growth: Is This Rock-Solid Income REIT Still Flying Under Your Radar?,1,1
2019-09-25,AAR declares $0.075 dividend,1,1
2015-09-16,Maxwell to Supply Ultracapacitors for General Motors Cars,1,1
2018-12-28,Mining Stocks Could Be Next Big Thing: Massive Gains Likely In 2019 & Beyond,1,1
2019-05-31,IBD Rating Upgrades: Acadia Healthcare Flashes Improved Price Strength,1,1
2018-08-10,American Financial Group Inc (AFG) Co-CEO & Co-President Carl H Lindner Iii Sold $9 million ...,1,1
2016-08-15,Adcare Health Systems revenues up 60% in Q2,1,1
2018-11-21,Tracking Carl Icahn's Portfolio - Q3 2018 Update,1,1
2019-01-25,Why Analog Devices (ADI) is Poised to Beat Earnings Estimates Again,1,1
2019-11-05,10 High Momentum Dividend Aristocrats,1,1
2014-11-03,"ServiceSource International, Inc. (SREV) in Focus: Stock Soars 14.4% - Tale of the Tape",1,1
2012-05-17,"Stocks to Watch: Wal-Mart, Sears (Update 1)",1,1
2017-02-02,American Financial (AFG) Beats on Q4 Earnings & Revenues,1,1
2018-06-12,Stock Futures Edge Higher Ahead Of Fed; AT&T Ruling Charges Late Trade,1,1
2016-09-14,"InsiderInsights.com Daily Round Up 9/13/16: Monmouth Real Estate Investment Corp., La Jolla Pharmaceutical Co., Kadmon",1,1
2015-10-19,Snakes On The Beach Are Signaling Higher Agricultural Commodity Prices,1,1
2019-09-07,REITs And Housing Sector Climb To Record Highs,1,1
2019-06-14,Sidoti picks up Farmer Mac coverage again at neutral,1,1
2017-02-17,"Stock Indexes Quiet, But Apple Supplier Cognex Leaps 9%",1,1
2016-06-10,"Silver Outpaces Gold, Miners Hold Ranking, Franco Nevada Nips Buy Point",1,1
2018-10-30,"Arch Capital beats by $0.07, beats on net premiums earned",1,1
2017-11-20,Healthcare - Top 5 Gainers / Losers as of 11:00 am,1,1
2016-08-02,ACCO Brands raised FY2016 guidance on earnings beat,1,1
2015-04-27,A.H. Belo revenues gain 1.6%; production costs rise,1,1
2020-02-11,"Variable Frequency Drive Market Insights By Revenue, Upcoming Trends And Top Players Forecast ...",1,1
2017-06-23,Republicans Present Healthcare Bill: Top 5 Gainers,1,1
2020-01-09,Why Aflac (AFL) is Poised to Beat Earnings Estimates Again,1,1
2018-01-26,High Expectations Remain The Theme For Rockwell Automation,1,1
2017-09-27,"RLI Corp.'s Premium Growth Impresses, Rising Costs a Woe",1,1
2019-10-02,Astrotech and U.S. Well Services in industrial gainers; Babcock & Wilcox among losers,1,1
2016-03-03,Buy Private Equity Sector For Yields Up To 10%,1,1
2019-01-08,MiMedx Group and Axsome Therapeutics among healthcare gainers; Achaogen and Cidara Therapeutics among losers,1,1
2011-08-31,15 Growth Stocks Outpacing The Market,1,1
2015-03-08,Dividend Champion Portfolio: March Update,1,1
2019-01-03,Adamis Files 2 NDAs And Upholds Pledge To Shareholders...Barely,1,1
2018-07-22,9% Dividend Yield Positioned For Rising Rates And Upcoming Special Dividend,1,1
2019-03-08,ResMed's New Brightree Suite to Boost Home Infusion Business,1,1
2015-08-06,Concert Pharmaceuticals (CNCE) in Focus: Stock Rises 5.2% - Tale of the Tape,1,1
2020-05-05,"3 Top Dividend Stocks to Maximize Your Retirement Income - May 05, 2020",1,1
2016-03-11,"S&P 500, Dow ETFs Hit 2016 High; IBB Offers Short Sale Opportunity",1,1
2017-11-02,"Geron (GERN) Q3 Loss Narrower Than Expected, Sales Miss",1,1
2019-05-01,Ares Commercial Real Estate declares $0.33 dividend,1,2
2013-09-12,Twice As Nice: Small Cap and Dividend Growth,1,1
2017-03-24,"Pioneer Investments Exits Wells Fargo, Coca-Cola, Buys Walt Disney",1,1
2016-07-22,Defensive And Dividend ETFs Win Favor Amid Mixed Corporate Reports,1,1
2018-08-02,American Financial Group (AFG) Q2 Earnings and Revenues Surpass Estimates,1,1
2020-05-31,Money Supply Up; Gold Price Unchanged,1,1
2020-01-30,Inphi (IPHI) Gears Up for Q4 Earnings: What's in the Cards?,1,1
2015-01-16,"Agenus (AGEN) Shares March Higher, Can It Continue? - Tale of the Tape",1,1
2016-06-12,REIT Wonder Gramercy Ranks High With Wall Street In June,1,1
2016-10-26,The Soybean Crush May Tell Us When Grains Can Move Higher,1,1
2019-08-28,Insurance Dividend Champion - Q2 2019: Aflac Incorporated,1,1
2017-12-04,"Dow, S&P 500 Record Highs; Bank Stocks Surge, Tech Leaders Reverse Lower",1,1
2016-08-11,"Aerocentury EPS in-line, beats on revenue",1,1
2018-10-10,ADDvantage Technologies Group Appoints Joseph Hart as Permanent CEO; Names James McGill ...,1,1
2017-12-20,"First Majestic files updated NI 4'-–…– technical reports on its Del Toro, La Parrilla ...",1,2
2020-04-07,"HCA Healthcare, Google Cloud Tie Up Amid Coronavirus Woes",1,1
2017-05-19,"Insiders Roundup: Facebook, General Electric, Aetna",1,1
2018-09-28,Aetna declares $0.50 dividend,1,1
2019-02-14,"Agios Pharmaceuticals beats by $0.07, beats on revenue",1,1
2016-11-11,"Aetna, Humana upgraded at Credit Suisse on brighter prospects under Trump",1,1
2020-05-06,"Veritas Investment Management (UK) Ltd Buys Automatic Data Processing Inc, Tractor Supply Co, ...",1,1
2019-11-29,Autodesk (ADSK) Surges: Stock Moves 5.5% Higher,1,1
2015-03-17,Top Setups for Feb 25,1,1
2014-08-14,Stocks Add To Gains; OmniVision Surges On Buyout News,1,1
2016-06-04,"InsiderInsights.com Daily Round Up 6/3/16: OVAS, TICC, CNS, SHAK",1,1
2018-08-22,Analog Devices (ADI) Q3 Earnings and Revenues Surpass Estimates,1,1
2020-02-03,What's in the Cards for Unum Group (UNM) in Q4 Earnings?,1,1
2017-08-02,"Tortoise Investment Management, LLC Buys Nuveen Build America Bond Opportunity Fund of Bene, ...",1,1
2019-06-13,"Zacks.com featured highlights include: ADTRAN, United States Cellular, Molina and Carlisle",1,1
2012-02-28,Gold Prices Gain as Investors Eye European Cash Infusion,1,1
2017-12-04,John And Jane - November Dividend Income Tracker,1,1
2012-01-16,7 Stocks Enticing Investors with Higher Dividends,1,1
2015-05-04,Strong Dollar Impacting GDP Growth,1,1
2020-05-06,"The Keys to Successfully Timing the Markets - May 06, 2020",1,1
2018-10-22,"American Campus Communities beats by $0.01, beats on revenue",1,1
2017-02-14,"P— Capital Partners, LLC Buys Stamps.com, ILG, NetScout Systems, Sells Asbury Automotive Group",1,2
2019-03-01,China Internet Nationwide Financial Services leads financial gainers; Washington Prime Group and Ashford Hospitality Trust among losers,1,1
2016-09-08,Voya Corporate Leaders Trust Fund: No Buys Since 1935 (But It Still Beats The Market),1,1
2018-01-26,Tilly's: Soaring Alongside Other Teen Retailers,1,2
2016-05-17,"Akorn Rebounds Further As Q1 Meets Views, Big Investor Ups Stake",1,1
2016-11-14,"Regional Banks Dominate New Highs; Argan, Airgain Break Out",1,1
2019-05-06,"Weekly Closed-End Fund Roundup: DSU Tender Results, Some CEF High Fliers Lose Air",1,1
2020-04-07,"Gradient Investments LLC Buys Invesco BulletShares —…—– High Yield Corporate Bon, ...",1,1
2015-06-15,Why You Shouldn't Bet Against Audience (ADNC) Stock - Tale of the Tape,1,1
2018-08-06,5 Stocks to Buy on a Historic Job Growth Streak,1,1
2019-05-20,"Dr. Reddy's (RDY) Q4 Earnings Up Y/Y, Revenues Top Estimates",1,1
2013-11-12,Stocks with Over 20% Upside Price Targets - Screen of the Week,1,1
2019-10-31,"Quanta Services' (PWR) Q3 Earnings Beat Estimates, View Up",1,1
2018-05-29,CorSite (COR) Rewards Shareholders With 5.1% Dividend Hike,1,1
2015-09-02,Thank oil as stress in junk market surges,1,1
2016-02-02,Performance Update On My Top REIT Ideas For 2016 - January Edition,1,1
2019-09-13,Duke Energy Acquires Canadian Solar's Rambler Solar Project,1,1
2013-01-04,20 Most Recommended Technology Stock List | 11 Dividend Plays,1,2
2015-03-17,"REITs: Yield To 18.48%, Upside To 26.9%, Gains To 40.6% As Of 3/13/15",1,1
2019-05-27,Beat The Benchmark,1,1
2014-05-08,American Capital (ACAS) in Focus: Stock Moves 6.3% Higher - Tale of the Tape,1,1
2019-09-05,Duke Energy Arm Seeks for Rate Hike to Recover Investments,1,1
2016-05-17,Barrick: Billionaire George Soros Scoops Up A $263.7M Stake,1,1
2018-11-15,Tracking Bill Ackman's Pershing Square Portfolio - Q3 2018 Update,1,1
2018-10-22,FirstEnergy (FE) to Report Q3 Earnings: Is a Beat in Store?,1,1
2013-08-29,Actavis Acquisition Of Warner Chilcott Moves Foward,1,1
2016-08-03,5%+ Dividend Yield Portfolio: July 2016 Review - The Goldilocks Conundrum,1,1
2017-12-06,"Despite Q3 Misses, American Eagle Is a Strong Value Stock",1,1
2014-08-19,"ACCO Brands (ACCO) Shares March Higher, Can It Continue? - Tale of the Tape",1,1
2013-12-20,IAC/InterActiveCorp (IACI) Worth Watching: Stock Surges 14% - Tale of the Tape,1,1
2019-10-18,"AC Drives Market Value, Production, Volume, Growth Predictions, and Forecast —…–9 to ...",1,1
2019-01-09,"Arthur J. Gallagher Expands in Canada, Boosts Portfolio",1,1
2019-04-16,AllianceBernstein (AB) Upgraded to Buy: Here's What You Should Know,1,1
2017-09-22,"Zacks.com featured highlights include JA Solar Holdings, BioTelemetry, Arista Networks, Owens Corning and Aaron's",1,1
2016-12-16,Why Barrick Gold Can Soar Higher,1,1
2015-12-01,"InsiderInsights.com Daily Round Up 11/30/15: SNTA, CAPL, AYR, CTXS",1,1
2017-08-22,EQUITY ALERT: Rosen Law Firm Announces Filing of Securities Class Action Lawsuit Against The ...,1,1
2019-03-25,Here's Why You Should Hold on to CME Group (CME) Stock Now,1,1
2018-09-29,"Mispriced Baby Bond, Bargain With A 7.6% Yield To Maturity",1,1
2015-02-23,"MiMedx Group, Inc. (MDXG) in Focus: Stock Jumps 5.1% - Tale of the Tape",1,1
2015-08-24,Foot Locker (FL) Sustains Earnings Surprise Momentum in Q2,1,1
2018-08-23,NiSource Gains on Long-Term Infrastructure Investment Plans,1,1
2017-08-21,MGE Energy (MGEE) Rewards Shareholders with 5% Dividend Hike,1,1
2017-12-21,Silver Leads Again- The Precious Metals Barometer,1,1
2011-02-09,"Aggressive Growth Stock Picks-Feb. 10, 2011 - Zacks Rank Buys",1,1
2016-01-14,"ACE Limited wraps $29.5B acquisition of Chubb, changes name",1,1
2012-06-15,"Argo Group Is A Confounding, But Potentially Undervalued, Stock (AGII, WRB, XL, ACGL)",1,1
2018-03-21,Adamis Pharmaceuticals: The Latest Update Still Keeps Us Waiting,1,1
2014-12-23,Ocwen plots future moves after settlement shakeup,1,1
2016-10-27,"ObamaCare Enrollment Sinks Again, Now Trails Worst-Case Scenario",1,1
2019-09-27,Adamas to Present at Upcoming Cantor Fitzgerald Investor Conference,1,1
2019-03-15,"Oakmark International Fund Buys NAVER Corp, thyssenkrupp AG, Ferguson PLC, Sells Hennes & ...",1,1
2020-05-13,"Redwood Investment Management, LLC Buys iShares Core U.S. ...",1,1
2018-12-11,Conatus Pharmaceuticals and Moleculin Biotech among healthcare gainers; Acorda Therapeutics leads the losers,1,1
2019-10-31,"Ashford EPS beats by $0.25, beats on revenue",1,1
2017-04-14,"Insiders Roundup: NuStar Energy, Opko Health, Alphabet",1,1
2019-10-24,"SHAREHOLDER ALERT: Rigrodsky & Long, P.A. Reminds Investors of Investigations of Acquisitions",1,1
2015-07-16,"UnitedHealth Beats Views, Sits Pretty As Rivals Merge",1,1
2016-11-07,"Ares Capital: Big Dividend, 3 Big Risks",1,1
2015-04-15,Why You Shouldn't Bet Against Avalanche Biotechnologies (AAVL) Stock - Tale of the Tape,1,1
2019-06-16,"AAC CLASS ACTION: Rosen, A Highly Ranked Law Firm, Announces Filing of Securities Class Action ...",1,1
2018-08-30,Monthly Paid Dividends From 69 All Cap U.S. Equities And 80 Funds For September,1,1
2020-01-24,Repo Rate Volatility to Mar AGNC Investment (AGNC) Q4 Earnings?,1,1
2014-09-12,Aixtron SE (AIXG) Worth Watching: Stock Rises 7.6% - Tale of the Tape,1,1
2018-05-23,Financials - Top Gainers / Losers as of 1:00 PM (05/23/2018),1,1
2013-12-20,T-Mobile US (TMUS) Jumps: Stock Rises 8.7% - Tale of the Tape,1,1
2018-08-20,Global dividends soar to record high,1,1
2018-04-23,Can Higher Revenues Boost CME Group's (CME) Q1 Earnings?,1,1
2018-10-02,"Credit Suisse upgrades Paychex on earnings, payroll outperformance",1,1
2019-12-12,Top Stocks Breaking Out To New Highs Include Key Apple Supplier,1,1
2018-05-03,"Tetra Tech (TTEK) Beats on Q2 Earnings & Revenues, Ups View",1,1
2018-11-27,"New Research: Key Drivers of Growth for CalAmp, Infinera, Ambev S. ...",1,1
2018-04-30,WESCO's (WCC) Earnings and Revenues Beat Estimates in Q1,1,1
2020-04-08,"Mountain Pacific Investment Advisers Inc Buys Assurant Inc, Vanguard Short-Term Government Bond ...",1,1
2017-01-27,American steel not likely to get Keystone boost despite Trump pledge,1,1
2011-09-07,Silence Isn't Golden: Aceto Needs to Disclose Upside of of Rising Pharmceuticals Deal,1,1
2016-11-29,"No Surprise Here, SWANs Outperform",1,2
2019-08-27,A Force Impelling People To Buy - Precious Metals Supply And Demand,1,1
2017-05-09,The Vetr community has upgraded $AKAO to 4.5-Stars.,1,1
2018-06-27,Chart Of The Week: When High Yield Goes Boom,1,3
2015-08-04,Is a Surprise Coming for Agrium (AGU) This Earnings Season? - Tale of the Tape,1,1
2016-11-03,6 Ways To Profit From This Looming Disaster,1,1
2015-06-11,"Portola Pharma, NetGear, Target, J. C. Penney and American Eagle Outfitters highlighted as Zacks Bull and Bear of the Day - Press Releases",1,1
2015-01-13,"First Majestic Produces Annual Silver Production Record, Strong 2015 Cash Cost Guidance",1,1
2016-08-02,American Eagle Outfitters on watch after BAML upgrade,1,1
2012-02-16,"2 Stocks Hit 52-Week Highs After Earnings: AAP, ASPS",1,1
2015-09-01,Dividend Champions For September 2015,1,1
2019-01-11,"Zacks.com featured expert Kevin Matras highlights: First Majestic Silver, Mattel, U.S. Silica Holdings and KEYW",1,1
2015-12-07,Donald Smith Increases Stakes in Citigroup and Alamos Gold,1,1
2015-11-24,AEterna Zentaris (AEZS) Continues Strong Upward Momentum,1,1
2017-02-10,Ameren declares $0.44 dividend,1,1
2018-12-03,"VIPS, BZUN among premarket gainers",1,1
2015-03-19,"Intel, U.S. Chipmakers May See Upside From China M&A",1,1
2018-06-20,"Nan Shan Life Insurance Co., Ltd. Buys AGNC Investment Corp, Starwood Property Trust Inc, New ...",1,1
2018-04-02,Why Is Analog Devices (ADI) Up 3.2% Since Its Last Earnings Report?,1,1
2020-02-18,Enterprise Agile Transformation Services Market —…—…: Key Trends for Agile ...,1,1
2016-12-16,Steel Dynamics Is Second Steel Maker To Warn On Profit In 2 Days,1,1
2020-03-23,American Equity Investment Life Holding Enters Oversold Territory,1,1
2018-02-28,ACADIA down 17% after Q4 Nuplazid sales disappoint,1,1
2019-09-18,AptarGroup (ATR) Rises 24% YTD: What's Driving the Rally?,1,1
2019-09-27,"50 Firms Going Ex-Dividend Next Week, Including Cardinal Health, JP Morgan Chase And Comcast",1,1
2015-01-22,"Top World Stocks Close In On Buy Points, New Highs",1,1
2015-12-20,"InsiderInsights.com Daily Round Up 12/18/15: KBIO, PSEC, AZO",1,1
2018-11-12,Six Companies Growing Dividends for Shareholders,1,1
2014-12-23,"African Gold Group, Inc. Announces Filing of Preliminary Economic Assessment and Year-End ...",1,1
2018-05-14,After Hours Gainers / Losers (05/14/2018),1,1
2018-03-19,Adobe (ADBE) Hits New 52-Week High on Strong Q1 Results,1,1
2018-08-10,Adamis Pharma Q2 revenues up 3%; shares down 2%,1,1
2016-10-03,"Metals names upped at Deutsche Bank: FCX, ABX, PAAS, AKS, CDE, TCK, GG",1,1
2014-10-30,Adeptus Health (ADPT) Jumps: Stock Moves 16.5% Higher - Tale of the Tape,1,1
2018-04-11,Acadia Pharma up 6% on FDA OK on risk disclosures for Nuplazid,1,1
2017-08-23,Gabelli Analyst: Amazon vs. Auto Part Suppliers,1,1
2019-07-01,IBM Garage Aids Enterprises to Devise & Deploy Business Ideas,1,1
2018-10-03,Why Aren't These Closed-End Funds Getting More Love? Part 1: Aberdeen Total Dynamic Dividend Fund,1,1
2015-10-15,AlarmForce Announces Declaration of Dividend of $0.045 per Share,1,1
2014-05-09,Stocks Close Higher After Late Boost; Air Lease Gains,1,1
2016-07-29,"QQQ ETF Gains For The Fifth Week; S&P 500, Dow Snap Winning Streak",1,1
2016-08-27,Digging for value plays in the beat-up chain store sector,1,1
2018-07-31,Duke Energy (DUK) to Report Q2 Earnings: Is a Beat in Store?,1,1
2019-02-18,Brown & Brown's Unit Buyout to Expand Service Capabilities,1,2
2019-11-27,5 Stocks That Pushed Russell 2000 ETF Higher,1,1
2016-02-04,Hydro66 Deploys Active Power Flywheel UPS at 100 Percent Hydroelectric Data Center,1,1
2019-07-07,Dividend Income Update: June 2019,1,1
2015-04-20,Top 4/17/15 REITs: Yield To 18.11%; Upside To 39.08%; Gains To 53.9%,1,1
2020-01-17,"Growth Of Exterior Car Accessories Market Forecast —…—…-—…—9 | Geography, ...",1,1
2017-07-13,"With JPMorgan, BofA Earnings On Tap, ATM Software Stock Sets Up",1,1
2018-08-03,Pomerantz Law Firm Announces the Filing of a Class Action against ACADIA Pharmaceuticals Inc. ...,1,1
2019-10-07,"Zacks.com featured highlights include: American Airlines, Beazer Homes USA, Asbury Automotive, AMC Entertainment and Beacon Roofing Supply",1,1
2017-05-01,"Schaper Benz & Wise Investment Counsel Inc Buys Enbridge Inc, Analog Devices Inc, Albany ...",1,1
2015-08-25,Tracking Wallace Weitz's Weitz Investment Management Portfolio - Q2 2015 Update,1,1
2019-12-04,Dividends From The BDC Sector Driving Higher Returns,1,1
2015-09-30,Stock Futures Track Higher; Western Digital Up On China Deal,1,1
2015-08-14,JC Penney (JCP) Rises on Narrower-than-Expected Q2 Loss,1,1
2018-10-11,Can This No. 1 Stock In The No. 2-Ranked Group Buck Market Sell-Off?,1,1
2019-07-15,"Ashford and Power REIT among financial gainers, Jupai Holdings leads losers",1,1
2019-04-26,"The Zacks Industry Rank Highlights: Synopsis, Pegasystems and ACI Worldwide",1,1
2019-05-06,"Kirby (KEX) Q1 Earnings & Revenues Top Estimates, Rise Y/Y",1,1
2014-06-23,Acasti Pharma Inc (ACST) Jumps: Stock Rises 7.2% in Session - Tale of the Tape,1,1
2016-07-19,UnitedHealth Profits To Jump As It Exits ObamaCare,1,1
2018-05-03,What Tesla Can Teach Us About The High-Yield Bond Market,1,1
2019-11-15,"AMAT, JCP among premarket gainers",1,1
2018-10-01,Expected Dividend Increases In October 2018,1,1
2016-01-22,"Notable tech gainers: FEYE, DDD, SWKS, CRUS, HDP, YNDX, OCLR, YGE",1,1
2018-05-30,Wild Speculation In Crude Oil - Precious Metals Supply And Demand,1,1
2017-12-08,A. H. Belo Corporation Announces First Quarter —…–8 Dividend,1,1
2018-10-22,5 Reasons Why GDX Is Going Substantially Higher,1,1
2020-02-12,Agilent (A) Gears Up for Q1 Earnings: What's in the Cards?,1,1
2016-09-30,Altisource Residential more than doubles SFR portfolio with acquisition,1,1
2015-08-18,"Weekly Insider Sells Highlights: FB, AET, REGN, TYC",1,1
2020-02-17,"Woven Shirt Market —…—… Global Share, Growth, Size, Opportunities, Trends, Regional ...",1,1
2017-12-19,Navigators Group to Broaden Base in Europe With Buyouts,1,1
2015-07-31,"Premarket Biotech Digest: Amgen Beats, GlaxoSmithKline Corruption Charges, VTv Therapeutics Flops On Debut",1,1
2011-04-01,8 Ag Chem Stocks With Upside Up to 128%: Analysts,1,1
2015-12-18,"InsiderInsights.com Daily Round Up 12/17/15: New Mountain Finance, Hemisphere Media, Accelerate Diagnostics, Aircastle",1,1
2019-09-06,Apparel sector in fashion again,1,1
2017-12-12,Winning Stock Picks from the Top 4 Industries with the Biggest Job Growth,1,1
2019-04-22,Zynerba Pharmaceuticals and Akorn among healthcare gainers; InVivo Therapeutics and Sesen Bio among losers,1,1
2019-01-24,"MGM Growth Properties, Alcoa, Arbor Realty Trust and Chatham Lodging Trust highlighted as Zacks Bull and Bear of the Day",1,1
2015-05-19,Kafkaesque Activity In Grains - The Chinese Strike Again With Cofco,1,1
2020-02-11,"Global Farm Tractors Market —…—… Global Future Growth, Leading Players, Industry ...",1,1
2015-03-05,American Eagle Outfitters (AEO) Takes Flight on Upgrade,1,1
2015-04-07,5 Low P/E Value-Stocks Yielding 2% Or Higher,1,1
2019-05-23,"Auto Stock Roundup: Ford to Axe Jobs, AZO & AAP Beat on Earnings",1,1
2019-06-03,Global tensions boost gold to nine-week highs; gold miners gain,1,1
2018-05-23,Tracking David Einhorn's Portfolio - Q1 2018 Update,1,1
2019-07-31,"Saturna Capital CORP Buys Fastenal Co, Corteva Inc, Alcon Inc, Sells Alphabet Inc, DuPont de ...",1,1
2020-02-18,Telecom Analytics Market —…—…: Top impacting factors that could escalate markets growth ...,1,1
2020-02-11,"—…—…-—…—6 Telehealth Market | Global Share, Growth, Industry Analysis, Emerging ...",1,1
2017-05-12,"Legal & General Group Plc Buys Enbridge Inc, Barrick Gold Corp, GGP Inc, Sells Spectra ...",1,1
2019-01-08,Portfolios Making Up For Lost Time,1,1
2017-03-17,Rising Inflation May Send Gold Prices Soaring,1,1
2015-06-16,Top 30 REITs Post 17.5% Average Net Gains As Of June 12 Close,1,1
2019-09-10,Stock Upgrades: Acadia Pharmaceuticals Shows Rising Relative Strength,1,1
2018-12-31,Barrick Gold: Gold Is About To Shine Again,1,1
2014-05-14,AdCare Health Systems (ADK) in Focus: Stock Moves 5.1% Higher - Tale of the Tape,1,1
2017-07-20,Is a Beat in Store for Alexion (ALXN) this Earnings Season?,1,1
2018-11-30,Hiccup in CVS-Aetna deal approval?,1,1
2012-08-21,12 Solidly Financed Dividend Aristocrats,1,1
2018-10-15,Arthur J. Gallagher acquires Wellington Associates,1,1
2018-05-24,"Auto Stock Roundup: AZO, AAP, CPRT Earnings Beat, F Resumes F-150 Production",1,1
2018-07-25,"Biotech Stock Roundup: Biogen Gains on Q2 Results, Agios Gets FDA Nod For Leukemia Drug",1,1
2015-04-02,LHC Group (LHCG) Looks Good: Stock Adds 6.5% in Session - Tale of the Tape,1,1
2018-06-27,Financials - Top 5 Gainers / Losers as of 1:00 PM (06/27/2018),1,1
2018-05-23,AGNC Investment hits capital raise button; shares down 1.15%,1,2
2014-05-06,Nautilus (NLS) Jumps: Stock Rises 6.1% - Tale of the Tape,1,1
2019-02-11,ADT acquires LifeShield,1,1
2015-05-22,Arthur J. Gallagher acquires Minnesota agency,1,1
2019-07-10,"Market Peak Update: Watch Peak Profits, Not The Fed; Some Low P/E Stocks To Buy",1,1
2012-05-18,"Chico's Growing Again, But Sustainability Always A Concern (CHS, ANF, AEO, BEBE, ANN)",1,1
2020-03-01,"Electrical Digital Twin Market Latest Trends, Revenue Growth Rate And Application Scope | ...",1,1
2016-10-26,Applied Industrial Technologies declares $0.28 dividend,1,1
2018-11-02,"Arbor Realty Trust beats by $0.03, beats on revenue",1,1
2020-01-14,IHS Markit (INFO) Hits a New 52-Week High: What's Aiding It?,1,1
2018-08-13,Housing Heads South - Precious Metals Getting Ready To Soar,1,1
2011-12-07,"Recreational Vehicles Unlikely Success (PII, ACAT, HMC, HOG)",1,1
2019-02-14,"Aaron's EPS in-line, beats on revenue",1,1
2015-04-29,"AAC Holdings beats by $0.05, beats on revenue",1,1
2017-07-22,DEADLINE ALERT: Lundin Law PC Announces Securities Class Action Lawsuit against Asanko Gold Inc. ...,1,1
2019-06-18,"AECOM (ACM) to Spin Off Government Services Unit, Shares Up",1,1
2016-08-11,Wunderlich sees American Eagle Outfitter running to multi-year high,1,1
2016-10-26,Stocks Going Ex-Dividend The First Week Of November,1,1
2017-01-24,Gold Trades Higher as US Dollar Weakens,1,1
2018-10-15,"Grannies Beat Geezers In Total Return, While Income Factory Cash Distribution Reaches 12%",1,1
2020-05-05,Dividend Stock Purchase Activity – April 2020,1,1
2011-09-21,ACI Worldwide - Aggressive Growth,1,1
2014-11-06,3 Growing Hospitals for a Crazy Market - Investment Ideas,1,3
2015-06-24,"InsiderInsights.com Daily Round Up 6/23/15: Actua, Mercer International, Metabolix And Flaherty & Crumrine Dynamic Preferred And Income Fund",1,1
2016-11-01,Silver: Expect Strong Gains In The Next Couple Of Years,1,1
2020-02-27,Gilead Sciences (GILD) Surges: Stock Moves 6.6% Higher,1,1
2018-08-02,"Agios Pharmaceuticals beats by $0.36, beats on revenue",1,1
2019-09-07,Dividend Challenger Highlights: Week Of September 8,1,1
2019-10-07,"Lgt Capital Partners Ltd. Buys UnitedHealth Group Inc, Alphabet Inc, Agilent Technologies Inc, ...",1,1
2019-08-22,Alliance Data Systems (ADS) in Focus: Stock Moves 5.6% Higher,1,1
2019-07-22,AGNC Investment's Q2 2019 And 7/19/2019 BV Projection (Includes NLY BV Projection),1,1
2015-07-01,"Stocks Rise And Shine, Eurozone Creditors Ponder Greek Deal",1,1
2019-05-23,"Arthur J. Gallagher Expands, Buys Stake in Edelweiss Insurance",1,1
2017-03-02,Monster Beverage (MNST) Shares Gain on Q4 Earnings Beat,1,1
2019-03-12,AGNC Investment estimates tangible NBV of $16.97 per share,1,1
2015-09-15,Biotech Poised to Rebound: 5 Growth Picks,1,1
2018-01-05,The Rose Portfolio Update With Double Digit Total Return For The 91 Holdings,1,1
2015-09-21,Adept Technologies Acquired Two Months After Recommendation 87 Return for Shareholders,1,1
2011-10-21,6 Dividend Stocks for Earnings Season,1,1
2019-09-04,Russell 2000 (Top Weights) Earnings Estimates Climb Higher,1,1
2012-02-16,"Stocks Pull Higher; NetApp, Advanced Auto Surge",1,1
2018-11-13,The Acquirer's Portfolio - A Year In Review,1,1
2010-06-16,Three Ways to Play the World Cup,1,1
2019-03-15,Sealed Air (SEE) Stock Up 29% YTD: What's Driving the Rally?,1,1
2016-04-12,Ameren: Acquisition Rumors Make This Solid Utility Look Less Attractive,1,1
2019-08-08,"ACI Worldwide EPS beats by $0.15, beats on revenue",1,1
2015-05-01,Ivy Portfolio May Update,1,1
2015-12-17,8 Dividend Stocks Trading At 2007 Prices,1,2
2020-02-19,"Global Mass Spectrometer Market —…—… Global Size, Growth Insight, Share, Trends, ...",1,1
2014-06-10,Why Almost Family (AFAM) Could Beat Earnings Estimates Again - Tale of the Tape,1,1
2015-02-26,Neurotrope Moving Focus Upstream in Developing New Alzheimer's Disease Drug and Drugs for Orphan Diseases,1,1
2018-05-30,"13 Dividend Increases: May 21-25, 2018",1,1
2018-02-01,American Financial Group Inc. 2017 Q4 - Results - Earnings Call Slides,1,1
2019-05-09,Agenus +7% on Q1 beat,1,1
2014-02-21,XL Group's DDM Valuation: Is It Still a Buy?,1,1
2019-06-22,U.S. IPO Week Ahead: Tech And Big Biotech Fill Up A 9-IPO Week,1,1
2018-04-23,Bond Yields Get A Seasonal Boost,1,1
2020-01-31,"Pipeline Safety Market (PDF) [Review: —…—…-—…—9] | Top Players – ABB Group, ...",1,1
2019-07-19,Midatech Pharma leads healthcare gainers; Neuralstem tops the losers,1,1
2020-02-12,"The Keys to Successfully Timing the Markets - February 12, 2020",1,1
2016-02-11,"Basic Materials Dividend Dogs Get Crazy Yield, Upside, And Gain In February",1,1
2015-06-01,Strength Seen in Boot Barn Holdings (BOOT): Stock Up 7.5% - Tale of the Tape,1,1
2016-02-14,Dividend Challengers (And Near-Challengers): 82 Increases Expected By The End Of April,1,1
2018-06-20,"Humana, Walgreens Team Up to Provide Better Senior Care",1,1
2019-05-06,Credit Markets Give Green Light To All-Time S&P 500 Highs,1,1
2018-03-07,Return Of The Market Criers - Precious Metals Supply And Demand,1,1
2019-11-05,Semis Riding October's High,1,1
2018-08-30,Ambac reports plan support agreement for Cofina bond restructuring,1,1
2015-01-08,The Adams Express Company declares $0.05 dividend,1,2
2019-03-18,Automatic Data Processing (ADP) Hits a New 52-Week High,1,1
2015-09-10,"Aceto beats by $0.17, revenue in-line",1,1
2015-03-09,Gerdau: Buy On Dips (Updated With 4Q 2014 Numbers),1,2
2016-06-08,Acura Pharmaceutical's LIMITX(TM) Technology Successfully Confirms Oral Abuse Deterrence ...,1,1
2015-01-01,Update: The Chilean Supreme Court Rules Against Barrick On Pascua Lama,1,1
2015-03-19,Analyzing Jeff Ubben's Top Picks: Agrium (AGU),1,1
2015-05-23,Tracking Tweedy Browne Portfolio - Q1 2015 Update,1,1
2015-06-03,Asanko Gold (AKG) gains on Ghana pact,1,1
2019-04-03,Zynerba Pharmaceuticals and Sorrento Therapeutics among healthcare gainers; Advaxis and AVEO Pharmaceuticals among losers,1,1
2018-02-27,ACNB goes ex-dividend tomorrow,1,1
2016-06-13,Agios' AG-348 successful in mid-stage study in rare congenital anemia; shares up 9% premarket,1,1
2020-03-18,"Improve Your Retirement Income with These 3 Top-Ranked Dividend Stocks - March 18, 2020",1,3
2013-03-06,This Week's Growth & Income Stocks (BIP) and (AJG) - Zacks Rank Buys,1,1
2020-04-03,"Global AI in Fashion Market Report —…—… Potential Growth, Share, Demand And Forecast ...",1,1
2017-05-18,Iamgold Soars on Saramacca Drilling Results,1,1
2017-02-10,Agrium sees signs of uptick in demand for crop nutrients,1,2
2019-11-15,Market-Beating Sector ETFs Year to Date,1,2
2019-05-29,Albany International Gets RS Rating Upgrade,1,1
2018-11-12,"L Brands Posts Decent Comps in October, Updates Earnings View",1,1
2019-08-13,"Impax Asset Management Group plc Buys Pentair PLC, Agilent Technologies Inc, IQVIA Holdings ...",1,1
2015-01-20,Salix Pharma Reportedly Exploring Sale; Stock Up,1,1
2015-10-15,These Setups In The Chip Space Are The Most Compelling,1,2
2018-01-03,Agree Realty updates on investment activity,1,1
2019-07-25,"Arizona State Retirement System Buys Dominion Energy Inc, DuPont de Nemours Inc, Duke Energy ...",1,1
2019-04-30,"ADTRAN Shares March Higher, Can It Continue?",1,1
2018-09-11,Technology And Telecom Dashboard - Update,1,1
2015-09-21,"Atmel Soars As Dialog, An Apple Chipmaker, To Buy It",1,1
2019-06-14,Aflac (AFL) Riding High on Strong U.S. and Japan Business,1,1
2019-10-11,Steel names surge on trade hopes,1,1
2018-09-27,"Report: Exploring Fundamental Drivers Behind Marvell Technology Group, Athene Holding, ABB, ...",1,1
2016-10-18,"Buckle Shareholders: Fasten Your Seat Belts, That 4.6% Dividend Yield Is In For A Bumpy Ride",1,1
2017-01-19,Steel Stocks Erase Wednesday's Trump Trade Gains; Citi Says Upside Priced In,1,1
2020-03-20,SAP and Accenture Launch Upstream Oil and Gas Solution to Help Streamline Processes and Costs,1,1
2012-09-14,ACE Booked a New High,1,1
2018-12-10,AllianceBernstein Gets Technical Rating Upgrade,1,1
2018-01-24,"Your Daily Pharma Scoop: Progenics Gaining Momentum, Nymox Data, Ligand Outlicenses Platform",1,1
2018-06-21,"Arthur J. Gallagher acquires Binney, Chase & Van Horne, Inc.",1,1
2018-04-23,Healthcare - Top 5 Gainers / Losers as of 11:00 AM (04/23/2018),1,1
2015-05-08,Assured Guaranty up 4.5% as accretive buybacks continue,1,1
2018-03-08,After Hours Gainers / Losers (3/8/2018),1,1
2018-05-08,Value SuperScreen Vs. The S&P 500,1,1
2016-09-01,If I Had To Build An Income Portfolio Today - Update 10,1,1
2018-01-17,After Hours Gainers / Losers (1/17/2018),1,1
2019-06-21,Pawar Law Group Reminds Investors of July –5 Deadline in Securities Class Action Lawsuit ...,1,1
2018-12-03,Top 50 Real Estate WallStars By Yields And Net Gains For November 2019,1,1
2016-10-07,Gold Loses Luster And Dividend Demand Dries Up Amid Rate-Hike Blues,1,1
2019-05-06,These 7 Companies' 13 Baby Bonds Are Among The Highest Yielding ETDs In The Marketplace,1,1
2019-08-22,Accenture (ACN) Upgraded to Buy: What Does It Mean for the Stock?,1,1
2019-12-13,Cintas (CTAS) to Report Q2 Earnings: Beat in the Cards?,1,1
2018-01-30,Healthcare - Top 5 Gainers / Losers as of 11:00 am (1/30/2018),1,1
2015-10-15,ADT declares $0.21 dividend,1,1
2018-04-28,Rounds Report: Achaogen And Eleven To Clear Their Binaries For Substantial Gains,1,1
2012-08-15,11 Dividend Challengers With Highest Dividend Payout Potential,1,1
2013-02-20,Trading the Setup In AK Steel,1,1
2017-12-04,"Dow, Small Caps Outperform As Nasdaq Diverges Again; Retailers Shine",1,1
2020-03-10,AGNC Investment (AGNC) Stock Sinks As Market Gains: What You Should Know,1,1
2011-07-01,10 Buy-Rated Insurance Stocks with up to 40% Upside,1,1
2013-05-06,"PepsiCo, IBM and 7 Other Dividend Stocks Raising Their Payouts",1,1
2020-02-24,"Artal Group S.A. Buys BioNTech SE, Alnylam Pharmaceuticals Inc, Morphic Holding Inc, Sells The ...",1,1
2017-02-02,"Scottrade Investment Management Buys iShares Core MSCI EAFE, iShares Core S&P Mid-Cap, ...",1,1
2020-02-12,"Robotic Process Automation (RPA) Market Segmentation, Research Methodology And Revenue Growth ...",1,1
2020-03-17,Brown & Brown's (BRO) Unit Acquires RLA Insurance's Assets,1,1
2019-12-02,SAExploration and New Concept Energy among Energy/Materials gainers; Chaparral Energy among Paringa Resources losers,1,1
2016-01-28,FormFactor's SOC Business Could Propel Results: 60%+ Potential Upside,1,1
2018-07-31,Healthcare - Top 5 Gainers / Losers as of 11:00 AM (07/31/2018),1,1
2019-10-03,Dividend Champions For October 2019,1,1
2018-08-02,Tetra Tech (TTEK) Beats Q3 Earnings & Revenue Estimates,1,1
2019-10-29,"Kirby (KEX) Q3 Earnings Surpass Estimates, Increase Y/Y",1,1
2017-06-29,"Alibaba Expands Lazada Stake, Boosts Southeast Asia Presence",1,1
2019-03-08,Are You Looking for a High-Growth Dividend Stock? Aflac (AFL) Could Be a Great Choice,1,1
2015-05-20,First Bancorp Is Worth More Than Its 5% Dividend,1,1
2019-07-17,"ADTRAN EPS beats by $0.06, beats on revenue",1,1
2018-10-12,Leveraged loans outperform other asset classes as interest rates rise,1,1
2016-06-06,First Majestic Silver Soars On Strong Fundamentals,1,1
2019-08-12,Why Top REIT Arbor Realty Shows A Dividend Yield That's 356% Higher Than S&P 500,1,1
2018-11-01,Stocks Battle To Stay Up With Apple Earnings Due; This Hot IPO Stock Collapses,1,1
2018-05-04,Premarket Gainers as of 9:05 am (05/04/2018),1,1
2019-10-31,Here is Why Growth Investors Should Buy Aaron's (AAN) Now,1,1
2018-08-17,"Zacks.com featured highlights include: Dollar Tree, Agenus, Huntsman, ArcelorMittal and International Paper",1,1
2012-03-19,10 Investors' Stocks Beating the Market (Update2),1,1
2017-11-22,"Biotech Stock Roundup: RARE drug Gets FDA Nod, Acorda, Cytokinetics Hit by Pipeline Setbacks",1,1
2013-01-31,My 4 Favorites from Europe's Best Recommended Dividend Stocks,1,1
2020-02-26,"Biogas Market Revenue, Future Growth, Top Key Players, Trend Insights and Investment ...",1,1
2016-03-25,Nasdaq Grants Acasti Cure Period to Regain Compliance with Audit Committee Membership Requirements,1,1
2015-02-05,Stocks Add To Gains; Prestige Brands Surges,1,1
2015-06-17,Guidance Software (GUID) Rises: Stock Up 6.9% in Session - Tale of the Tape,1,1
2017-12-20,Steel names on the move as Longbow upgrades to Buy,1,1
2012-08-15,More Upside for Agrium ?,1,1
2014-12-23,High Yield + High Growth + Dividend Champion = Purchase Candidates,1,1
2016-02-11,Gold and Silver stocks rise premarket,1,1
2019-02-07,"Applied Genetic beats by $0.45, beats on revenue",1,1
2019-03-29,AES (AES) Up 5.1% Since Last Earnings Report: Can It Continue?,1,1
2014-02-19,Analog Devices: a Market Leader With Stagnant Growth,1,1
2019-10-31,Axcelis Technologies (ACLS) Surpasses Q3 Earnings Estimates,1,1
2018-06-15,Midday Gainers / Losers (06/15/2018),1,1
2017-11-03,"Parker-Hannifin (PH) Q1 Earnings & Sales Beat, View Raised",1,1
2020-02-19,"Global Electrical Appliances Market Size, Share —…—… Global Industry Growth Analysis, ...",1,1
2018-04-27,Aspen Insurance up 2% on buyout interest,1,1
2016-11-28,Emerging Markets: Investment Opportunities During Global Withdrawals,1,1
2017-01-31,Acxiom expands analytics deal with DataXu,1,1
2015-06-04,10 Reasons Why Growth Stocks Can Be Appropriate For Retired Investors,1,1
2015-04-06,First Majestic Silver (AG) gains on buying First Mining Finance,1,1
2015-09-21,Resource Sector Digest: Gold Is Gaining Ground After The Fed's Decision,1,1
2018-10-11,American Financial enters into agreement to acquire ABA Insurance,1,1
2017-05-04,ACETO Board of Directors Declares Quarterly Cash DividendÂ,1,1
2017-02-02,"Johnson Financial Group, Inc. Buys iShares Core U.S. ...",1,1
2018-06-01,Assurant Braces Vehicle Protection With Warranty Group Buy,1,2
2017-02-06,Is The Fed Setting Up A Nasty Surprise For Bonds?,1,1
2012-09-28,Aflac (AFL) Dividend Stock Analysis,1,1
2018-10-16,Wall Street Rises on Strong Earnings,1,1
2016-08-15,American Eagle Outfitters tracks higher after Deutsche Bank upgrade,1,1
2017-11-02,"Zoetis (ZTS) Beats on Q3 Earnings & Sales, Ups 2017 View",1,1
2018-11-05,The Most Undervalued And Overvalued Dividend Champions - November 2018,1,1
2014-01-14,Autobytel soars on purchase,1,1
2019-05-13,ADP Rides on Strategic Acquisitions Amid Rising Expenses,1,1
2019-03-04,Agile Therapeutics up 21% on $7.8M capital raise,1,1
2020-03-17,"Fibrinogen Deficiency Drug Market Trends, Share, Size, Growth, Supply and Manufacturers ...",1,1
2015-05-20,Dycom Industries (DY) Surpasses Estimates; Achillion Pharmaceuticals (ACHN) Inks Mega-Deal with Janssen,1,1
2018-12-09,Weekly Closed-End Fund Roundup: NBB/NBD And EMO/CBA Mergers Complete,1,1
2017-01-18,"B&G Foods, Kohl's, Dave & Buster's Entertainment, AK Steel and Applied Materials highlighted as Zacks Bull and Bear of the Day",1,1
2015-04-02,Why Affimed (AFMD) Could Be Positioned for a Surge? - Tale of the Tape,1,1
2020-01-07,"Stock Market Edges Down As Iran Renews Retaliation Threats, But These Chipmakers Show Huge Gains",1,1
2013-08-09,Actavis Ups R&D While Selectively Developing Generics,1,1
2019-08-12,Agilent (A) Gears Up for Q3 Earnings: What's in the Cards?,1,1
2018-11-06,Gold To Silver Ratio At Multi-Decade High,1,1
2016-04-04,"Annaly Capital's BV, Dividend, And Valuation Compared To 19 mREIT Peers (Post Q4 2015 Earnings) - Part 2",1,1
2019-05-09,Weekly Review: High-Yield CEFs - AIF Offers 8.18% Current Yield And Positive Earning/Coverage Ratio,1,1
2020-02-11,"Automated Material Handling Equipment Market Comprehensive Insight by Growth Rate, Global ...",1,1
2018-02-22,Achillion Pharma reports Q4 results; updates guidance,1,1
2019-06-25,"Mmtec and Scully Royalty among financial gainers, Brighthouse Financial leads losers",1,1
2019-11-16,Dividend Champion And Contender Highlights: Week Of November 17,1,1
2013-05-14,Attractively valued dividend stocks to consider today,1,1
2016-12-08,—' Questions With David Merkel of Aleph Investments,1,1
2019-02-22,360 Finance leads financial gainers; eHealth and Diamond Hill Investment among losers,1,1
2020-02-06,"Oakbrook Investments Llc Buys State Street Corporation, Pfizer Inc, Target Corp, Sells Apple ...",1,1
2018-06-21,48 DGI Stocks Selected For Earnings Growth And Fundamental Strength,1,1
2020-03-16,"Cannabis Testing Market —…–9-—…—7 / Growth, Trends, Analysis, Segmentation and Forecast",1,1
2014-11-07,"Endocyte, Inc. (ECYT) in Focus: Stock Surges 18% - Tale of the Tape",1,1
2019-02-11,Agile up 22% on positive Twirla data,1,1
2019-05-01,American Equity Investment (AEL) Tops Q1 Earnings and Revenue Estimates,1,1
2018-02-13,Premarket Gainers as of 9:05 am (02/13/2018),1,1
2015-03-16,ABB to power Johan Sverdrup offshore field,1,1
2019-07-18,Wall Street Breakfast: Stocks Hit Reverse On July's Gains,1,1
2015-08-31,"CF Industries - A Long-Term Play For DGI'ers, Growth And Value Investors Alike",1,1
2020-02-17,"Heat Meter Market Size, Industry Share and Total Revenue Growth Rate Till —…—6 | Fortune ...",1,1
2018-11-02,"Report: Developing Opportunities within Markel, Blackbaud, American Financial Group, Public ...",1,1
2019-01-29,"HCA Healthcare's (HCA) Q4 Earnings Top Estimates, Surge Y/Y",1,1
2012-06-26,"Value In Car Parts And Services (FDML, AZO, AAP, SUPY)",1,1
2016-07-17,"'This Defies Reason': Wake Up, The Defaults Have Begun",1,1
2020-02-26,"Bearings Market Global Trends, Size, Segments And Growth Forecast To —…—6 | Fortune ...",1,1
2020-01-23,"Puplava Financial Services, Inc. Buys iShares J.P. ...",1,1
2019-04-01,Advaxis up 5% premarket on positive ADXS-NEO data,1,1
2018-04-23,"Miller Howard Investments Inc Buys Huntington Bancshares Inc, CenterPoint Energy Inc, Canon ...",1,1
2019-07-24,Aegion (AEGN) Reports Next Week: Wall Street Expects Earnings Growth,1,1
2019-02-16,General Dynamics: Hold This Military Contractor For Long-Term Income Growth,1,1
2017-10-05,3 Top Dividend Stocks in Insurance Space to Consider Now,1,1
2020-02-18,Industrial Battery Chargers Market to Expand at 8. ...,1,1
2015-01-05,Help Us Choose A Dividend Growth Stock For Our IRA,1,1
2014-10-01,Stocks Sell Off On Europe Worries; Growth Names Slammed,1,1
2019-07-26,"Group 1 Automotive (GPI) Q2 Earnings Beat Estimates, Up Y/Y",1,1
2020-03-05,"Smart Railways Market: Growth Drivers, Research Methodology, Developing Trends, Comprehensive ...",1,1
2013-12-30,Why The AES Corporation (AES) Could Beat Earnings Estimates Again? - Tale of the Tape,1,1
2018-08-03,Argan: A Good Company At A Bargain Price,1,1
2016-11-01,"Argo Group beats by $0.34, beats on earned premium",1,1
2019-01-30,"Anthem's (ANTM) Q4 Earnings Beat Estimates, Improve Y/Y",1,1
2018-08-20,Tracking Jeffrey Ubben's ValueAct Portfolio - Q2 2018 Update,1,1
2020-04-24,"Ledyard National Bank Buys Truist Financial Corp, iShares Core Dividend Growth, JPMorgan Chase, ...",1,1
2020-02-13,"Surgical Navigation Systems Market —…—… Size, Trends, Growth, Share, Merger, Business ...",1,1
2019-10-23,"Amphenol (APH) Q3 Earnings Beat Estimates, Revenues Down Y/Y",1,1
2015-10-16,AES declares $0.10 dividend,1,1
2015-05-07,"Aceto EPS in-line, beats on revenue",1,1
2019-01-11,Acadia's Stock May Continue To Surge,1,1
2019-10-15,"Jaffetilchin Investment Partners, LLC Buys SPDR S&P Dividend ETF, iShares U.S. ...",1,1
2017-12-27,Healthcare Gainers / Losers as of 11:30 am,1,1
2015-12-31,Saying Goodbye To 2015 With A Portfolio Checkup,1,1
2016-10-18,"You Must Be Crazy! (YMBC) -A Small Cap Value, High Yield Portfolio - Q3 2016 Review",1,1
2015-06-18,"Adamas Pharmaceuticals (ADMS) Shares March Higher, Can It Continue? - Tale of the Tape",1,1
2015-12-23,Adamas Pharma's lead product candidate successful in late-stage LID study; shares up 43% premarket,1,1
2018-03-08,Argo Group (AGII) Presents At Raymond James 39th Annual Institutional Investors Conference - Slideshow,1,1
2015-08-25,Why You Shouldn't Bet Against Ashford Hospitality Trust (AHT) Stock,1,1
2018-04-09,Healthcare - Top 5 Gainers / Losers as of 11:00 AM (04/09/2018),1,1
2017-01-04,Only Inflation Can Move Gold Up,1,1
2015-02-06,"Aaron's beats by $0.04, beats on revenue",1,1
2015-02-20,"InsiderInsights.com Daily Round Up 2/18/15: Advanced Drainage Systems, Applied Industrial Technologies, Alico",1,1
2019-03-22,Has Advaxis (ADXS) Outpaced Other Medical Stocks This Year?,1,1
2018-12-07,"Arch Capital Closes McNeil Buyout, Boosts Underwriting Skill",1,1
2016-06-01,Ashford Prime gets more support in proxy fight,1,1
2018-04-23,Is a Beat in the Cards for Fortive (FTV) in Q1 Earnings?,1,1
2019-06-07,XLF: Performance And Valuation Update - June 2019,1,1
2015-10-21,ACE Q3 Earnings In Line; Posts Record Underwriting Income,1,1
2016-10-05,Bert's September Dividend Income Summary,1,1
2017-11-01,"Agios (AGIO) Q3 Loss Narrower than Expected, Sales Beat",1,1
2019-10-16,"Green Cement Market to Register High Revenue Growth of $'6,48– million During —…–7 ...",1,1
2014-08-20,"O'Reilly, Auto Parts Retail Get Ready For Growth",1,1
2018-11-20,Top Holdings Of Dividend ETFs (Part 1: The Top 50),1,1
2017-12-03,"Africa: Most Of The Global Population Growth, Little Economic Growth And Relatively Little Emigration",1,1
2018-01-30,"ROTY Edition 1 Volume 74: A New Feature For Readers, Updates And Trades",1,1
2015-03-16,Insurers Hit New Highs On Reported ObamaCare Plan B,1,1
2015-10-06,JC Penney (JCP) Hits 52-Week High: Are Investors Watching?,1,1
2020-05-11,"Sather Financial Group Inc Buys Facebook Inc, Booking Holdings Inc, Brookfield Asset Management ...",1,1
2017-11-29,The Acquirer's Portfolio - Large Cap,1,1
2019-02-01,Soybeans rise after China deal but order won't ease record U.S. stockpiles,1,1
2020-05-15,"Zurich Insurance Group Ltd Buys PayPal Holdings Inc, Salesforce. ...",1,1
2019-02-14,12 Upcoming Dividend Increases,1,1
2019-12-23,Sell These 3 Dividend Stocks Paying 10% Before They Crash,1,2
2020-01-06,"JD.com, American Eagle Outfitters, Dick's Sporting Goods, Dollar General and Ross Stores highlighted as Zacks Bull and Bear of the Day",1,1
2020-01-21,"Mountain Pacific Investment Advisers Inc Buys Assurant Inc, Armstrong World Industries Inc, ...",1,1
2014-12-18,"Xencor, Inc. (XNCR) in Focus: Stock Soars 29.6% - Tale of the Tape",1,1
2018-12-06,ADTRAN acquires smart home platform,1,1
2019-10-10,"Enough Already With China, Prepare For Earnings Starting Later This Month And IPO Lockups Expirations",1,1
2016-04-26,Massive Rises In Tier 1 Gold Stocks - Even Better Than The Juniors!,1,1
2019-03-20,"Dividend Increases For The High-Yield BDC Sector, Part 5: BlackRock TCP Capital",1,1
2015-12-17,Another Thesis Supporting A Bullish Case For Precious Metals Miners,1,1
2018-12-28,"Highlighted as Zacks Bull and Bear of the Day Lockheed Martin, Texas Roadhouse, Gaming and Leisure Properties, Americold Realty Trust and Arbor Realty Trust",1,1
2017-01-09,"Getting MLP Exposure Into The High-Income, Sustainable-Capital Portfolio: AMZA",1,1
2019-10-14,"Dividend Increases: October 7-11, 2019",1,1
2019-05-02,Green Dot Portfolio: April 2019 Update,1,1
2018-07-26,"Weekly CEF Roundup: NTG Rights Offering Expires, ECF Boosts Distribution",1,1
2017-04-04,"Integrated Investment Consultants, LLC Buys First Majestic Silver, SBA Communications, Suncor ...",1,1
2016-04-03,Drive On To Future Profits With Advance Auto Parts,1,1
2015-07-21,4th Annual Gateway Conference to Showcase More Than 80 Growth Companies in San Francisco on ...,1,1
2020-02-18,"Electrical Relays Market —…—… Global Industry Size, Segments, Share and Growth Factor ...",1,1
2016-05-19,"InsiderInsights.com Daily Round Up 5/19/16: ACTG, JAX, SQ, FLKS",1,1
2019-07-23,Advance Auto Parts (AAP) Upgraded to Buy: Here's Why,1,1
2018-04-05,Silver Finally Starts To Catch Up With Gold,1,1
2018-08-21,3 Dividend Diamonds In The Rough,1,1
2018-05-31,Enphase Energy Q2 Surprise?,1,1
2019-04-18,Adtran +12% to six-month high after Q1 beat,1,1
2018-06-28,Future Supply For Gold And Silver Is Horrendous,1,1
2012-04-30,"Profit From Agriculture (BG, CF, ADM, AGU)",1,1
2019-08-06,Weekly Review: High-Yield CEFs - The Trade War Is Again On Focus,1,1
2016-02-25,"Ashford Hospitality Trust beats by $0.01, beats on revenue",1,1
2017-12-12,Ross Stores Surges 25% in 3 Months: What's Aiding the Stock?,1,1
2012-02-13,"ADM, Deere, CF Industries Stocks Up On Corn Report",1,1
2013-02-25,Six Exciting Dividend Increases for Long-term income investors,1,1
2020-02-18,Alliance Data Provides Card Services Performance Update For January —…—…,1,1
2012-08-21,"Arlington Asset Investment Corp. (AI) Chairman and CEO Eric F Billings sells 7,827 Shares",1,1
2020-02-21,Enterprise AI Market Profound Analysis on Drivers and Restraints | Opportunities and Threatens ...,1,1
2018-04-12,Upcoming Proxy Battle At Acacia Research,1,1
2015-08-06,Insurance ETFs Gaining on Decent Q2 Results - ETF News And Commentary,1,1
2014-10-31,Progressive Waste Solutions (BIN) Jumps: Stock Rises 7% - Tale of the Tape,1,1
2018-10-05,Daily Insider Ratings Round Up 10/2/18,1,1
2020-02-21,"Smart Factory Market —…—… Global Share, Growth, Size, Opportunities, Trends, Regional ...",1,1
2020-05-12,"DRH Investments, Inc. Buys Salesforce.com Inc, Boeing Co, The Walt Disney Co, Sells Autodesk ...",1,1
2013-12-20,Violin Memory (VMEM) Soars: Stock Adds 14.3% in Session - Tale of the Tape,1,1
2015-09-16,Agilent declares $0.10 dividend,1,1
2016-09-14,ADTRAN acquires fiber access portfolio from CommScope,1,1
2012-09-24,"Weekly CFO Sells Highlight: ASGN, COF, AKRX, MCRS, GILD, ROP, PLL",1,1
2015-03-30,Analog Devices Upgraded On Apple Design Win,1,1
2018-11-05,Why American Eagle (AEO) Could Beat Earnings Estimates Again,1,2
2018-08-09,94 Monthly Paid Dividends From All Cap U.S. Equities Plus 80 MoPay Funds For August,1,1
2018-08-06,"Market Volatility Bulletin: U.S. Stocks Digest Recent Gains, While VIX Hangs Near 11",1,1
2011-08-16,"ADTRAN, Inc. - Growth & Income",1,1
2013-02-25,Two Better Investment Ideas Than WebMD Health (WBMD)? HSTM & ABCO,1,1
2016-10-14,Advantage Oil keeps rising after strong Q3 update; Credit Suisse upgrades,1,1
2020-04-24,"FundX Investment Group, LLC Buys iShares –-' Year Treasury Bond ETF, iShares Core U.S. ...",1,1
2019-01-10,Why the Earnings Surprise Streak Could Continue for Agco (AGCO),1,1
2019-08-05,Still Waiting For A Dividend Increase From Oaktree,1,1
2019-02-12,Arch Capital beats by $0.08,1,1
2016-08-18,Stocks Going Ex-Dividend The 4th Week Of August,1,1
2019-10-15,Qorvo Acquires Cavendish Kinetics For RF MEMS Tech,1,1
2019-02-18,"Challenging Q4 For The Dividend Growth TR Portfolio, But Well-Positioned For 2019",1,1
2019-02-05,Amyris and Aceto among Energy/Materials gainers; MagneGas Applied Technology Solutions and Cabot among losers,1,1
2018-12-03,"Arthur J. Gallagher acquires IBS Re Singapore, and 40% equity stake in PT IBS Insurance Broking Service in Indonesia",1,1
2015-09-28,Are MINTs A Better Investment Than BRICS Or CIVETS?,1,1
2015-12-14,Volatility Revisits High Yield Markets,1,1
2018-09-17,Walt Disney: Content Is The Driver And Dividend Increase Expected In November,1,1
2016-07-18,AAR Corp. - Potential Recovery Within Expeditionary Services And Organic Growth Can Trigger Significant Upside,1,1
2019-12-07,US Stock Market Weekly Update December 2 - 6,1,1
2019-12-16,All You Need to Know About Apartment Investment Management (AIV) Rating Upgrade to Buy,1,1
2013-12-04,"Autobytel Inc. (ABTL) Shares March Higher, Can It Continue? - Tale of the Tape",1,2
2014-09-12,"Manhattan Associates, Inc. (MANH) Jumps: Stock Rises 5.8% - Tale of the Tape",1,1
2018-05-23,"TransUnion to Buy iovation, Boost Fraud Identity Services",1,1
2018-08-10,Here's Why Colfax (CFX) is a Solid Investment Option Now,1,2
2016-06-13,Agios Upgraded As Anemia Drug Data Soothes Safety Concerns,1,1
2016-12-02,Aetna declares $0.25 dividend,1,1
2012-10-17,Trading the Setup In AES,1,1
2018-11-23,Meritor Gains From Robust Demand Despite Rising Expenses,1,1
2016-05-17,Celgene and Agios Pharma team up in immuno-oncology; Agios up 4% after hours,1,1
2016-03-23,Affymetrix (AFFX) Gains as Origin Ups Bid,1,1
2015-07-28,"Active Power beats by $0.08, beats on revenue",1,1
2016-04-22,Junk bond surge continues; how long can it last?,1,1
2019-06-09,Tracking Al Gore's Generation Investment Management Portfolio - Q1 2019 Update,1,1
2019-09-05,"Bread And Baked Food Market Share, Size (edition:—…–9)- Trend, Competition, Growth ...",1,1
2015-01-05,Agree Realty announces busy Q4 acquisition activity,1,1
2019-09-10,AGNC Investment (AGNC) Presents At Barclays Global Financial Services Conference - Slideshow,1,1
2016-05-20,Aixtron reportedly in sale talks with Chinese suitors; shares up sharply,1,1
2015-05-30,Advance Auto Parts Is Primed For Growth,1,1
2020-02-26,Accenture Expands Presence With 3rd Innovation Hub in India,1,1
2015-07-13,Anheuser-Busch InBev SA/NV (BUD) Catches Eye: Stock Up 5.2% - Tale of the Tape,1,1
2015-03-16,"Valeant Ups Salix Bid, Drives Out 'Disciplined' Endo",1,1
2010-03-31,Citigroup: Financial Winners & Losers,1,1
2017-03-14,"The High-Income, Sustainable-Capital Portfolio: March Update",1,1
2016-05-17,Agilent Hits 15-Year High As Q2 Earnings Point To Revived Growth,1,1
2013-10-01,LKQ Stock Revs Up Amid Global Expansion Drive,1,1
2018-08-31,Molina Healthcare Surges 80% YTD: Can the Rally Continue?,1,1
2018-01-24,UPDATE: Remote Monitoring and Control Provider OmniMetrix Adds Two New Fortune 5…… Energy ...,1,1
2019-01-10,Keep Your (High) Income On Track In 2019,1,2
2019-10-28,90 Monthly Paying Top Yield Dividend Dogs And 80 Funds For November,1,1
2020-04-10,"32 Firms Going Ex-Dividend Next Week, Including Accenture, PNC Financial And Abbott Labs",1,1
2019-04-02,Atlantic American declares $0.02 dividend,1,1
2017-02-14,GM Breaking Up?,1,1
2020-05-13,"Thornburg Investment Management Inc Buys Equitable Holdings Inc, Regions Financial Corp, ...",1,1
2014-10-15,ARGUS Enterprise Goes Global,1,1
2018-09-05,IBD Rating Upgrades: Ameren Flashes Improved Price Strength,1,1
2012-05-25,"More Hurry Up And Wait At Analog Devices (ADI, LLTC, TXN, ONNN)",1,1
2017-10-09,Gain Exposure to Gold Through Newcrest Mining,1,1
2018-01-31,Consumer Confidence Soars: 5 Retail Stocks Poised to Benefit,1,1
2012-09-04,The Best Dividend Paying Stocks from the S&P 500,1,1
2018-11-01,Jane's September Dividend Increases And Income Tracker - Retirement Accounts,1,1
2016-12-02,Why Rising Rates Are Good For High Yield Credit,1,1
2014-10-20,AK Steel Holding Corporation (AKS) Jumps: Stock Rises 9.4% - Tale of the Tape,1,1
2016-05-18,"American Eagle +15%, beating on top, bottom lines",1,1
2020-05-11,"Strategic Point Investment Advisors, LLC Buys iShares Edge MSCI Min Vol USA, iShares Core U.S. ...",1,1
2014-06-24,China Cord Blood (CO) in Focus: Stock Rises 8.6% - Tale of the Tape,1,1
2019-11-07,Daily Insider Ratings Round Up 11/4/19,1,3
2015-04-22,"Alliance Fiber up 6.5% on Q1 beat, strong Q2 guidance",1,1
2015-06-25,"Assured Guaranty, Dillard's, Express, Target and Big 5 Sporting Goods highlighted as Zacks Bull and Bear of the Day - Press Releases",1,1
2018-02-08,Study data show that Parkinson's patients could switch to Adamas Pharma's Gocovri without interruption; shares up 3%,1,1
2014-07-02,Regeneron Pharmaceuticals (REGN) Jumps: Stock Gains 7.4% - Tale of the Tape,1,1
2018-06-21,AGNC Investment And Cherry Hill Mortgage Investment: MBS Pricing For Q2 2018,1,1
2016-10-11,AGNC Investment's Q3 2016 Income Statement And EPS Projection - Part 2,1,1
2018-10-26,5 Stocks to Buy Despite Moderate Rise in Durable Orders,1,1
2018-05-03,AES Corp (AES) to Post Q1 Earnings: Is a Beat in Store?,1,1
2013-05-05,My 4 Favorite Stocks With Dividend Growth From Last Week,1,1
2018-08-10,ADMA Biologics Q2 revenues up 38%,1,1
2016-01-16,Dividend Contenders: 50 Increases Expected By The End Of March,1,1
2015-02-05,Hot Growth Stocks: What Sectors Lead 2015 Now?,1,1
2018-10-31,"Public Storage (PSA) Q3 FFO Beats Estimates, Revenues Up Y/Y",1,1
2017-07-28,"Dow Hits Another Record, NASDAQ Hits a Wall",1,1
2018-08-03,Heineken First Half Sales Up But Profits Down With Brazilian Integration,1,1
2015-09-29,"Defense Stock Roundup: India, U.S. Strengthen Military Ties; Raytheon Nabs Big Deals; Lockheed Boosts Dividend",1,1
2015-04-30,Garmin: A Bargain for Patient Investors,1,1
2018-05-29,17 'Safer' Dividend Real Estate WallStars From May,1,1
2020-05-11,"IFG Advisory, LLC Buys First Trust Capital Strength ETF, First Trust VL Dividend, Invesco ...",1,1
2019-01-15,Nabriva Therapeutics (NBRV) Jumps: Stock Rises 6.7%,1,1
2017-11-28,Is American Eagle (AEO) Likely to Beat Again in Q3 Earnings?,1,1
2019-08-23,"Gold, metals stocks extend gains amid market volatility",1,1
2017-12-19,AGNC Investment And Arlington Asset Investment: MBS Pricing For Q4 2017 (Includes Current BV Projections),1,1
2014-02-04,First Profit - Screen of the Week,1,1
2016-05-21,"InsiderInsights.com Daily Round Up 5/20/16: SHAK, AMBC, TICC, ACTG",1,1
2018-11-06,American Equity Investment Life Holding Company 2018 Q3 - Results - Earnings Call Slides,1,1
2015-07-27,"Re-Testing The Dividend Spectrum For Total Return Vs. SPY, DIA And Berkshire Hathaway",1,1
2016-09-30,SPY ETF Trades Flat In September But Climbed 4% In Q3 To All-Time Highs,1,1
2017-01-31,"Acxiom beats by $0.09, beats on revenue",1,1
2019-05-15,"ADXS, CLRB among premarket gainers",1,1
2016-12-20,AGNC Investment And Orchid Island Capital: MBS Pricing Update For Q4 2016 (Continued mREIT BV Decreases In December),1,1
2014-12-10,"Energy Sector Drags On Stocks; Lakeland, Spirit, Akorn Rise",1,1
2014-11-18,Sunesis Pharmaceuticals (SNSS) Jumps: Stock Surges 38.3% - Tale of the Tape,1,1
2015-09-22,Infinity Pharmaceuticals (INFI) Jumps: Stock Moves Up 8.6%,1,1
2018-01-24,"Amphenol (APH) Q4 Earnings Beat, Issues Bullish View for '18",1,1
2020-04-09,"Argan, Inc. Declares Regular Quarterly Dividend of $….—5 Per Share",1,1
2017-08-31,Analog Devices (ADI) in Focus: Stock Moves 5.2% Higher,1,1
2019-04-19,Global High Chrome Mill Internals Market Expected to witness a highest CAGR value of –'. ...,1,1
2016-12-09,Value Investing Vs. Dividend Growth Investing: How About Both?,1,1
2012-05-19,"Weekly CEO Buys Highlight: CLR, FCH, SFLY, AES, BECN",1,1
2019-02-21,Focus Financial Partners and Ares Commercial Real Estate among financial gainers; Uniti Group leads losers,1,1
2016-01-05,AT&T Expands Digital Life To U.K. Market In O2 Deal,1,1
2019-07-25,Aflac (AFL) Surpasses Q2 Earnings and Revenue Estimates,1,1
2018-02-27,After Hours Gainers / Losers (2/27/2018),1,1
2016-09-20,Barrick Gold Corporation: Update on Veladero and Kalgoorlie,1,1
2019-04-08,Automatic Data Processing (ADP) Is Up 3.86% in One Week: What You Should Know,1,1
2016-06-01,"Spending Is Up, But Faith (In The Economy) Is Down",1,1
2018-11-02,Consumer And Central Bank Buying Push Gold Demand Up In Q3,1,1
2016-06-03,Precious metal stocks rise in premarket trade,1,1
2017-08-30,CME Group vs Intercontinental Exchange: Which Stock Allures?,1,1
2015-04-30,AllianceBernstein higher as inflows and margins turn upward,1,1
2018-01-16,Weekly CEF Roundup: Alpine Sells CEF Management Contract To Aberdeen,1,1
2019-03-04,AptarGroup Grows on Business Transformation Amid Inflation,1,1
2019-06-14,50 Highest Foreign Stock Dividend Yields - June 2019,1,1
2020-05-13,"Aaron's, Inc. Directors Declare Dividend",1,1
2019-11-07,"ACI Worldwide EPS beats by $0.14, beats on revenue",1,1
2020-02-12,"VAE Emulsion Market Share,Size —…—… &ndash; Global Growth, Trends, Industry ...",1,1
2019-09-19,Cintas (CTAS) Shares Rises 49% YTD: What's Driving the Rally?,1,1
2017-08-09,Amerivest Investment Management LLC Buys iShares Core U.S. ...,1,1
2019-02-12,ADT Acquires LifeShield For DIY Home Security Tech,1,1
2017-11-21,Acorda Stock Up Despite Phase III Trial on Tozadenant Stops,1,1
2018-03-08,Agilent to acquire Advanced Analytical for $250M,1,1
2019-11-06,Arthur J. Gallagher acquires BonusDrive,1,1
2019-08-19,"USD —56.8 Mn, Global High Pressure Grinding Rollers (HPGR) Market Growth Factors Details for ...",1,1
2011-12-15,"American Campus Communities, Inc. - Growth & Income",1,1
2019-05-22,"Advance Auto Parts (AAP) Q1 Earnings Beat Estimates, Up Y/Y",1,1
2019-08-12,"The Keys to Successful Timing the Markets - August 12, 2019",1,1
2015-01-26,Ocwen soars after settling with California,1,1
2017-08-30,Analog Devices (ADI) Beat Earnings & Revenues in Q3,1,1
2017-01-09,3 Incredible Charts Prove High Yield Is 'Priced To Perfection',1,1
2018-02-21,Barrick Gold: An Attractive Investment Option,1,1
2019-12-08,November 2019 Dividend Portfolio Update,1,1
2018-01-10,"Hutchens Investment Management Inc Buys International Business Machines Corp, S&P Global ...",1,1
2020-03-12,"AI Recruitment Market —…–9-—…—7 / Growth, Emerging Trends and Future Opportunities",1,1
2019-09-27,Preferring Preferreds Again,1,1
2019-04-25,At 4.6…% CAGR : Global Voltage Regulators Market Size is Projected Robust Growth By —…—6,1,1
2017-10-19,"Mycio Wealth Partners, Llc Buys Eagle Point Credit Co Inc, Aon PLC, DowDuPont Inc, Sells Eagle ...",1,1
2015-06-11,The Market For 'Lemons': A Lesson For Dividend Investors,1,1
2019-11-27,"Dow, Other Indexes At Record Highs; Plenty For Which To Be Thankful",1,1
2018-03-07,ADP Outperforms Again: 235K New Jobs,1,1
2017-02-14,"AllianceBernstein beats by $0.18, beats on revenue",1,1
2017-02-06,Two Dividend Growth Stocks Looking At Projected Breakout Moves Of 8% And 36%,1,1
2020-03-18,"Anaesthesia Monitoring Devices Market Size, Trends —…–8 - Global Industry Share, Growth ...",1,1
2015-02-03,Finding Value In The Dividend Aristocrats List,1,1
2019-08-28,Weekly Review: Municipal Bond CEFs - A Slight Decline From The Record Highs,1,1
2017-12-14,Profitable Thursday - Last Week's Silver Play Beats BitCoin,1,1
2014-04-28,Pfizer and Lockheed Martin Top Dividend Growers of the Week,1,1
2019-01-31,"Jobless Claims Shoot Up to 253K, Q4 Earnings Solid: GE, UPS, MA",1,1
2015-10-13,Molina Healthcare Rises on Asset Acquisition Announcement,1,1
2015-12-24,"Pep Boys breakup is likely scenario, analyst says",1,1
2012-12-12,Best Services Stock Picks for 2013 | A Selection of Growth Stocks,1,1
2019-06-22,Autodesk (ADSK) Up 0.8% Since Last Earnings Report: Can It Continue?,1,1
2017-02-17,Barrick Gold Has Massive Upside Potential,1,1
2019-02-11,The Best Of The Best In Industrial Electrical Equipment: Dividends And Valuation,1,1
2019-05-30,AGCO Earns Relative Strength Rating Upgrade; Hits Key Threshold,1,1
2015-05-14,AcelRx Pharmaceuticals (ACRX) soars on defense contract,1,1
2019-10-17,"Leonard Rickey Investment Advisors P.L.L.C. Buys iShares Core U.S. Growth ETF, iShares U.S. ...",1,1
2018-11-23,44 Industrial 'Safer' Dividend WallStars Bagged In November By Dividend Dogcatcher,1,1
2019-08-06,"Edmonds Duncan Registered Investment Advisors, LLC Buys BlackRock Multi-Sector Income Trust, ...",1,1
2014-08-07,Strength Seen in Almost Family (AFAM): Stock Up 6.0% - Tale of the Tape,1,1
2019-05-03,Fortinet's (FTNT) Q1 Earnings & Revenues Beat Estimates,1,1
2016-09-16,"InsiderInsights.com Daily Round Up 9/15/16: Proteostasis Therapeutics, Viewray, Spectrum Brands, Virtus Total Return Fund",1,1
2015-04-20,Can the Uptrend Continue for Audience (ADNC)? - Tale of the Tape,1,1
2015-01-10,M&A activity soars in online ad tech market,1,1
2019-05-07,Agilent Technologies (A) Reports Next Week: Wall Street Expects Earnings Growth,1,1
2019-09-11,Alcoa upgraded at Credit Suisse as alumina prices on path to recovery,1,1
2018-05-18,"Resurgent Economy, Buyouts to Keep Health Insurers Buoyant",1,1
2018-09-26,Healthcare - Top 5 Gainers / Losers as of 11:00 AM (09/26/2018),1,1
2015-01-14,Update: First Majestic Silver Announces Record Production In Q4,1,1
2016-02-01,Doubling Your Dividend Aristocrat Yield,1,1
2019-06-26,AECOM wins support services contract from DOS,1,1
2019-10-19,Excellent Growth of Automotive Adhesive Tapes Market —…–9: Top Key Players – 'M ...,1,1
2019-07-30,"Albany EPS beats by $0.23, beats on revenue",1,1
2018-10-17,Achaogen files European application for plazomicin; shares up 5% premarket,1,1
2016-05-27,Stocks Going Ex-Dividend The First Week Of June,1,1
2011-12-21,4 Cheap Agriculture Stocks for 2012 - Investment Ideas,1,1
2015-12-08,Stocks Going Ex-Dividend The Third Week Of December,1,1
2019-11-08,"Ci Investments Inc. Buys SPDR Gold Trust, Exelon Corp, Cigna Corp, Sells Wells Fargo, ...",1,1
2016-05-03,Market-Beating Vanguard Health Care Fund Adds Shares to 5 Positions,1,1
2015-06-08,The Vetr community has upgraded $AAVL to 4-Stars.,1,1
2017-01-12,"ETF Investors Turn Defensive, Bid Up Bonds, Gold After Trump's Talk",1,1
2015-04-23,What Björn Paffrath Is Advising Institutional And High Net-Worth Investors,1,1
2019-02-06,Dividend Aristocrats for 2019 Revealed,1,1
2014-04-21,Stocks Rise In Weak Volume; Pfizer Paces Drugmakers,1,1
2016-11-30,"Aon Hits 52-Week High on Strong Q3, Recent Acquisitions",1,1
2017-09-26,ABB Set to Expand Globally with GE Industrial Acquisition,1,1
2016-06-22,Of Supernovas And Deflation,1,1
2018-07-23,Energy/Materials - Top 5 Gainers / Losers as of 2:00 PM (07/23/2018),1,1
2015-10-01,"Auto Stock Roundup: Tesla Impresses, VW Depresses",1,1
2019-04-04,Arthur J. Gallagher expands in western Canada,1,1
2019-12-03,Arlington Asset Investment Corp. Declares Fourth Quarter Dividends on Preferred Stock,1,1
2020-04-16,"City Holding Co Buys Trane Technologies PLC, Truist Financial Corp, iShares iBoxx $ Investment ...",1,1
2015-05-14,"InsiderInsights.com Daily Round Up 5/13/15: LJPC, LIFE, HTGM, COLL",1,1
2016-05-02,Industry Group Rankings Can Shed Light On Market Status,1,1
2018-09-13,"Chips, Internets Boost Nasdaq As Apple Continues Rise To $1.25 Trillion Market Cap",1,1
2019-06-20,Buy Two Harbors After The Dividend Reduction,1,1
2015-04-15,"InsiderInsights.com Daily Round Up 4/14/15: BH, NXRT, AGCO, COSI",1,1
2018-01-18,HudBay Minerals (HBM) and ArcelorMittal (MT) are Aggressive Growth Rank Buys,1,1
2015-03-08,11 Canadian Dividend Stocks You Should Consider For Your Dividend Growth Portfolio,1,1
2017-03-20,Acme United declares $0.10 dividend,1,1
2014-01-28,An Eagle Soaring Against the Draft,1,1
2016-11-07,"Acxiom beats profit, revenue expectations in fiscal Q2",1,1
2018-08-10,Ameren declares $0.4575 dividend,1,1
2018-11-27,Steel stocks in the red as Steel Dynamics' new project to add to U.S. supply,1,1
2018-08-17,AGNC Investment Corp.: Is This 11.3%-Yielding Mortgage REIT A Buy Right Now?,1,1
2020-05-15,"Barrow, Hanley, Mewhinney & Strauss Buys Cognizant Technology Solutions Corp, MGM Growth ...",1,1
2019-09-27,Insurance Broker BRP Group Starts U.S. IPO Effort,1,1
2018-07-26,Achaogen Announces Strategic Update to Align Operations with Commercial and Clinical ...,1,1
2018-12-31,Rite Aid (RAD) in Focus: Stock Moves 6.8% Higher,1,1
2019-11-12,Automatic Data Processing declares $0.91 dividend,1,1
2017-09-21,Colfax Scores Relative Strength Rating Upgrade; Hits Key Benchmark,1,1
2017-01-11,The Vetr community has upgraded $ADI to 5-Stars.,1,1
2019-05-02,"UAA, ZNGA among premarket gainers",1,1
2016-10-09,Barrick Gold Corp: Update on the Sale of ABX's 5…-Percent Stake in Kalgoorlie,1,1
2015-05-21,Goldman updates list of most-held hedge fund names,1,1
2019-12-09,Merger Arbitrage Mondays - Thoma Bravo's Acquisition Of Instructure Includes A Go-Shop Provision,1,1
2015-04-02,"Notable tech gainers: YOKU, VHC, CALL, COUP, NSR, VECO, AIXG",1,1
2019-10-17,Atlas Financial surges 15% after Nasdaq panel grants appeal,1,1
2019-06-03,Arthur J. Gallagher acquires The Protectors Insurance Group,1,1
2018-11-29,American Eagle Outfitters Gets RS Rating Upgrade,1,1
2020-02-10,"Andra AP-fonden Buys ViacomCBS Inc, Truist Financial Corp, Match Group Inc, Sells Fiserv Inc, ...",1,2
2018-04-09,David Morgan: Silver Market Set Up Is The 'Best I've Seen For A Very Long Time',1,1
2014-01-15,Drug Buyouts On The Rise -- But Buyers Changing,1,1
2017-01-11,The Vetr community has upgraded $ADHD to 3.5-Stars.,1,1
2019-05-23,"Annaly Capital's Dividend, BV, And Valuation Versus 19 mREIT Peers (Post Q1 2019 Earnings) - Part 1",1,1
2017-08-30,Agilent Technologies (A) Hits Fresh 52-Week High of $63.63,1,1
2018-02-01,Lincoln National (LNC) Beats on Q4 Earnings and Revenues,1,1
2019-07-26,CarMax (KMX) Hits Fresh High: Is There Still Room to Run?,1,1
2019-12-02,Accenture acquires Apis Group,1,1
2019-03-21,Global X SuperDividend REIT ETF: A Solution In Search Of A Problem?,1,1
2014-09-29,Janus Capital Group (JNS) Soars: Stock Adds 43% - Tale of the Tape,1,1
2016-08-05,My Dividend Growth Portfolio - Q2 2016 Summary,1,1
2013-07-02,Trading Idea: Is Barrick Gold close to Support?,1,1
2017-01-05,"2016 - A Great Year For Our Portfolios, Core Portfolio Was Up 56.20%",1,1
2018-01-18,"Your Daily Pharma Scoop: Juno Surges On Takeover Rumors, AEterna Zentaris Achieves Another Milestone, Spark Granted ODD",1,1
2015-02-03,Aetna ups revenues 22% in FY2014,1,1
2017-11-22,American Eagle: Candid Update On A Stock I Bought Too High,1,1
2016-10-31,"18 Dividend Increases: October 24-28, 2016",1,1
2018-02-08,"iRobot (IRBT) Beats on Q4 Earnings, Issues 2020 Guidance",1,1
2018-10-11,"Auto Stock Roundup: GM, HMC Tie Up for Self-Driving Technology, TM to Form JV",1,1
2013-02-25,20 of the Best Dividend-Paying Asset Management Stocks,1,1
2016-11-30,Is This Better Than A High Dividend Yield?,1,1
2018-06-14,Redfin says May real estate market is fastest on record,1,1
2018-04-09,2 Mines Supply Half Of U.S. Silver Production And The Real Cost To Produce Silver,1,1
2018-08-02,McDonald's: Dividend Aristocrat For Total Return And Income,1,1
2018-02-27,"Welbilt to Acquire Crem for $224M, Provides Solid '18 View",1,1
2019-07-16,Akamai Technologies (AKAM) Upgraded to Buy: Here's Why,1,1
2020-05-06,"Private Ocean, LLC Buys Apple Inc, SPDR Nuveen Bloomberg Barclays High Yield Municipa, Vanguard ...",1,1
2019-11-08,"Air Lease (AL) Beats on Earnings in Q3, Increases Dividend",1,1
2015-01-11,High-Yield Dividend Champion Portfolio: January Update,1,3
2018-08-10,Credit Suisse initiates ADP at 16% upside,1,1
2018-12-18,"RIOT, MRIN among premarket gainers",1,1
2015-06-26,Today's Market: Healthcare Stocks In Focus As Acquisition Rumors Circulate,1,1
2019-09-05,Why Is Aecom (ACM) Up 8% Since Last Earnings Report?,1,2
2019-01-29,AK Steel: Time For Upside,1,1
2015-04-09,"AllianceBernstein , Royal Gold, Pretium Resources, Asanko Gold, Mitsubishi UFJ Financial Group and Kyocera highlighted as Zacks Bull and Bear of the Day - Press Releases",1,1
2018-05-22,"Nordson Corporation (NDSN) Beats on Q2 Earnings, Revenues",1,1
2016-10-25,My Dividend Growth Portfolio - Q3 2016 Summary,1,1
2019-05-03,Idera Pharmaceuticals and ViewRay among healthcare gainers; ARCA biopharma and Precipio among losers,1,1
2019-11-08,Assurant declares $0.63 dividend,1,1
2012-09-20,"American Financial Group Inc. (AFG) Co-CEO & Co-President S Craig Lindner sells 13,914 Shares",1,1
2019-05-02,"Cirrus Logic (CRUS) Q4 Earnings Surpass Estimates, Down Y/Y",1,1
2019-01-01,Crescat Capital Up 40% In 2018 On Everything Bubble Short,1,1
2019-05-15,Weekly Review Of High-Yield CEFs: First Trust High Income Long/Short Fund Is 8.63%-Yielder Trading At A 12.99% Discount,1,1
2020-02-14,American Equity Investment Life Joins Rank Of Stocks With 95-Plus Composite Rating,1,1
2015-03-16,Trevena Inc: Profitable To You And Disruptive To Everyone Else,1,1
2012-12-06,"Using ETFs To Spice Up A Bond Portfolio (BND, AGG, AGZ, BAB, IBND)",1,1
2017-08-03,AIG Q2 Earnings Beat as Restructuring Initiatives Pay Off,1,1
2019-11-20,Tracking Prem Watsa's Fairfax Financial Holdings Portfolio - Q3 2019 Update,1,1
2018-06-25,Honeywell International: Buy For Good Total Return And Steady Dividend Increases,1,1
2018-12-31,Acasti up 4% premarket on advancement of CaPre studies,1,1
2019-04-23,Coca-Cola (KO) Stock Rises on Q1 Earnings and Sales Beat,1,1
2018-11-19,"AKER, LEJU among premarket gainers",1,1
2019-09-24,Top Ranked Growth Stocks to Buy for September 24th,1,1
2015-07-29,"Atlantic Coast Federal beats by $0.09, beats on revenue",1,1
2019-12-02,Arch Capital (ACGL) Acquires United Kingdom-Based Barbican,1,1
2016-09-17,"InsiderInsights.com Daily Round Up 9/16/16: PNK, ADMS, EIGI, GPX",1,1
2017-03-19,The Vetr community has upgraded $ACOR to 4.5-Stars.,1,1
2020-02-24,Engine Cooling System Market To Expand On The Back Of Increasing Automobile Production By A ...,1,1
2018-10-03,AGNC Investment's Q3 2018 Income Statement And Earnings Projection - Part 1 (Including Net Spread Trend),1,1
2019-01-24,Aflac (AFL) Reports Next Week: Wall Street Expects Earnings Growth,1,1
2020-01-22,"Convergence Investment Partners, LLC Buys Wyndham Destinations Inc, General Mills Inc, ...",1,1
2020-04-16,Acorda Therapeutics (ACOR) Flat As Market Gains: What You Should Know,1,1
2015-03-03,Why First Majestic Silver Corp (AG) Could Be Positioned for a Surge? - Tale of the Tape,1,1
2018-08-01,Is AllianceBernstein (AB) a Great Dividend Play?,1,1
2018-05-23,Premarket Gainers as of 9:05 am (05/23/2018),1,1
2018-11-02,10 Nasdaq 'Safer' Dividend Dogs Chase 26.65-72.28% Net Gains Per Broker October 2019 Targets,1,1
2018-11-21,Alcoa (AA) Outpaces Stock Market Gains: What You Should Know,1,1
2012-12-19,Dividend Stocks I Purchased Over the Past Two Months,1,1
2014-05-12,Universal Display (OLED) Soars: Stock Rises 15.2% in Session - Tale of the Tape,1,1
2012-02-08,Advance Auto Parts Upside Looming?,1,1
2017-01-18,HCI Group (HCI) Rewards Investors with 17% Dividend Hike,1,1
2015-01-14,Arian Silver Operations Update,1,1
2018-11-21,WTO to set up panels to rule on U.S. tariff disputes; steelmakers rise,1,1
2014-01-22,Alcobra (ADHD) Jumps: Stock Rises 9.0% - Tale of the Tape,1,1
2018-06-12,AllianceBernstein assets edge higher in April,1,1
2017-06-20,Reliance Steel (RS) Updates Earnings Guidance for Q2,1,1
2017-10-19,"SAP SE (SAP) Q3 Earnings Rise Y/Y, Revenues Top, View Up",1,1
2014-10-21,Stocks Extend Gains At Midday; Akorn Clears Buy Point,1,1
2018-11-02,Treasury rout erases October's gains,1,1
2012-06-12,7 Cheapest Bank Takeout Target Stocks From KBW (Update 2),1,2
2016-11-18,"Macom, Lumentum Lead Highflying Spotlight Stocks",1,1
2016-11-30,"S&P 500 ETFs Rise In November, But Small-Cap Peers Are The Real Stars",1,1
2019-11-27,Arch Capital Group (ACGL) Chairman & CEO Arch Re Group Maamoun Rajeh Sold $– million of Shares,1,1
2019-01-30,"Automatic Data Processing beats by $0.16, beats on revenue",1,1
2020-04-17,Is a Beat in the Cards for W.R. Berkley's (WRB) Q1 Earnings?,1,1
2018-05-04,After Hours Gainers / Losers (05/04/2018),1,1
2011-05-17,8 Stocks That Could Get Squeezed Higher,1,1
2020-04-29,Adamis (ADMP) Moves to Strong Buy: Rationale Behind the Upgrade,1,1
2016-02-19,13 Stocks Enticing Investors With Higher Dividends,1,1
2016-11-21,Dividend Contenders: 23 Increases Expected By The End Of January,1,1
2019-11-13,Ron Baron's Baron Growth Fund Comments on Arch Capital,1,1
2019-04-05,Stocks Are About To Break Out and Head Towards Their All-Time Highs,1,1
2019-04-17,Stop Being Stubborn: Hunting For Dividends In AGNC's Preferred Share,1,2
2012-03-16,"Stocks to Watch: ReneSola, UPS, AIG (Update 1)",1,1
2018-02-08,ADP: Not As Attractive As I Thought From A Dividend Perspective,1,1
2019-05-01,Arlington Asset Investment misses by $0.09,2,2
2015-09-30,Stock Movement Prior To Phase III Trial Releases: Penny Stocks Rise While Big Stocks Fall,2,2
2019-12-13,Trade Deal Cut in Principle? Sector ETFs to Soar,2,2
2019-08-11,"Precious Metals Soar On Falling Yields, Global Currency Turmoil",2,2
2018-08-30,"American Eagle (AEO) Q2 Earnings Beat, Q3 View Hurts Stock",2,2
2019-06-26,SHAREHOLDER ALERT: Pomerantz Law Firm Reminds Shareholders with Losses on their Investment in ...,2,2
2017-12-01,"Cummins downgraded, AGCO upgraded at Goldman in move to ag sector",2,2
2017-10-12,XL Group Provides Loss Estimates Stemming from Catastrophes,2,2
2017-01-17,Follower Favorite Dividend Dogs Led By NextEra Into 2017,2,2
2015-12-03,Did Something Blow Up In Junk?,2,2
2016-05-10,Arlington Asset Investment misses by $0.12,2,2
2016-10-27,"Arthur J.Gallagher misses by $0.15, beats on revenue",2,2
2013-12-30,"Weekly 3-Year Lows Highlight: SEAS, AMTG, AHH, NCTY, CDXS",2,2
2019-11-05,"Expeditors' (EXPD) Q3 Earnings Beat, Revenues Miss Mark",2,2
2015-05-15,"Einhorn buys into GM/M/IM, exits AET/DOX, ups CBI/AER, cuts MRVL/LRCX",2,2
2016-01-04,Platform Specialty Products: Transitory Factors & Overblown Concerns Create Incredible Upside,2,2
2016-05-18,Analog Devices beats despite consumer market decline,2,2
2010-07-14,Retail Sales Fall Again in June,2,2
2015-02-02,"Stocks Blip Up, Reverse Lower; Airlines Down",2,2
2013-09-13,Invest in Stocks with a Margin of Safety to Reduce Risk and Enhance Returns,2,2
2019-09-13,"Advanced Auto upped to Buy, O'Reilly downgraded at Citi",2,2
2017-01-24,"Ashford Prime hikes dividend, revises management agreement following review",2,2
2017-10-11,"The Navigators Group Counts Cat Loss Estimates, Shares Slip",2,2
2017-06-13,"Fujifilm (FUJIY) Beats on Earnings, Misses Revenues in Q4",2,2
2017-08-09,7 Low Price-to-Sales Stocks with Growth Potential,2,2
2012-06-06,AAR Lower With High Volume,2,2
2016-08-08,Major ETFs Nudge Lower As Biotech Decline Offsets Higher Oil Prices,2,2
2017-07-20,"ABB's Q2 Earnings Beat Estimates but Fall Y/Y, Shares Down",2,2
2019-07-04,First-Half 2019 ETF Asset Flow Roundup,2,2
2016-11-11,Stock ETFs Fall But Eye Big Weekly Gains; Is Copper The New Gold?,2,2
2019-05-07,"AES misses by $0.02, beats on revenue",2,2
2018-04-23,Can Universal Health (UHS) Q1 Earnings Beat on Admissions?,2,2
2018-03-12,"Rationalizing Those Peak-Cycle Numbers, Part 1: Investors 'Unconcerned' About Record Corporate Debt",2,2
2012-08-10,Upgrades & Downgrades,2,2
2013-06-04,"Verint Systems Stock Dips On EPS Miss, Sales Beat",2,2
2019-02-12,Fanuc Beaten Down On Sharp Order Declines,2,2
2019-06-14,Ashford Hospitality sinks 15% after cutting dividend,2,2
2016-09-19,"U.S. Steel, AK Steel upgraded at KeyBanc after getting cut just last month",2,2
2017-11-17,Near record outflows from junk bond funds,2,2
2018-01-16,"Zacks.com highlights: Robert Half International, PetMed Express, Five Below, Patrick Industries and American Eagle Outfitters",2,2
2015-09-16,"Newmont Mining price target cut at RBC, but gold shares soaring today",2,2
2015-08-13,Auto Stock Roundup: Tata Motors Earnings & Ford China Sales Fall,2,2
2019-03-04,Assured Guaranty (AGO) Q4 Earnings Up Y/Y on Lower Expenses,2,2
2017-01-25,Super Investor Strategies For A Low Return World,2,2
2016-02-25,"Ashford Hospitality Prime misses by $0.09, beats on revenue",2,2
2015-05-26,AutoZone Q1 Earnings Beat Views After Rivals Miss,2,2
2018-11-26,"Fiserv (FISV) Rides on Strategic Business Moves, Debt High",2,2
2016-11-04,Fourth straight week of high-yield outflows,2,2
2019-11-12,Advanced Emissions Solutions declares $0.25 dividend,2,2
2013-02-14,Below Support: Barrick Gold,2,2
2018-02-22,The Chemist's 'High-High-Low' CEF Report - January 2018,2,2
2018-10-25,Amerisafe's (AMSF) Q3 Earnings Surpass on Lower Expenses,2,2
2019-11-08,"Magnus Financial Group LLC Buys Invesco S&P 5…… Low Volatility ETF, First Trust North ...",2,2
2016-01-09,3 Ways New ObamaCare Sign-Up Data Are Really Bad News,2,2
2017-10-16,Solid ETF Asset Inflows Boost BlackRock Earnings,2,2
2016-11-04,Healthcare ratings roundup -upgrades/downgrades,2,2
2010-11-10,"Advance Auto: Analysts' Upgrades, Downgrades",2,2
2012-01-24,"AK Steel Posts Beats In Q4 Loss, Delays Guidance",2,2
2016-10-26,AK Steel pops 5% at the open following upgrade at BofA Merrill,2,2
2015-10-21,A Bond-Free Portfolio: Why Cash Should Replace Bonds To Reduce Risk And Improve Returns,2,2
2015-02-26,Assured Guaranty gains after miss as discounted buybacks roll on,2,2
2017-01-31,"AFLAC misses by $0.09, beats on revenue",2,2
2018-03-29,"Auto Stock Roundup: Pickup Demand Up, TSLA to Lower Norway Delivery, F Inks MoU",2,2
2017-12-24,"Weekly CEF Roundup: More Cuts From Nuveen And BlackRock CEFs, Saba Targets AOD",2,2
2016-11-14,REITs falling again (but not all) as bond vigilantes return,2,2
2016-09-12,Positive flows boost AllianceBernstein AUM,2,2
2015-05-26,"Barrick investors welcome Chinese tie-up, debt reduction moves",2,2
2016-08-02,Mining Funds Hammer Ahead As Gold Hits 3-Week High; Oil Sags Below $40,2,2
2016-03-03,"Avalanche Biotechnologies misses by $0.02, beats on revenue",2,2
2016-09-23,10 Of 30 Follower Fave Dogs Survive Dividend Safety Check,2,2
2014-08-05,Stock Futures Grope Lower; Gannett Surges On Plan To Split,2,2
2019-10-09,"Market Volatility Bulletin: Treasury Vol Tracking Lower, But The Trend Is Still Moving Up",2,2
2015-04-28,"AK Steel misses by $0.03, beats on revenue",2,2
2015-02-17,Celgene: A Follow-Up To My Bullish Article Of Last Spring,2,2
2018-10-24,"Acadia Realty Trust misses by $0.01, beats on revenue",2,2
2012-08-09,The Best Dividend Contenders by Free Cash Flow,2,2
2019-12-10,"Argan EPS misses by $0.38, beats on revenue",2,2
2016-12-08,Aflac: Investment Returns Under Serious Pressure,2,2
2017-09-15,"Pharma Stock Roundup: Achillion Slumps on End of HCV Deal, Teva Gets a New CEO",2,2
2016-07-25,"American Campus Communities beats by $0.02, misses on wholly owned properties revenue",2,2
2018-09-05,NRG Energy (NRG) Scales a New 52-Week High on Debt Reduction,2,2
2020-03-06,US Treasury Yields Slip to All-Time Lows: 5 Big Gainers,2,2
2018-04-04,"Metals, miners plunge as U.S.-China trade tensions ratchet up",2,2
2020-03-25,"AAR Corp (AIR) Earnings Beat Estimates in Q3, Sales Miss",2,2
2019-04-04,Aehr Receives Follow-on Order for FOX-XP™ Wafer Level Test and Burn-in System for High Volume ...,2,2
2018-05-03,"Aceto misses by $0.22, beats on revenue",2,2
2017-09-29,"Aehr Test Systems Soars on Q1 Numbers, Follow-On Orders",2,2
2018-11-12,Illumina's Growth Shows No Signs of Slowing Down,2,2
2016-11-09,"Agilysys misses by $0.04, beats on revenue",2,2
2016-08-22,Cotton Drops To Critical Support,2,2
2019-09-05,American Eagle (AEO) Slumps Despite Q2 Earnings & Sales Beat,2,2
2020-02-07,Advanced Emissions Solutions Announces First Quarter Cash Dividend,2,2
2020-02-06,"ABIOMED (ABMD) Earnings Beat Estimates in Q3, Revenues Miss",2,2
2018-04-19,"Auto Stock Roundup: China to Scrap Limit on Foreign Auto JVs, GM to Cut Jobs",2,2
2015-03-31,Strong Dollar Hurts Profit Forecasts In Long Term,2,2
2016-08-09,S&P Fund Has Rallied 10% From Brexit Lows As It Pegs Fresh All-Time High,2,2
2019-01-23,The Chemist's 'High-High-Low' Closed-End Fund Report: December 2018,2,2
2017-11-21,"Agilent (A) Beats on Q4 Earnings & Revenues, Lowers Guidance",2,2
2018-06-28,"Auto Stock Roundup: HOG to Shift Production to Escape EU Tariff, F & TM in Focus",2,2
2017-07-19,Strong ETF Inflows Boost BlackRock Earnings,2,2
2019-08-13,"Green Dot (GDOT) Beats Q2 Earnings Estimates, Cuts '19 View",2,2
2016-01-14,"ObamaCare Signups Are So Slow, There Must Be A Glitch",2,2
2015-08-28,"Stock Futures Down, But Off Lows; Freeport, Activision, Ulta Soar",2,2
2015-05-28,"Agilysys misses by $0.03, beats on revenue",2,2
2019-08-01,The Motte And Bailey Fallacy - Precious Metals Supply And Demand,2,2
2012-01-25,5 Low-Leveraged High-Yield Stocks from the S&P 500,2,2
2019-07-17,The Chemist's 'High-High-Low' Closed-End Fund Report: June 2019,2,2
2016-02-04,"Dollar Plunges, Gold And Oil Soar, Stocks Utterly Confused - Bezek's Daily Briefing",2,2
2016-02-25,"ACI Worldwide misses by $0.07, beats on revenue",2,0
2016-09-15,Bulls Take Control As Indexes End With Big Gains; Oracle Falls Late,2,2
2019-01-18,"Silver keeps sliding as haven demand declines, supplies are plentiful",2,2
2018-02-15,"Acorda Therapeutics misses by $0.44, beats on revenue",2,2
2017-12-07,American Eagle (AEO) Surges Despite Q3 Earnings & Sales Miss,2,2
2016-05-16,Alcobra (ADHD) Gains With Losses on Horizon,2,2
2019-01-25,Update: ETF Focus Ultra Low Cost Core Portfolio (Year-End Trades And Rebalancing),2,2
2019-11-12,"ADT EPS misses by $0.23, beats on revenue",2,2
2016-08-04,"AAC Holdings misses by $0.05, beats on revenue",2,2
2018-10-14,IBM: Avoid This Poor-Total-Return And Low-Growth Company,2,2
2016-08-12,"ADMA Biologics misses by $0.11, beats on revenue",2,2
2018-01-29,"Alliance Holdings misses by $0.05, beats on revenue",2,2
2018-08-07,"AECOM Technology misses by $0.01, beats on revenue",2,2
2018-05-04,"Arbor Realty Trust beats by $0.01, misses on net interest income",2,2
2019-04-25,"UPS' Q1 Earnings and Revenues Miss Estimates, Stock Down",2,0
2016-07-28,"InsiderInsights.com Daily Round Up 7/27/16: Blackrock Debt Strategies Fund, Bank Of Commerce, Nuveen Global Equity Income Fund",2,2
2017-11-03,"AIG Misses on Q3 Earnings Due to Weather, to Puff Up Reserves",2,2
2016-11-02,Vanguard blows throw full-year inflow record,2,2
2020-06-03,Zoom Stock Rises Then Falls After Blockbuster Earnings,2,2
2010-03-08,"U.S. Steel: Analysts' Upgrades, Downgrades",2,2
2015-07-30,"ACI Worldwide misses by $0.02, beats on revenue",2,2
2015-01-03,Bet On The House With These Low-Risk Asset Managers,2,2
2015-08-12,Barrick Was Right To Cut Its Dividend,2,2
2018-08-02,"ACI Worldwide misses by $0.03, beats on revenue",2,2
2010-07-15,"Mechel Swings to Profit, Sees Fall Turnaround",2,2
2019-10-17,Lower For Longer: Rising Vulnerabilities May Put Growth At Risk,2,2
2016-11-29,Stock ETFs Broadly Higher But Oil And Metal Stocks Crumble On Commodity Losses,2,2
2014-07-21,"Genuine Parts Motors Past Forecast, Sales Growth Slow",2,2
2018-03-27,Advanced Emissions Solutions to Present at Sidoti Spring —…–8 Emerging Growth Convention,2,2
2015-11-25,Insurance Stocks - Did We Miss The Boat? Or Is The Recent Run-Up An Overreaction To Expected Rate Increases?,2,2
2020-04-30,"KBR's Q1 Earnings & Revenues Beat Estimates, Guidance Cut",2,2
2019-05-01,"ACADIA Pharma misses by $0.07, beats on revenue",2,2
2018-09-07,"AK Steel gets two-notch upgrade, Reliance Steel double downgrade at BAML",2,2
2017-09-14,Don't Miss the Rally: 4 Retail Stocks Near Fresh Highs,2,2
2019-08-01,"Ashford EPS misses by $0.29, beats on revenue",2,2
2017-05-31,Stocks Reverse Lower As Oil Slides; Chipmaker Rockets On EPS Beat,2,2
2015-12-09,Something Did Blow Up In Junk,2,2
2018-06-22,The Chemist's 'High-High-Low' CEF Report - May 2018,2,2
2015-04-26,"Weekly 3-Year Low Highlights: ADTN, ASCMA, ASEI, BBOX",2,2
2018-05-25,The Chemist's 'High-High-Low' CEF Report - April 2018,2,2
2020-04-14,5 High-Yielding Stocks Trading at Low Price-Earnings Ratios,2,2
2019-08-28,Autodesk Inc. Plummets Despite Earnings Beat,2,2
2012-02-07,"Agco EPS beats, sales miss",2,2
2013-02-08,Stocks Up As Trade Falls; Best Close For Nasdaq Since 2000,2,2
2017-02-06,Advanced Emissions Solutions up 6% on buy rating,2,2
2018-03-01,"W.R. Berkley (WRB) Rides on Premium Growth, Suffers Cat Loss",2,2
2013-02-04,10 Most Profitable Banks Trading Below Book Value,2,2
2018-05-04,"Flossbach Von Storch Ag Buys Worldpay Inc, Philip Morris International Inc, UBS Group AG, Sells ...",2,2
2018-05-14,"JF's Core Biotech Buys #15: Removal Of A Key Overhang, Buying Weakness In I-O, Updates And Adding To 2 Positions",2,2
2019-06-13,Cattle And Hog Prices Move Lower - AFS Continues To Threaten Pork Supplies,2,2
2012-05-14,"Downgrades Roundup: Marathon Oil, Dish",2,2
2016-07-27,"Apple Chip Supplier NXP Earnings Fall, But Top Views",2,2
2019-05-10,"Agenus (AGEN) Q1 Earnings Beat Estimates, Revenues Miss",2,0
2015-09-30,Baidu Downgraded; Valeant Soars On Analyst Move,2,2
2015-03-09,Gold Is On Life Support: 5 Reasons Gold Is Going Lower,2,2
2010-04-06,"Clean Energy: Analysts' Upgrades, Downgrades",2,2
2017-01-10,Industrial metals stocks surge after China cuts capacity,2,2
2012-04-04,"Up/Downgrades ( AGO, NRG, CIEN, JAG, NSC, TLAB, PII, NVO, THI, GPS )",2,2
2012-12-04,Aspen Insurance Lower With High Volume,2,2
2018-01-30,AK Steel moves higher following smaller than expected Q4 loss,2,2
2015-01-30,"Many Leading Stocks Stumble But Biogen, Harman Soar",2,2
2018-11-07,"ADT misses by $0.28, beats on revenue",2,2
2017-07-31,"Roper (ROP) Q2 Earnings Surpass Estimates, Revenues Miss",2,2
2019-04-16,"Argan misses by $0.02, beats on revenue",2,2
2015-09-23,New Liquidity Risk Management Reforms Devised by SEC,2,2
2020-05-18,Yuan Slumps as US-Chinese Tensions Rise,2,2
2019-07-25,"AllianceBernstein EPS misses by $0.03, beats on revenue",2,2
2019-09-19,Fed Cuts Rate Again by 25 Basis Points: 4 Utilities to Buy,2,2
2017-08-10,"Retail Earnings Roundup: Macy's, Kohl's, Dillard's Plummet",2,2
2015-09-14,Acadia Health upsizes debt offering to $275M,2,2
2017-01-18,Argo Group (AGII) Comes Up with Cat Loss Estimates for Q4,2,2
2016-07-07,Affiliated Managers Group At Historically Low Valuation,2,2
2018-04-02,"Money Flows, Market Structure Project Major Turnings Points In SPX, NDX, 10Y Yield, Gold, U.S. Dollar, High Yield, And Bitcoin",2,2
2019-05-21,"Adecoagro misses by $0.08, beats on revenue",2,2
2015-10-02,SHAREHOLDER ALERT: Pomerantz Law Firm Reminds Shareholders With Losses on Their Investment in ...,2,2
2018-11-28,Global Debt Increase 2018 Vs. Gold Investment: Must See Charts,2,2
2019-03-21,Transamerica launches EM managed risk ETF,2,2
2017-11-20,"Agilent fiscal Q4 top line up 7%; earnings up 41%; cash flow ops up 23%; soft Q1 guidance sinks shares, down 5% after hours",2,2
2016-08-16,"Advance Auto Parts misses by $0.23, beats on revenue",2,2
2019-09-25,The Chemist's 'High-High-Low' Closed-End Fund Report: August 2019,2,2
2019-11-02,The Chemist's 'High-High-Low' Closed-End Fund Report: September 2019,2,2
2015-07-22,"Astoria Financial beats by $0.02, misses on net interest income",2,2
2018-10-26,"Lear (LEA) Beats Q3 Earnings Estimates, Lowers 2018 Guidance",2,2
2014-02-16,"Weekly 3-Year Low Highlight: TEU, KIPO, GNI, PTNT, AHPI",2,2
2018-11-06,"Assurant misses by $0.04, beats on revenue",2,2
2018-01-08,Karen Schenone Positions For 2018: Not Enough Investors Are Thinking About Bonds As A Hedge To Equity Market Risk,2,2
2019-07-19,"Even At All-Time Highs, The Economy Is Still Slowing - Here's Why It Matters",2,2
2015-02-27,"Notable tech gainers/decliners: VHC, MXWL, WDAY, NOW, IPGP, SIMO",2,2
2019-08-09,Agilent Technologies Hitting Lower Rail Of Upwardly Sloped Trend Channel Ahead Of Earnings,2,2
2019-02-28,"AAON misses by $0.05, beats on revenue",2,2
2016-05-14,Retail heavyweights on tap for earnings amid disruptive backdrop,2,2
2016-12-20,"Bernard Horn Gains — Holdings, Cuts ' Others",2,2
2019-10-24,"Agilysys EPS misses by $0.03, beats on revenue",2,2
2018-09-10,"Weekly Closed-End Fund Roundup: Cuts To First Trust And John Hancock CEFs, GCV Rights Offering",2,2
2019-03-21,High Yield Energy Debt: The Writing Is On The Wall/Oil,2,2
2019-02-20,"Aceto misses by $0.23, beats on revenue",2,2
2018-07-03,1H Asset Flow Roundup: What's Hot & What's Not,2,2
2017-12-28,"Defense Stock Roundup: LMT, BA, GD Win Deals, AIR Misses on Q2 Earnings",2,2
2012-03-05,"Up/Downgrades ( JBL, PRGO, SON, GEF, LMT, AIXG, WY, ATW, BBW, VNO )",2,2
2019-08-06,Fallen Angel High Yield Bonds In The Late Cycle,2,2
2019-03-26,"Report: Exploring Fundamental Drivers Behind ABB, Sotheby's, Apollo Global Management, Verisk ...",2,2
2017-01-09,"Latest SGE Withdrawals Lowest Since 2012, But What's The Significance For Gold Stock Investment?",2,2
2017-02-09,Wholesales Follow The Trend: Growth Acceleration,2,2
2015-10-19,"Premarket Biotech Digest: Gilead's Upcoming Earnings, Setback For AstraZeneca, Zafgen Tumbles 50%",2,2
2019-04-25,The Chemist's 'High-High-Low' Closed-End Fund Report: March 2019,2,2
2019-02-28,"Greif (GEF) Earnings Beat, Sales Fall Shy Of Estimates in Q1",2,2
2016-10-03,Oil ETF Continues To Bubble Up But Broad Market Slumps On Weak Data,2,2
2018-02-27,"Achaogen misses by $0.18, beats on revenue",2,2
2016-03-24,"50/50 (BDC And MREIT) Q1-2016 Update, Chasing Yield; The Road Less Traveled Accelerates Income Cash Flow",2,2
2013-10-29,"Actavis Soars, Questcor Falls",2,2
2016-07-28,Oil ETF Drops Into Bear Market; Amazon Rises In After-Hours Trade,2,2
2015-02-11,Apogee Enterprises Buffs Cutting Edge Of Glass Sector,2,2
2018-04-04,Gold a rare gainer after China tariff move,2,2
2020-05-01,"Fortive's (FTV) Q1 Earnings Beat Estimates, Revenues Miss",2,2
2018-10-29,"Energy shares trade low on high crude prices and pipeline constraints, while commodities provide some cushion to Energy/Materials sector",2,2
2017-12-06,"U.S. Steel, AK Steel surge on tariff ruling; Axiom's Johnson pooh-poohs news",2,2
2018-10-03,5 Stocks With Amazingly Low EV/EBITDA Ratios to Scoop Up,2,2
2020-03-11,5% Surge Recovers More Than Half of Yesterday's Plunge,2,2
2019-10-23,"Caterpillar -5% after slashing profit forecast, missing estimates",2,2
2018-07-06,Chalco to cut Shanxi alumina production due to high bauxite cost,2,2
2015-01-12,ETF Flows Set A Fresh Record In 2014,2,2
2019-12-16,Dow Jones Futures: Tesla Leads 5 Stocks Reclaiming Buy Points As Market Rally Hits New Highs; Boeing Extends Losses,2,2
2019-04-17,Ashford Hospitality Trust: Not A Bad 10% Dividend While Waiting For A Catalyst,2,2
2018-03-15,"Asanko Gold misses by $0.01, beats on revenue",2,2
2019-08-15,Gold Fields swings to H1 profit but headline EPS falls,2,2
2019-09-04,"Adamis Updates Investors On SYMJEPI Launch And ZIMHI PK Study, While The Stock Hits A New 52-Week Low",2,2
2019-04-25,"Telecom Stock Roundup: AT&T, Verizon Miss Q1 Revenue Estimates & More",2,2
2017-10-11,"Zacks.com featured highlights include article Thor Industries, Duluth Holdings, AllianceBernstein, Five Below and American Woodmark",2,2
2016-07-07,Smaller-Cap ETFs Cling To Gains As Oil Reversal Sends Indexes Lower,2,2
2017-08-29,"Centene (CNC) Poised to Grow on Buyouts, High Debt Bothers",2,2
2015-12-14,A Follow-Up On Chipotle: Food With Integrity Hits A Titanic Iceberg Of Indigestion,2,2
2016-05-10,Advanced Emissions Solutions beats by $0.08,2,2
2014-05-06,Stocks Finish Down; Twitter Drops As Lockup Expires,2,2
2017-08-08,"Envision Healthcare (EVHC) Q2 Earnings Beat, '17 View Cut",2,2
2019-02-08,"Junk bond funds attract flows, bond sales at 2-year high",2,2
2019-07-26,"ABB Q2 Earnings Top Estimates & Revenues Miss, Orders Up Y/Y",2,2
2015-03-31,U.S. Steel cuts capacity again,2,2
2020-03-09,5 Stocks With Falling Prices and High Yields,2,2
2015-06-29,Calgon Carbon -8% after Supreme Court ruling on mercury emissions,2,2
2018-01-25,The Chemist's 'High-High-Low' CEF Report - December 2017,2,2
2017-01-05,American Eagle Outfitters lower after guidance update,2,2
2019-02-27,"AES Corp (AES) Q4 Earnings Beat Estimates, Revenues Miss",2,2
2018-03-29,Belo Media Group Hires Former Corporate Social Responsibility Executive to Launch Community Impact Initiative for North Texas,2,2
2012-02-24,"Research Analyst's Up/Downgrades ( ACC, FST, STN, WMGI, AVB, PPS, CPT, DECK, ASNA, NIHD )",2,2
2016-10-25,Why Barrick Gold's Cash Flow Is Set To Rise Further,2,2
2015-07-06,"Stocks Lower As Rebound Gives Way; China Issues Slide, Bassett Rises",2,2
2017-08-03,"Auto Stock Roundup: U.S. Sales Decline, Tesla's Loss Wider, Penske Automotive & Honda Beat",2,2
2017-11-27,Can Robert Half's Growth Drivers Offset Protiviti Weakness?,2,2
2019-06-19,Mortgage REITs gain as Fed tips path to rate cut,2,2
2018-03-20,AAR -3.6% as revenues miss despite growth,2,2
2014-03-24,"Selling Pressure Builds In Leading Growth Stocks, Nasdaq",2,2
2015-10-20,"ACE beats by $0.37, misses on net premium written",2,2
2019-05-22,"Stock Futures Slump On Trade, Antitrust News; Target Surges",2,2
2018-02-06,"AGCO misses by $0.03, beats on revenue",2,2
2017-10-26,"Celgene (CELG) Tops Q3 Earnings, Sales Miss, Updates View",2,0
2018-11-27,The Chemist's 'High-High-Low' Closed-End Fund Report - October 2018: A Quick Look At Top-Ranked DSU,2,2
2014-01-27,"Polaris Earnings Growth Seen Faster, Harley To Slow",2,2
2018-05-29,Bond prices melt up on EU shudders,2,2
2016-05-05,"Achaogen misses by $0.06, beats on revenue",2,2
2015-08-07,Barrick Gold: Commentary On The Second-Quarter Results And 60% Dividend Cut,2,2
2018-04-20,"Acme United misses by $0.01, beats on revenue",2,2
2016-03-04,"""Monster"" inflows into high-yield bond funds",2,2
2019-11-02,Retire Rich: Buy Low And Sell High Consistently,2,2
2019-08-06,"Arlington Asset Investment EPS misses by $0.01, misses on net interest income",2,2
2019-05-02,Slow GDP Growth Is Very Bullish For Stocks At This Stage Of The Business Cycle,2,2
2017-03-02,Dividend Raises & Cuts For February 2017,2,2
2018-12-26,Adamas Knife Continues To Fall As Value Continues To Rise,2,2
2016-01-25,Potash Corp. -7% on speculation over dividend cut,2,2
2018-11-08,"Aceto misses by $0.15, beats on revenue",2,2
2020-03-18,Vertical High Pressure Processing Market Report Examines Latest Trends and Key Drivers ...,2,2
2018-06-08,"Tech sector under pressure from Apple suppliers, semi equipment stocks",2,2
2018-05-07,"Wayfair (W) Q1 Loss Wider Than Anticipated, Revenues Beat",2,2
2019-09-18,Mortgage REITs gain amid financial stock slump,2,2
2018-09-25,"Vanda Pharma gains, Aceto drops amid S&P index changes",2,2
2016-10-05,High-yield defaults to head lower next year - Moody's,2,2
2019-05-03,"Hubbell Outperforms On Margins, But Growth Is Going To Slow",2,2
2011-01-19,"Google: Analysts' Upgrades, Downgrades",2,2
2016-03-01,Hard-hit potash miners eye potash demand pick-up after supply cuts,2,2
2019-12-11,Mid-America Apartment Hikes Dividend for 10th Consecutive Year,2,2
2017-08-10,"Middleby (MIDD) Q2 Earnings Beat by a Penny, Revenues Miss",2,2
2016-08-09,"Aegerion Pharmaceuticals misses by $0.12, beats on revenue",2,2
2016-02-03,ABB profit margin widens after cost cuts,2,2
2015-05-01,4 Impressive Stocks Blowing Away Expectations - Investment Ideas,2,2
2015-03-09,10 relics of the dot-com era trading well below their old highs,2,2
2015-04-29,Humana Warns On Surprising Hospital Admissions Rise,2,2
2017-03-15,ABB ReliaGearÂ® product family expanded to include full range of low-voltage solutions,2,2
2012-03-13,"Upgrades & Downgrades ( HSFT, NWY, VNDA, MANT, BAH, SOMX, BXS, ACE, SNI, CVC )",2,2
2013-04-15,Indexes Crumble In Heavy Trade; Growth Stocks Hit Hard,2,2
2019-05-07,What's in the Cards for Zillow Group (ZG) in Q1 Earnings?,2,2
2017-10-30,Altra Industrial Motion Corp. to Present at Stephens —…–7 Fall Investment Conference,2,2
2018-07-12,"Auto Stock Roundup: TSLA Hikes Prices in China, F to Absorb Tariffs, GM in Focus",2,2
2015-07-01,Preferred Stock Market Q2 2015: Investment Grade Preferred Stocks Available Below $25,2,2
2017-11-07,ADP Increases Cash Dividend; Marks 4'rd Consecutive Year of Dividend Increases,2,2
2018-08-10,USDA forecasts record soybean crop; China tariffs mean big surplus,2,2
2012-11-08,"Advance Auto Parts Up On Sale Rumor, Q4 Weakness Seen",2,2
2020-04-15,Dollar Rises as Equities Slump,2,2
2019-12-20,"Steel Stocks Shaken After US Steel Gives Concerning Guidance, Cuts Dividend",2,2
2019-10-09,"AllianceBernstein September AUM rises on inflows, market action",2,2
2017-10-11,Monolithic Power (MPWR) Hits 52-Week High on Solid Execution,2,2
2018-01-16,Danger Zone Highlights And Lowlights From 2017,2,2
2017-12-05,CVS Drops The Acquisition Bombshell,2,2
2020-03-18,"—…–8 Low Dosage Hydrate Inhibitors Market Size to Set Phenomenal Growth Top Companies, ...",2,2
2016-07-21,"Adeptus Health misses by $0.03, beats on revenue",2,0
2019-02-21,"Altra Holdings misses by $0.06, beats on revenue",2,2
2015-12-10,Barclays: Energy dividend shoe yet to drop,2,2
2015-03-02,Chip stocks surge following NXP/Freescale deal,2,2
2020-04-28,"Roper (ROP) Earnings Surpass Estimates in Q1, Decline Y/Y",2,2
2013-09-19,"Stock Futures Trim Gains; Agilent Jumps, Pier One Tumbles",2,2
2016-11-07,Gold Under Pressure As FBI Clears Clinton Again,2,2
2017-07-05,Geron Stock Up Almost 40% So Far This Year After '16 Decline,2,2
2015-10-12,Infosys (INFY) Cuts 2016 Guidance Despite Q2 Earnings Beat,2,2
2018-10-23,The Chemist's 'High-High-Low' Closed-End Fund Report - September 2018,2,2
2015-03-25,Francesca's Falls On Light Guidance Despite Q4 Beat,2,2
2017-02-07,Arlington Asset Investment misses by $0.01,2,2
2019-09-18,Utilities maintain modest gains after Fed rate cut,2,2
2016-08-03,"Almost Family misses by $0.03, beats on revenue",2,2
2019-01-14,Mondelez: Good Income But Slow Growth For This Food Company,2,2
2017-02-28,"AngloGold Ashanti Tumbles After Dividend Reinstatement Announcement, Insider Trade",2,2
2017-02-14,Stocks Open Slightly Lower; Mattel Up On Alibaba Partnership; Mnuchin Confirmed,2,2
2012-08-21,Dividends and Buybacks: These Firms Make the Cut,2,2
2018-10-23,"Arlington Asset Investment -1.6% after Q3 miss, may consider REIT structure",2,2
2019-02-15,"Annaly (NLY) Beats Q4 Earnings Estimates, Slips on Lower NII",2,2
2019-02-28,4 Semis Stocks Holding Up In The Current Weakness,2,2
2018-01-12,2 Gold Stocks With High Discretionary Cash And Greater Debt Capacity,2,2
2018-08-21,Reading The Signs: Investment Grade Bonds Present Warning And Opportunity,2,2
2016-10-26,Barrick Gold's Q3 earnings rise as production and costs fall,2,2
2012-12-26,Stocks Turn Firmly Lower; Nasdaq Breaks Support Levels,2,2
2017-03-18,Low Volatility And High Beta Stocks Prior To Last Downturn,2,2
2016-12-25,Barrick Gold: Don't Miss The 72% Upside,2,2
2018-04-11,Kenya: Money Flows And Investment Markets Weakening,2,2
2016-02-19,Low Risk Apollo Acquisition Of ADT Presents Attractive Opportunity,2,2
2017-08-08,"Manitowoc (MTW) Tops Q2 Earnings, Misses Sales, Updates View",2,2
2014-04-21,"Stocks Up, But Slow Trade Points To Lack Of Big Money",2,2
2018-06-11,"Argan misses by $0.03, beats on revenue",2,2
2017-04-11,"Stocks Pare Losses As Apple Suppliers Sink, But Homebuilders Rally",2,2
2018-11-12,47 'Safer' Of 119 Russell 3000 Dividend Dogs For November By Cash Flow,2,2
2015-02-12,Non-Agency RMBS May Save 14% Dividend American Capital Mortgage's Performance In This Low Rate Environment,2,2
2017-02-10,"Agrium misses by $0.07, beats on revenue",2,2
2019-03-20,The Chemist's 'High-High-Low' Closed-End Fund Report: February 2019,2,2
2017-02-27,"Tesla Cut To Sell; Apple Gets Price-Target Hike, Buffett Boost",2,2
2015-06-16,Healthcare ratings roundup - upgrades/downgrades,2,2
2018-08-26,ADT: Slowly Firming Up The Story,2,2
2020-01-31,"Jabodon Pt Co Buys Alibaba Group Holding, Zillow Group Inc, Amazon. ...",2,2
2018-03-06,"Trump Tariff Update: Stocks Swing, GOP & Industry Speak Out",2,2
2014-10-23,AES Corporation Reduces Its Risk,2,2
2019-04-30,Low Yield Vs. High Yield Preferred Stocks. Is The Spread Wider Than You Thought?,2,2
2016-12-28,Oil ETF Rises As OPEC Deal To Cut Production Is Set To Take Effect,2,2
2019-07-19,Market Volatility Bulletin: Stocks Start High And Bleed Lower As Week Closes Out,2,2
2010-07-02,"Chalco's Loss, Rio Tinto's Gain?",2,2
2019-08-20,"Advance Auto Parts (AAP) Rides on Expansion, High Costs Hurt",2,2
2018-03-23,"Market Volatility Bulletin: VIX Up 30%, But VX Futures Follow With Hesitation",2,2
2012-03-12,"Downgrades Roundup: FE, MDVN, SPB, SEM, CDE, ACTG, KR",2,2
2018-03-21,The Chemist's 'High-High-Low' CEF Report - February 2018,2,2
2017-08-31,"Auto Stock Roundup: Harvey Hits Badly, Honda to Launch Electric-Vehicles in 2018",2,2
2019-07-26,"Arthur J. Gallagher (AJG) Q2 Earnings Beat, Revenues Miss",2,2
2015-05-06,"American Capital misses by $0.14, beats on revenue",2,2
2015-05-15,"Russell 2000 Sees 13.32% Edge For 5 Highest Yield, Lowest Price May Dogs",2,2
2016-08-09,Apple Pressuring iPhone Component Suppliers For Price Cuts,2,2
2010-06-09,Stocks That Rise When Broader Market Falls,2,2
2020-05-07,"China Reports an Unexpected Jump in Exports, While Norway Surprises with a Rate Cut",2,2
2012-11-07,Stocks Plunge As Volume Surges,2,2
2012-04-26,The Best Yielding S&P 500 Dividend Stocks Below Book Value,2,2
2018-06-09,"Retirement: The Future-Proof Portfolio For Young Investors, Bought At A Market High, Is Reducing Its Losses",2,2
2017-03-01,The Gold-Silver Ratio Curiously Failed To Fall - Precious Metals Supply And Demand,2,2
2015-05-15,Razor-Thin Profits Cut Into Newspapers' Chances At Innovation,2,2
2016-07-13,Argan Follow-Up: Fires Still Burning,2,2
2018-12-28,Is Green Growth Harshing APHA's Mellow?,2,2
2010-08-04,"Steel Stocks: Analysts' Upgrades, Downgrades",2,2
2019-10-09,F5 Networks: A Low Risk-High Reward Play Currently Trading At An Inexpensive 10% FCF Yield,2,2
2019-05-07,"Jackson, Grant Investment Advisers, Inc. Buys Invesco S&P 5…… Low Volatility, Procter ...",2,2
2018-07-31,"ACCO Brands misses by $0.02, beats on revenue",2,2
2019-03-03,Lower-Risk ETFs With High Risk-Adjusted Returns,2,2
2018-12-24,The Chemist's 'High-High-Low' Closed-End Fund Report - November 2018,2,2
2015-04-20,"Weekly 3-Year Low Highlight: VSI, UTIW, AIXG, VRA",2,2
2010-03-11,"Yahoo!: Analysts' Upgrades, Downgrades",2,2
2016-06-30,SPY ETF Brushes Off Sharp Post-Brexit Losses To Post A Gain In June,2,2
2015-03-12,"Stocks Post Nice Gains, But Volume Is Missing",2,2
2015-08-27,Apple Supplier Avago Gets PT Cut; Amazon Sees Upgrade,2,2
2018-03-13,"Your Daily Pharma Scoop: Portola's New Interim Data, Lantheus Announces Promising Data For LMI 1195, Kura Tumbles On Update",2,2
2018-02-08,ABB -4% as net profit falls,2,2
2013-02-15,Aflac Is Dipping Below Support,2,2
2017-03-20,"Analysts Upgrade Barrick, Goldcorp, Downgrade Newmont Mining",2,2
2018-11-27,Cancer Research Highlight: AbbVie And Pfizer Blitz Acute Myeloid Leukemia,2,2
2018-08-28,The Chemist's 'High-High-Low' CEF Report - July 2018,2,2
2015-04-10,"Argan misses by $0.19, beats on revenue",2,2
2019-12-11,"AllianceBernstein November AUM rises 1.7% on market action, inflows",2,2
2016-10-27,"Acorda Therapeutics misses by $0.15, beats on revenue",2,0
2019-09-10,"Some Stocks Plunge, Some Stocks Rise, Whats Going On?",2,2
2019-09-26,Accenture Trades Lower Despite 4th-Quarter Earnings Beat,2,2
2016-12-06,Stock ETFs Rise; November Was Big-League Month For Fund Flows,2,2
2019-09-12,"Greif Rides on Caraustar Buyout & Restructuring, Debt High",2,2
2018-11-09,Low Risk 7% Yielding Preferred Share Goes Up To A Hold,2,2
2016-12-13,Cincinnati Financial Poised for Growth Despite Cat Loss,2,2
2018-04-25,"Gold Now Set To Make New Highs, But Comes Under Pressure By Late April-H1 May, When USD Bottoms",2,2
2018-03-02,"Your Daily Pharma Scoop: Portola Drops On AndexXa Update, NovaVax Top-Line Results, Idera Commences Late-Stage Study With IMO-2125",2,2
2015-10-13,10 Strategic Dividend Dogs Average 4% Yields For Fall,2,2
2019-11-06,Agile Therapeutics: Stock Hits 52-Week Low And A Near 52-Week High Around Twirla's AdCom,2,2
2016-11-03,"Aegerion Pharmaceuticals misses by $0.06, beats on revenue",2,2
2019-06-20,Advanced Emissions Solutions (ADES) Gains But Lags Market: What You Should Know,2,2
2018-02-25,Adamis Arrests Its Fall With An Update On Partner Negotiations,2,2
2013-12-13,Industry Signals Mixed As Uptrend Feels Some Pressure,2,2
2016-10-24,AAC Holdings (AAC) Gains as Charges Dismissed,2,2
2017-08-11,"COPEL (ELP) Q2 Earnings Down Y/Y on Lower Sales, High Costs",2,0
2018-12-12,"American Eagle (AEO) Q3 Earnings Beat, Q4 View Hurt Stock",2,1
2019-03-19,Manitowoc Up 18% YTD After 63% Drop in 2018: What's Next?,2,2
2019-07-05,Bausch Gains 38.9% YTD on Product Launches & Debt Reduction,2,2
2017-03-24,Barrick Gold's Record Free Cash Flow,2,2
2014-11-25,"African Gold Group, Inc.: Updated Preliminary Economic Assessment Establishes Low Capex and ...",2,2
2017-11-26,Introducing The Chemist's 'High-High-Low' CEF Report - October 2017,2,2
2016-02-02,"American Financial misses by $0.06, beats on revenue",2,2
2018-04-27,FEMSA (FMX) Stock Rises Despite Q1 Earnings & Sales Miss,2,2
2018-02-07,"Colfax (CFX) Q4 Earnings Beat, Fall Y/Y, '18 View Intact",2,2
2016-02-03,"African Gold Group, Inc. Definitive Feasibility Study for Kobada Gold Project Generates Robust ...",2,2
2015-02-17,"Agios Pharmaceuticals misses by $0.18, beats on revenue",2,2
2018-11-05,"Alibaba Beats on Earnings, Lowers Guidance: ETFs in Focus",2,2
2017-07-05,"Biotech Stock Roundup: Cara Plunges on Study Data, Regulatory Updates & More",2,2
2018-11-05,Flowserve (FLS) to Post Q3 Earnings: Is a Beat in the Cards?,2,2
2017-10-23,Can Admissions Rise Fuel Universal Health (UHS) Q3 Earnings?,2,2
2019-09-06,"NRG upgraded, Entergy downgraded at Morgan Stanley",2,2
2019-01-23,"ADTRAN misses by $0.08, beats on revenue",2,2
2011-01-24,"Electronic Arts: Analysts' Upgrades, Downgrades",2,2
2012-09-19,10 Quality Dividend Stocks Trading Below Their Fair Value,2,2
2018-10-18,Connecticut Insurance Commish backs CVS-Aetna tie-up,2,2
2016-11-21,High-yield warning from Xerox spinoff bond deal,2,2
2017-02-13,"Nucor upgraded, AK Steel downgraded at Morgan Stanley",2,2
2012-07-02,"Storms, Power Cuts Spur A Run On Supplies, Not Stocks",2,2
2013-11-07,GDP Data Boosts Stock Futures; NationStar Mortgage Crumbles,2,2
2018-05-04,"Achaogen misses by $0.17, beats on revenue",2,2
2012-07-30,Agree Realty: An Outsized Yield With Risk Controls,2,2
2018-08-07,Barrick Gold Is Downgraded Again,2,2
2015-02-20,Acacia -8.8% on EPS miss; legal fees up sharply,2,2
2011-01-12,"Verizon: Analysts' Upgrades, Downgrades",2,2
2017-08-31,"Ensign Group's Inorganic Growth Impresses, Debt Level Hurts",2,2
2018-02-09,Market Volatility Bulletin: Record Weekly Outflows Just After Record Monthly Inflows For U.S. Stocks,2,2
2017-01-31,Pentair (PNR) Beats on Q4 Earnings; Sales Miss Estimates,2,2
2018-05-18,Advanced Emissions Solutions goes ex-dividend on Monday,2,2
2015-02-24,"Aixtron Aktiengesellschaft misses by €0.09, beats on revenue",2,2
2018-08-13,"Eaton upgraded, AGCO downgraded at J.P. Morgan in machinery stocks review",2,2
2016-02-06,Use Covered Calls To Mitigate Downside Risk,2,2
2019-08-06,"ADT EPS misses by $0.18, beats on revenue",2,2
2010-07-15,Copper Pares Losses on China Growth Data,2,2
2019-04-23,"Winter Is Coming: The Case For A Low-Growth, Low-Rates Future",2,2
2018-09-04,"Analog Devices, Seagate Technology Downgraded; KLA-Tencor Upgraded",2,2
2015-05-19,"Advance Auto Q1: Tougher Comparisons, Slower Growth",2,2
2016-07-31,"Reader Requests High-Yield, Low-Price, Safe Dog Stocks. Here They Are.",2,2
2019-08-02,Building A High-Yield Portfolio In A Low-Rate Era,2,2
2016-07-28,Agenus revenues up 3%; net loss improves in Q2,2,2
2017-01-30,Gold ETF Rises As Trump Rattles Markets; Most S&P Sectors Decline,2,2
2019-02-05,"Report: Exploring Fundamental Drivers Behind Wix, Zillow Group, AllianceBernstein Holding, ...",2,2
2015-02-09,"Notable tech gainers/decliners: XONE, ANET, BOX, VMEM, MXWL, SNCR",2,2
2015-07-30,"AllianceBernstein misses by $0.01, beats on revenue",2,2
2019-09-11,"Agco and Oshkosh upgraded, Actuant downgraded at J.P. Morgan",2,2
2018-05-01,"Aetna (AET) Q1 Earnings Beat Estimates, Enrollment Declines",2,2
2019-09-13,"100 Over 10% Yield, Under $10 Priced Dividend Dogs For Fall",2,2
2019-02-20,"Verisk Analytics (VRSK) Misses on Q4 Earnings, Beats Revenues",2,2
2018-04-12,AK Steel Chief Executive Officer Roger Newport Testifies in Support of the Administration's ...,2,2
2015-06-15,Follow up on Micron MU and Avalanch AAVL,2,2
2015-10-07,"Premarket Biotech Digest: Anavex Uplisting, Discount On PCSK9 Inhibitors, Exact Sciences Plunges",2,2
2012-11-19,"Stocks to Watch: Lowe's, Cisco (Update 1)",2,2
2019-08-09,"Artal Group S.A. Buys Zillow Group Inc, Gossamer Bio Inc, Cyclerion Therapeutics Inc, Sells ...",2,2
2016-12-21,"Goldcorp upgraded, Barrick Gold downgraded at TD Securities",2,2
2017-05-30,"3 Top Chip Stocks Defy Market Weakness, Boost These Funds",2,2
2019-02-28,ABB -3% after Q4 net profit drops 19%,2,2
2018-10-26,"Fortune (FBHS) Q3 Earnings & Revenues Miss Estimates, Up Y/Y",2,2
2015-06-15,Avalanche Bio plummets 40% after hours on less-than-expected AVA-101 data; chances dim for pick up by Regeneron,2,2
2018-12-06,"H&R Block (HRB) Q2 Loss Widens Y/Y, Revenues Beat Estimates",2,2
2018-07-17,Gold slumps to lowest in a year after upbeat Powell testimony,2,2
2013-01-29,Lower prices steal Q4 profits,2,2
2012-11-08,AES Is Dipping Below Support,2,2
2015-01-07,Advaxis up as money continues to flow into cancer immunotherapy firms,2,2
2018-08-01,"AAC Holdings misses by $0.09, beats on revenue",2,2
2016-02-29,Abengoa reports €1.2B 2015 loss as bankruptcy deadline nears,2,2
2019-06-15,The Rise Of Silver And Major Economic Decline,2,2
2019-03-04,5%+ Dividend Yield Portfolio: Avoiding The Dividend Cuts (Feb 2019 Review),2,2
2018-11-15,"Advanced Emissions to buy ADA Carbon Solutions, provides coal update",2,2
2018-03-22,Steel stocks slide as U.S. tariff waivers pile up,2,2
2016-05-04,Oregon Insurers Want 27% ObamaCare Rate Hike As Bad News Piles Up,2,2
2018-04-25,"AGNC Investment EPS in-line, misses on net interest income",2,2
2019-07-10,"Jacobs Wins Commissioning Services Deal, Boosts Backlog",2,2
2015-08-11,U.S. steelmakers again demand tariffs on imports,2,2
2016-03-01,Dividend Raises And Cuts For February 2016,2,2
2017-10-27,"Alkermes (ALKS) Beats Q3 Earnings Estimates, Cuts Sales View",2,2
2016-07-07,Record inflows at Vanguard in H1,2,2
2019-02-22,The Chemist's 'High-High-Low' Closed-End Fund Report: January 2019,2,2
2017-07-25,5 Retail Stocks with Lower Earnings Beat Predictability,2,2
2015-02-25,"Assured Guaranty misses by $0.12, beats on revenue",2,2
2016-06-09,"Agrium cut to Sell at CLSA, which says retail needs dramatic upturn",2,2
2016-12-17,"Bond Market Fears Are Overblown, Particularly Concerns About High Yield Credits",2,2
2020-05-01,"Altra Industrial (AIMC) Beats on Q1 Earnings, Lowers View",2,2
2018-04-12,"Auto Stock Roundup: Xi Jinping to Slash Auto Tariffs, VLKAY to Replace CEO",2,2
2017-02-28,"Air Methods misses by $0.04, beats on revenue",2,2
2015-09-09,AlarmForce Releases Updated AlarmForce Connect and Partners With Emerson to Launch Cutting-Edge ...,2,2
2019-11-25,"Dow Jones Futures: Stock Market Fear Gauge Hits New Low; Palo Alto Networks, Nutanix, Ambarella, Hewlett Packard Enterprise, ChemoCentryx Are Big Movers Late",2,2
2018-06-12,"Newmont Mining upgraded, Barrick Gold downgraded at Morgan Stanley",2,2
2020-04-22,"Carlisle (CSL) Q1 Earnings Beat Estimates, Revenues Miss",2,2
2019-04-09,Advanced Emissions Solutions (ADES) Gains As Market Dips: What You Should Know,2,2
2015-04-06,"Notable tech gainers/decliners: VJET, SFUN, SIGM, QUNR, ALTR, NPTN",2,2
2018-03-21,Ad Com May 2 for Achaogen's plazomicin for certain cUTI; shares up 6% premarket,2,2
2016-08-29,What Is Behind The Surge In The Corporate Debt,2,2
2015-12-11,How Robo Advisors And Low Expected Returns Forced Me To Reboot My Investment Process,2,2
2018-01-02,Gold hits three-month high as dollar drop continues,2,2
2017-06-30,"American Outdoor Brands (AOBC) Q4 Earnings Beat, Decline Y/Y",2,2
2013-03-04,"Weekly Three-Year Low Highlights: ABX, ECA, TI, NFX",2,2
2018-11-19,Slowing Growth And Interest Rate Fears Weigh On Fund And ETF Investors In October,2,2
2018-03-26,7 Low Price-to-Sales Stocks That Can Be Profitable Bets,2,2
2016-02-23,"AAC Holdings misses by $0.01, beats on revenue",2,2
2017-11-07,"Atlas Financial (AFH) Earnings Beat, Revenues Miss in Q3",2,2
2019-08-08,Ambev lower amid corruption scandal developments,2,2
2019-08-29,"U.S. Steel Imports Shoot Up in July, Down YTD on Tariffs",2,2
2016-10-25,Arlington Asset Investment misses by $0.02,2,2
2019-02-20,"Entergy Corp (ETR) Q4 Earnings Beat, Revenues Decline Y/Y",2,2
2015-01-13,"9 High Rated, Lower Debt Dividend Stocks With A Reasonable Payout",2,2
2015-05-06,"Notable tech gainers/decliners: CREE, XONE, AIXG, ZEN, WILN, TSRA",2,2
2014-10-07,Stocks Hold Near Session Lows; GoPro Fades From High,2,2
2018-05-24,TELUS to Boost Network Services in Quebec's Lower North Shore,2,2
2010-12-14,"BP: Analysts' Upgrades, Downgrades",2,2
2018-08-02,"Aetna (AET) Q2 Earnings Beat Estimates, Membership Declines",2,2
2020-03-06,"Pharma Stock Roundup: Trump, Pharma Executives Meeting on Coronavirus, FDA Updates",2,2
2016-07-12,"AAR misses by $0.15, beats on revenue",2,2
2016-11-02,"Ashford Hospitality Prime misses by $0.03, beats on revenue",2,2
2018-05-11,"Flowserve (FLS) Q1 Earnings In Line, Sales Beat Estimates",2,2
2015-08-20,American Eagle Falls Despite Q2 Earnings and Sales Beat,2,2
2016-11-30,"Goldcorp outshines Barrick and Newmont amid lower gold prices, analyst says",2,2
2013-12-06,"A Modest Blow Against Patent Trolls (ACTG, VRNG, IDCC)",2,2
2019-05-17,Has Advanced Emissions Solutions (ADES) Outpaced Other Industrial Products Stocks This Year?,2,2
2019-12-30,Applied Industrial Prospects Bright Despite High Debt Level,2,2
2015-08-14,DSW to Expand Further with Launch of 22 Stores in Fall 2015,2,2
2016-07-12,High Yield Bonds - About To Plunge Or Relax?,2,2
2019-03-08,"Yield Hunter CEF Report March 2019: Distribution Cuts Pick Up, But So Do Increases",2,2
2019-03-05,Stericycle (SRCL) Rides on Acquisitions as Debt Woes Linger,2,2
2019-02-20,"Agilent FQ1 non-GAAP earnings up 13%; soft guidance pressures shares, down 4% after hours",2,2
2015-03-25,U.S. Steel plant closure seen boosting case for tariffs,2,2
2015-09-22,Abengoa extends loss after HSBC reportedly withdraws support,2,2
2018-08-03,"Aimco's (AIV) Q2 FFO Misses by a Whisker, Revenues Beat",2,2
2020-03-11,Pressure Infusion Cuffs Market to Witness an Outstanding Growth During —…–8-—…—8 | ...,2,2
2019-09-10,Record-High Debt And Record-Low Yields Are A Boon For Gold,2,2
2014-11-17,"Weekly 3-Year Low Highlights: RYN, ATW, PGH, AIXG",2,2
2016-10-26,"Atlantic Coast Federal misses by $0.01, beats on revenue",2,2
2015-02-06,Wall Street Breakfast: RadioShack Declares Bankruptcy After Years Of Losses,2,2
2018-12-28,"Paychex Rides on Tax Cut, Acquisitions, Strong Cash Position",2,2
2016-06-03,"Stock Indexes Head Lower, But AT&T Now Up 14% Year To Date",2,2
2017-11-30,"Your Daily Pharma Scoop: Valeant's B+L In India, TXMD's NDA Resubmission, Melinta Makes An Acquisition",2,2
2013-07-01,"Weekly 3-Year Low Highlight: HBM, BCC, AGRO, CENTA",2,2
2019-01-30,AGNC Investment misses by $0.01,2,2
2012-11-13,Below Support: AES,2,2
2014-07-09,"Stocks Rise In Lower Volume; Goldcorp, Miners Rise",2,2
2015-02-19,Wall Street Breakfast: Crude Drops As Inventories Rise,2,2
2016-11-25,Stocks End Thanksgiving Week With Modest Gains; Oil Slumps 3%,2,2
2019-05-02,"Ashford misses by $0.10, beats on revenue",2,2
2019-09-03,"Fang Holdings (SFUN) Reports Q2 Loss, Marketing Services Growth",2,2
2019-05-24,Cumulative Dividend Cuts At The Midpoint Of Q2 2019,2,2
2017-10-26,"Aflac (AFL) Earnings Beat Estimates in Q3, Revenues Miss",2,2
2019-01-14,Dow Stocks Keep Losses Small; Citigroup Stages Bullish Reversal,2,2
2011-05-06,Dish Network - Upgrades & Downgrades,2,2
2019-02-20,Stock Futures Slump As Dow Jones Eyes This 24-Year Record,2,2
2015-03-11,"Noranda, consumer groups reach deal on Missouri electricity rates",2,2
2019-04-19,"New Research: Key Drivers of Growth for Gulfport Energy, Frontdoor, Advanced Emissions ...",2,2
2015-09-30,"Stocks Surge, But End September With Big Losses",2,2
2015-02-25,"Ameren (AEE) Beats on Earnings, Misses Revenues Estimate - Tale of the Tape",2,2
2018-08-10,Weight Of Debt Supports Wait On Gold,2,2
2019-09-17,Advanced Emissions Solutions: A Growth Stock In A Dying Industry,2,2
2015-02-14,"Barrick Gold - Buy High, Sell Low?",2,2
2018-03-15,"ADT misses by $0.16, beats on revenue",2,2
2015-09-08,Anthem Sees Synergies from Cigna Buyout; Debt Still High,2,2
2016-06-10,SPY ETF Suffers Mild Weekly Loss As Stocks Retreat From 2016 Highs,2,2
2019-03-12,Source: UnitedHealth Group Ruling And New Documents Establish Acadia Healthcare's Liability In The Case Of Missing Mom/Teacher,2,2
2018-06-15,"Gold futures tumble to 2018 low on trade worries, higher dollar",2,2
2010-11-09,"RIM: Analysts' Upgrades, Downgrades",2,2
2016-04-28,"Agenus misses by $0.14, beats on revenue",2,2
2019-11-10,Dispelling Myths About Emerging Market Debt Growth,2,2
2015-09-01,Goldman (GS) Lowers China Economic Growth Forecast,2,2
2015-05-26,Healthcare ratings roundup - Upgrades/Downgrades,2,2
2016-02-04,"UPDATE: African Gold Group, Inc. Feasibility Study for Kobada Gold Project Generates a Robust ...",2,2
2018-05-11,Leveraged loans' popularity may lead to increased risks for money managers,2,2
2016-04-01,Cumulative Preferred Investing Combines High Yields With Relatively Low Risk,2,2
2018-11-06,"Agenus misses by $0.04, beats on revenue",2,2
2015-04-24,Canada's CPPIB to vote against Barrick Gold executive pay,2,2
2016-12-16,Agios Pharmaceuticals (AGIO) Slumps on PKR Update,2,2
2018-07-24,Soybeans surge as U.S. readies aid for farmers hurt in trade disputes,2,2
2015-10-12,"REITs Poised for Growth on Low Yields, Rates",2,2
2016-05-09,The Good (And Bad) News For High Yield Bonds,2,2
2015-07-16,Fastenal Caught Up In The Distributor Slowdown,2,2
2017-12-06,Steel Stocks Rise As U.S. Foils China's Tariff Dodge,2,2
2013-02-11,American Capital profits fall,2,2
2016-09-27,The Mosaic Company: Waiting For The Dividend Cut,2,2
2015-03-11,"I've Fallen In Love, With Dividends",2,2
2017-02-23,"Agree Realty misses by $0.01, beats on revenue",2,2
2017-02-03,A Mid-Cap Growth Stock With No Debt,2,2
2017-01-19,Danger Zone: Highlights & Lowlights Of 2016,2,2
2016-02-17,"Affymetrix misses by $0.02, beats on revenue",2,2
2011-07-01,LED Revenue Growth Slowing: IMS Research,2,2
2016-07-12,Bargain Stocks With Low P/E,2,2
2015-07-23,"Agenus misses by $0.38, beats on revenue",2,2
2019-08-06,"AES EPS misses by $0.02, beats on revenue",2,2
2018-03-12,"Barrick Gold upgraded, Newmont Mining downgraded at RBC",2,2
2019-06-02,"Apple's WWDC, DuPont's Return And Tariff Anxiety (Stocks To Watch Podcast)",2,2
2017-02-21,"Advance Auto Parts misses by $0.09, beats on revenue",2,2
2018-11-06,The Chemist's CEF Report - October 2018: Fixed Income CEFs Under Renewed Pressure As LIBOR Rises,2,2
2019-12-10,"Palladium roars to record $1,900/oz. on South Africa power cuts",2,2
2016-08-04,Why This Europe ETF Is Beating Rivals By A Mile As U.K. Cuts Rates,2,2
2018-11-09,"Magna (MGA) Beats Q3 Earnings Estimates, Lowers Guidance",2,2
2018-04-12,"ADP Pleases Investors With 10% Dividend Hike, Tax Cut A Boon",2,2
2012-11-07,"AT&T Sets U-verse, 4G LTE Upgrades; Stock Falls",2,2
2016-10-26,Advanced Emissions Solutions Thesis Update: Uncertainty About Potential Upside,2,2
2016-08-09,RiverNorth Opportunities CEF: A Follow-Up On This Fund Of Funds,2,2
2012-11-28,"Stocks Turn Mixed As Volume Rises, But DaVita Drops",2,2
2015-12-14,"Premarket Biotech Digest: Gilead's Upside, Shire-Baxalta Deal, ARIAD Lowers Guidance",2,2
2012-03-21,"Up/Downgrades ( STI, RF, COF, SAI, ACN, BLK, NI, AGU, AIZ, MDRX )",2,2
2018-01-24,Winds Of Change Are Blowing In The Resource Investment Space,2,2
2018-08-01,"American Financial beats by $0.08, misses on P&C insurance net earned premiums",2,2
2019-11-28,Real Corporate Profits Are Now The Lowest Since The Financial Crisis,2,2
2020-05-18,"Pin Oak Investment Advisors Inc Buys The Walt Disney Co, Magellan Midstream Partners LP, Lowe's ...",2,2
2018-06-17,"Garbage Dividend Spotted, Warnings From Colorado",2,2
2020-05-13,"Maryland Capital Management Buys Verisk Analytics Inc, The Trade Desk Inc, Adobe Inc, Sells VF ...",2,2
2019-05-22,The Chemist's 'High-High-Low' Closed-End Fund Report: April 2019,2,2
2016-11-01,"AcelRx Pharmaceuticals misses by $0.02, beats on revenue",2,2
2018-12-12,Weekly Review: High-Yield CEFs - 9% Yield Accompanied By One Of The Lowest Z-Scores,2,2
2019-01-25,"Colgate (CL) Q4 Earnings Beat, Soft 2019 View Hurts Stock",2,2
2019-08-15,Agios Rides High on Tibsovo Sales Amid Acute Competition,2,2
2018-07-23,"American Campus Communities misses by $0.06, beats on revenue",2,2
2016-01-11,Apple Upgraded To Buy; Under Armour Downgraded,2,2
2018-08-13,"Cambium Learning misses by $0.01, beats on revenue",2,2
2010-11-08,"Avon: Analysts' Upgrades, Downgrades",2,2
2018-07-31,"Armada Hoffler Properties beats by $0.02, misses on rental revenue",2,2
2018-02-11,Weekly CEF Roundup: CEFs Rebound While Distribution Cuts Opening Opportunities,2,2
2016-08-03,"Agilysys misses by $0.02, beats on revenue",2,2
2018-06-05,"American Financial's Premium Growth Solid, Cat Loss a Woe",2,2
2015-12-10,U.S. Steel surges 30% in three days as metal rout cuts imports,2,2
2015-05-19,"Stocks End Mostly Unchanged; Red Robin Soars, Oil Plunges",2,2
2017-02-15,"Amazon, P&G, Humana Get Price-Target Hikes; Under Armour Cut Again",2,2
2016-10-17,Rethinking Agrium Investment Following Announcement Of Mega-Merger With Potash Corp.,2,2
2018-08-10,"Kaman's (KAMN) Q2 Earnings & Revenues Miss Estimates, Up Y/Y",2,2
2019-04-25,"AllianceBernstein misses by $0.05, beats on revenue",2,2
2019-06-10,"Advaxis EPS misses by $0.02, beats on revenue",2,2
2018-06-28,Achaogen: Falling Knife Or Major Bargain?,2,2
2018-08-06,"Achaogen misses by $0.28, beats on revenue",2,2
2019-01-30,"AK Steel (AKS) Beats Q4 Earnings, Misses Sales Estimates",2,0
2016-02-19,"IAMGOLD, Barrick Gold downgraded at Mackie Research after run-up",2,2
2018-05-09,"Advanced Emissions Solutions misses by $0.05, beats on revenue",2,2
2020-01-03,"Waste Management (WM) Solid Waste Business Strong, Debt High",2,2
2015-06-30,MBIA plunges further as Puerto Rico mulls bankruptcy,2,2
2015-03-02,"The Dividend House DGI Portfolio: The Good, The Bad, And The Ugly",2,2
2019-03-11,"AllianceBernstein February AUM gains 1.7% on inflows, market appreciation",2,2
2017-06-20,Argan and Sturm Ruger Show High Profit and Low Debt,2,2
2017-06-02,SHAREHOLDER ALERT:Â Pomerantz Law Firm Reminds Shareholders with Losses on their Investment ...,2,2
2017-08-02,"Aegion (AEGN) Misses on Q2 Earnings, Beats Revenue Estimates",2,2
2015-04-16,"Notable tech gainers/decliners: YY, SOHU, ANGI, ACTG, IGT, VSLR, CSLT",2,2
2013-09-19,Report: Roche Lines up $15B in Debt to Buy BioMarin,2,2
2018-12-29,"Axcelis Technologies: High Performance, Low Power And Outsized Returns On The Horizon",2,2
2016-08-01,QQQ ETF Posts 52-Week High; Energy Stocks Sag As Oil Drops To $40,2,2
2013-04-02,"Weekly 3-Year Low Highlights: EXPD, ACH, SLT, JCP, MTL",2,2
2018-07-13,"Gold continues to drift lower, failing to find safe-haven support",2,2
2017-11-10,Nordstrom (JWN) Stock Falls Despite Q3 Earnings & Sales Beat,2,2
2018-10-30,"GE Misses on Q3 Earnings, Announces Growth Initiatives",2,2
2019-08-01,Apartment Investment Management (AIV) Misses Q2 FFO and Revenue Estimates,2,2
2016-03-01,Sampling Dividend Cuts In February 2016,2,2
2018-11-12,Middbely (MIDD) Grows on Acquisitions Amid Margin Pressure,2,2
2014-10-28,Video: Aetna Falls On Costs; Centene Up On Medicaid,2,2
2020-05-01,"Honeywell (HON) Q1 Earnings Beat Estimates, Revenues Miss",2,2
2010-04-09,"Retail Upgrades & Downgrades: TJX, BJ's",2,2
2015-10-07,"American Financial's Acquisitions Impress, Low Yield a Drag",2,2
2019-03-28,CorePoint Lodging: Pack Your Bags For 50% Upside As Low Expectations Are Trounced,2,2
2019-01-18,The Architecture Of Modern Risk Management,2,2
2010-06-15,"Tenet: Analysts' Upgrades, Downgrades",2,2
2018-07-24,Commodities Weekly: Copper Hovers Near One-Year Low On Global Growth Uncertainty,2,2
2019-10-29,"U.S. junk bond yields hit new lows, returns soar",2,2
2016-01-08,"Adtran, Calix jump following Stifel upgrades",2,2
2019-02-08,Cocoa Moves From The High To The Low End Of Its Trading Range,2,2
2017-12-22,Actuant Braves Margin Loss Risks With Robust Growth Drivers,2,2
2019-02-13,"Acadia Realty Trust misses by $0.02, beats on revenue",2,2
2020-05-06,"Airline Stock Roundup: AAL, UAL & Others Post Q1 Loss Under Coronavirus Curse",2,2
2019-04-28,"Knight-Swift (KNX) Q1 Earnings Beat, Revenues Miss Mark",2,2
2016-12-20,"Hawaiian Electric to Gain on Base Rate Hike, Regulations Hurt",2,2
2020-05-30,"A Confused Goldman No Longer Expects S&P To Drop To 2,400 But Sees No Market Upside Either",2,2
2015-02-18,Advantage Oil cuts 2015 capex to $160M as production rises,2,2
2017-02-08,"Albany misses by $0.08, beats on revenue",2,2
2015-05-05,"Which Rx Drug Plans Show Enrollment Growth, Losses?",2,2
2019-11-07,Arlington Asset Investment EPS misses by $0.02,2,2
2015-02-24,"American Capital misses by $0.05, beats on revenue",2,2
2015-12-10,2 Screens To Avoid Bad Investments,2,2
2010-11-29,"AEO: Analysts' Upgrades, Downgrades",2,2
2017-02-14,"Acorda Therapeutics misses by $0.06, beats on revenue",2,2
2015-02-17,"Acadia Realty Trust misses by $0.03, beats on rental income",2,2
2019-07-30,"AK Steel's (AKS) Q2 Earnings Beat, Sales Miss Estimates",2,2
2019-05-06,"Advanced Emissions Solutions beats by $0.14, beats on revenue",2,0
2018-12-20,"AAR Corp (AIR) Earnings Beat, Sales Miss Estimates in Q2",2,2
2016-04-22,"Acme United misses by $0.07, beats on revenue",2,2
2019-01-25,"Syndicated bank loan risk declines, leveraged loan risk rises",2,2
2016-11-21,U.S. dividend growth slumps to post-crisis low,2,2
2015-05-12,Stocks Move Off Session Lows; GoDaddy Up Ahead Of Earnings,2,2
2014-10-15,Stocks Slump Again Heading Into Close,2,2
2018-03-01,"Ares Commercial Real Estate beats by $0.02, misses on net interest income",2,2
2018-03-19,U.S. retailers urge Trump against tariffs,2,2
2015-08-31,Active Power up 11.9% following bullish coverage,2,2
2018-10-18,Nucor leads steel names lower amid market oversupply worries,2,2
2019-08-01,9.4% Yield Driven By 14 Consecutive Dividend Hikes And Still Growing: Capital Southwest,2,2
2019-09-11,"Cohen & Steers August AUM Up on Market Appreciation, Inflows",2,2
2019-10-21,"American Campus Communities FFO misses by $0.01, beats on revenue",2,2
2015-08-14,"Ameren: Growth Projects Impress, Emission Standards Worry",2,2
2015-03-16,"6.94% Merit For 5 Highest Yield, Lowest Price, Russell Combo Index March Dogs",2,2
2019-05-19,Don't Miss Out On This 6.85% Dividend Yield From AGNC Preferred Share,2,2
2018-05-03,"Ashford misses by $0.20, beats on revenue",2,2
2018-04-19,Adecoagro Continues To Invest In Growth Amid Brutal Commodity Pressures,2,2
2019-03-06,Crown Holdings to Hurt From Currency Impact & High Costs,2,2
2015-04-07,American Campus Communities updates on fall 2015 leasing,2,2
2018-06-25,Semiconductor stocks drop on reported investment restrictions on China,2,2
2018-04-22,The Chemist's 'High-High-Low' CEF Report - March 2018,2,2
2020-04-02,These U.S. Companies Have The Highest Debt-To-Equity Ratios Right Now,2,2
2019-08-22,The Chemist's 'High-High-Low' Closed-End Fund Report: July 2019,2,2
2018-02-19,China to retaliate against U.S. metal tariffs,2,2
2019-11-13,"Alcoa downgraded, Freeport McMoRan upgraded at BAML",2,2
2016-06-24,"Gold soars, oil tumbles post-Brexit",2,2
2016-01-04,Agree Realty: Acquisitions to slow a hair in 2016,2,2
2017-11-14,"Advance Auto Parts (AAP) Beats on Q3 Earnings, Revenues Miss",2,2
2015-10-07,Insiders Are Swallowing Up This Farming Stock,2,2
2016-08-17,Why Investors Need To Get Comfortable With Low Interest Rates And Dividend Stocks,2,2
2020-03-18,"Intelligent Flow Meter Market Future Scope, Demands and Projected Industry Growths to —…—7",2,2
2018-11-09,"Copper price slides, sign of lingering worries about slowing global growth",2,2
2015-11-19,"Stocks Open Up, Turn Mixed; UnitedHealth Drags Insurers Lower",2,2
2018-07-20,Achaogen launches ZEMDRI for use in cUTI; shares up 3% premarket,2,2
2018-08-01,AGNC Investment lower 2.9% on pricing of common stock,2,2
2013-09-18,"Do Not Expect Gold and Silver to Fall Again after Bernanke Announcement (GLD, SLV, ABC, WISHY)",2,2
2015-03-05,"Is A Dividend Cut The End Of The World? Total Return And Final Thoughts, Part V",2,2
2015-01-20,Money flow into Alcobra picks up,2,2
2018-05-24,"AGNC Investment leads mortgage REIT decline, prices 30M-share offering",2,2
2012-05-21,"Downgrades Roundup: Wendy's, Sotheby's",2,2
2018-10-25,"Aaron's misses by $0.07, beats on revenue",2,2
2017-03-22,Russell Index Recap I: 'Safer' Russell 3000 All-Cap Dogs Fetch More Dividend At Low Price,2,2
2015-01-08,Low Gas Prices Drive A Holiday Retail Sales Surprise,2,2
2017-06-15,Bet on 4 High-Flying Stocks With Increasing Cash Flows,2,2
2019-05-08,"IShares Mortgage Real Estate ETF Has The Highest REIT Yield, But The Lowest Performance",2,2
2018-03-20,"Luxfer (LXFR) Misses on Q4 Earnings, Up Y/Y on Solid Sales",2,2
2013-10-09,"Is Yellen at The Fed What The Yellow Metal Needs to Soar? (GLD,SLV, ABX, WISHY)",2,2
2019-08-15,"Castle Hook Partners LP Buys Edison International, Zillow Group Inc, Autodesk Inc, Sells ...",2,2
2015-03-19,"24.79% Dominance For 5 Contender Highest Yield, Lowest Price, March Dogs",2,2
2017-08-18,"Deere (DE) Beats on Q3 Earnings, Misses Sales, Raises View",2,2
2015-10-21,"Biogen Tops Q3 Earnings, Announces Job Cuts, Ups View",2,2
2016-07-27,"Aspen Insurance Holdings misses by $0.29, beats on revenue",2,2
2019-06-06,Fear A Stock Market Decline? How Investors Are Protecting Gains,2,2
2011-01-19,Arctic Cat Recall: Loss of Control at Risk,2,2
2016-01-06,Vanguard saw record inflows last year,2,2
2017-08-23,Hartford Financial's Growth Potential Hurt by Weak Segments,2,2
2016-05-19,"Stocks Hit Lows On 'Live' Dudley; Cisco, Wal-Mart, Salesforce Rise",2,2
2018-11-06,"AES Corp (AES) Q3 Earnings Beat Estimates, Revenues Miss",2,2
2019-05-11,Stocks Rise Along with the Tariffs. Go Figure!,2,2
2013-09-09,Five Below Earnings Soar On Cash-Strapped Teens,2,2
2010-09-03,"The Buckle: Analysts' Upgrades, Downgrades",2,2
2015-01-22,Agrium raises target dividend payout ratio to 40-50% of free cash flow,2,2
2014-03-03,Stocks Down Hard But Up Slightly From Session Lows,2,2
2019-11-07,"Telecom Stock Roundup: Sprint, ADTRAN Incur Wider Quarterly Loss & More",2,2
2020-02-21,"Aerie's (AERI) Q4 Loss Wider Than Expected, Revenues Beat",2,2
2018-11-17,EP. 86 Major Market Disruptions And What Everyone Is Missing,2,2
2018-04-26,"Aaron's misses by $0.14, beats on revenue",2,2
2017-12-24,"Industrials Gains Paced By Advanced Emissions, Atento, And Dynagas Per December Broker Targets",2,2
2015-05-07,"Advent Software misses by $0.03, beats on revenue",2,2
2020-04-14,"Gofen & Glossberg Llc Buys Truist Financial Corp, iShares Core S&P Mid-Cap, DuPont de ...",2,2
2020-04-07,Stocks Soar Over 7% on Hopes that the Spread is Slowing,2,2
2014-03-13,"Abercrombie & Fitch: No Profits, Just Losses",2,2
2018-05-10,First Majestic Silver +4% despite Q1 loss; gains Mexican OK for Primero deal,2,2
2015-03-04,"Abercrombie falls, Eagle soars",2,2
2018-09-27,"Gold Drops, Inflation Rises: Can Miners Rally?",2,2
2016-10-27,Aetna Tops Profit Views Amid Wider ObamaCare Loss,2,2
2018-12-10,"Stock Losses Increase, But Qualcomm Up On Apple Patent Case",2,2
2018-03-20,JF's Core Biotech Buys Edition 1 Volume 7: Updates And Taking Advantage Of Current Weakness,2,2
2015-04-20,Aeropostale Inc.: Powerful Supplier Base Causing Low Margins,2,2
2019-08-27,Autodesk -8.5% after beat-and-lower,2,2
2018-10-26,"Sonic Automotive (SAH) Q3 Earnings Beat, Revenues Miss",2,2
2019-04-30,"Weekly Closed-End Fund Roundup: FAX Cuts Big, NHF Rights Offering Announced",2,2
2010-05-25,"AK Steel: Analysts' Upgrades, Downgrades",2,2
2019-09-25,How High Yield May Reduce Portfolio Risk,2,2
2019-06-06,5 REITs to Buy for Gains From a Near-Term Rate Cut,2,2
2018-05-14,Agilent FQ2 top line up 9%; earnings up 25%; cash flow up 18%; shares down 7% after hours,2,2
2020-02-05,"Premier Fund Managers Ltd Buys Lowe's Inc, Facebook Inc, Sells UnitedHealth Group Inc, Cisco ...",2,2
2015-09-01,"Can 10 Top Utility Dogs Get 35.35% Bigger Returns From 5 Highest Yield, Lowest Priced By August 28, 2016?",2,2
2019-05-08,What Blows Up First? Part 8: Leveraged Corporate Loans,2,2
2019-11-28,ABB-Vattenfall Set Up Charging Network for Electric Vehicles,2,2
2017-02-28,Silver Always In Supply Deficit But Market Never Cares,2,2
2016-02-23,"Aixtron Aktiengesellschaft misses by €0.01, beats on revenue",2,2
2018-05-03,"AAON misses by $0.17, beats on revenue",2,2
2020-04-07,Signs of Coronavirus Slowdown Pep Up Wall Street: 5 Winners,2,2
2020-05-08,"Aimco (AIV) FFO Surpasses Estimates in Q1, Revenues Miss",2,2
2015-02-16,"5.79% Advantage For 5 Russell 2000, Highest Yield, Lowest Price, February Stocks",2,2
2014-10-17,"Stocks Up Big Friday, Recover Early Week Losses",2,2
2019-02-01,"Aon (AON) Stock's Earnings Beat Estimates in Q4, Fall Y/Y",2,2
2018-03-05,From Bling To Plonk - An Update On The Debt Mountain,2,2
2017-01-18,Uranium ETF Dives After Massive Surge As Top Holding Issues Warning,2,2
2015-05-05,HCA Earnings Beat Amid Strong Admissions Increase,2,2
2019-03-01,"ABB Earnings & Revenues Miss Estimates in Q4, Orders Up Y/Y",2,2
2017-04-11,"Stock Indexes Trim Losses; Barrick Gold, Toll Brothers Up",2,2
2017-02-08,ABB lower 2.5% despite earnings beat,2,2
2014-02-20,Genuine Parts: Between Growing Debt and Profits,2,2
2019-04-03,"Alcoa downgraded to Neutral, Chalco upgraded to Buy at BAML",2,2
2016-08-15,"Asanko Gold misses by $0.07, beats on revenue",2,2
2019-02-19,Weekly Review: High-Yield CEFs - CIK Is 9.09% Yielder With A Relatively Low Z-Score And Duration,2,2
2018-10-26,"Colfax's (CFX) Q3 Earnings Beat, Revenues Miss Estimates",2,2
2016-11-06,MLPs Fall Back (Again),2,2
2018-04-24,6 Short-Term Baby Bonds To Protect You From Interest Rate Risk - Part 1,2,2
2015-02-19,"Acacia Research misses by $0.03, beats on revenue",2,2
2015-02-19,Barrick moves higher on debt cut pledge,2,2
2014-01-10,Utility Stocks Rally After Dec. Job Gains Miss Views,2,2
2018-06-29,Snapshot Of Cumulative Dividends Cuts Through The End Of Q2 2018,2,2
2018-09-18,Copper surges most since April as tariffs seen softer than expected,2,2
2018-04-26,Hospital group may be under pressure after UHS Q1 report - Bloomberg,2,2
2018-12-04,Italy And Greece: Unreal Forecasts + Unsustainable Debt = Unattractive Investments,2,2
2015-05-20,"Contenders Boast 36.09% Edge For 5 Highest-Yield, Lowest-Priced May Dogs",2,2
2015-03-10,End Of Commodity Supercycle Puts Pressure On U.S. Agriculture,2,2
2019-01-07,ADMA Bio up 7% on submission of responses to Bivigam CRL,2,2
2015-09-10,"Applied Genetic misses by $0.07, beats on revenue",2,2
2016-09-30,"Biotech Forum Daily Digest: A Volatile Few Days, Some Small Caps Blow Up, Spotlight On Otonomy",2,2
2019-06-01,"Stocks To Watch: Apple's WWDC, DuPont's Return And Tariff Anxiety",2,2
2017-07-20,"Avangrid (AGR) Q2 Earnings Beat, Revenues Miss Estimates",2,2
2016-12-15,Bankruptcy judge OKs Abengoa debt restructuring plan,2,2
2015-09-15,Chip Stocks Up Despite Falling Semiconductor Billings,2,2
2015-08-27,"ACE Ltd to Gain from Chubb Deal, Low Interest Rates a Drag",2,2
2019-09-26,Pot stocks up on House passage of bill allowing bank involvement,2,2
2017-05-25,"Auto Stock Roundup: AZO, AAP Miss Quarterly Estimates, Ford Replaces CEO, GM Restructures",2,2
2019-08-27,Buy 5 High-Yielding Stocks Below $15 Amid Extreme Volatility,2,2
2014-12-15,Stocks Wipe Out Early Gains; Habit Shares Tumble,2,2
2017-01-29,'Why Take That Risk?' How One Change Could Plunge High Yield Into Recession,2,2
2017-01-31,Aetna Q4 revenues up 5%; net earnings off 57%; 2016 cash flow off 4%,2,2
2017-02-28,Arctic Cat wins patent case against Bombadier,2,2
2017-10-05,"Auto Stock Roundup: September Sales Rebound, EV Race Continues, Tesla Misses Production Goals",2,2
2017-01-25,Investor Confidence in Cigna and Anthem Rises as Health Care Mergers Dealt Blows,2,2
2016-02-17,"American Capital misses by $0.07, beats on revenue",2,2
2016-07-05,"Apple Chip Suppliers, Netflix Downgraded; Mobileye, CyberArk Buys",2,2
2017-08-09,"Agios (AGIO) Q2 Loss Wider than Expected, Revenues Up Y/Y",2,2
2014-09-17,"Stock Futures Post Mild Advance; Sony Crumbles, U.S. Steel Soars",2,2
2016-11-22,"AllianceBernstein downgraded, Schwab upped at Citi",2,2
2015-12-17,Pick Up These Biotech Stocks In Case Of Tax Loss Selling,2,2
2016-11-03,"Agios Pharmaceuticals misses by $0.11, beats on revenue",2,2
2019-09-26,"Telecom Stock Roundup: BlackBerry Q2 Loss Wider, Ericsson's Smart Factory & More",2,2
2015-11-30,"Microsoft Rises, Lululemon Falls As Stocks End Month On Down Note",2,2
2018-02-06,Top Dividend Raises And Cuts For January 2018,2,2
2017-02-27,"Trump Prioritizes ObamaCare Repeal Before Tax Cuts, Vows 'Big' Infrastructure Boost",2,2
2015-03-17,"Weekly 3-Year Low Highlights: IBM, ABEV, ITUB, OXY",2,2
2020-02-13,"Modern Manufacturing Execution System Market Share,Size —…—… &ndash; Global Growth, ...",2,2
2015-07-22,"Arctic Cat misses by $0.08, beats on revenue",2,2
2015-05-17,"18.73% Juice For 5 Highest Yield, Lowest Price Russell 1000 And 2000 Combo May Dogs",2,2
2018-04-23,Global Supply/Demand Deficit And Falling Gold:Silver Ratio To Boost Silver Price And Selected Silver Stocks,2,2
2016-02-11,"Advance Auto Beats On EPS, But Lower Sales Hit Stock",2,2
2017-05-22,Indexes Extend Gains; Momo Reverses Lower Ahead Of Earnings,2,2
2011-08-15,SAC Upped Dendreon Exposure Before Blowup,2,2
2013-10-16,"Stocks End With Big Gains; IBM, Ebay Slump In After Hours",2,2
2019-06-23,The Chemist's 'High-High-Low' Closed-End Fund Report: May 2019,2,2
2016-07-09,"Direct Line Of Funding Warnings Show Up In Corporate Credit, Particularly IG",2,2
2015-03-20,Steel companies hurt by import surge but conditions should improve,2,2
2015-09-23,"Weekly Three-Year Low Highlights: BHP Billiton, Qualcomm, Monsanto, ABB",2,2
2011-12-22,Stocks Up Moderately In Lower Trade; Mead Johnson Dives,2,2
2018-08-14,Agilent FQ3 top line up 8%; earnings up 35%; cash flow down 14%,2,2
2017-10-05,"Catawba Capital Management Buys DowDuPont Inc, ONEOK Inc, PowerShares S&P 5…… Low ...",2,2
2018-05-02,AGNC Investment Corp. - Wait For A Drop Before Buying This 11.4%-Yielding Mortgage REIT,2,2
2015-10-19,"General Partners, Part 3: When Crude Gets Bad, Does Being In The High Splits Make It Worse?",2,2
2018-02-06,"Armada Hoffler Properties misses by $0.01, beats on rental revenue",2,2
2020-04-14,"J&J (JNJ) Beats on Q1 Earnings, Cuts View on Coronavirus Impact",2,2
2016-12-20,"Chip ETF Sizzles Amid Nvidia, AMD Upgrades; Gold Resumes Its Plunge",2,2
2016-08-24,"InsiderInsights.com Daily Round Up 8/23/16: Advance Auto Parts, Flowers Foods, AC Convertible & Inc.",2,2
2019-04-23,"Zacks.com featured expert Kevin Matras highlights: Advanced Emissions Solutions, Verint Systems, Great Lakes Dredge & Dock, ANI Pharmaceuticals and ACI Worldwide",2,2
2015-08-18,"Urban Outfitters Q2 Earnings Beat, Revenues Miss Estimates",2,2
2018-09-27,The Chemist's 'High-High-Low' CEF Report - August 2018,2,2
2019-06-24,Arlington Asset cuts quarterly dividend by 40%,2,2
2016-06-24,Retirement Security Amid Global Crises: The Problem Of Cutting Risk And Maintaining Yield,2,2
2019-11-07,"Slow Capital, Inc. Buys Invesco BulletShares —…—— Corporate Bond ETF, Blackstone Group ...",2,2
2018-04-12,Paycom Downgraded As Results Don't Keep Pace With Stock Gains,2,2
2010-08-11,"FDO: Analysts' Upgrades, Downgrades",2,2
2012-03-08,"Up/Downgrades ( AXS, KTOS, AEO, CTAS, DAC, SSW )",2,2
2018-05-23,Ameren's Arm Set to Acquire 400 MW Wind Farm in Missouri,2,2
2013-10-09,3 Top Yielding Dividend Aristocrats with Low Dividend Payouts,2,2
2010-05-17,"Amgen: Analysts' Upgrades, Downgrades",2,2
2016-11-18,Trump's America: MLPs Gain Following Election,2,2
2018-03-02,Ashford Hospitality shares up following Q4 earnings announcement,2,2
2018-12-12,"Everest Re Looking A Little Better, But Reinsurance Rates And Loss Trends Still Up For Debate",2,2
2018-12-10,Generics under pressure on expanded price-fixing investigation,2,2
2015-12-16,Apple Supplier Qualcomm PT Cut; Northrop Upgraded,2,2
2015-01-12,Equity REITs working again as rates tumble,2,2
2018-01-18,BlackRock Results Boosted by Strong ETF Inflows,2,2
2017-02-27,Integer Investments: An Update On Our Portfolio (And How We Protect Against Market Risks),2,2
2018-07-19,"Auto Stock Roundup: Tariff Woes Rampant, Ford to Settle Takata Lawsuit",2,2
2014-09-23,Indexes Pare Losses As Salix Soars On Buyout Talk,2,2
2018-04-15,Acacia Research: Guarding Against Shareholder Pressure,2,2
2018-02-14,Agilent FQ1 top line up 14%; non-GAAP earnings up 26%; cash flow up 85%; guidance raised; shares up 2% after hours,2,2
2016-03-02,"Money flows into Advaxis, shares up 24%",2,2
2017-12-26,"Your Daily Pharma Scoop: Amgen Plans To Bring Back Cash, Roche Acquires Ignyta, Agile Tumbles On CRL",2,2
2018-11-30,"iRobot Gains From Solid Robotic Sales, Tariff Woes Ail",2,2
2018-02-05,Cotton Prospects Looking Good Again At The Lower Level,2,2
2019-03-17,Should High Yield Investors Be Concerned About 'Fallen Angels'?,2,2
2019-10-29,"AvalonBay's (AVB) Q3 FFO Misses, Revenues Beat Estimates",2,2
2016-11-17,"After Trump Win, Muni Investors Rack Up Losses",2,2
2019-11-05,Apollo Investment fiscal Q3 NAV falls with the price of oil,2,2
2016-06-14,China Dealt A Blow As Its Stocks Fail To Get Key Index Nod Again,2,2
2013-01-22,Assured Guaranty Fights Back After Moody's Downgrade (Update1),2,2
2015-08-27,"Auto Stock Roundup: Tesla Issues Shares, GM Rejects 91% Claims, Stocks Plunge",2,2
2015-07-15,"Contenders Leverage 41.12% From 5 Highest-Yield, Lowest-Priced Issues As Of July 10, 2016",2,2
2016-01-27,Apple suppliers slide following Apple's results/guidance,2,2
2018-12-06,The Rise And Fall Of 'Great Expectations',2,2
2015-08-07,Barrick Gold upgraded at Barclays on ability to reduce debt,2,2
2019-04-29,Advanced Emissions Solutions (ADES) Reports Next Week: Wall Street Expects Earnings Growth,2,2
2015-10-07,"Biotech Stock Roundup: PBM Lists Both Amgen & Regeneron PCSK9 Inhibitors, FOLD Plunges on NDA Delay",2,0
2012-10-26,Up/Downgrades,2,2
2019-03-04,Waste Connections (WCN) Rides on Acquisitions Amid Debt Woes,2,2
2015-12-08,"Premarket Biotech Digest: Arrowhead's ARC-520 Data, Bluebird Tumbles, Gilead Looking For Acquisitions",2,2
2015-05-20,Achillion Pharmaceuticals (ACHN) falls on J&J hookup,2,2
2019-05-02,"AAON misses by $0.02, beats on revenue",2,2
2019-10-07,Supreme Court declines to hear Acorda appeal of adverse Ampyra patent ruling,2,2
2017-02-10,"Acorda settles Ampyra patent suit against Apotex, generic allowed in 2025",2,2
2013-07-05,"Earnings Growth Seen Tepid In Q2, With Techs Falling",2,2
2020-05-13,"Valiant Capital Management, L.P. Buys Zillow Group Inc, Facebook Inc, Amazon. ...",2,2
2019-11-05,"Alcentra NII misses by $0.05, misses on total investment income",2,2
2019-08-01,"Apartment Investment FFO misses by $0.01, revenue in-line",2,2
2016-06-15,Warren Buffett's Favorite Valuation Tool Shows Stocks Are Even Less Attractive Than Record-Low Yielding Bonds Right Now,2,2
2015-09-02,"Puerto Rico banks, monolines surge as PREPA and creditors cut deal",2,2
2016-02-03,"Miners surge as metals rally, dollar drops",2,2
2015-03-26,Chip stocks slump again after SanDisk warns; TSMC remarks in focus,2,2
2016-03-23,Pimco cuts global growth forecast,2,2
2017-12-12,Top Dividend Raises And Cuts For November 2017,2,2
2016-01-04,"5 Dividend Paying Companies With No, Or Very Little Debt (Part 1)",2,2
2014-10-19,"Weekly 3-Year Low Highlights: TNH, ASNA, TDW, AAN",2,2
2016-10-11,Rent-A-Center profit warning impacts CONN and AAN,2,2
2015-09-09,Switzerland's ABB cuts growth goals,2,2
2019-07-29,"Ameren, EDF cancel Missouri wind project due to high costs",2,2
2019-10-23,"Don't Gamble This Halloween, Go With AGNC Investment Corp.'s Preferred Shares",2,2
2016-05-18,Alarming drop in high-yield recovery rates,2,2
2012-02-19,CRA International (CRAI) Surges: Can Small Cap Consulting Stocks Advisory Board Company (ABCO) & Navigant Consulting (NCI) Follow?,2,2
2016-12-08,Why Europe ETFs Stumbled Today While Japan ETFs Continue To Surge,2,2
2016-08-11,"Apple, CyberArk PTs Hiked; Kors PT Cut; Shake Shack Upgraded",2,2
2013-01-23,Hedging Against the Decline of the Blue Social Model,2,2
2015-10-20,3 Utilities Rally Off Lows; Are More Gains In Store?,2,2
2019-07-24,AGNC Investment EPS misses by $0.01,2,2
2019-10-30,Unum Group (UNM) Q3 Earnings and Revenues Miss Estimates,2,2
2015-04-29,"ADT misses by $0.03, beats on revenue",2,2
2014-05-15,Stocks Trim Losses; Applied Materials Up After Hours,2,2
2015-01-14,"9 High-Rated, Lower-Debt Dividend Stocks With A Reasonable Payout",2,2
2015-02-13,"Arbor Realty Trust misses by $0.01, beats on revenue",2,2
2014-07-23,6 Dividend Stocks With A Low P/B Ratio,2,2
2016-01-31,Celebrating The Falling Market With A January Portfolio Update,2,2
2015-03-28,"Automakers Vs. Parts Retailers: Low Road, High Road",2,2
2020-04-16,Dividend Cuts At The Midpoint of April 2020,2,2
2017-02-27,Grains Move Lower From Recent Highs - Another Buying Opportunity,2,2
2016-02-26,"Weakness In High Yield Bonds Is Broad, And NOT Just Due To The Energy Sector",2,2
2016-02-09,"Acadia Realty Trust misses by $0.01, beats on rental income",2,2
2018-03-07,House Republicans' letter to Trump highlights 'deep concern' over tariffs,2,2
2011-03-10,Ashford Hospitality Trust - Upgrades & Downgrades,2,2
2018-07-27,"Aflac (AFL) Q2 Earnings Surpass Estimates, Revenues Miss",2,2
2016-08-20,"Despite The Gold Pullback, Investors Need To Prepare For This Upcoming Catalyst That May Drop Gold Further",2,2
2017-11-27,Macro Fiscal Flows And Investment Markets In Kenya,2,2
2011-10-24,"After Production Shortfall, First Majestic Eyes Return to Growth",2,2
2020-04-24,"IDEX (IEX) Q1 Earnings & Revenues Beat Estimates, Decline Y/Y",2,2
2010-09-13,Aceto - Upgrades & Downgrades,2,2
2017-02-13,"Arch Capital beats by $0.16, misses on net premiums written",2,2
2010-08-13,"Microsoft: Analysts' Upgrades, Downgrades",2,2
2013-10-09,"Telecom, Other High-Yielding Stocks Benefit From Debt-Ceiling Worries",2,2
2017-03-16,"Barrick Gold, Goldcorp upgraded while Newmont cut at RBC",2,2
2018-10-19,6 Bargain Stocks Trading Below the Peter Lynch Value,2,2
2016-06-15,"S&P, Dow ETFs Post 5-Day Chain Of Losses After Fed, But Gold Gains",2,2
2017-12-14,Steelmaker Blames Profit Warning On Rising Imports Under Trump,2,2
2018-02-12,"FDA accepts Adamis Pharma's application for low-dose Symjepi, action date September 3; shares up 1% premarket",2,2
2015-10-07,Low Rates = High Returns for These 4 REITs,2,2
2018-10-25,"Marsh & McLennan's (MMC) Earnings Beat in Q3, Decline Y/Y",2,1
2019-08-06,"AECOM's (ACM) Q3 Earnings Beat, Revenues Miss Estimates",2,2
2016-02-10,"American Equity misses by $0.02, beats on revenue",2,2
2013-02-14,Agilent Unit & Pfizer Collaborate - Analyst Blog,3,3
2012-10-09,Aspen Insurance Bulls in Charge,3,3
2019-03-01,Real estate skids the most since Jan. 2,3,3
2020-01-03,Top Ranked Momentum Stocks to Buy for January 3rd,3,3
2011-09-30,"Insiders Trading AZO, ADPT, REN, CMLS",3,3
2013-02-13,ABB Wins Automation Contract - Analyst Blog,3,3
2019-11-22,Agios Presents New Pharmacodynamic and Response Data from Both Cohorts of the Perioperative ...,3,3
2013-10-11,Navigators Group: A Strong Buy - Analyst Blog,3,3
2012-05-16,Earnings Scorecard: JDS Uniphase - Analyst Blog,3,3
2014-07-02,Why Acadia Healthcare Company (ACHC) Isn't Done Growing Earnings Yet - Tale of the Tape,3,3
2020-04-20,"SHAREHOLDER ALERT: CLAIMSFILER REMINDS AAN, BDX, FLR, MGPI INVESTORS of Lead Plaintiff Deadline ...",3,3
2015-09-28,Resource Sector Digest: Eat All You Can At The Denver Gold Mining Buffet,3,3
2013-05-24,KIM Vends Mexican Assets Again - Analyst Blog,3,3
2010-07-12,Earnings Smackdown: TheStreet vs. MarketWatch,3,3
2017-07-25,Will American Electric (AEP) Disappoint This Earning Season?,3,3
2018-07-02,PAYX or BR: Which of These is a Better Outsourcing Stock?,3,3
2019-05-07,"MYL, GLUU, SEDG and CRAY among midday movers",3,3
2017-02-02,The Advisory Board +5% on report of strategic review,3,3
2020-05-12,"Geller Family Office Services, LLC Buys iShares Russell '………, Vanguard FTSE Developed ...",3,3
2014-11-10,"Great Plains Energy Misses on Q3 Earnings, Lowers Outlook - Analyst Blog",3,3
2015-05-05,Mutual Fund Manager Columbia Wanger Adds 4 Stocks in Q1,3,3
2019-08-08,"Axcelis Technologies, Inc. 2019 Q2 - Results - Earnings Call Slides",3,3
2015-05-11,Game Plan For The Coming Week - Cramer's Mad Money (5/8/15),3,3
2015-05-04,Will Assurant (AIZ) See Another Earnings Miss this Season? - Analyst Blog,3,3
2012-06-04,Top Funds Still Buying Stocks Like Advisory Board,3,3
2019-03-02,"Stocks To Watch: Big Pharma, Green Trucks And Jobs Report",3,3
2012-06-12,TI Narrows 2Q Guidance Range - Analyst Blog,3,3
2015-07-14,AAR Corp.: Cheap Valuation Heading Into Earnings,3,3
2018-12-21,Arbor Realty Trust (ABR) Stock Moves -1.39%: What You Should Know,3,3
2015-09-30,More Carnage In Junior Biotechs: General Comments With Focus On Opko And Acceleron,3,2
2019-12-13,"DEADLINE ALERT - ADTRAN, Inc. (ADTN) - Bronstein, Gewirtz & Grossman, LLC Notifies ...",3,3
2018-07-15,Amazon Hastens Retail Pharma's Last Stand,3,3
2019-04-01,Grains Q1 2019 Review And The Outlook For Q2 2019,3,3
2016-06-28,Advaxis's (ADXS) CEO Daniel O'Connor Hosts Investor & Analyst Day 2016 (Transcript),3,3
2019-05-03,Federal Agricultural Mortgage Corporation 2019 Q1 - Results - Earnings Call Slides,3,3
2015-07-27,Arthur J. Gallagher & Co: The Price Is About Right,3,3
2013-01-07,Wet Seal's Sales Fall Again - Analyst Blog,3,3
2018-08-07,The AES Corporation (AES) CEO Andrés Gluski on Q2 2018 Results - Earnings Call Transcript,3,3
2016-08-16,If I Was A Hawk For Just One Day - Another Data Point Benefiting Gold And Silver,3,3
2015-03-03,Nielsen Holdings (NLSN) Prices 8 Million Secondary Offering - Analyst Blog,3,3
2015-02-18,Teva to Commercialize Eagle's Cancer Drug in the U.S. - Analyst Blog,3,3
2020-05-29,Protalix Submits BLA for Fabry Disease Candidate PRX-102,3,3
2018-06-15,Armada Hoffler raises $49.9M gross proceeds from equity offering,3,3
2018-11-12,Bullish Swing-Trading Watch-List Should This Market Stop Feeling So Blue,3,3
2013-12-06,Access Midstream Prices Unit Issue - Analyst Blog,3,3
2015-02-03,American Financial Beats on Q4 Earnings & Revenues - Analyst Blog,3,3
2014-08-05,"Ironwood Pharmaceuticals Narrows Q2 Loss, Revenues Down - Analyst Blog",3,3
2020-01-30,Ambient Assisted Living Market (PDF) [Review: —…—…-—…—9] | Top Players – ...,3,3
2018-12-08,Worries About China And Energy Have Pushed Emerson To A More Interesting Level,3,3
2018-02-09,Arbor Realty Trust Schedules Fourth Quarter —…–7 Earnings Conference Call,3,3
2019-11-29,"X, NVAX, PIR and SVRA among midday movers",3,3
2015-03-10,Aegion (AEGN) Launches a New $20M Share Buyback Program - Analyst Blog,3,3
2018-04-23,Is the Options Market Predicting a Spike in Akorn (AKRX) Stock?,3,3
2016-01-12,Anthropologie Leads The Mall In Transitioning Inventories While Gap And Abercrombie Lag Behind,3,3
2012-01-24,Agree Realty Issues Public Offering - Analyst Blog,3,3
2017-11-28,3 Retail Stocks to Buy After Strong Black Friday Weekend,3,3
2019-10-24,AllianceBernstein Q3 reflects rebound in fixed income,3,3
2020-03-20,"Acadia Pharmaceuticals Clears Technical Benchmark, Hitting 90-Plus RS Rating",3,3
2016-02-18,Aaron's (AAN) John W. Robinson on Q4 2015 Results - Earnings Call Transcript,3,3
2010-03-30,'Fast Money' Recap: Crowded Trades,3,3
2017-01-29,Barrick Gold: What To Do Now,3,3
2015-08-09,The 8 Best Stocks For Value Investors This Week,3,3
2015-08-18,"Corporate Bubble Pricing Revised, Effect Is The Same",3,3
2018-05-30,Applied Genetic Tech files for $125M mixed shelf offering,3,3
2013-12-04,Will Kroger (KR) Beat Earnings? - Analyst Blog,3,3
2015-01-29,Astoria Financial (AF) Q4 2014 Results - Earnings Call Transcript,3,3
2019-04-09,Road To One Million - Our REIT Money-Making Machine,3,3
2019-11-06,"Palisade Capital Management Llc Buys Easterly Government Properties Inc, Acadia Healthcare Co ...",3,3
2019-06-17,4 Reasons to Add Universal Forest Stock to Your Portfolio Now,3,3
2016-06-07,Arctic Cat: FY17 Outlook And Analyst Day Confirm High Risk/High Reward,3,3
2014-11-06,"Aaron's Enhances Shareholder Wealth, Ups Dividend by 9.5% - Analyst Blog",3,3
2020-03-15,Air Lease (AL) Down 47.6% Since Last Earnings Report: Can It Rebound?,3,3
2018-08-30,"Gold Miners Still Have Risk, But The Rewards May Be Extraordinary",3,3
2016-11-29,American Eagle: Lone Winner Among Struggling Retail Stocks,3,3
2018-04-17,Evelo Biosciences Files For U.S. IPO,3,3
2012-03-20,Are the Bears Taking Control over Applied Industrial?,3,3
2015-06-04,U.S. Steelmakers Take Steps to Stem 'Deluge' of Imports - Analyst Blog,3,3
2019-05-09,Air Lease Corporation's (AL) CEO John Plueger on Q1 2019 Results - Earnings Call Transcript,3,3
2019-02-22,"Stock Market News For Feb 22, 2019",3,3
2019-01-31,ClearBridge Small Cap Growth Strategy Portfolio Manager Commentary Q4 2018,3,3
2019-09-12,Student Housing REITs: Spoiled By The Millennials,3,3
2017-11-29,Mauldin: The Alarming Pension Crisis Math,3,3
2017-06-19,Top Stock Picks for the Week of June 19th,3,3
2013-02-25,4 Stocks Rising on Unusual Volume,3,3
2018-05-01,AGCO (AGCO) Q1 2018 Results - Earnings Call Transcript,3,3
2018-07-24,Market Volatility Bulletin: Stock Market's Google Earnings Celebration Fizzles,3,3
2020-04-15,"ROSEN, A RANKED AND LEADING LAW FIRM, Reminds Aaron's, Inc. ...",3,3
2019-11-11,The Momentum Has Shifted Away From Defensives Back Toward Cyclicals,3,3
2018-02-27,Is American Eagle Outfitters (AEO) a Great Stock for Value Investors?,3,3
2012-10-17,5 Stocks With Big Insider Buying,3,3
2018-02-15,Acorda Therapeutics' (ACOR) CEO Ron Cohen on Q4 2017 Results - Earnings Call Transcript,3,3
2015-07-28,CVS Health's PBM Business Could Be Under Threat,3,3
2019-10-30,"Automatic Data Processing, Inc. 2020 Q1 - Results - Earnings Call Presentation",3,3
2019-01-16,"Muni Fortnightly - January 14, 2019",3,3
2016-06-14,Stocks Manning & Napier Continues Buying,3,3
2018-08-14,BBBs: Beyond The Headlines,3,3
2014-05-06,Can Unum (UNM) Keep Earnings Surprise Streak Alive? - Analyst Blog,3,3
2015-04-06,Goldcorp to sell 40% stake in Nevada project to Premier Gold,3,3
2016-02-02,AGCO (AGCO) Q4 2015 Results - Earnings Call Webcast,3,3
2016-07-27,The Art And Science Of Trading Preferreds,3,3
2012-08-22,Wet Seal Suffers Loss on Lower Sales - Analyst Blog,3,3
2015-04-07,Gold - The BOJ Presents An Important Test This Week,3,3
2018-05-11,Asanko Gold' (AKG) CEO Peter Breese on Q1 2018 Results - Earnings Call Transcript,3,3
2020-02-19,Stocks With Rising Relative Strength: Acadia Healthcare,3,3
2015-12-16,Comparative Valuation Of 15 Yieldcos,3,3
2018-05-11,AllianceBernstein reports April AUM,3,3
2013-06-26,Can Gold Stage a Comeback? - Analyst Blog,3,3
2015-04-22,"Stocks Take A Quiet Step Back; McDonald's, Visa, Tesla Climb",3,3
2014-03-27,Federated Investors Hits 52-Week High - Analyst Blog,3,3
2017-12-21,"Your Daily Pharma Scoop: AEterna Zentaris Gets FDA Nod, Valeant Finalizes Sprout Sale, Roche Gets EC Approval",3,3
2011-04-13,10 Top-Ranked Financial Stocks to Watch,3,3
2016-10-26,AllianceBernstein Holding L.P. 2016 Q3 - Results - Earnings Call Slides,3,3
2017-05-31,"Analog Devices Rallies On Big Q2 Earnings Beat, Raised Outlook",3,3
2019-02-06,Argan: Vindication For The Bull Case Is Just Around The Corner,3,3
2019-07-24,New Strong Sell Stocks for July 24th,3,3
2020-04-14,Bill Ackman on Agilent Technologies,3,3
2016-10-05,The Big Risk To Gold And Silver - The European Banking Crisis,3,3
2016-01-15,"Ken Fisher Sells Shares of PMC Sierra, Alphabet During 4th Quarter",3,3
2020-02-06,Location Analytics Market to Reach USD —6. ...,3,3
2020-04-22,Ron Baron's Baron Partners Fund –st-Quarter Shareholder Commentary,3,3
2019-09-04,"SHAREHOLDER ALERT: Levi & Korsinsky, LLP Notifies Investors of an Investigation Involving ...",3,3
2019-08-19,Best REITs To Own In The Late Stage Of The Cycle - Part 1: EPR Properties,3,3
2020-03-18,Global Renewable Energy Market: Rising Impressive Business Opportunities Analysis Forecast By ...,3,3
2015-12-22,Healthcare Intelligence: Aetna-Humana M&A Deal,3,3
2012-05-30,Neutral on AES Corp. - Analyst Blog,3,3
2020-04-06,"Know These 3 Facts to Avoid Paying Half Your Retirement Income to the IRS - April 06, 2020",3,3
2014-10-21,Office Depot One of the First to Accept Apple Pay - Analyst Blog,3,3
2015-10-01,Precious Metals Q3 Review And Q4 Outlook,3,3
2014-02-06,"Pernix Appoints New CEO, Shares Up - Analyst Blog",3,3
2015-02-23,Nielsen's Subsidiaries Set $750M Senior Notes Price Tag - Analyst Blog,3,3
2019-08-01,"How To Be A Great Investor, Part 2: Understand Value",3,3
2018-02-22,"3 Things In Biotech You Should Learn Today: February 21, 2018",3,3
2015-04-02,Barrick Gold Will Continue To Trend Higher,3,3
2017-02-08,ABB LTD. 2016 Q4 - Results - Earnings Call Slides,3,3
2019-08-28,Goehring & Rozencwajg Natural Resource Market Commentary Q2 2019: The Gold Bull Market Is Here,3,3
2018-05-31,Medical Properties (MPT) to Divest Stake in Ernest Health,3,3
2019-03-08,ADTRAN (ADTN) Chosen by Zzoomm for 10G FTTH Network Buildout,3,3
2016-09-08,Acadia Realty Trust hits fundraising target for new fund,3,3
2016-01-25,"ETF Trends For 2016: Part 1, Currency-Hedged Products",3,3
2015-05-27,Health Care REIT (HCN) Closes $750M Senior Note Offering - Analyst Blog,3,3
2015-09-25,Pacific Sunwear (PSUN) May Not be a Good Pick: Here's Why,3,3
2014-09-10,Can the Rally in Achillion (ACHN) Shares Continue? - Tale of the Tape,3,3
2016-09-12,Applied Genetic Technologies (AGTC) Hikes Ahead of Earnings,3,3
2019-06-25,Do Not Sell In May (June) And Go Away; Look At These Buy Candidates,3,2
2019-05-22,"Advance Auto Parts, Inc. (AAP) CEO Tom Greco on Q1 2019 Results - Earnings Call Transcript",3,3
2016-05-27,"Still Bullish On Acme United - But Cautious, Too",3,3
2013-10-01,Newmont Eyeing Glencore's Copper Mine - Analyst Blog,3,3
2013-04-09,Assurant Hits New 52-Week High - Analyst Blog,3,3
2015-08-31,"Premarket Biotech Digest: Pump-And-Dumps, MannKind DTC Campaign, Opdivo ODD",3,3
2017-02-27,A New Buffett-Inspired Screening Model,3,3
2010-09-13,Strong Industrial Data Lifted Steel Stocks,3,3
2014-11-18,Pharma ETFs in Focus on Allergan Takeover Deal - ETF News And Commentary,3,3
2015-06-22,L Brands Sanctions Share Repurchase Program Worth $250M - Analyst Blog,3,3
2016-08-02,"Gold: Rally Continues, Which Stocks To Buy?",3,3
2014-02-04,"Top-Performing Funds Add To Questcor, Facebook, Under Armour",3,3
2015-03-04,"Alibaba Accused of Fake Orders to Pad Sales, Shares Bear the Brunt - Analyst Blog",3,3
2016-06-02,Cash in on Robot Stocks (Before They Take Over a Restaurant Near You),3,3
2019-07-29,"Lear (LEA) Lags Q2 Earnings & Revenue Estimates, Down Y/Y",3,3
2016-12-11,Why Is The Market Still Rallying? Is There Anything Still Worth Buying?,3,3
2015-05-15,"Eli Lilly, Sanford-Burnham Ink Deal for Immunotherapies - Analyst Blog",3,3
2017-07-17,Duke Energy Plans to Build Solar Power Plants in Kentucky,3,2
2019-09-16,Why Hold Strategy is Apt for Silgan (SLGN) Stock Right Now,3,3
2018-04-03,Gold Mining Bull: Top News And Month In Review,3,3
2015-08-14,"The New Paradigm For ETF, Mutual Fund, Bond Fund And mREITs Part 2",3,3
2015-07-31,Will HCP's (HCP) Q2 Earnings Surprise on Consistent NOI? - Analyst Blog,3,3
2016-07-26,Wall Street Breakfast: Futures Silent Ahead Of Fed Meeting,3,3
2016-07-31,Adams Diversified Equity Fund's (ADX) CEO Mark Stoeckle on First Half 2016 Results - Earnings Call Transcript,3,3
2017-01-06,Adamis Pharmaceuticals: Beneficiary Of Mylan's EpiPen Fiasco?,3,3
2014-03-26,Analysts Bearish On Retail Q1 EPS Outlook,3,3
2016-02-08,Sector Leader Dog NRF Sports 26.95% January Yield,3,3
2016-03-17,Q1 could have been worst quarter even for some fixed-income hedge funds,3,3
2019-05-09,"HYG And U.S. High-Yield Market Outlook: Week Ending May 03, 2019",3,3
2020-03-06,Allergan's (AGN) Glaucoma Implant Durysta Gets FDA Approval,3,3
2017-03-17,Achillion Pharmaceuticals (ACHN) Presents At Barclays Global Healthcare Conference 2017,3,3
2012-12-05,"Will Pep Boys Ever Show Real Growth Again? (PBY, AAP, AZO, MNRO)",3,3
2020-04-13,AstraZeneca's Koselugo Gets FDA Nod for Rare Genetic Disorder,3,3
2014-12-08,Arthur J. Gallagher Acquires Australia-based Blue Holdings - Analyst Blog,3,3
2018-01-31,Time To Prefer Preferreds,3,3
2015-03-11,Duke Energy to Settle Lawsuit with Shareholders for $146M - Analyst Blog,3,3
2015-09-22,RLJ Lodging Trust Opens Courtyard Union Square Hotel,3,3
2017-02-16,"RFID Chipmaker Impinj Tops Q4 Estimates, Undershoots Q1 Forecasts",3,3
2019-12-11,Markdown madness in retail?,3,3
2013-10-29,"Stocks Mixed In Firm Trade; Cummins, CommVault Systems Dive",3,3
2016-04-12,Preferred Equities Delivering Reasonable Yields For The Conservative Investor,3,3
2017-12-21,Thus Spoke Markethustra,3,3
2018-02-05,Nordstrom (JWN) to Open Relocated Kansas City Store in 2021,3,3
2014-01-15,Neutral Stance on Crown Castle - Analyst Blog,3,3
2013-03-19,Another Contract for ABB - Analyst Blog,3,3
2018-10-19,"Xact Kapitalforvaltning AB Buys Broadcom Inc, SPDR S&P 5……, Qurate Retail Inc, Sells ...",3,3
2016-02-03,Mortgage REITs rally,3,3
2013-04-08,ABB's Gearless Conveyor for Copper Mine - Analyst Blog,3,3
2018-06-12,7% Bonds Significantly Better Than 7% Preferred Share,3,3
2019-11-07,Agricultural Markets Pre-November WASDE,3,3
2019-07-25,ABB Ltd 2019 Q2 - Results - Earnings Call Slides,3,3
2014-09-09,"Machinery Industry: Global Perspective, Bright Outlook - Industry Outlook",3,3
2017-03-01,ABB completes divestment of cable business,3,3
2016-09-29,Buy Cisco - Cramer's Lightning Round (9/29/16),3,3
2015-10-07,Gold Will Break Out As Rate Hike Myth Dies (Video),3,3
2015-02-10,The Chubb Corporation - My Analysis For This Great Company,3,3
2014-11-12,Lincoln National Hits 52-Week High Post Solid Q3 Earnings - Analyst Blog,3,3
2015-08-21,"The Zacks Analyst Blog Highlights: Tesla Motors, General Motors, Ford Motor, Lear and Advance Auto Parts",3,3
2012-12-18,American Eagle Outfitters Bullish Engulfing Formed,3,3
2019-08-02,"GenTrust, LLC Buys iShares Core MSCI Europe ETF, iShares Core U.S. ...",3,3
2019-06-05,Aecom Technology Shows Rising Relative Strength; Still Shy Of Key Benchmark,3,3
2016-02-23,Advance Auto Parts: The Worst House In The Best Neighborhood,3,3
2018-11-29,Braemar Hotels & Resorts: This 8.25% Preferred Stock Has Begun Trading On The NYSE,3,3
2017-10-11,"Schneider Downs Wealth Management Advisors, LP Buys iShares Core MSCI EAFE, PowerShares S&P ...",3,3
2018-03-05,New finance chief at Aeterna Zentaris,3,3
2012-06-19,Adobe Upgrades e-Learning Software - Analyst Blog,3,3
2015-07-07,ACE Puts Its Excess Capital To Work In A Big Way,3,3
2015-06-08,The Dollar Dips And So Do Precious Metals,3,3
2015-10-21,Vornado to Sell Leasehold Interest in Broad Street Building,3,3
2017-05-30,"Pivot Point Capital Partners, LLC Buys Carter's Inc, Shutterfly Inc, Sells Monro Muffler Brake ...",3,3
2017-11-07,Steven Cohen Takes Stake in Karyopharm Therapeutics,3,3
2020-06-01,June 2020 Monthly,3,3
2015-05-15,"Will Wage Hike, Health Costs Mar Wal-Mart (WMT) Earnings? - Analyst Blog",3,3
2015-10-12,"Humana Awaits Buyout by Aetna, ACO Deals Raise Optimism",3,3
2020-04-02,Is the Options Market Predicting a Spike in Akebia Therapeutics (AKBA) Stock?,3,3
2017-12-10,US ETFs And ETPs Have Gathered $424B In Net New Assets In The First 11 Months Of 2017,3,3
2015-08-18,"Strategic Hotels Exploring Sale Options, JPMorgan to Advise",3,2
2016-12-16,Strong outlook boosts AGCO higher,3,3
2018-01-11,Barrick to Report Fourth Quarter —…–7 Results on February –4 and Will Hold —…–8 ...,3,3
2013-10-23,"Alcoa, VSMPO-AVISMA to Form Aerospace JV - Analyst Blog",3,3
2015-03-17,Actavis completes Allergan takeover,3,3
2018-11-20,The Future-Proof Portfolio For Young Investors: Stability In A Volatile Period,3,3
2017-01-26,Barrick Gold Reports Preliminary Operating Results for —…–6,3,3
2019-11-01,Assurant (AIZ) to Report Q3 Earnings: What's in the Cards?,3,3
2020-02-10,"Food Robotics Market Size, share —…—… Industry Growing Rapidly with Recent Demand, ...",3,3
2015-05-01,Stocks Tank Into Month End,3,3
2015-06-29,Farm Prices index +3.9% in May (M/M),3,3
2014-07-22,AK Steel to Acquire Severstal's Dearborn Plant for $700M - Analyst Blog,3,3
2018-01-23,"Focused Investors LLC Buys Bank of America Corporation, CBS Corp, Sells Time Warner Inc, ...",3,3
2015-06-30,ADMA Biologics Shares Possibly Worth A Triple On FDA Approval Of RI-002,3,3
2019-11-21,The Chemist's Quality Closed-End Fund Report: October 2019,3,3
2012-06-05,"(ACCO) CFO Neal V Fenwick buys 18,000 Shares",3,3
2020-02-04,MetLife (MET) to Post Q4 Earnings: What's in the Offing?,3,3
2015-07-14,"Agrium: More Than A Fertilizer Producer, More Interesting Than Potash Corp?",3,3
2018-09-13,Alibaba: Shopping At Firesale Prices,3,3
2011-12-19,AK Steel Issues 4Q Guidance - Analyst Blog,3,3
2017-01-18,Barrick Gold Investors Look Out: A Bear Market Is Coming,3,3
2020-05-15,Fairfax Financial Sells Johnson & Johnson,3,3
2018-11-13,Advance Auto Parts' (AAP) CEO Tom Greco on Q3 2018 Results - Earnings Call Transcript,3,3
2016-12-06,It's The End Of The World As We Know It (And Stocks Feel Fine),3,3
2020-05-15,"Blue Pool Management Ltd. Buys Adobe Inc, Facebook Inc, Thermo Fisher Scientific Inc, Sells ...",3,3
2018-04-04,Adamas Pharmaceuticals Shows Improved Relative Price Performance; Still Shy Of Benchmark,3,3
2015-04-30,Acorda Therapeutics reiterates 2015 guidance after Q1 results,3,3
2019-12-05,Alliance Data To Participate At The Goldman Sachs U.S. Financial Services Conference —…–9,3,3
2020-04-24,"Davis R M Inc Buys Palo Alto Networks Inc, Akamai Technologies Inc, SPDR S&P 5……, Sells ...",3,3
2017-01-25,"Asset Matters: A ""New"" World For Bonds",3,2
2016-12-05,It Will Not Be Long Before The New Agricultural Commodity Trades On The Futures Market,3,3
2018-04-19,ABB LTD. 2018 Q1 - Results - Earnings Call Slides,3,3
2020-04-28,Cboe Global (CBOE) to Report Q1 Earnings: What's in Store?,3,3
2020-04-29,"Qp Wealth Management, Llc Buys First Trust North American Energy Infrastructure F, Gilead ...",3,3
2019-07-05,Apollo Tactical Income Fund Inc. Declares July —…–9 Monthly Distribution of $…. ...,3,3
2018-06-05,Barrick's Annual Sustainability Report Now Available,3,3
2013-11-13,Prudential Raises Dividend - Analyst Blog,3,3
2017-02-17,Aaron's (AAN) Q4 2016 Results - Earnings Call Transcript,3,3
2017-08-07,"Strategy Asset Managers Llc Buys International Paper Co, Emerson Electric Co, Baker Hughes Inc, ...",3,3
2019-10-22,"Trudeau Will Lead A Coalition Government In Canada, While The U.K.'s Johnson Fights Another Day",3,3
2011-03-21,Alcoa Raises Product Prices - Analyst Blog,3,3
2013-12-13,Manulife Stays Neutral - Analyst Blog,3,3
2019-06-26,Global Adaptive Cruise Control (ACC) and Blind Spot Detection (BSD) Market: Key companies ...,3,3
2016-09-01,The Great Bond Shift Rolls On,3,2
2020-02-13,"Artificial Intelligence (AI) Chipset Market Share,Size —…—… Global Gross Margin ...",3,3
2017-12-29,Scale Conundrum Makes Agree The Small Fish In The Big Sea,3,3
2018-04-30,Cash poured into bond funds in April,3,3
2019-08-20,"Kerrisdale Advisers, LLC Buys Yandex NV, Nutanix Inc, Marriott Vacations Worldwide Corp, Sells ...",3,3
2015-12-03,"Barrick Gold wins $4B credit extension, covenant change",3,3
2015-10-06,"CBOE Holdings Well Poised on Business Model, Cost Control",3,3
2017-12-06,Munis: A Path To Bridge The Wealth Gap,3,3
2012-06-14,Exelon Unit Issues $775M Notes - Analyst Blog,3,3
2020-03-05,"AARON'S, INC. INVESTOR ALERT: Bronstein, Gewirtz & Grossman, LLC Alerts of Class Action ...",3,3
2016-08-07,Ashford Hospitality Prime's (AHP) CEO Montgomery Bennett on Q2 2016 Results - Earnings Call Transcript,3,3
2014-02-26,Enter Biosimilars: 3 Stock Picks - Analyst Blog,3,3
2017-12-01,ACOR SHAREHOLDER ALERT: The Law Offices of Vincent Wong Notifies Investors of Commencement of a ...,3,3
2019-12-12,"Powerful Proof Anyone Can Invest for an Early Retirement - December 12, 2019",3,3
2012-02-15,Top Holdings from David Williams,3,3
2015-04-30,Surging Earnings Estimates Signal Good News for Adeptus Health (ADPT) - Tale of the Tape,3,3
2014-12-23,Feds' Expected Rule Changes Fuel $810 Mil Deal,3,3
2016-12-12,Nothing Precious About Them,3,3
2014-11-10,Agrium (AGU) Unit to Acquire Equity Stake in CH Biotech - Analyst Blog,3,3
2020-04-23,3 Blue-Chip Tech Stocks to Buy Right Now Not Named Apple or Microsoft,3,3
2015-01-21,Aaron's (AAN) Reshuffles Progressive Leasing Management - Analyst Blog,3,3
2019-06-19,"HollySys Undervalued (Maybe Significantly), But Confounding",3,3
2013-02-20,Rating Action on Torchmark - Analyst Blog,3,3
2011-05-16,Gap Forays into Serbia and Ukraine - Analyst Blog,3,3
2018-02-01,New Strong Buy Stocks for February 1st,3,3
2015-01-27,Waters Beats on Q4 Estimates on Surging Pharma Demand - Analyst Blog,3,3
2012-08-01,"A 52 Week High for Ameren, will it Hold?",3,3
2012-01-13,"Acacia Research Corp. (ACTG) President & Chairman Paul R Ryan sells 30,000 Shares",3,3
2016-01-07,"Broadcom 'Story Played Out,' NXP To Lead Apple Sphere",3,3
2018-01-14,Is This The Long Awaited Gold Breakout - Or Just Another Paper Market Head Fake?,3,3
2018-02-02,"Mn Services Vermogensbeheer B.V. Buys Canadian Pacific Railway, Aptiv PLC, Eversource Energy, ...",3,3
2014-07-28,"Aaron's (AAN) Slumps on Weak Q2 Earnings, Cost Savings Ahead - Analyst Blog",3,3
2014-04-09,Let's Take a Closer Look at Macerich,3,3
2020-01-10,"The Zacks Analyst Blog Highlights: Agile Therapeutics, Air Industries, Dermira, Microbot Medical and Cassava Sciences",3,3
2010-03-22,Bond Insurers Seek $10 Billion From Banks,3,3
2015-04-23,Adeptus Health's (ADPT) CEO Tom Hall on Q1 2015 Results - Earnings Call Transcript,3,3
2020-05-12,"Adaptive Biotechnologies Corp (ADPT) CFO Chad M Cohen Sold $7–8,4…… of Shares",3,3
2017-12-14,Argan Inc.: An Undervalued Company Of Exceptional Quality,3,3
2013-06-27,Agilent Software Adopted by Millitech - Analyst Blog,3,3
2012-12-21,DiamondRock Closes Financing - Analyst Blog,3,3
2019-10-10,Coffee - Consolidation Around The $1 Level,3,3
2019-09-20,"Factory Automation Market Projected to Generate $'68.'7 Billion by —…—5, at 8.8% CAGR",3,3
2013-02-21,"Associated Estates Realty Corp. (AEC) CFO Lou Fatica sells 69,164 Shares",3,3
2019-06-09,6 Monster Stock Market Predictions For The Week Of June 10,3,3
2014-02-07,Positive Surprises & Negative Guidance - Earnings Preview,3,3
2015-01-02,"Seeking Alpha's Biotech Weekly: 2014's Approval-Palooza, Ebola In Scotland, And More",3,3
2016-02-17,Analog Devices (ADI) Q1 2016 Results - Earnings Call Webcast,3,3
2015-04-24,Stocks Finish Solid Week; Akorn Restates 2014 Revenue,3,3
2019-08-17,Why Is Alliance Data (ADS) Down 12.2% Since Last Earnings Report?,3,2
2015-12-09,Guess What Happened The Last Time Junk Bonds Started Crashing Like This? Hint: Think 2008,3,3
2019-01-28,New Hope For Acorda Therapeutics In 2019,3,3
2015-03-13,Shares Of Guess Appear Fairly Valued But This Doesn't Mean Buy?,3,3
2016-08-28,Resource Sector Digest: Another One Bites The Dust,3,3
2015-09-29,Acadia Healthcare: A Case For The Importance Of Qualitative Due Diligence,3,3
2019-01-27,2018 Reviewed In 8 Insurance Stocks,3,3
2014-12-19,Integra Lifesciences Up on Launch of Bilayer Skin Product - Analyst Blog,3,3
2014-08-19,Sealed Air Hikes Prices to Combat Growing Raw Material Costs - Analyst Blog,3,3
2016-02-07,"Top Silver Mining CEO: Don't Laugh, We Could See $100+ Silver",3,3
2017-03-01,Trump promises better healthcare plan than ACA in joint session speech,3,3
2016-04-15,Commodities Cycle: Collapse In The Price Of Silver,3,3
2015-12-02,How Late ObamaCare Enrollees Whacked UnitedHealth,3,3
2018-10-26,Analog/Mixed Signal Semiconductor Outlook: Growth Remains Steady,3,3
2012-11-07,Agco Corp. Reports Operating Results (10-Q),3,3
2017-10-30,What's in the Cards for Immune Design (IMDZ) in Q3 Earnings?,3,3
2011-12-07,Don't Join Stock Market Exodus,3,2
2018-11-07,Affimed Therapeutics (AFMD) CEO Adi Hoess on Q3 2018 Results - Earnings Call Transcript,3,3
2018-11-14,Macro Speculations: The Winter Is Coming... Or Is It Already Here?,3,3
2018-01-17,4 Apparel Stocks Worth Buying on Healthy Holiday After-Math,3,3
2016-04-13,Active Power Sets First Quarter 2016 Conference Call for April 26 at 8:30 a.m. ET,3,3
2017-03-03,"First Pacific Advisors Buys Alcoa, Baidu,Yahoo",3,3
2020-03-20,Spend Analytics Market Study Navigating the Future Growth Outlook | Advanced; Efficio Limited ...,3,3
2018-07-19,David R. Rahn & Associates Inc. Buys Schwab U.S. ...,3,3
2019-10-30,"Growing Pains, With Irwin Simon, CEO, Aphria",3,3
2014-04-21,Vintage Capital Reacts to Aaron's Rejection - Analyst Blog,3,3
2018-10-31,A.H. Belo Corporation's (AHC) CEO Robert Decherd on Q3 2018 Results - Earnings Call Transcript,3,3
2018-05-09,AK Steel's Middletown Works and Mountain State Carbon Coke Plants Recognized for Outstanding ...,3,3
2014-05-16,ACE Ltd Raises Dividend by 3% - Analyst Blog,3,3
2020-04-03,"Market Talk – Friday, April 3",3,3
2018-08-24,"The Zacks Analyst Blog Highlights: Medtronic, EOG Resources, CSX, Analog Devices and Autodesk",3,3
2014-07-02,Aetna Hits 52-Week High on Sound Fundamentals - Analyst Blog,3,3
2012-07-03,Fitch Maintains Outlook on Invesco - Analyst Blog,3,3
2018-06-21,"Factors of Influence in —…–8, Key Indicators and Opportunity within Camden National, Cara ...",3,3
2018-12-21,"Commodities Recap For The Week Of December 21, 2018",3,3
2019-10-02,Just A Manufacturing Recession? Stocks And Bonds Think There's More To It,3,3
2015-08-06,Prudential Financial Q2 Earnings Beat on Higher Revenues - Analyst Blog,3,3
2020-04-02,Will Aflac (AFL) Beat Estimates Again in Its Next Earnings Report?,3,3
2013-12-03,CNO Financial Upgraded to Buy - Analyst Blog,3,3
2018-08-07,"Kennametal (KMT) Tops Q4 Earnings on Solid Sales, Margins",3,3
2019-09-09,Earnings Season Watch List: AAR,3,3
2019-01-18,The Possible Reasons Why Berkshire Hathaway Invested In Travelers Inc.,3,3
2019-10-14,Wall Street Breakfast: Big Week Ahead For Brexiteers,3,2
2019-05-10,"Capital Advantage, Inc. Buys SPDR Select Sector Fund - Consumer Staples, Vanguard Health Care, ...",3,3
2018-01-31,Finding Value In An Overinflated Market,3,3
2015-09-17,Moving Average Crossover Alert: AllianceBernstein Holding (AB),3,3
2015-10-05,Amazon: Multi-Year CBS Deal Adds to Prime Video Content,3,3
2020-02-14,What's in the Offing for Advance Auto Parts (AAP) Q4 Earnings?,3,3
2015-03-17,My March Stock Picks,3,3
2011-12-30,6 Stocks Shoveling Cash to Shareholders,3,3
2015-01-12,"Acorda reports preliminary results, provides 2015 outlook",3,3
2016-06-17,Potash Producers In Danger,3,2
2020-05-18,New Strong Buy Stocks for May 18th,3,3
2018-02-16,Ameren Corp's (AEE) CEO Warner Baxter on Q4 2017 Results - Earnings Call Transcript,3,3
2015-09-30,Corporate Yields Are Widening,3,3
2019-10-04,American Eagle (AEO) Down 5.6% Since Last Earnings Report: Can It Rebound?,3,3
2014-01-09,Philips Remains at Neutral - Analyst Blog,3,3
2017-02-09,Aspen Insurance Holdings' (AHL) CEO Chris O'Kane on Q4 2016 Results - Earnings Call Transcript,3,3
2019-08-07,Dow Stocks Turn Negative on Wednesday,3,3
2020-01-24,Applied Industrial Technologies Sees IBD RS Rating Improve To 73,3,3
2019-09-25,Union ratifies labor deal for AK Steel's Coshocton Works,3,3
2018-02-22,Barrick Gold sees four new projects adding 1M-plus oz./year starting 2021,3,3
2019-07-11,Silicon Valley Pioneer Keysight Just Moved Into The Buy Zone — But Can It Stay There?,3,3
2017-11-13,What's in Store for Advance Auto Parts (AAP) in Q3 Earnings?,3,1
2020-04-20,What's in the Cards for Alliance Data (ADS) Q1 Earnings?,3,3
2018-07-20,4 Reasons to Add Portland General Electric to Your Portfolio,3,3
2014-11-14,Mallinckrodt Shares Down on Setback for Generic Concerta - Analyst Blog,3,3
2019-01-13,JPST For Ultra-Short Income Investors,3,3
2019-05-31,VC Deals: Toyota Mulls $550M Ride-Hail Bet,3,3
2019-04-25,3 Tips To Generate Alpha In Smaller Stocks,3,3
2013-02-28,"American Capital Ltd (ACAS) CFO and Pres., Structured Fin. John R Erickson sells 5,350 Shares",3,3
2020-03-29,Snack Pellet Equipment Market [Review: —…—…-—…—9] | Top Players – Clextral S.A. ...,3,3
2015-10-22,Adeptus Health's (ADPT) CEO Thomas Hall on Q3 2015 Results - Earnings Call Transcript,3,3
2012-01-06,8 Stocks Rising on Huge Volume,3,3
2019-10-17,Asbury Automotive (ABG) to Post Q3 Earnings: What's in Store?,3,3
2018-08-13,AIT or XYL: Which Is the Better Value Stock Right Now?,3,3
2019-06-14,Stocks Showing Rising Market Leadership: Altra Industrial Motion Earns 81 RS Rating,3,3
2015-03-18,Regeneron Hits a 52-Week High on Positive Praluent Data - Analyst Blog,3,3
2014-04-17,"IBD 50: Auto, Other IBD 50 Stocks Forming Bases",3,3
2016-12-14,"My Dashboard Stock Lists: 25% In 1 Year, Part 2",3,3
2015-07-06,Aetna Humana Deal Foreshadowed By Cigna And Anthem,3,3
2018-11-15,Problems For Gold,3,3
2016-02-22,Novo Nordisk - Saxenda Launch Continues Modest Positive Trajectory,3,3
2019-07-03,"NIO, SYMC and USNA among midday movers",3,3
2013-04-11,Fitch Avows Aflac's Credibility - Analyst Blog,3,3
2017-03-24,Adcare Health Systems reports Q4 results,3,3
2019-05-02,Arbor Realty Trust Just Within Buy Range As Earnings Approach,3,3
2013-09-12,Infinera Seen Targeting Verizon As Key Customer,3,2
2016-04-16,Are Howling Energy Dogs Atop Contender List Partying Or Parting?,3,3
2015-04-29,Affymetrix (AFFX) Q1 2015 Results - Earnings Call Webcast,3,3
2018-08-01,"ADP reports Q4 beats, upside EPS guide",3,3
2013-02-20,Fidelity Ends 2012 on a High Note - Analyst Blog,3,3
2016-06-06,Companies To Buy Ahead Of Imminent Affordable Global Satellite Internet,3,3
2011-11-22,NRG Improves Solar Assets Portfolio - Analyst Blog,3,3
2013-05-29,AEC Offers Shares on Forward Basis - Analyst Blog,3,3
2018-01-22,Buy the M&A-related dip in AIG - Wells Fargo,3,3
2017-08-29,Steel Industry Stock Outlook - Aug 2017,3,3
2020-03-06,A Rare Opportunity to Own Aflac,3,3
2020-02-24,Twenty-one Gallagher Professionals Recognized as —…—… Power Brokers® by Risk & ...,3,3
2016-09-19,Michael Pento: The Coming Bond Bubble Collapse (Podcast),3,3
2019-06-01,Silver Miners' Q1 2019 Fundamentals,3,2
2015-04-13,The Inspiration Fund - Q1 2015 Letter,3,2
2012-09-13,Special Dividend for DSW Investors - Analyst Blog,3,3
2017-12-07,Best And Worst Q4 2017: Large-Cap Blend ETFs And Mutual Funds,3,3
2020-05-08,"The Zacks Analyst Blog Highlights: Procter & Gamble, Exxon Mobil, Adobe Systems, Comcast and Las Vegas Sands",3,3
2012-02-13,"New Ratings ( BUD, AES, MNKD, OMCL )",3,3
2016-12-08,Silver rigging at other banks?,3,2
2015-07-02,Remainder Of 2015 Looks Good For Munis,3,3
2019-08-29,"ADTRAN (ADTN) Investor Alert: Hagens Berman Investigating ADTN's Inventory Accounting, ...",3,3
2015-09-28,Guggenheim rings the register on Astoria Financial,3,3
2017-10-26,"First Business Financial Services, Inc. Buys Public Storage, Arthur J. ...",3,3
2013-05-15,"Stocks Get Positive Near Noon; Delta, United Top Airline Rally",3,3
2016-05-20,"AK Steel and NanoSteel Honored With ""Breakthrough Solution of the Year"" by Platts ...",3,3
2015-10-20,Autobytel (ABTL) is in Overbought Territory: What's Next?,3,3
2018-06-05,Agree Realty (ADC) Presents At NAREIT REITweek: 2018 Investor Conference - Slideshow,3,3
2018-12-11,American Eagle Outfitters slips on light guidance,3,3
2015-10-22,Acorda Therapeutics' (ACOR) CEO Ron Cohen on Q3 2015 Results - Earnings Call Transcript,3,3
2017-10-30,Will Allstate (ALL) Q3 Earnings Suffer From Weather Loss?,3,3
2016-05-19,"Increasing Yields for Altera, Coach, Ambev",3,3
2015-06-03,Pacific Sunwear Unveils Bearish Picture Post Q1 Results - Analyst Blog,3,3
2019-01-22,Finding Value: 3 Retailers Out Of Favor Despite Outstanding Shareholder Yields,3,3
2019-08-28,ADSK among premarket losers,3,3
2015-04-22,More on Aspen Insurance results,3,3
2018-09-25,Square talks new payroll app,3,3
2018-05-09,Aegion (AEGN) Set For a Strong 2018 Despite Cost Headwinds,3,3
2018-07-28,"Market Review And Outlook: Rate Stabilization, Supply Helped Munis",3,3
2015-02-23,Can EPR Properties Surprise Earnings Estimates in Q4? - Analyst Blog,3,3
2019-12-19,Accenture (ACN) Tops Q1 Earnings and Revenue Estimates,3,3
2012-04-25,ACE Limited Beats on Lower Cat Loss - Analyst Blog,3,3
2019-02-20,Agilent Technologies Inc. 2019 Q1 - Results - Earnings Call Slides,3,3
2020-02-29,"Artificial Intelligence Market Size, Trends —…–6 – Global Industry Analysis By Top ...",3,3
2019-07-31,Affimed (AFMD) Presents At 2019 Wells Fargo Biotech Corporate Access Day - Slideshow,3,3
2017-01-27,Identifying Equity REITs Worth Keeping Versus Those To Avoid Right Now - Part IV: Hospitality (Large Caps),3,3
2015-04-08,Mylan Makes Biggest Bid Yet: $29 Billion For Perrigo,3,3
2012-02-13,BIO CEO Conference Live Blog,3,3
2019-05-27,"Home Medical Equipment Market Report —…–9 – Global Competitive Insights, Futuristic ...",3,3
2012-07-13,Maxim to Modernize U.S. Fabs - Analyst Blog,3,3
2014-06-04,Teva to Buy Labrys Biologics - Analyst Blog,3,3
2016-06-06,"Barrick Gold Corporation Second Quarter —…–6 Results Release, Conference Call and Webcast",3,3
2019-08-08,"Kohl's Could Be An Interesting Short-Term Value Realization Play, But I'm Bearish Long Term",3,3
2014-06-03,Will Gold Regain Its Shine This Year? - Zacks Analyst Interviews,3,3
2018-07-17,"Evercore, Cowen name semi picks ahead of earnings",3,3
2016-07-29,Arctic Cat reports FQ1 results,3,3
2018-02-20,Healthcare Innovation Or Exacerbating The Crisis?,3,3
2012-07-31,Acxiom's Earnings Upbeat in 1Q - Analyst Blog,3,3
2019-10-21,Stocks With Rising Relative Price Strength: Arbor Realty Trust,3,3
2018-08-22,"The Zacks Analyst Blog Highlights: Korn/Ferry International, Cypress Semiconductor, SkyWest, eXp World Holdings and Advance Auto Parts",3,3
2015-06-17,Extra Space (EXR) Prices Offering of 5.5M Common Shares - Analyst Blog,3,3
2018-05-07,"Acadia: Damn The Torpedoes, Full Speed Ahead",3,3
2015-02-04,"Unum Group Q4 Earnings Beat on Core Business, View Intact - Analyst Blog",3,3
2018-10-10,Akorn receives ANDA approval for Bimatoprost Ophthalmic Solution,3,3
2015-07-28,2Q 2015: Stay With Credits,3,3
2018-10-30,Barrick Gold - Key Takeaways From Third-Quarter 2018 Results,3,3
2020-04-09,"Dalton Greiner Hartman Maher & Co Buys Mueller Industries Inc, Envista Holdings Corp, ...",3,3
2018-07-11,Jacobs Clinches Eastman Chemical Contract for Two Facilities,3,3
2016-12-23,OMRON Doing A Lot Of The Right Things,3,3
2015-07-29,"Aflac Misses on Q2 Earnings and Revenues, Guides 2015 - Analyst Blog",3,3
2012-09-06,Chemical Industry Stock Outlook - May 2012 - Zacks Analyst Interviews,3,3
2017-08-24,Should You Hold NRG Energy (NRG) Stock in Your Portfolio Now?,3,3
2019-02-25,Bank Issues Could Impact 20% Yielding ETNs,3,3
2011-02-10,"Activision, NYSE: New Targets, Estimates",3,3
2019-01-30,"Sempra to Sell Stakes in Chile & Peru, Focus on N. America",3,3
2015-02-03,Is Cigna (CI) Poised to Beat Q4 Earnings Estimates? - Analyst Blog,3,3
2016-06-02,Breaking My 'A-Team' Into Pieces - Part VII - Ladder Capital Corp,3,3
2015-07-10,GlaxoSmithKline's Gene Therapy Coming Of Age?,3,2
2011-06-23,Middle East to Taste DineEquity - Analyst Blog,3,3
2017-10-18,Arthur J. Gallagher Grows in New Mexico With New Buyout,3,3
2016-03-22,Origin hikes Affymetrix buyout offer to $17/share,3,3
2020-02-21,What's in Store for Booking Holdings' (BKNG) Q4 Earnings?,3,3
2015-12-16,"AGCO - Another Soft Year Coming, Few Triggers To Buy Into The Stock Now",3,3
2020-05-15,"Oak Associates Ltd Buys Alcon Inc, Visa Inc, Stryker Corp, Sells KLA Corp, U.S. ...",3,3
2015-09-11,Barrick Named to Dow Jones Sustainability Index,3,3
2016-08-03,Endeavor Silver: Time To Buy?,3,3
2015-02-27,Will Berkshire Hathaway (BRK.B) Earnings Surprise in Q4? - Analyst Blog,3,3
2019-08-16,Fly Leasing (FLY) to Report Q2 Earnings: What's in Store?,3,3
2013-09-18,"Futures Turn Mixed On Data; FedEx, Alliance Fiber Climb",3,3
2019-08-10,Worldwide Anaesthesia Machine Leading Market Players Analysis on the basis of Production ...,3,3
2015-06-19,Caterpillar's (CAT) Monthly Sales Continue to Go Downhill - Analyst Blog,3,3
2019-08-02,"Acorda Therapeutics, Inc. 2019 Q2 - Results - Earnings Call Slides",3,3
2013-12-24,Cintas Retains Neutral Tag - Analyst Blog,3,3
2014-02-28,Seattle Genetics Presents Data on Adcetris - Analyst Blog,3,3
2012-01-12,Five Cheaper ETFs You Probably Overlooked - Leveraged ETFs,3,3
2016-02-17,Acadia Healthcare's (ACHC) CEO Joey Jacobs on Q4 2015 Results - Earnings Call Transcript,3,3
2020-05-05,"Waratah Capital Advisors Ltd. Buys Barrick Gold Corp, Automatic Data Processing Inc, Lamar ...",3,3
2016-05-02,Market iShares announces monthly distributions,3,3
2017-12-26,3 Bold Biotech Predictions For 2018!,3,3
2016-04-22,Correlation And Likely Trend For Gold And Silver,3,3
2019-11-12,Top Ranked Income Stocks to Buy for November 12th,3,3
2019-11-05,Animal Spirits Remain Animated,3,3
2014-06-24,Forest Laboratories Reports Positive Data on Viibryd - Analyst Blog,3,3
2019-07-19,What's in Store for Varian Medical (VAR) in Q3 Earnings?,3,3
2020-02-29,Recreational Vehicle Awnings Market (New PDF) [Review: —…—…-—…—9] | Top Players ...,3,1
2013-09-30,Encouraging Pipeline Data from BioMarin - Analyst Blog,3,3
2018-11-16,Adecoagro SA (AGRO) CEO Mariano Bosch on Q3 2018 Results - Earnings Call Transcript,3,3
2013-02-21,BHP's Disappointing Half-Year - Analyst Blog,3,3
2019-04-25,Southwest (LUV) Q1 Earnings & Revenues Top Despite Headwinds,3,3
2013-09-20,Generic Product Launches at Actavis - Analyst Blog,3,3
2018-10-17,Duke Energy Unveils Green Energy Project in South Carolina,3,3
2015-04-27,"Maxim (MXIM) Beats Q3 Earnings, Lags Revenue Estimates - Analyst Blog",3,3
2019-04-23,Equity Residential Should Be A Core Holding In Your REIT Portfolio,3,3
2018-07-30,DivGro Pulse: July 2018,3,3
2020-05-04,"Stratos Wealth Partners, LTD. Buys iShares Core MSCI Emerging Markets, iShares Core S&P ...",3,3
2016-02-22,"Oil ETFs, Oil Stocks Jump As S&P 500 Tries To Retake Key Level",3,3
2019-09-26,Greenback Remains Firm,3,3
2015-01-16,BAML makes coverage moves in lodging REITs,3,3
2014-08-22,Lazard (LAZ) Hits New 52-Week High on Strong M&A Backdrop - Analyst Blog,3,3
2012-11-29,Upbeat About Genesco 3Q: Preview - Analyst Blog,3,3
2015-12-24,Avago-Broadcom Merger Could Open New Markets,3,3
2019-10-18,"Biechele Royce Advisors Buys ABB, Robert Half International Inc, Kellogg Co, Sells Chevron ...",3,3
2018-02-08,"ADVANCE AUTO PARTS LEAD PLAINTIFF ALERT: Faruqi & Faruqi, LLP Encourages Investors Who ...",3,3
2015-07-02,Citi: Time to buy the dip in REITs,3,3
2014-05-21,"Cato Q1 Earnings In Line, Shares Dip - Analyst Blog",3,3
2016-10-24,ACCO Brands (ACCO) Q3 2016 Results - Earnings Call Transcript,3,3
2018-11-23,Here's Why You Should Hold On to FactSet (FDS) Stock Now,3,3
2017-05-31,"ACETO Subsidiary, Rising Pharmaceuticals, Launches Atomoxetine Capsules, –…, –8, —5, ...",3,3
2014-04-15,Is Assured Guaranty (AGO) Stock a Solid Choice Right Now? - Tale of the Tape,3,3
2015-07-29,How Alliance Fiber (AFOP) Stock Stands Out in a Strong Industry - Tale of the Tape,3,3
2011-05-09,Advaxis: balance sheet boosted with secured financing - Analyst Blog,3,3
2013-07-23,W.R. Berkley Earnings Beat Estimates - Analyst Blog,3,3
2020-04-21,"FILING DEADLINE--Kuznicki Law PLLC Announces Class Actions on Behalf of Shareholders of AAN, ...",3,3
2020-01-06,Top Ranked Income Stocks to Buy for January 6th,3,3
2020-04-16,"Rhenman & Partners Asset Management AB Buys AbbVie Inc, Zimmer Biomet Holdings Inc, CVS ...",3,3
2013-07-31,"Dr. Reddy's Misses on Earnings, Revs - Analyst Blog",3,3
2019-02-11,What's in the Offing for TripAdvisor's (TRIP) Q4 Earnings?,3,3
2019-08-20,"Steinberg Asset Management Llc Buys HCA Healthcare Inc, Visteon Corp, Century Communities Inc, ...",3,3
2011-05-26,AutoZone Reports Strong 3Q - Analyst Blog,3,3
2014-10-01,Agnico Eagle Updates on Exploration; Renames IVR Project - Analyst Blog,3,3
2020-04-28,"Murphy Capital Management Inc Buys Trane Technologies PLC, Ingersoll Rand Inc, VanEck Vectors ...",3,3
2020-02-26,"Market Talk – Wednesday, Feb. 26",3,3
2020-04-20,Smith Shellnut Wilson Llc Buys iShares Core U.S. ...,3,3
2011-10-25,Zacks #1 Rank Additions for Tuesday - Tale of the Tape,3,3
2018-07-18,ASA Gold And Precious Metals: All You Need For A Diversified Precious Metals Portfolio,3,3
2018-01-17,Nutanix Plans Senior Notes Offering Due to Mature in 2023,3,3
2015-02-25,Are Risk Parity Funds Worth The Cost?,3,3
2017-03-01,"Marcato Capital Management Llc Buys AAR, Eldorado Resorts, Craft Brew Alliance, Sells Bank of ...",3,3
2016-12-21,Market Is In Animal Spirits Mode - Cramer's Mad Money (12/20/16),3,3
2014-01-13,ACE Approves 24% Dividend Hike - Analyst Blog,3,3
2018-08-10,"Applied Industrial Technologies, Inc. 2018 Q4 - Results - Earnings Call Slides",3,3
2018-09-18,Data And Analysis For All Big mREITs,3,3
2018-08-02,Is There A Method Behind The Madness Of Trump's Trade Policy?,3,3
2016-03-24,Seeking Alpha's Market Challenge: Digging For Gold Miners,3,3
2015-02-20,Google's YouTube Set to Roll Out Kids App Next Week - Analyst Blog,3,3
2015-02-17,India And Central Banks Could Provide Just What Gold Needs,3,3
2016-09-27,Disney Prepping Twitter Bid,3,3
2015-05-13,American DG Energy reports Q1 results,3,3
2017-01-31,Here's Exactly How Hedge Funds Are Positioned In Stocks And Oil,3,3
2019-05-08,Top Ranked Momentum Stocks to Buy for May 8th,3,3
2017-12-19,Piper Jaffray initiates several semiconductor companies,3,3
2018-01-24,"RMR Advisors, Inc. Buys Global Medical REIT Inc, Jernigan Capital Inc, CyrusOne Inc, Sells ...",3,3
2015-08-18,Will Tech Data (TECD) Surprise Estimates in Q2 Earnings?,3,3
2016-07-13,Companies From A Winning Team,3,3
2016-12-15,Will AK Steel Holding (AKS) Continue to Surge Higher?,3,3
2014-04-25,Can Ameriprise (AMP) Keep the Earnings Streak Alive? - Analyst Blog,3,3
2016-02-24,Largest Gold ETF Eyes Breakout; Biggest Utility ETF Near Buy Point,3,3
2014-12-31,Accretive Capital Partners Nominates Richard Fearon And Dilip Singh To The Board Of Directors Of Actions Semiconductor,3,3
2018-03-09,Key events next week - healthcare (continued #3),3,3
2014-01-27,Can WESCO International (WCC) Surprise This Earnings Season? - Analyst Blog,3,3
2018-12-11,AECOM reiterates long-term financial forecast,3,3
2018-07-18,Applied Industrial Technologies to Report Fourth Quarter and Fiscal Year-End Results on August ...,3,3
2015-04-06,Why Buy Pep Boys Going Into Earnings When AutoZone And Advance Auto Parts Are Cheaper?,3,3
2014-07-30,Willis Group (WSH) Misses on Q2 Earnings as Expenses Rise - Analyst Blog,3,3
2016-11-22,Thoughts On A Handful Of mREITs And The State Of The Industry (Week 56),3,3
2019-12-16,"Bull of the Day: Tilly's, Inc. (TLYS)",3,3
2018-10-25,"AK Steel, Mattel, Expedia among AH movers",3,3
2013-08-06,"Unum Beats Earnings, Misses Rev. - Analyst Blog",3,3
2020-04-27,"EULAV Asset Management Buys S&P Global Inc, Shopify Inc, Roper Technologies Inc, Sells ...",3,3
2015-07-31,Barrick Gold: To Sell A 50 Percent Interest In The Zaldívar Copper Mine In Chile To Antofagasta,3,3
2018-07-25,Acorda down 11% on failed attempt to block Ampyra competition,3,3
2011-10-14,"Advent Software Inc. (ADVS) CEO Stephanie Dimarco sells 3,400 Shares",3,3
2019-06-13,Adamis: Share Price Continues To Grind Down To A Fine Discount,3,3
2015-07-01,Ace builds more scale with Chubb purchase,3,3
2015-02-11,ACCO Brands (ACCO) Q4 2014 Results - Earnings Call Webcast,3,3
2016-11-15,"Barrick, NovaGold name Cole to manage Donlin gold project",3,3
2020-03-05,"Alnylam, Vir Collaborate on RNAi Therapy for Coronavirus",3,3
2015-09-11,Jeff Ubben Increases Stake in Agrium,3,3
2015-05-29,Should You Get Rid of Aeropostale (ARO) Now? - Tale of the Tape,3,3
2010-12-30,"Insiders Trading ANDS, AAN, KRA, LAMR",3,3
2016-02-08,Political And Psychosocial Reasons For Recent Central Bank Inefficiency,3,3
2018-01-27,"3 Things In Biotech You Should Learn Today: January 26, 2018",3,3
2019-11-26,"Glove Boxes Market Scope and Growing Demands —…—… | Key Players: Bioquell, Clean Air ...",3,3
2013-10-09,Kamstrup Selects Agilent's ADS - Analyst Blog,3,3
2014-01-10,ANF Shares Gain on Improved Holiday Sales - Analyst Blog,3,3
2015-04-06,Sucampo Stock Spikes On Bullish Initiation Report,3,3
2015-07-31,"Western Union (WU) Beats on Q2 Earnings, Updates View - Analyst Blog",3,3
2018-01-26,"Qualcomm Fined by EC, Signs MoU With 4 Handset Developers",3,3
2019-11-12,"Oak Associates Ltd Buys Global Payments Inc, NXP Semiconductors NV, Medtronic PLC, Sells Total ...",3,3
2017-05-04,"Xact Kapitalforvaltning AB Buys Allergan PLC, SPDR S&P 5……, Danaher Corp, Sells Wells ...",3,3
2018-12-08,Palladium Shortages Expose Broken Futures Markets; Craig Hemke Warns Of Fraud...,3,3
2019-02-14,Ares Commercial Real Estate (ACRE) Earnings Expected to Grow: Should You Buy?,3,3
2013-03-28,Avista Rate Case Ok'd by IPUC - Analyst Blog,3,3
2020-04-15,"Retirees Should Know These 3 Facts About Required Minimum Distributions - April 15, 2020",3,3
2013-02-11,ABB Wins Brazilian Shipyard Contract - Analyst Blog,3,3
2018-03-09,Wall Street Breakfast: Jobs And Wages In Focus,3,2
2014-08-04,Affymetrix Down despite Q2 Earnings and Revenues Beat - Analyst Blog,3,3
2019-08-13,Adaptive Biotechnologies EPS of -$1.23,3,3
2016-05-16,John Hathaway: $1.3B Fund Manager: Silver Is A Barometer For Resource Interest And It's Registering ZERO,3,3
2020-03-16,The King Is Dead. Long Live The King!,3,3
2019-08-21,Cannabis' Tissue Culture Technology With David Brough,3,3
2015-07-15,"Defense Stock Roundup: Lockheed Rumored to Buy Sikorsky, AAR Beats on Q4 Earnings - Analyst Blog",3,3
2014-02-28,Steel Industry Stock Outlook - March 2014 - Industry Outlook,3,3
2011-05-24,Four Overlooked Agriculture Stocks,3,3
2012-08-02,Mixed 2Q from Unum Group - Analyst Blog,3,3
2018-12-12,Affimed: Positive Takeaways From AFM-13 Focused R&D Day; Multiple Catalysts Ahead Including Potential Partnership With PD1/PD-L1 Company For AFM13 Combo Trial,3,3
2015-02-25,Health Insurers Flock to 52-Week Highs on CMS Proposal - Analyst Blog,3,3
2015-05-22,"Advance Auto Parts' Q1 Earnings Miss Estimates, Rise Y/Y - Analyst Blog",3,3
2019-12-24,"Gold Review - Tuesday, December 24",3,3
2019-08-07,6 Sector ETFs in Tight Spot on Renewed Trade Tensions,3,3
2012-08-30,The Day Ahead: Be the Boss and Plan the Shots,3,3
2014-08-15,Mack-Cali Enhances Portfolio with Multi-Family Investments - Analyst Blog,3,3
2015-05-23,"Schwab Warns On Munis, Those 'Affected By Pensions' Are Toxic",3,3
2018-11-25,SLV: 5 Reasons Why Silver Is Making A Long-Term Bottom Here,3,3
2019-03-07,There Is More Value In The Finance Sector Than In Any Other Sector: Part 9,3,3
2017-07-26,New Strong Buy Stocks for July 26th,3,3
2015-10-15,Gold Benefits From A Weak USD,3,3
2020-02-11,Adamas Announces Publication of the Two-Year Phase ' Open-Label EASE LID — Trial of ...,3,3
2019-04-02,IBD Stock Of The Day O'Reilly Auto Parts Hits New Buy Point After 81% Run,3,3
2018-06-27,Fixed Income: From Economic Convergence To Divergence,3,3
2016-11-05,Ares Commercial Real Estate's (ACRE) CEO Rob Rosen on Q3 2016 Results - Earnings Call Transcript,3,3
2019-09-10,Stitch Fix - An Opportunity Of A Lifetime,3,3
2016-02-12,Westport Trims Nearly 39% of Stakes in Portfolio,3,3
2015-05-14,Keurig Green Mountain - Paying The Price For Misreading Brand Loyalty,3,3
2017-06-28,Why is Hold Strategy Apt for Everest Re (RE) Stock Now?,3,3
2019-09-12,Top Ranked Income Stocks to Buy for September 12th,3,3
2016-06-16,They Broke The Bank Of England Together - Now Druckenmiller And Soros Are Buying Barrick Gold,3,3
2019-08-05,Diversification: Making Money When Markets Freak Out,3,3
2014-06-16,Williams' Access Buy Would Create Natural Gas Giant,3,3
2014-12-30,"AMAG, Takeda Mutually End Agreement for Feraheme - Analyst Blog",3,3
2018-10-24,Acadia Realty Trust (AKR) Q3 Earn FFO ings Lag Estimates,3,3
2020-04-21,"MinichMacGregor Wealth Management, LLC Buys United Parcel Service Inc, iShares –-' Year ...",3,3
2013-01-08,Neutral Stance on Waddell & Reed - Analyst Blog,3,3
2018-05-08,Nice bounce for chain store sales,3,3
2015-04-28,Growing And Undervalued: Aflac Inc.,3,3
2019-08-16,Palatin's (PTN) to Report Q4 Earnings: What's in the Cards?,3,3
2018-08-02,"AcelRx Pharmaceuticals, Inc. (ACRX) CEO Vince Angotti on Q2 2018 Results - Earnings Call Transcript",3,3
2015-03-04,Tinder's New Premium Service to Cost More for Users Over 30 - Analyst Blog,3,3
2019-02-13,Levi Strauss files for IPO,3,3
2018-02-01,Triple Digit Oil Prices: Are You Ready? Goehring & Rozencwajg Natural Resource Market Commentary Q4 2017,3,3
2016-02-09,Argo Group International's (AGII) CEO Mark Watson on Q4 2015 Results - Earnings Call Transcript,3,3
2014-12-12,Achaogen (AKAO) is in Overbought Territory: What's Next? - Tale of the Tape,3,3
2012-08-01,Trading Idea - Applied Industrial A Doji Close,3,3
2020-05-15,"Peloton Wealth Strategists Buys Microsoft Corp, Intuitive Surgical Inc, WestRock Co, Sells ...",3,3
2012-06-27,"AMERICAN CAPITAL, LTD. (ACAS) CFO and Pres., Structured Fin. John R Erickson sells 6,747 Shares",3,3
2019-03-18,AAR awarded $10.8M order from U.S. Air Force,3,3
2016-11-14,AdCare Health Systems' (ADK) CEO Bill McBride on Q3 2016 Results - Earnings Call Transcript,3,3
2018-04-30,Digital Realty Trust: Fantastic Total Return In A Growing REIT Business Sector,3,3
2014-06-26,Diamond Hill Capital Comments on Actavis Inc,3,3
2012-02-10,AK Steel Approaching its 50 Day,3,3
2015-08-11,Winning Stock Picking Ideas from Last Week's Employment Report,3,3
2015-03-09,Eli Lilly Down After an Unfavourable German Court Ruling - Analyst Blog,3,3
2019-12-17,Here's Why You Should Add NiSource (NI) in Your Portfolio Now,3,3
2013-09-10,Agilent to Take Over ABCIA Assets - Analyst Blog,3,3
2013-08-13,Kimco Upgraded to Buy - Analyst Blog,3,3
2018-10-15,Harley-Davidson (HOG) Q3 Earnings: What's in the Offing?,3,3
2010-04-08,Retail Madness: Sweet 16 Stocks,3,3
2015-03-04,"CEMIG to Gain from Brazilian Electricity Demand, Runs Risks - Analyst Blog",3,3
2015-09-28,Adept Technology (ADEP) Enters Overbought Territory,3,2
2015-10-01,"Small Cap Cambium Learning Group (ABCD): Will the Rally Continue? FC, RST & SCHL",3,3
2020-03-20,"Global Laser Cladding Market is Expected to Reach Million USD '84,—5'. ...",3,3
2019-12-11,Willis Towers Inks Deal to Acquire PE Corporate Services,3,2
2018-05-21,Pershing Square (Bill Ackman) Q1 2018 Investor Letter,3,3
2017-02-14,COT: Money Managers Were Selling Oil And Actively Buying Corn And Wheat,3,3
2018-10-06,"Stocks To Watch: Spotlight On Banks, Google Hardware And IPOs",3,3
2017-07-24,AAON WH Series and V' Series are Winners in ACHR News —…–7 Dealer Design Awards,3,3
2014-07-25,Diamond Hill Capital Comments on Actavis PLC,3,3
2014-01-28,Another Divestment at Actavis - Analyst Blog,3,3
2015-07-31,BMO's Andrew Kaip: The Gold Majors Are Back,3,2
2015-10-13,Beware Of 'Glamour' Stocks - Part 2,3,3
2016-11-03,Generic-Drug Makers Crash On Report DOJ Plans Collusion Charges,3,3
2018-08-24,"Consolidated Research: —…–8 Summary Expectations for AECOM, Advanced Energy Industries, ...",3,3
2019-07-03,Coffee Could Finally Make A Move Toward A Significant Recovery,3,3
2017-08-07,"Med-Product Stocks Aug 8 Earnings Roster: HSIC, AGIO & More",3,3
2013-02-20,Goldcorp Misses Estimates - Analyst Blog,3,3
2018-10-03,Ramco: New Leadership Could Elevate This REIT,3,3
2018-06-12,Avrobio Aims For $75 Million U.S. IPO,3,3
2011-07-08,Pfizer Makes Milestone Payment - Analyst Blog,3,3
2013-02-06,Unum Group Ends on a High Note - Analyst Blog,3,3
2018-11-13,"Hammer Asset Management, LLC Buys Taiwan Semiconductor Manufacturing Co, Cummins Inc, Barings ...",3,3
2017-12-12,Market Volatility Bulletin: 3-Month S&P Futures Implied Vol. Green Lights Short Vol. Positioning,3,3
2011-06-30,Bearish MACD for AGRO - Tale of the Tape,3,3
2019-05-20,"Trade Headlines Directing Markets, But Volatility...?",3,3
2020-05-04,"First Dallas Securities Inc. Buys Wells Fargo, ONEOK Inc, Cinemark Holdings Inc, Sells NXP ...",3,3
2015-07-31,New Strong Buy Stocks for July 31st - Tale of the Tape,3,3
2012-11-09,Tower Group Beats by a Penny - Analyst Blog,3,3
2020-02-03,Affimed Mourns Passing of Chief Financial Officer Dr. Florian Fischer,3,3
2019-02-07,Brighthouse Financial (BHF) Q4 Earnings: What to Expect,3,3
2011-02-15,Earnings Preview: CF Industries - Analyst Blog,3,3
2016-02-11,Advance Auto Parts (AAP) Q4 2015 Results - Earnings Call Webcast,3,3
2017-01-18,New Strong Buy Stocks for January 18th,3,3
2019-05-06,Rough session in store for grains on trade war tension,3,3
2014-02-13,AllianceBernstein Holding (AB) Looks Good: Stock Adds 5.3% in Session - Tale of the Tape,3,3
2017-12-13,Can Adamis Bleed Mylan Dry?,3,3
2015-02-27,Ashford Hospitality Trust's (AHT) CEO Monty Bennett on Q4 2014 Results - Earnings Call Transcript,3,3
2016-11-21,AAON: Diamond Among The Trash?,3,3
2017-04-10,"FPA Capital Fund Buys Vista Outdoor, Akorn, Houghton Mifflin Harcourt Co, Sells DeVry Education ...",3,3
2019-06-24,Supreme Court will not hear challenge to Trump steel tariffs,3,3
2013-01-02,Advance Auto Acquires B.W.P. - Analyst Blog,3,3
2016-09-09,Interim data in mid-stage study shows Achillion and Janssen's triple combination therapy achieves 100% cure rate in HCV-1 patients,3,3
2016-02-01,Capital raise at American Campus Communities,3,3
2015-02-26,"L Brands Beats on Q4 Earnings, Provides Subdued Guidance - Analyst Blog",3,3
2017-10-03,Aegion Updates on Strategic Actions: Will the Stock Recover?,3,3
2015-05-20,Intersil Stuck At The Bottom Of Its Industry,3,2
2015-04-10,"Amerisafe Hits 52-Week High on Solid Core Growth, Capital - Analyst Blog",3,3
2015-04-30,ABB Beats Q1 Earnings Estimates on Strong Order Growth - Analyst Blog,3,3
2020-02-27,Earnings Preview: AcelRx Pharmaceuticals (ACRX) Q4 Earnings Expected to Decline,3,3
2018-07-12,Convertible Securities: Reason For Optimism In 2H 2018 And Beyond,3,3
2015-04-24,Is Whirlpool (WHR) Likely to Disappoint Earnings in Q1? - Analyst Blog,3,3
2019-11-05,Apollo Investment (AINV) CEO Howard Widra on Q2 2020 Results - Earnings Call Transcript,3,3
2018-10-24,Should Investors Buy Kimco Or Brixmor,3,3
2016-08-11,"Atlas Financial Holdings, Inc.: A New Titan In A Niche Insurance Market?",3,3
2019-08-24,Aaron's (AAN) Down 0.5% Since Last Earnings Report: Can It Rebound?,3,3
2016-12-02,Munis suffer worst month since 2008,3,3
2019-02-21,Altra Industrial Motion Corp. 2018 Q4 - Results - Earnings Call Slides,3,3
2018-05-09,Aging Baby Boomers: Implications For Munis,3,3
2019-11-26,"ADI -2.6% after Q4 misses, downside revenue outlook",3,3
2015-04-08,Enrollment underway in Merck/Advaxis prostate cancer study,3,3
2013-01-24,Close to the 50 Day Moving Average: Aflac,3,3
2016-01-29,Top Long Idea For 2016: Acacia Research And Its Stocking Full Of Coal,3,3
2018-02-12,Is Your Portfolio Ready To Handle Increased Market Volatility?,3,3
2010-12-01,10 Worst-Performing S&P 500 Stocks of 2010,3,3
2015-03-19,Microsemi to Boost Communications Suite with Vitesse Buy - Analyst Blog,3,3
2015-07-30,"Affymetrix Tops Earnings, Revenues; Currency Woes to Stay - Analyst Blog",3,3
2015-01-22,UnitedHealth Hits 52-Week High on Strong Q4 Earnings - Analyst Blog,3,3
2011-09-09,"Company News for September 9, 2011 - Corporate Summary",3,3
2017-11-27,"ABB, Kawasaki partner on 'cobots'",3,3
2019-08-01,5G Infrastructure Market Report Focusing On Top Players & Regions | CAGR Of 48. ...,3,3
2015-04-24,"Orexigen: Contrave Sales Pop, Equity Response Muted",3,3
2016-10-03,3 ETFs To Consider Before The Next Correction,3,3
2020-01-28,ADT Announces Closing of Second-Priority Senior Secured Notes,3,3
2018-08-29,Acacia Mining Announces a New Board Chairman,3,3
2013-02-22,"Advisory Board Company (ABCO) CEO Robert W Musslewhite sells 10,000 Shares",3,3
2020-01-24,"Sheets Smith Wealth Management Buys Truist Financial Corp, Alphabet Inc, iShares Core U.S. ...",3,3
2013-02-08,CONSOL Provides Reserves Update - Analyst Blog,3,3
2016-04-22,Acme United's (ACU) CEO Walter Johnsen on Q1 2016 Results - Earnings Call Transcript,3,3
2018-01-24,Stocks Showing Improved Relative Strength: ABB,3,3
2018-07-03,SCOTUS - 2 Major Rulings With Positive Implications For Municipal Bond Credit Quality,3,3
2019-06-18,Why Adding MetLife (MET) to Your Portfolio Makes Sense,3,3
2016-12-22,Moving Average Crossover Alert: Ameren (AEE),3,3
2019-12-02,Dishwasher Tablets Market in Emerging Economies will witness a CAGR of 6.8% through —…—6,3,3
2018-05-02,Achaogen shares halted pending outcome of Ad Com review,3,3
2015-10-21,Will Election 2016 Mean New Challenges for Health Insurers?,3,3
2019-12-11,"Timing the Market, Is it Possible? - December 11, 2019",3,3
2017-08-16,"Urban Outfitters, RADA Electronic and Target Lead the Market Wednesday",3,3
2015-09-21,"Broadcom, Pall Corp. Among Paul Tudor Jones' Recent Buys",3,3
2020-02-29,Artificial Intelligence (AI) in Healthcare Market in India will be worth INR 4'–. ...,3,3
2019-07-30,Albany International (AIN) Q2 Earnings and Revenues Top Estimates,3,3
2019-05-22,Bear of the Day: Lindsay Corporation (LNN),3,3
2018-08-08,Chesapeake Utilities (CPK) Q2 Earnings: What's in Store?,3,3
2020-01-31,"Aimco (AIV) Meets FFO Estimates in Q4, Issues '20 Outlook",3,3
2015-02-03,Can Cincinnati Financial (CINF) Earnings Surprise in Q4? - Analyst Blog,3,3
2019-12-04,Temperature Controlled Packaging Solutions Market – Detailed Analysis of Current Industry ...,3,3
2019-02-21,Finding Buyable Stocks In A Market That Has Already Rallied,3,3
2016-05-02,AcelRx Pharmaceuticals' (ACRX) CEO Howie Rosen on Q1 2016 Results - Earnings Call Transcript,3,3
2015-06-24,Aflac names CNO's finance chief its new CFO,3,3
2011-01-21,6 Top Retail M&A Picks: Morningstar,3,3
2017-02-03,ETFs Climb On Bullish Jobs Report; Trump Helps Financials,3,3
2019-10-14,"AerCap Leased, Purchased and Sold –…8 Aircraft in the Third Quarter —…–9",3,3
2016-01-15,Surfing Deflationary Waves,3,3
2019-12-06,SHAREHOLDER ALERT: Monteverde & Associates PC Announces an Investigation of AK STEEL ...,3,3
2012-11-15,'Mad Money' Lightning Round: Nothing but Pain,3,3
2017-12-26,Why the Earnings Streak Will Continue for ACADIA Pharmaceuticals (ACAD),3,3
2016-04-20,Ashford Hospitality Prime reports 1Q16 preliminary data,3,3
2015-01-08,Aehr Test Systems (AEHR) Q2 2015 Results - Earnings Call Webcast,3,3
2017-08-29,Insurers Can Stay Calm While Harvey Wreaks Havoc: 4 Picks,3,3
2016-09-25,Barrick's Third Largest Gold Mine Suspended 'Indefinitely',3,3
2018-08-23,Hedging U.S. Equities With Treasury Options,3,3
2018-09-19,Overstock.com introduces lease-to-own service through Aaron's unit,3,3
2016-01-26,AK Steel Holding's (AKS) CEO Roger Newport on Q4 2015 Results - Earnings Call Transcript,3,3
2013-10-04,Drugmaker Akorn Becoming Mighty Oak In Hi-Tech Merger,3,3
2016-06-23,FBR launches coverage on student housing and self-storage REITs,3,3
2015-10-15,"Zacks Industry Outlook Highlights: Barrick Gold, IAMGOLD, Goldcorp, Yamana Gold and Newmont Mining",3,3
2018-08-23,Advaxis files for $250M mixed shelf offering,3,3
2017-09-08,Altice USA (ATUS) Inks Customer-Friendly Deal With Amdocs,3,3
2016-03-18,Understanding American Capital Ltd. After 2015,3,3
2015-04-07,Looking for a Top Value Stock? 3 Reasons Why Aetna (AET) is an Excellent Choice - Tale of the Tape,3,3
2015-08-12,U.S. Steelmakers Take Another Step to Stem Import Rush,3,3
2018-11-30,"ARCO, SRT, CIG and AM among after hour movers",3,3
2016-06-28,NY Post: Anthem-Cigna health insurance merger may be dead soon,3,3
2016-10-09,2 Flash Crashes In 3 Days: Who Benefits?,3,3
2014-12-22,China reportedly ending LED subsidies,3,3
2017-05-16,"Gardiner Nancy B Buys JM Smucker Co, Analog Devices Inc, IPG Photonics Corp, Sells Target Corp, ...",3,3
2019-11-10,Alibaba And Disney Step Out (Stocks To Watch Podcast),3,3
2018-07-02,"Apartment Market Continues to Moderate, No Near-Term Respite",3,3
2019-09-30,GLTR Is A Basket Approach To The Precious Metals Sector,3,3
2018-03-14,Hudson Pacific (HPP) Inks a Lease Renewal with InvenSense,3,3
2017-04-14,Operational Suspensions at Barrick Gold's Veladero Mine Should Concern Investors,3,3
2017-01-02,"End Of Year Review Of The A-Team, H-Team And O-Team",3,3
2014-05-28,Alleghany Corp. Hits 52-Week High - Analyst Blog,3,3
2015-12-19,Big Change In Risk Perceptions,3,3
2020-05-13,"Capital Fund Management S.a. Buys Qualcomm Inc, Merck Inc, AbbVie Inc, Sells Procter & ...",3,3
2017-12-23,Xerium Technologies: Creating Equity Value Despite Being Inefficiently Capitalized,3,3
2016-03-22,Insider Buying Report - 32216,3,3
2019-02-09,Prepare For The Prescription Drug Price Battle,3,3
2015-07-31,Abengoa announces H1 2015 results,3,3
2013-07-03,Actuant Downgraded to Underperform - Analyst Blog,3,3
2015-07-27,"Freeport (FCX) Continues to Slide, Sinks to 52-week Low - Analyst Blog",3,3
2019-07-06,If Brazil Dumps Its Treasuries,3,3
2018-09-11,Applied Genetic Technologies Corp (AGTC) Files –…-K for the Fiscal Year Ended on June ...,3,3
2015-05-28,Agilysys' (AGYS) CEO Jim Dennedy on Q4 2015 Results - Earnings Call Transcript,3,3
2019-09-09,"Almaden appoints Dr. John Thomas as Vice President, Project Development, to oversee detailed ...",3,3
2018-07-24,Assurant names new compliance chief,3,3
2019-07-12,"Welch & Forbes Llc Buys Arthur J. Gallagher, Watsco Inc, Valero Energy Corp, Sells CVS ...",3,3
2014-03-26,U.S. Steel Raises Voice Against Illegal Dumping - Analyst Blog,3,3
2016-12-15,The Only Way For TrumpCare To Be 'Terrific',3,3
2019-01-10,The Precious Metals Sector To Shine As The Fed Blinks,3,3
2017-02-24,ADMA Biologics reports FY16 results,3,3
2010-11-13,3 Retirement Funds Prep for Harder Times,3,3
2018-02-01,What to Expect From WisdomTree (WETF) in Q4 Earnings?,3,3
2016-10-27,"Obamacare will get worse without risk adjustment fix, Aetna CEO says",3,3
2017-10-04,Kinder Morgan's Utica Marcellus Texas Project Gets FERC nod,3,3
2013-07-25,China Life Raised to Outperform - Analyst Blog,3,3
2018-10-05,'What A Wonderful World' And 'The Great Divergence' - Part II,3,3
2015-01-02,Arthur J Gallagher's 2014 Inorganic Growth Story Impresses - Analyst Blog,3,3
2017-12-20,Danielle Park Positions For 2018: Leverage And Sentiment Will Be The Main Driver Of Stock Market Performance,3,3
2020-05-22,AllianceBernstein Closed-End Funds Announce Distribution Rates,3,3
2016-07-27,It Looks Like I Was Right About Acacia Mining - The Turnaround Has Now Been Confirmed,3,3
2018-09-12,Gold Stocks Show Signs Of Life,3,3
2017-03-07,American Campus Communities (ACC) Presents At Citi Global Property CEO Conference 2017,3,3
2016-03-31,"Markets In Russia, Brazil Rocket In March On Oil Prices, Currencies",3,3
2019-08-28,Stock Market Mixed Amid Recession Fears; Two Software Stocks Sell Off On Earnings,3,3
2011-09-29,Ashford Reinstates Share Repurchases - Analyst Blog,3,3
2017-02-10,"Cypress Capital Management Llc Buys E.I. du Pont de Nemours, BB&T, Agrium, Sells SPDR ...",3,3
2014-08-25,"Stock Market News for August 25, 2014 - Market News",3,3
2015-02-17,Will NiSource Inc. (NI) Earnings Disappoint Estimates in Q4? - Analyst Blog,3,3
2020-04-23,"–776 Wealth Llc Buys First Trust Enhanced Short Maturity ETF, Adobe Inc, Apple Inc, Sells ...",3,3
2019-02-06,Groundhog Day 2019 And Punxsutawney Phil's Projections For Markets: Soybeans Could Rally,3,3
2019-06-11,American Eagle Has A Secret Weapon,3,3
2020-02-11,Will Higher Gold Production Support Yamana's Q4 Earnings?,3,3
2020-03-17,"Market Talk – Tuesday, March 17",3,3
2019-02-07,My Portfolio Is Yielding Over 6%; But Where Are We Headed Now?,3,3
2018-06-04,MeiraGTx IPO: Hedge Fund Managers Are Leading The Company,3,3
2012-06-21,"AAR Corp. CEO David Storch Bought 20,000 Shares",3,3
2020-01-06,"Easy Investing Secrets to an Early Retirement - January 06, 2020",3,3
2019-07-30,"The Truth About Market Timing - July 30, 2019",3,3
2015-08-03,Can Cognizant (CTSH) Keep its Earnings Streak Alive in Q2? - Analyst Blog,3,3
2017-08-30,"Cheap Imports, Overcapacity Hamper Steel Industry",3,3
2012-08-07,CF Industries Misses Estimates - Analyst Blog,3,3
2017-05-23,"After Nvidia, Broadcom Breakouts, This IoT Chip Stock May Be Next",3,3
2016-03-30,"Ashford Hospitality Trust: Times They Are A-Changin', But Don't Jump In Yet",3,3
2013-04-23,Texas Instruments Not Quite In The Clear Yet,3,3
2015-06-16,Arthur J. Gallagher Acquires William Gallagher Associates - Analyst Blog,3,3
2020-04-16,"Market Talk – Wednesday, April 16",3,3
2019-07-15,"Morris Capital Advisors, LLC Buys Charter Communications Inc, Akamai Technologies Inc, ...",3,3
2019-01-24,Analysts Estimate Arthur J. Gallagher (AJG) to Report a Decline in Earnings: What to Look Out for,3,3
2011-04-05,AK Steel Announces Surcharge - Analyst Blog,3,3
2016-12-11,Early Effects Of Trump Win On Global Markets,3,3
2016-12-14,Cincinnati Financial and its Units Get Rated by A.M. Best,3,3
2019-03-19,"FDX, FNV, TRN and SCS among after hours movers",3,3
2015-05-22,BTIG: Puerto Rico tax hike good news for MBIA and Assured Guaranty,3,3
2015-04-17,Liberty (LPT) Down to Sell on Slow Industrial Recovery - Analyst Blog,3,3
2015-06-04,ABB Wins UK Wind Farm Project to Aid Electricity Creation - Analyst Blog,3,3
2016-01-25,"U.S. Bond Market Week In Review: A Detailed Look At The Long-Leading, Leading And Coincident Indicators, Edition",3,3
2018-11-08,Asanko Gold Inc. 2018 Q3 - Results - Earnings Call Slides,3,3
2014-11-17,Actavis Nabs Allergan For $66 Billion; Valeant Folds,3,3
2019-05-27,"CAGR of 9.5%, Automotive Airbag Market Report —…–9 – Global Competitive Insights, ...",3,3
2014-12-01,Gentiva's (GTIV) Inorganic Growth Strategies Look Impressive - Analyst Blog,3,3
2015-09-02,Alliance Growers Corp. Announces Appointment of New President and CEO,3,3
2019-05-23,Logic Prevails In The Wheat Futures Market,3,3
2012-08-24,"American Eagle, TJX Lead Solid Back-To-School Sales",3,3
2019-08-27,Arch Capital Surges 46% YTD: Will the Momentum Continue?,3,3
2018-08-13,Pershing Square (Bill Ackman) 2018 Interim Financial Statements,3,3
2018-06-13,Aaron's (AAN) Presents At Stifel 2018 Cross Sector Insight Conference - Slideshow,3,3
2012-02-29,XL Group Approves Buyback - Analyst Blog,3,3
2019-04-30,ClearBridge International Growth Strategy Portfolio Manager Commentary Q1 2019,3,3
2015-07-01,Market Inefficiency Offers Discount On Agios,3,3
2014-05-29,Actavis Execs Dine On Deals,3,3
2016-02-22,A Precious Yo-Yo,3,3
2019-05-22,Adecoagro S.A. (AGRO) CEO Mariano Bosch on Q1 2019 Results - Earnings Call Transcript,3,3
2016-11-18,Alcobra (ADHD) Investor Presentation - Slideshow,3,3
2017-12-24,"Commodities Recap For The Week Ending December 22, 2017",3,3
2017-10-24,"USPTO Grants Composition of Matter Patent to Achillion for ACH-447–, First-in-Class Small ...",3,3
2017-11-27,Acadia Pharmaceuticals: The Harmony Trial And Buyout Potential,3,3
2020-05-06,"When Does Market Timing Actually Work? - May 06, 2020",3,3
2015-08-07,Aflac Is Undervalued & Has A 7% Shareholder Yield,3,3
2011-06-28,Steel Stock Review & Outlook – June 2011 - Industry Outlook,3,3
2019-11-12,Alliance Data Selected To Provide Co-Brand Credit Card Services For Sony As Part Of New ...,3,3
2014-05-07,DDR Q1 FFO & Revs Meet Ests. - Analyst Blog,3,3
2017-04-17,Acme United Corporation First Quarter —…–7 Earnings Conference Call,3,3
2012-07-11,Wet Seal's Comps Decline in June - Analyst Blog,3,3
2014-07-02,Sallie Mae Poised to Grow Following Split - Analyst Blog,3,3
2018-09-05,"Biotech Analysis Central Pharma News: MannKind's Agreement, Advaxis' Partnership, Sanofi's FDA Approval",3,3
2016-02-04,S&P Aristocrats Analysts Advocate AbbVie As Ace,3,3
2018-05-07,TrueCar (TRUE) to Report Q1 Earnings: What's in the Offing?,3,3
2017-12-21,"Akers Biosciences Announces Closing of $6,9……,……… Public Offering",3,3
2015-04-29,ACCO Brands (ACCO) Q1 2015 Results - Earnings Call Webcast,3,3
2012-09-05,Lululemon Among Four Stocks Stretching Onto IBD 50,3,3
2011-06-21,5 Financial Stocks Analysts Love,3,3
2014-03-31,Stock to Avoid: John Bean Technologies - Analyst Blog,3,3
2013-10-21,NRG to Acquire Edison Mission Energy - Analyst Blog,3,3
2014-01-11,IBD 50's Top 5 For Expected Earnings Acceleration,3,3
2018-07-11,AK Steel's Zanesville Works and Coshocton Works Recognized for Outstanding Safety Performance,3,3
2013-11-12,"US Steel, AK Steel Lead Steel Stocks On A Hot Roll",3,2
2015-09-18,M&A Daily: Altria Digs Into AB Offer,3,3
2014-01-07,ACE Creates Additional Capacity - Analyst Blog,3,3
2018-09-11,Prescription drug middlemen behind cost increases - Bloomberg,3,3
2015-07-06,W.R. Berkley Hits 52-Week High on Increased Dividend Payout - Analyst Blog,3,3
2015-10-22,How Pershing Compares To Barrick's Bundle Of For-Sales,3,3
2018-03-15,How to Determine the Intrinsic Value of a Gold Stock,3,3
2018-02-08,Aspen Insurance Holdings' (AHL) CEO Christopher O'Kane on Q4 2017 Results - Earnings Call Transcript,3,3
2011-08-31,Washington Federal Stays Neutral - Analyst Blog,3,3
2019-11-04,Assurant Q3 2019 Earnings Preview,3,3
2014-09-25,Should Amedisys (AMED) Be in Your Portfolio Post Q2? - Analyst Blog,3,3
2014-12-12,Quest Diagnostics' Virus Test Kit Wins FDA Clearance Again - Analyst Blog,3,3
2013-05-13,ABB's South African Project - Analyst Blog,3,3
2013-02-15,"Agilent Misses, Guidance Disappoints - Analyst Blog",3,3
2014-06-27,ADT Corporation Expands Video Surveillance Portfolio - Analyst Blog,3,3
2015-04-27,Will Leggett's (LEG) Earnings Disappoint Investors in Q1? - Analyst Blog,3,3
2020-05-06,"Sawyer & Company, Inc Buys AmerisourceBergen Corp, Ecolab Inc, Crown Castle International ...",3,3
2014-03-12,"CNinsure Earnings Lag Ests, Rise Y/Y - Analyst Blog",3,3
2013-06-24,Your Retirement Income is on Sale!,3,3
2015-06-15,AIG's Taiwan Unit Gets Downgraded by Moody's on Divestiture - Analyst Blog,3,3
2019-02-07,Armada Hoffler Properties' (AHH) CEO Lou Haddad on Fourth Quarter 2018 Earnings Conference Call - Earnings Call Transcript,3,3
2013-12-10,Metals Outlook for 2014: PwC,3,3
2017-03-20,On TIPS And Tactical Investing,3,3
2018-08-15,New business chief at Achillion,3,3
2012-03-15,"Three Solid Small Cap Speculations (& Why): LQMT, VTG, AIQ",3,3
2017-12-19,SAP Adds to Its Integrated Business Planning Capabilities,3,3
2019-06-16,Global Inflation Is Subdued - Don't Expect Interest Rates To Increases Anytime Soon,3,3
2015-12-15,AGCO sinks during investor day,3,3
2013-08-02,"Nashville ETF Hits Market, First City-Specific Fund - ETF News And Commentary",3,3
2018-04-30,What's in the Offing for Essex Property (ESS) Q1 Earnings?,3,3
2019-02-20,"Fiserv Rides on Strategic Buyouts, Integration Risks Stay",3,3
2020-03-26,"Market Talk – Thursday, March 26",3,3
2013-06-26,PGT Partners with PulteGroup - Analyst Blog,3,3
2014-05-06,Will Tesla (TSLA) Miss Earnings This Quarter? - Analyst Blog,3,3
2020-02-19,Customer Experience Management Cem In Telecommunication Market Outlook —…—…-—…—8 ...,3,3
2019-03-29,What Makes Affirmed Therapeutics (AFMD) a New Strong Buy Stock,3,3
2016-07-06,"College: The Path To Prosperity, Or Poverty?",3,3
2015-07-08,Wall Street Breakfast: Panic Spreads As Chinese Exchanges Near Shutdown,3,2
2019-04-07,"This Week In Money - April 6, 2019",3,3
2014-04-25,Will TECO Energy (TE) Beat on Earnings? - Analyst Blog,3,3
2020-05-12,"Monaco Asset Management SAM Buys Ovintiv Inc, Continental Resources Inc, W R Grace, Sells ...",3,3
2018-09-05,First Quarterly Update - Steve's Dividend Portfolio And Strategy For Replacing My Salary With Dividend Income,3,3
2017-02-14,AEterna Zentaris (AEZS) Presents at 19th Annual BIO CEO & Investor Conference,3,3
2018-06-15,Top Ranked Momentum Stocks to Buy for June 15th,3,3
2020-05-11,"Mid Atlantic Financial Management Inc Buys SPDR Bloomberg Barclays –-' Month T-Bill, ...",3,3
2012-11-19,6 Stocks Rising on Unusual Volume,3,3
2012-05-07,AAR's Oxygen System Gets Approval - Analyst Blog,3,3
2020-05-15,"Gardner Lewis Asset Management L P Buys WABCO Holdings Inc, Forty Seven Inc, ForeScout ...",3,3
2019-04-23,"Mascoma Wealth Management LLC Buys JPMorgan Ultra-Short Income, iShares Core U.S. ...",3,3
2011-10-11,Wade Into These West Coast REITs,3,3
2014-03-12,ABB Receives Indian Order - Analyst Blog,3,3
2019-01-03,2018 - A Year Of Volatility For Precious Metals,3,2
2014-10-21,"Stocks Post Solid Early Advance; Apple Lifts Nasdaq, S&P 500",3,3
2018-06-25,Can Gold Miners Rally If Volatility Returns?,3,3
2019-10-24,Altra Industrial Motion Corp (AIMC) CEO Carl Christenson on Q3 2019 Results - Earnings Call Transcript,3,3
2014-04-23,Chubb: After the Hurricane Comes the Sun?,3,3
2014-07-07,ACE to Expand in Brazil with P&C Unit Buyout - Analyst Blog,3,3
2011-05-26,"Oracle, Gen-Probe: Analysts' New Ratings",3,3
2014-04-29,Actavis Reporting Q1 Earnings Amid Merger Frenzy,3,3
2016-01-01,Metallurgical Coal: Is There A Future?,3,3
2018-06-29,Assurant Shows Improved Relative Price Performance; Still Shy Of Benchmark,3,3
2019-12-13,Agilent Technologies Inc (A) CEO and President Michael R. Mcmullen Sold $4 million of Shares,3,3
2015-01-28,"Alliance Holdings GP, L.P. (AHGP) Q4 2014 Results - Earnings Call Webcast",3,3
2017-02-07,"M'F, Inc. Buys Western New England Bancorp, Wells Fargo, Astoria Financialoration, Sells ...",3,3
2015-03-17,Not Discounting Good News Is Creating Opportunities - Cramer's Mad Money (3/16/15),3,2
2012-05-17,Advance Auto Parts Guides For Rougher Road In Q2,3,3
2020-01-14,"ABIOMED (ABMD) Announces Preliminary Q3 Results, Slashes View",3,3
